target_timestamp,zone_id,target,p10,p50,p90
2024-03-18 00:00:00,48,65.0,31.22265680783661,50.50664064505698,92.52114169678237
2024-03-18 01:00:00,48,45.0,17.65079444445239,39.44583488112192,59.27625064371084
2024-03-18 02:00:00,48,18.0,10.65881161160595,28.30853872029261,41.70015547888413
2024-03-18 03:00:00,48,22.0,6.4547732946917495,25.959022666762646,35.555285518391756
2024-03-18 04:00:00,48,46.0,4.493860907184798,17.726938136641223,30.30794929799679
2024-03-18 05:00:00,48,42.0,6.011707205787639,31.673334275172778,60.78776157984023
2024-03-18 06:00:00,48,66.0,30.95596197212208,65.47044337270344,93.68206200498814
2024-03-18 07:00:00,48,96.0,47.355432794874176,87.11437005818976,117.94400317550206
2024-03-18 08:00:00,48,109.0,82.74524895913814,128.15395402147303,149.49039566314698
2024-03-18 09:00:00,48,137.0,95.18943672645946,126.69312375660206,145.29674561060932
2024-03-18 10:00:00,48,114.0,103.94588358223244,116.76070625180552,136.93163426080739
2024-03-18 11:00:00,48,77.0,105.86254148467899,119.44232455648427,137.10113229923837
2024-03-18 12:00:00,48,95.0,103.36149560839124,114.75449475832227,125.3542429563461
2024-03-18 13:00:00,48,77.0,90.04014196741602,98.59472371832102,114.52103445836619
2024-03-18 14:00:00,48,96.0,94.71010053525289,101.41282610182218,125.18329113194291
2024-03-18 15:00:00,48,101.0,91.6979245516552,98.23563525925246,115.50717663639078
2024-03-18 16:00:00,48,120.0,88.5373855444204,106.44480500304725,125.7557157335349
2024-03-18 17:00:00,48,119.0,99.88718024955588,122.64603392619736,157.08669136777056
2024-03-18 18:00:00,48,127.0,110.24125064786527,137.766200842124,177.810319492342
2024-03-18 19:00:00,48,144.0,71.5371883360768,102.7518866308665,126.51859980880988
2024-03-18 20:00:00,48,131.0,95.03211548218329,131.72673597094402,160.93925934896606
2024-03-18 21:00:00,48,157.0,94.41819006882139,141.4449481142669,191.52701271623653
2024-03-18 22:00:00,48,121.0,98.12348916742499,149.9598460008843,201.00115406615237
2024-03-18 23:00:00,48,80.0,58.43497708493261,93.41268983008564,127.02898123960844
2024-03-19 00:00:00,48,56.0,40.007233622850066,68.00813447490813,108.23160902500186
2024-03-19 01:00:00,48,43.0,23.68640580718824,38.77294696425053,63.320639175183295
2024-03-19 02:00:00,48,10.0,13.277822629752414,26.15318675565426,36.620392087335695
2024-03-19 03:00:00,48,21.0,4.305216089485451,13.097194103518124,24.582579767577286
2024-03-19 04:00:00,48,19.0,7.148766008102824,15.484844048558678,25.27567058401558
2024-03-19 05:00:00,48,37.0,9.508680482922081,37.28658568076373,59.31934813509929
2024-03-19 06:00:00,48,60.0,31.232964740690242,87.94013034277121,112.18513059931904
2024-03-19 07:00:00,48,134.0,54.41519831266295,107.14606800482298,127.93384718840666
2024-03-19 08:00:00,48,140.0,85.25582807321081,133.35634343286114,165.33863384360754
2024-03-19 09:00:00,48,134.0,106.08560559165652,154.31760324651003,181.45369889236832
2024-03-19 10:00:00,48,95.0,103.53261534716617,126.38779613472654,157.90688222710892
2024-03-19 11:00:00,48,93.0,98.04445518201443,123.52668151528027,146.72052058144612
2024-03-19 12:00:00,48,93.0,77.17907857656337,96.95217355299583,112.97406456478534
2024-03-19 13:00:00,48,130.0,79.18877628145682,97.33958203494736,122.77037756479982
2024-03-19 14:00:00,48,106.0,78.01490015764611,97.27043367033914,122.42743126393177
2024-03-19 15:00:00,48,130.0,89.30179518350317,120.63264459454079,150.5808354810651
2024-03-19 16:00:00,48,100.0,90.71688853913552,117.51010565470993,154.8523337357282
2024-03-19 17:00:00,48,131.0,100.70914001477792,156.21070635692269,200.9031935789889
2024-03-19 18:00:00,48,157.0,104.27573826406915,151.74590694459238,196.72811476843145
2024-03-19 19:00:00,48,178.0,101.42655674923404,152.46732030954908,180.48658746700528
2024-03-19 20:00:00,48,144.0,112.48475733212528,159.1936170558344,198.71711008623606
2024-03-19 21:00:00,48,253.0,115.661067332442,198.7713054654865,297.58912972635284
2024-03-19 22:00:00,48,241.0,139.59830416369616,204.66263950195508,287.43500370295067
2024-03-19 23:00:00,48,186.0,96.62749727794805,163.42459642636643,249.147149213195
2024-03-20 00:00:00,48,89.0,41.57760053717866,71.84553633098064,110.3504127623035
2024-03-20 01:00:00,48,45.0,21.97516928509781,45.204231075840745,53.38724796465897
2024-03-20 02:00:00,48,24.0,12.833095443124543,25.282054510551387,35.992750582880134
2024-03-20 03:00:00,48,24.0,7.581316164682286,18.97035462312412,23.72820117138886
2024-03-20 04:00:00,48,13.0,9.809589907007966,23.67731912968741,29.090029338278388
2024-03-20 05:00:00,48,47.0,9.557287261217713,31.957827450181913,58.76445358741304
2024-03-20 06:00:00,48,82.0,37.01328106769645,88.41774596441738,118.70127149919425
2024-03-20 07:00:00,48,127.0,46.52489589611279,85.63621976745442,113.34544014891212
2024-03-20 08:00:00,48,114.0,90.8916331118349,130.80780157245667,162.34490748057775
2024-03-20 09:00:00,48,126.0,105.28148339863449,136.92257871126213,173.40346413030332
2024-03-20 10:00:00,48,115.0,112.2372413081961,125.76314259378202,156.09419386002406
2024-03-20 11:00:00,48,98.0,88.8416949571874,110.16731418937356,136.55787792548915
2024-03-20 12:00:00,48,104.0,96.72868337534437,108.71463262841456,129.4478412955036
2024-03-20 13:00:00,48,112.0,87.81354528186445,104.23275330097334,127.82980916087
2024-03-20 14:00:00,48,119.0,93.46280070236428,108.75816516969387,130.92610258799326
2024-03-20 15:00:00,48,126.0,78.22754773047531,99.6430781961688,126.99839654634923
2024-03-20 16:00:00,48,140.0,93.79772613568012,112.81171797727417,156.54077628305853
2024-03-20 17:00:00,48,193.0,108.73860967036664,162.87783599217556,205.0507410269625
2024-03-20 18:00:00,48,159.0,123.47324903931751,189.13471804426376,232.82604801678553
2024-03-20 19:00:00,48,179.0,124.70372912357595,180.75367426642316,208.55223010968578
2024-03-20 20:00:00,48,185.0,117.15435760497533,167.49548750616086,193.99492524651112
2024-03-20 21:00:00,48,333.0,132.76536977443268,217.9303168396371,306.53994738607906
2024-03-20 22:00:00,48,338.0,167.05196229717728,263.5665261300823,364.19351321073424
2024-03-20 23:00:00,48,221.0,120.45148232625648,202.67279559809214,291.74592991499065
2024-03-21 00:00:00,48,98.0,64.31196279741222,101.97082132935228,148.98533759257342
2024-03-21 01:00:00,48,62.0,28.98098758953168,53.097639064622484,74.83713922665638
2024-03-21 02:00:00,48,33.0,18.61557520181309,33.23021982396869,42.881204236241146
2024-03-21 03:00:00,48,27.0,10.197017435465082,22.169059678710674,34.38110283635672
2024-03-21 04:00:00,48,19.0,9.717251776225513,22.51357583602663,31.989514806854352
2024-03-21 05:00:00,48,43.0,8.799725794171833,30.82434358425964,64.11391260971519
2024-03-21 06:00:00,48,67.0,34.22006508998257,83.16895372927584,105.89664277084994
2024-03-21 07:00:00,48,100.0,54.79773540209043,94.87184381256004,124.65051838913146
2024-03-21 08:00:00,48,145.0,97.94893458021173,144.42163285801703,176.9877511166489
2024-03-21 09:00:00,48,133.0,104.7064912433152,135.20687486714243,157.79722771045107
2024-03-21 10:00:00,48,131.0,106.98527999469607,130.37267066801735,161.7895403979634
2024-03-21 11:00:00,48,108.0,92.88602650631148,116.728587465303,136.96049728018866
2024-03-21 12:00:00,48,107.0,97.73310955863099,127.8490194691309,138.65943001453098
2024-03-21 13:00:00,48,107.0,86.40301141876267,107.99985190451571,123.58070522667607
2024-03-21 14:00:00,48,123.0,101.51782126632887,122.44586822085563,142.35329596560652
2024-03-21 15:00:00,48,125.0,90.86479263112916,113.18414541730316,134.3697395538362
2024-03-21 16:00:00,48,125.0,107.96983102117171,136.61887469422223,182.93989741142266
2024-03-21 17:00:00,48,120.0,119.14081942949113,163.83269859776,212.37914449649955
2024-03-21 18:00:00,48,184.0,130.8294912359191,184.31215730032068,238.2602071150889
2024-03-21 19:00:00,48,183.0,128.4873052758887,187.80797565821533,221.2242222940371
2024-03-21 20:00:00,48,260.0,141.924628268051,206.05889720513454,221.63162087720053
2024-03-21 21:00:00,48,380.0,146.11624838039077,252.89298529143693,337.6017478433768
2024-03-21 22:00:00,48,391.0,196.28428627250008,306.67423984991945,372.5811178100956
2024-03-21 23:00:00,48,235.0,151.0455624707116,234.6919681166328,328.3275333553617
2024-03-22 00:00:00,48,127.0,112.42717362162342,174.73675991155798,244.49238574802803
2024-03-22 01:00:00,48,67.0,54.456790559359945,86.99751786254453,109.6309167875444
2024-03-22 02:00:00,48,54.0,38.62975878463155,63.164967017677846,84.24218328589748
2024-03-22 03:00:00,48,45.0,17.70975608331294,33.1778669191346,42.01331357938703
2024-03-22 04:00:00,48,27.0,14.272578496241735,30.6584685633853,39.44401692264628
2024-03-22 05:00:00,48,44.0,15.674785651851021,27.707470721326317,46.76425454783605
2024-03-22 06:00:00,48,63.0,35.28014911672742,75.07729539593325,103.30330106445794
2024-03-22 07:00:00,48,108.0,58.71537363939455,98.01145001795433,121.90448006583237
2024-03-22 08:00:00,48,101.0,81.99769419154903,118.25820793020381,145.5719357642576
2024-03-22 09:00:00,48,94.0,113.75278267179,138.76317932973504,162.14076252770116
2024-03-22 10:00:00,48,124.0,109.23493449375495,124.72008799483493,145.9693917968016
2024-03-22 11:00:00,48,97.0,99.61598662387706,115.19017499083677,130.37486653311433
2024-03-22 12:00:00,48,112.0,90.43742219946182,110.24053156737985,126.84749980020165
2024-03-22 13:00:00,48,97.0,87.37057488268633,109.76750054713281,126.69296989865221
2024-03-22 14:00:00,48,69.0,89.306647958327,111.86557618993467,133.64470839150923
2024-03-22 15:00:00,48,128.0,92.69491200615533,111.62675304769456,129.8463167257431
2024-03-22 16:00:00,48,113.0,93.95712599843029,116.01614672622996,134.90504373391025
2024-03-22 17:00:00,48,141.0,110.46813275909815,154.50333928657827,193.23496081379835
2024-03-22 18:00:00,48,165.0,105.31936206652914,143.49606064780923,188.09596489203744
2024-03-22 19:00:00,48,178.0,132.6019911541547,191.55639714909745,214.38055218077852
2024-03-22 20:00:00,48,163.0,136.7848245784566,183.72780677411737,208.6042635682987
2024-03-22 21:00:00,48,251.0,149.8695024333506,224.34484695390708,317.04695376797815
2024-03-22 22:00:00,48,295.0,148.33863491829078,260.7163062259548,349.536531299012
2024-03-22 23:00:00,48,264.0,153.40807181859716,235.55889554559153,348.0695796789649
2024-03-23 00:00:00,48,237.0,136.8856909089363,220.89296886891034,299.8915698393837
2024-03-23 01:00:00,48,154.0,108.3190059438522,202.7303348461276,294.4906190064174
2024-03-23 02:00:00,48,140.0,90.77333696754363,142.97539344432127,160.87215501941753
2024-03-23 03:00:00,48,88.0,73.46314583624388,105.07689817702752,116.45131648235909
2024-03-23 04:00:00,48,84.0,44.16014330081653,75.27614734990362,81.2416089308569
2024-03-23 05:00:00,48,49.0,20.451888753563715,31.11818595311245,49.11697573429497
2024-03-23 06:00:00,48,51.0,34.69171408546905,58.75151350976185,75.64597312061495
2024-03-23 07:00:00,48,52.0,39.91431471959282,53.202134540845414,66.39778531822031
2024-03-23 08:00:00,48,56.0,56.58686536826626,69.63809459266507,78.81458500403366
2024-03-23 09:00:00,48,96.0,79.20607399720528,106.38387871760924,130.02569293222214
2024-03-23 10:00:00,48,115.0,86.84171632379505,118.4561390822448,151.13132236322747
2024-03-23 11:00:00,48,164.0,101.7467717639869,134.18074081210142,161.63067544678782
2024-03-23 12:00:00,48,146.0,97.25931034349905,126.32693372719164,167.14033109902053
2024-03-23 13:00:00,48,148.0,111.491868598252,155.510094214143,207.11636664036695
2024-03-23 14:00:00,48,152.0,101.5477251981059,137.72189302178566,162.70757080053133
2024-03-23 15:00:00,48,149.0,102.41510355849792,138.88251935626263,159.09997557976376
2024-03-23 16:00:00,48,181.0,111.16402274077281,157.13669459663544,236.6375412501056
2024-03-23 17:00:00,48,197.0,125.21128436765535,190.2812301447116,238.55954307764347
2024-03-23 18:00:00,48,154.0,140.02810843999393,203.32885327010916,244.65287562594864
2024-03-23 19:00:00,48,179.0,140.36016501517,209.50906164554493,230.02644687278138
2024-03-23 20:00:00,48,138.0,134.57854720553675,191.98146659853217,217.19016044141452
2024-03-23 21:00:00,48,174.0,144.76789197615471,223.30713165230767,303.7820372041789
2024-03-23 22:00:00,48,317.0,161.52463695373993,258.62753870265186,374.70439756428885
2024-03-23 23:00:00,48,305.0,163.97544745260095,280.5855801658005,355.83450538303566
2024-03-24 00:00:00,48,241.0,143.35158537546647,302.4987694424079,371.20538117296553
2024-03-24 01:00:00,48,200.0,141.69321112610416,332.6440536383759,378.57172521613086
2024-03-24 02:00:00,48,131.0,114.21614904888594,196.8349056415771,219.2624757579279
2024-03-24 03:00:00,48,135.0,81.62810993327973,114.68197087510309,131.91788196066648
2024-03-24 04:00:00,48,115.0,50.29776687332029,75.6536561725673,102.22385428359306
2024-03-24 05:00:00,48,30.0,34.95037623635693,50.1401149281464,79.40217860111052
2024-03-24 06:00:00,48,30.0,31.36968550964011,58.43709586624209,101.36225683246859
2024-03-24 07:00:00,48,56.0,45.98265478051879,74.43698600789945,101.65144744190982
2024-03-24 08:00:00,48,68.0,57.44204345556824,83.28597299679599,110.06720275991535
2024-03-24 09:00:00,48,80.0,76.908437126636,104.2318519988912,126.40933719998786
2024-03-24 10:00:00,48,129.0,96.37176452948239,126.67357915366514,155.99102644625887
2024-03-24 11:00:00,48,111.0,110.70104593246725,144.74415600771334,173.96974711177734
2024-03-24 12:00:00,48,106.0,136.04925325215194,165.9538551888744,206.27775825340825
2024-03-24 13:00:00,48,109.0,119.56081015024125,144.27353642599851,175.99947968226965
2024-03-24 14:00:00,48,97.0,115.37002702662738,141.04270097697687,164.23982311151025
2024-03-24 15:00:00,48,117.0,117.88550527830765,134.63919012705506,160.51781966391403
2024-03-24 16:00:00,48,130.0,103.86037718638246,124.33222217184792,165.36587081903434
2024-03-24 17:00:00,48,151.0,125.5175502951127,146.60263278433195,185.87033602083608
2024-03-24 18:00:00,48,154.0,130.74854795251989,162.05406128842972,207.79687965279302
2024-03-24 19:00:00,48,181.0,101.29447942973258,125.76563074140705,155.8484369124946
2024-03-24 20:00:00,48,167.0,106.9694106328991,140.21073315629732,172.1002808632533
2024-03-24 21:00:00,48,170.0,107.98459532954938,158.42535578066182,223.860969736515
2024-03-24 22:00:00,48,114.0,100.68416415613795,147.5939197233318,234.80554855119638
2024-03-24 23:00:00,48,78.0,64.16449489478941,88.98509175476397,140.31391785867316
2024-03-25 00:00:00,48,45.0,29.83526649719302,50.95086795204193,84.03505631987827
2024-03-25 01:00:00,48,31.0,21.548443924989332,39.954313902506414,62.91998402058353
2024-03-25 02:00:00,48,21.0,7.9384305661559385,26.140265721663503,45.431478775154176
2024-03-25 03:00:00,48,28.0,3.4067799940383994,18.378042866966645,23.07022865197952
2024-03-25 04:00:00,48,22.0,6.110588133645851,16.783306268758206,26.31330602096004
2024-03-25 05:00:00,48,20.0,11.136186051080863,26.303368763220874,47.07495793631948
2024-03-25 06:00:00,48,66.0,26.971820350387137,67.73364853518721,93.1425571310042
2024-03-25 07:00:00,48,99.0,41.507603787135196,86.06917823131201,118.09121938445678
2024-03-25 08:00:00,48,117.0,68.78260581142375,113.60860279814001,132.36238058907014
2024-03-25 09:00:00,48,115.0,79.01389276857456,105.2944099943323,128.15043360107597
2024-03-25 10:00:00,48,101.0,97.48456894955648,117.12071844076772,136.07171585774626
2024-03-25 11:00:00,48,94.0,99.81838018969825,112.27149400134643,123.74786674381366
2024-03-25 12:00:00,48,86.0,77.74310452851006,96.23918227320048,108.80883498960922
2024-03-25 13:00:00,48,90.0,80.01888001877758,98.16570564954489,113.10331416241965
2024-03-25 14:00:00,48,88.0,75.92348955574542,94.29053618271976,112.3988040378577
2024-03-25 15:00:00,48,104.0,80.18833256295741,98.90031440334565,116.42561874239055
2024-03-25 16:00:00,48,91.0,84.13208496784944,104.1628466448182,124.7933524057024
2024-03-25 17:00:00,48,119.0,98.59799806386326,132.09142039637973,156.85259633744673
2024-03-25 18:00:00,48,122.0,102.83403319629994,131.53809009981023,158.53181912357192
2024-03-25 19:00:00,48,120.0,83.79840446977353,118.46101677137604,139.43967990426256
2024-03-25 20:00:00,48,111.0,90.25720785871052,129.76500486046663,157.6647745520396
2024-03-25 21:00:00,48,154.0,91.67514773494229,131.60085242682936,187.77382668761842
2024-03-25 22:00:00,48,152.0,78.27756657723751,123.64029699053243,170.2335707873379
2024-03-25 23:00:00,48,81.0,56.54353703291579,89.54668688609348,123.92682124401063
2024-03-26 00:00:00,48,75.0,25.58604569755582,47.8712000228407,86.77996364240384
2024-03-26 01:00:00,48,28.0,18.11072246821549,32.775142927266934,44.756944348998715
2024-03-26 02:00:00,48,9.0,14.505486088046432,26.639789530000453,35.31852618640289
2024-03-26 03:00:00,48,10.0,3.891301351658544,12.75713032863102,21.75817785601533
2024-03-26 04:00:00,48,10.0,8.088899919827035,17.00508803242187,27.446089359985667
2024-03-26 05:00:00,48,29.0,9.71192690640894,36.67117103397782,54.92418965670134
2024-03-26 06:00:00,48,86.0,23.590285942442275,70.08828394591352,94.10299351952732
2024-03-26 07:00:00,48,120.0,47.134694099015356,93.9818683683561,118.72416756018596
2024-03-26 08:00:00,48,130.0,91.59575567281452,139.02208422829864,165.52858135072242
2024-03-26 09:00:00,48,110.0,106.08560559165652,135.71275440651436,171.8130356361667
2024-03-26 10:00:00,48,130.0,100.1696182404785,127.3209348032472,149.34481751895459
2024-03-26 11:00:00,48,110.0,82.16839594332043,101.18369431866319,121.98173699336247
2024-03-26 12:00:00,48,100.0,85.38026449497481,115.57497461997198,133.92001289407995
2024-03-26 13:00:00,48,95.0,80.76327276766143,99.99322522838695,127.78715596067433
2024-03-26 14:00:00,48,105.0,94.93508131386498,115.292254059104,137.94531685575384
2024-03-26 15:00:00,48,129.0,82.87012011829293,103.54896800894723,130.9389117079086
2024-03-26 16:00:00,48,124.0,94.50980804806758,122.47742246538009,160.19481295737674
2024-03-26 17:00:00,48,119.0,86.43966979515604,142.0918502175663,178.43650548243608
2024-03-26 18:00:00,48,167.0,104.29578178363532,153.85974813142658,214.39681113096313
2024-03-26 19:00:00,48,164.0,97.5175583176422,140.7766141339057,173.60589363698983
2024-03-26 20:00:00,48,228.0,105.11278611036265,155.92710028928744,209.73924640167525
2024-03-26 21:00:00,48,271.0,99.466051848339,178.20882985889034,262.47647156316515
2024-03-26 22:00:00,48,331.0,142.01051512337418,228.00198960407585,320.3253980856737
2024-03-26 23:00:00,48,156.0,105.88500888432361,167.79496016754896,243.92483095408372
2024-03-27 00:00:00,48,82.0,60.66598044718433,86.7695600271754,138.56535060206943
2024-03-27 01:00:00,48,28.0,31.433328892246013,53.86865299956073,73.34238616575189
2024-03-27 02:00:00,48,26.0,17.441414137015,27.814074665015195,39.574034357335684
2024-03-27 03:00:00,48,12.0,7.2401731595165915,17.913298461401016,23.75678629193193
2024-03-27 04:00:00,48,17.0,9.327861485506435,22.791045775450094,28.168511179343625
2024-03-27 05:00:00,48,32.0,8.041322131442419,34.446431317325846,54.913640262114896
2024-03-27 06:00:00,48,104.0,31.4212963398358,83.75653587273739,111.81600930812883
2024-03-27 07:00:00,48,110.0,65.93354427281979,114.62503611223963,141.03312835752223
2024-03-27 08:00:00,48,127.0,99.76507918771088,145.29829531863095,179.3038117593503
2024-03-27 09:00:00,48,126.0,97.92741287679222,124.29887745855554,151.86668610587438
2024-03-27 10:00:00,48,119.0,102.77039694929545,128.71675062995328,151.7813946868056
2024-03-27 11:00:00,48,104.0,103.856202669191,121.52174151348454,149.89632473153875
2024-03-27 12:00:00,48,112.0,93.5252668517612,112.69792487665171,130.04121123846537
2024-03-27 13:00:00,48,114.0,86.82046108213895,109.43166423866285,131.9858931051985
2024-03-27 14:00:00,48,104.0,95.39392677093582,113.108660727312,138.59686729922507
2024-03-27 15:00:00,48,132.0,99.08299198835822,121.24490845041035,148.72229882723624
2024-03-27 16:00:00,48,160.0,104.66075530537383,131.42790865744905,169.04917168928532
2024-03-27 17:00:00,48,169.0,115.73132919768243,167.12640438463194,211.45292524037814
2024-03-27 18:00:00,48,265.0,130.37643635711453,201.49994803509338,248.70342289029426
2024-03-27 19:00:00,48,157.0,118.02352142176804,168.96083311185276,204.0518624345807
2024-03-27 20:00:00,48,187.0,128.13289552634168,194.25545246150017,239.6198714923248
2024-03-27 21:00:00,48,264.0,131.7115347560853,219.08479510836412,300.8682931638274
2024-03-27 22:00:00,48,315.0,175.49313439348737,275.58406489813007,370.55165017775437
2024-03-27 23:00:00,48,149.0,149.39073484604805,238.487490379049,329.08298053027494
2024-03-28 00:00:00,48,100.0,93.11922203121021,130.5459023092584,185.23055352117743
2024-03-28 01:00:00,48,35.0,35.694300966487475,58.42070801686049,83.08710569780953
2024-03-28 02:00:00,48,28.0,18.855231076894956,36.14634223027223,46.803738644886934
2024-03-28 03:00:00,48,26.0,12.490830600976523,23.021797386650437,35.568741868531646
2024-03-28 04:00:00,48,26.0,10.083824953657093,23.192305394915316,32.52963977070664
2024-03-28 05:00:00,48,30.0,10.237163410044516,31.10417284517196,61.9005405363828
2024-03-28 06:00:00,48,98.0,30.019200642609082,73.67687128429405,100.6914449150804
2024-03-28 07:00:00,48,116.0,58.86252375276327,110.26009901132703,132.57455974567
2024-03-28 08:00:00,48,141.0,86.77387369669455,130.58229327308138,150.11276574852974
2024-03-28 09:00:00,48,124.0,112.04061751947268,144.76241100097107,164.99584862447782
2024-03-28 10:00:00,48,119.0,106.98527999469607,130.2653371076765,156.28342195901712
2024-03-28 11:00:00,48,101.0,105.87723199732781,128.2050297145776,151.77258002281764
2024-03-28 12:00:00,48,133.0,97.73310955863099,117.85789659507266,131.29328954928107
2024-03-28 13:00:00,48,121.0,93.31352912080634,110.88448363797343,130.27961353224862
2024-03-28 14:00:00,48,136.0,96.71066593490573,123.71857015093714,153.84183760135355
2024-03-28 15:00:00,48,145.0,100.20484275150928,124.33367181978235,157.76181004715883
2024-03-28 16:00:00,48,172.0,108.83048084757313,148.67200615787496,188.74775761442493
2024-03-28 17:00:00,48,225.0,123.9024178625003,172.27567204703857,223.51355930697346
2024-03-28 18:00:00,48,208.0,132.96137032788775,185.97196196510254,231.2872709414039
2024-03-28 19:00:00,48,249.0,141.56545668073264,198.14801184145517,222.74764069195462
2024-03-28 20:00:00,48,252.0,125.0583800819727,183.7428546042477,212.0177194676919
2024-03-28 21:00:00,48,324.0,152.9049045733522,271.9939457065843,354.9892939720913
2024-03-28 22:00:00,48,384.0,196.28428627250008,318.3042323561968,376.46155014644717
2024-03-28 23:00:00,48,329.0,162.74364294028658,276.71561052791077,357.95153307949215
2024-03-29 00:00:00,48,177.0,96.00211527454071,136.32236079922973,189.16262534502954
2024-03-29 01:00:00,48,102.0,51.229782228467094,89.12593619419361,119.46124734258777
2024-03-29 02:00:00,48,57.0,26.83317632935866,43.84043962081748,55.079644357493
2024-03-29 03:00:00,48,50.0,21.451136840322054,40.03315715860009,47.086727526694595
2024-03-29 04:00:00,48,56.0,19.703358687627034,34.17581646784824,44.51805596043541
2024-03-29 05:00:00,48,38.0,13.465681722700444,28.74592842921828,63.98025363735404
2024-03-29 06:00:00,48,51.0,32.48585433972597,62.99142765275043,87.12402926218314
2024-03-29 07:00:00,48,72.0,59.236103238655026,95.76220921060484,121.3223910772153
2024-03-29 08:00:00,48,90.0,92.79658748728764,122.0926084893033,149.47980906312256
2024-03-29 09:00:00,48,84.0,91.15463353376677,111.55073152729967,123.93676117982088
2024-03-29 10:00:00,48,141.0,87.69010554693214,105.00963670997453,118.90087247523068
2024-03-29 11:00:00,48,126.0,98.88215025509089,118.78595615988962,129.07701141125693
2024-03-29 12:00:00,48,129.0,90.28545226698623,127.58954512393427,126.48091062809353
2024-03-29 13:00:00,48,121.0,106.00692949469052,125.12477473250856,145.35088747011412
2024-03-29 14:00:00,48,120.0,93.04732369396179,120.68455922622465,142.38139532605376
2024-03-29 15:00:00,48,120.0,86.64113084455414,101.28170144751526,126.49177588542501
2024-03-29 16:00:00,48,118.0,111.9206849882879,135.31999507698572,181.0946490938609
2024-03-29 17:00:00,48,132.0,114.13121153578416,142.54633905432314,181.69329965619283
2024-03-29 18:00:00,48,189.0,134.66098831805763,161.29313229287263,206.55651265326793
2024-03-29 19:00:00,48,208.0,117.60961733038503,172.19191853635152,184.7538245766731
2024-03-29 20:00:00,48,212.0,131.43540824524965,170.57988201342485,205.26225494370664
2024-03-29 21:00:00,48,280.0,145.13088126593965,212.83086226984756,298.68720912105056
2024-03-29 22:00:00,48,404.0,161.30280317772312,262.05956453727487,368.70598275519166
2024-03-29 23:00:00,48,323.0,149.09687395616734,232.40901816638592,349.8091002035819
2024-03-30 00:00:00,48,277.0,115.6380043425081,211.78141681563767,298.2094679735253
2024-03-30 01:00:00,48,169.0,100.62350496733343,171.06809239636164,238.3651103247756
2024-03-30 02:00:00,48,132.0,82.86083407179557,134.3333767229727,151.31972533662818
2024-03-30 03:00:00,48,126.0,76.91596759209152,110.11079609455537,128.4095106989026
2024-03-30 04:00:00,48,110.0,32.4793411701858,55.29740812023954,77.9598784540896
2024-03-30 05:00:00,48,27.0,27.49551459720768,40.76620932047416,71.5188808983197
2024-03-30 06:00:00,48,30.0,33.52070814521022,61.73026729809124,100.67821313638628
2024-03-30 07:00:00,48,47.0,42.712951320427734,64.28601532956382,109.97505079353755
2024-03-30 08:00:00,48,70.0,57.27468426333752,75.09418648018632,106.25462258424139
2024-03-30 09:00:00,48,102.0,62.56882062815226,90.23679716534787,108.046478718001
2024-03-30 10:00:00,48,115.0,77.76504263983641,117.2341394388044,143.95658433742696
2024-03-30 11:00:00,48,111.0,105.08689677645938,133.873204979523,163.56617176862702
2024-03-30 12:00:00,48,120.0,121.74424328683511,157.78363055569278,199.50876325359863
2024-03-30 13:00:00,48,106.0,111.86137683782744,145.18118077125297,195.7528122162572
2024-03-30 14:00:00,48,90.0,112.37245955394692,140.18418451347517,178.93517967155745
2024-03-30 15:00:00,48,114.0,110.17202413534315,137.58541119163726,166.2600833589361
2024-03-30 16:00:00,48,159.0,105.3101388604094,141.39023171324817,196.97748229867398
2024-03-30 17:00:00,48,155.0,118.41599807168616,157.014284945449,207.1385861222075
2024-03-30 18:00:00,48,191.0,133.49716753961386,195.26032369015235,244.1399539633373
2024-03-30 19:00:00,48,185.0,113.67587463162057,181.21789462123994,197.07393913643236
2024-03-30 20:00:00,48,219.0,126.29604746302691,170.6534637730118,209.69154710092695
2024-03-30 21:00:00,48,181.0,129.1973169220621,182.43433651054215,276.1587595816003
2024-03-30 22:00:00,48,315.0,134.68716973196015,223.09845199472497,337.3940559200925
2024-03-30 23:00:00,48,376.0,152.27736698302593,257.49263167165833,352.30880495302256
2024-03-31 00:00:00,48,357.0,131.6535049058914,232.60542539290745,322.18272553189223
2024-03-31 01:00:00,48,186.0,104.7073372267662,201.01533698830278,242.43330791547368
2024-03-31 02:00:00,48,124.0,116.72658633385686,166.72958086785152,181.6849876380636
2024-03-31 03:00:00,48,113.0,74.43251880395405,102.6834397738184,131.60161834656543
2024-03-31 04:00:00,48,81.0,51.07520711946986,86.57310906113348,115.73364662162206
2024-03-31 05:00:00,48,25.0,38.346213956510915,67.33256785121286,102.9709882691604
2024-03-31 06:00:00,48,39.0,22.732024578907303,38.59007669998647,50.94028677178927
2024-03-31 07:00:00,48,42.0,28.832146433110324,42.588931201906334,57.27619364877444
2024-03-31 08:00:00,48,75.0,50.391943980216425,69.22100274628002,102.28410901614956
2024-03-31 09:00:00,48,92.0,55.90097988705709,90.80236002584674,109.46993351633192
2024-03-31 10:00:00,48,109.0,67.60499590892518,98.0921226913367,123.3324270231781
2024-03-31 11:00:00,48,128.0,98.0757925278533,122.70180558301101,147.02016356377976
2024-03-31 12:00:00,48,123.0,95.15260568948187,116.79035454043024,137.04052108380085
2024-03-31 13:00:00,48,117.0,92.93106798578654,119.76351747400449,151.26728338416845
2024-03-31 14:00:00,48,116.0,93.82073074254399,111.626551708635,149.1708296247355
2024-03-31 15:00:00,48,110.0,84.39970040841015,107.53338312239545,129.64884556670089
2024-03-31 16:00:00,48,111.0,96.73199017568666,120.45640244456904,164.35230099490454
2024-03-31 17:00:00,48,145.0,111.63391675425547,127.41741788836252,174.8325581127355
2024-03-31 18:00:00,48,136.0,119.636167296459,138.70601027047084,177.34605187638905
2024-03-31 19:00:00,48,145.0,102.86929063829577,134.8422463182164,165.59508912637818
2024-03-31 20:00:00,48,171.0,107.81287398942776,137.05060409075278,186.37506269831113
2024-03-31 21:00:00,48,142.0,117.66286513109799,161.11078411628068,234.1050613048107
2024-03-31 22:00:00,48,114.0,109.26374205647282,162.51421728472835,252.73675857614094
2024-03-31 23:00:00,48,78.0,60.04147762693642,85.6229428758541,151.25159968774173
2024-03-18 00:00:00,68,48.0,26.128041316586838,49.50209299693598,84.07548053729398
2024-03-18 01:00:00,68,14.0,6.134272201330738,21.844595853553006,35.248810199562634
2024-03-18 02:00:00,68,13.0,0.4082711096564325,14.813471222298007,27.428098798993407
2024-03-18 03:00:00,68,7.0,0.0,6.944091953701258,12.043372987135905
2024-03-18 04:00:00,68,19.0,1.5409548800410857,7.568514346738246,13.462703883987249
2024-03-18 05:00:00,68,15.0,4.128332626302226,11.5620289873768,22.249481219178122
2024-03-18 06:00:00,68,21.0,13.686646811552452,25.752602850037356,46.040744678116866
2024-03-18 07:00:00,68,81.0,22.17207205697445,42.541515133435624,77.48444298463032
2024-03-18 08:00:00,68,92.0,38.46248624864652,77.76760163741122,114.1370173790273
2024-03-18 09:00:00,68,127.0,65.95406392809603,114.97654781515297,155.90446098460964
2024-03-18 10:00:00,68,109.0,90.52779480579088,126.84991139545298,150.23733051549422
2024-03-18 11:00:00,68,139.0,91.16201544021821,124.58518493832156,161.09836587198237
2024-03-18 12:00:00,68,101.0,99.44504538106365,130.9655847567524,162.15026256535597
2024-03-18 13:00:00,68,148.0,107.71068487865139,142.0871151604674,171.8372815393137
2024-03-18 14:00:00,68,134.0,116.18443609503079,142.21217344244874,160.21194510037262
2024-03-18 15:00:00,68,150.0,119.21826551108052,145.6320129328319,172.26213848924172
2024-03-18 16:00:00,68,160.0,111.91839113342604,140.4341028815142,164.54040944945592
2024-03-18 17:00:00,68,179.0,119.39215776353102,165.63380284509338,205.4914879427105
2024-03-18 18:00:00,68,166.0,139.9712665904454,193.60739895674345,235.638732700963
2024-03-18 19:00:00,68,153.0,118.4702961418582,158.2434668774899,197.28295618946254
2024-03-18 20:00:00,68,208.0,106.35998111821291,136.36040975886309,165.90530316741544
2024-03-18 21:00:00,68,149.0,110.57662870627775,155.68428052334195,203.63471162650876
2024-03-18 22:00:00,68,124.0,122.69048783075387,157.75203174161356,206.65149967444518
2024-03-18 23:00:00,68,70.0,70.17616316123484,98.21999192679075,136.12799072997583
2024-03-19 00:00:00,68,34.0,18.780256435597206,38.69771866744904,65.74428460820064
2024-03-19 01:00:00,68,10.0,10.270344204141749,21.74615136464008,39.259470597172985
2024-03-19 02:00:00,68,13.0,2.8847804169674873,9.425396224548265,16.9878545755763
2024-03-19 03:00:00,68,9.0,2.523375780108444,8.177919710789663,13.093106649185975
2024-03-19 04:00:00,68,3.0,3.287204876030064,7.2425937662497315,12.578711519392156
2024-03-19 05:00:00,68,12.0,5.024449576815837,11.193921292666538,20.305475617096207
2024-03-19 06:00:00,68,20.0,14.420308169003262,28.276134842953805,36.38738108943374
2024-03-19 07:00:00,68,75.0,23.003114091150213,51.0368269502415,67.68982347848149
2024-03-19 08:00:00,68,143.0,62.41895292188087,121.9248189534743,150.29349089938543
2024-03-19 09:00:00,68,113.0,92.6110866675355,140.8118387590825,169.57238281140604
2024-03-19 10:00:00,68,152.0,102.82686562298579,140.04486530186315,174.72231754312216
2024-03-19 11:00:00,68,135.0,96.7571932580912,134.0474958260511,160.63686707864025
2024-03-19 12:00:00,68,129.0,120.63076846159638,160.32093898442997,194.80289690233633
2024-03-19 13:00:00,68,151.0,105.71330088591218,144.11193351675894,185.7259979416802
2024-03-19 14:00:00,68,166.0,120.33202092045538,159.1061238245944,180.32826204732964
2024-03-19 15:00:00,68,148.0,123.16991487839583,155.45683213333115,193.2420797140982
2024-03-19 16:00:00,68,167.0,135.99482151948152,173.79570365363085,207.33523175389945
2024-03-19 17:00:00,68,225.0,132.65336975830397,205.11092679714395,249.98577869817427
2024-03-19 18:00:00,68,257.0,150.98436018445247,222.98183480827956,281.8609505672946
2024-03-19 19:00:00,68,197.0,145.68639558272488,198.37003623769849,247.8497629581881
2024-03-19 20:00:00,68,250.0,135.9203838289985,188.9324014299672,236.53178776336284
2024-03-19 21:00:00,68,242.0,153.2590124154792,211.00892888851342,274.17131403403414
2024-03-19 22:00:00,68,183.0,139.17981383297212,197.37934804621938,242.59611987526227
2024-03-19 23:00:00,68,98.0,81.47059895144288,113.46575018940857,181.67188283609298
2024-03-20 00:00:00,68,62.0,36.840689406739045,60.725443634071915,88.37953598422699
2024-03-20 01:00:00,68,20.0,18.725274114280595,29.58663619570431,52.23780223186786
2024-03-20 02:00:00,68,5.0,2.8303043455727153,10.592590530760422,17.85834508145047
2024-03-20 03:00:00,68,4.0,2.8247335044183925,9.211988772809816,14.180154938256694
2024-03-20 04:00:00,68,4.0,0.4249252070381891,4.830422640744626,10.171851433009493
2024-03-20 05:00:00,68,7.0,4.320622191617247,9.704641078901869,16.111688397606997
2024-03-20 06:00:00,68,25.0,16.38112915463345,33.89287232943955,47.17742320349687
2024-03-20 07:00:00,68,63.0,23.979807118400082,52.703374413907746,68.27344051464443
2024-03-20 08:00:00,68,111.0,63.47416443276646,123.08792859577001,150.1993511255121
2024-03-20 09:00:00,68,108.0,97.6651648302135,143.89006425415016,169.69666692386923
2024-03-20 10:00:00,68,156.0,103.83568200515603,139.71149479577056,160.48420999984526
2024-03-20 11:00:00,68,146.0,109.00848782261555,136.88366433835174,167.8519718385663
2024-03-20 12:00:00,68,145.0,131.8450254166131,172.4775390852224,205.35077462074372
2024-03-20 13:00:00,68,165.0,121.33158251573418,159.70115189741853,188.59313327166828
2024-03-20 14:00:00,68,148.0,126.60149962214665,167.14324492250478,190.89172173901912
2024-03-20 15:00:00,68,130.0,139.01495501104873,168.9096601593116,203.46803090785033
2024-03-20 16:00:00,68,208.0,128.0250279986721,173.01626849366477,202.17625379493435
2024-03-20 17:00:00,68,275.0,131.59875926333132,193.77298386942573,234.671703368687
2024-03-20 18:00:00,68,275.0,177.123754358699,247.42600408181244,304.0350908288614
2024-03-20 19:00:00,68,232.0,161.9428730409465,220.29462237944048,259.7451121623802
2024-03-20 20:00:00,68,260.0,150.14122573989272,216.38952572095522,246.06248971280303
2024-03-20 21:00:00,68,253.0,163.6509029327161,232.26837658444214,272.19360023971063
2024-03-20 22:00:00,68,219.0,153.4286707190234,217.12196899680723,248.33273569016168
2024-03-20 23:00:00,68,114.0,98.38450082948212,124.69696674577526,188.65646097183196
2024-03-21 00:00:00,68,65.0,52.875884845805494,84.32350999092208,122.2543411770806
2024-03-21 01:00:00,68,28.0,26.142272132248767,42.3294474505157,68.24060220885872
2024-03-21 02:00:00,68,32.0,8.494574909562257,17.73888021980335,26.592416533839774
2024-03-21 03:00:00,68,8.0,4.7781029021269585,9.931377052808926,18.72973915782572
2024-03-21 04:00:00,68,8.0,6.387343042076408,13.363463897456958,21.993858491942603
2024-03-21 05:00:00,68,20.0,6.603247846411272,11.769448788220862,24.062643559398616
2024-03-21 06:00:00,68,33.0,10.3043415691985,21.471228952183715,28.105814650950148
2024-03-21 07:00:00,68,71.0,25.30327729616407,63.10291783379042,78.64869561929264
2024-03-21 08:00:00,68,142.0,57.92604157446857,116.4661272166273,146.97772893896058
2024-03-21 09:00:00,68,135.0,93.6782075834806,147.08076948156562,163.8411103446514
2024-03-21 10:00:00,68,147.0,105.12727561688412,141.22132986231307,175.9182543777336
2024-03-21 11:00:00,68,164.0,124.6282585926801,150.96340057023298,176.22971601100195
2024-03-21 12:00:00,68,174.0,126.40421673755013,168.5299647594198,189.35290435560884
2024-03-21 13:00:00,68,167.0,130.53182481881657,163.84745501699442,189.11925429876825
2024-03-21 14:00:00,68,171.0,142.45833939343737,185.6150361375513,202.89334211057744
2024-03-21 15:00:00,68,162.0,144.1611262830952,184.3561557248461,227.16495151052453
2024-03-21 16:00:00,68,185.0,132.22321378632,178.27131342899676,205.51579023421843
2024-03-21 17:00:00,68,261.0,156.24101132650082,227.59916953992118,269.5288238383949
2024-03-21 18:00:00,68,296.0,179.6360992668467,265.02253817793905,319.1225785015146
2024-03-21 19:00:00,68,254.0,187.38472080179736,261.4072027143097,298.2906545247432
2024-03-21 20:00:00,68,331.0,187.27501688752508,249.68238753833273,276.85393708577413
2024-03-21 21:00:00,68,300.0,190.1442462906525,284.3350299493248,302.4932691335007
2024-03-21 22:00:00,68,274.0,170.5749455217451,249.17234253613833,290.17745487960485
2024-03-21 23:00:00,68,216.0,120.39603223188264,171.38399314799437,223.0331315065437
2024-03-22 00:00:00,68,99.0,68.83791762611368,94.03345118563979,131.5367330491803
2024-03-22 01:00:00,68,40.0,57.228319174150386,83.36048763279422,123.40887352392127
2024-03-22 02:00:00,68,24.0,19.082562978244248,32.3913605599652,51.30024752571619
2024-03-22 03:00:00,68,26.0,21.28765009150381,35.252541866397635,54.219302267384066
2024-03-22 04:00:00,68,20.0,7.138425244625579,13.2705053661284,21.608016478150468
2024-03-22 05:00:00,68,16.0,9.809113731468692,12.10754651469709,26.813362786280663
2024-03-22 06:00:00,68,22.0,19.71481358732018,36.28279871063842,56.59531286149151
2024-03-22 07:00:00,68,57.0,29.042399218925034,58.05926884051676,87.81562106200917
2024-03-22 08:00:00,68,90.0,61.956976993216784,107.43576097062116,137.53219157152427
2024-03-22 09:00:00,68,96.0,97.73902088463326,137.5221007251352,153.85208937709268
2024-03-22 10:00:00,68,123.0,101.25374591526412,135.65776858898147,151.56536106319822
2024-03-22 11:00:00,68,147.0,109.84598246856336,140.05266419403165,159.7044639895523
2024-03-22 12:00:00,68,125.0,132.78376284345592,164.53105351611174,181.78548121543773
2024-03-22 13:00:00,68,135.0,128.94635647567418,160.76429495390698,185.34236014665328
2024-03-22 14:00:00,68,162.0,132.68925336723308,167.08867570149448,183.57245364293317
2024-03-22 15:00:00,68,183.0,133.80538116441699,165.14524226492293,187.8635896642358
2024-03-22 16:00:00,68,189.0,140.028678126458,174.91341375227333,192.06814328705156
2024-03-22 17:00:00,68,226.0,146.7255793615417,202.18952433975974,230.5981680785068
2024-03-22 18:00:00,68,247.0,176.81877831401704,235.00110839121717,278.2765657919298
2024-03-22 19:00:00,68,276.0,163.46387725478988,229.44150338667384,256.83642282299695
2024-03-22 20:00:00,68,217.0,179.24120490109837,221.31828812279477,256.06594831428924
2024-03-22 21:00:00,68,215.0,167.14036964786828,238.2561184460722,277.93089338960317
2024-03-22 22:00:00,68,218.0,160.38698505074225,234.72633568401915,280.98864145255334
2024-03-22 23:00:00,68,244.0,117.99152447615701,167.64799299327083,219.10092474810554
2024-03-23 00:00:00,68,178.0,104.38547860318886,184.32541804097158,229.6407437806512
2024-03-23 01:00:00,68,142.0,76.32766264342162,132.82549297278524,185.9824439435736
2024-03-23 02:00:00,68,84.0,61.49828327039906,95.89237959828282,118.74799197766099
2024-03-23 03:00:00,68,93.0,53.56520809149618,81.35141909123479,92.07328507961125
2024-03-23 04:00:00,68,70.0,20.589534116560447,33.27558853215685,55.80077417642268
2024-03-23 05:00:00,68,21.0,13.123307107589287,14.932724611866204,37.17408043879854
2024-03-23 06:00:00,68,13.0,15.465500470550587,19.27148941007818,31.87928421693212
2024-03-23 07:00:00,68,19.0,22.94759468334057,26.671144764759052,43.80277492411607
2024-03-23 08:00:00,68,45.0,46.333520834767874,63.75622229243218,78.46807954169246
2024-03-23 09:00:00,68,85.0,61.85914975346001,89.48090152412452,128.72808898354447
2024-03-23 10:00:00,68,121.0,78.12853302875072,129.9406089623396,153.73434635052706
2024-03-23 11:00:00,68,156.0,91.37382626855288,139.79055310909874,171.7497564179267
2024-03-23 12:00:00,68,176.0,120.96594039375809,162.52060153425404,213.00581700651938
2024-03-23 13:00:00,68,194.0,117.8936022744624,165.75341249636102,215.12536728927532
2024-03-23 14:00:00,68,231.0,144.0041456461382,189.20588605530634,229.88328910284162
2024-03-23 15:00:00,68,252.0,161.39209233799698,202.83561774652355,239.7542865511645
2024-03-23 16:00:00,68,220.0,155.41090505033887,203.95169349090693,243.80895723920426
2024-03-23 17:00:00,68,209.0,167.16895890737803,237.31778830760427,275.3547052306156
2024-03-23 18:00:00,68,191.0,178.2210532006344,236.4301863002327,279.7076372025388
2024-03-23 19:00:00,68,198.0,162.80803243637976,229.27519738651418,259.70603158955606
2024-03-23 20:00:00,68,137.0,154.39712663681064,197.51377946960164,219.9914359275414
2024-03-23 21:00:00,68,159.0,157.83348418020836,214.63348769654698,256.76377721010476
2024-03-23 22:00:00,68,143.0,133.39437787785155,201.4624797189981,258.21049706480125
2024-03-23 23:00:00,68,244.0,120.5853183770876,195.217468474915,252.58817391516357
2024-03-24 00:00:00,68,194.0,90.8067954567204,158.1089652551222,217.0914639114773
2024-03-24 01:00:00,68,144.0,109.34556657068433,168.9199082018002,251.7099522748944
2024-03-24 02:00:00,68,106.0,80.28190912501489,120.65624094500005,155.50896560418104
2024-03-24 03:00:00,68,70.0,63.988132015446034,94.04033949172972,115.2276841731214
2024-03-24 04:00:00,68,68.0,32.17126973809911,56.38845551212425,80.41746743323716
2024-03-24 05:00:00,68,11.0,17.611497824460074,23.687227191188697,57.14562439629368
2024-03-24 06:00:00,68,13.0,14.332677130054226,17.34649981594727,30.148161786768576
2024-03-24 07:00:00,68,13.0,24.700794891576574,34.41629555296839,52.667731842194854
2024-03-24 08:00:00,68,34.0,30.7275418845754,35.853771250284126,51.06950590009353
2024-03-24 09:00:00,68,61.0,44.16665939800464,76.22083879458495,117.86924673721536
2024-03-24 10:00:00,68,103.0,63.768376708628615,106.04127934894446,140.7156044766703
2024-03-24 11:00:00,68,124.0,79.97215238140369,118.66558199494074,155.07442161788086
2024-03-24 12:00:00,68,133.0,110.88824356972869,141.04644367510556,174.638536708864
2024-03-24 13:00:00,68,149.0,115.72743984338304,143.6193212214097,183.47438736738422
2024-03-24 14:00:00,68,187.0,131.2561807110211,165.22156266173653,189.1746860125713
2024-03-24 15:00:00,68,147.0,134.64813255388307,164.25812874209527,182.5300293832275
2024-03-24 16:00:00,68,172.0,162.5366254044612,195.9059981585571,218.7978650765552
2024-03-24 17:00:00,68,197.0,142.08679891303814,181.51871292606145,221.39620055822633
2024-03-24 18:00:00,68,166.0,157.5010510990417,193.28909682622952,230.6544399190403
2024-03-24 19:00:00,68,183.0,117.2962703446496,154.11388750560832,191.4555807768468
2024-03-24 20:00:00,68,168.0,116.0447933104225,139.56964823700775,175.6403143370127
2024-03-24 21:00:00,68,159.0,110.16183411391938,140.46255528114915,189.47967100868786
2024-03-24 22:00:00,68,117.0,98.60445129526829,120.93086125742126,171.48528241157865
2024-03-24 23:00:00,68,81.0,61.076683817245694,85.60958316731266,126.01661034313223
2024-03-25 00:00:00,68,42.0,22.44858099209684,45.784762671287595,87.76221167699893
2024-03-25 01:00:00,68,10.0,10.341426510622217,32.20647086140025,56.66988178558126
2024-03-25 02:00:00,68,10.0,0.3124433069099302,14.34169067495123,27.304192933035683
2024-03-25 03:00:00,68,7.0,0.8005556353856473,8.493871915392404,18.941066781687198
2024-03-25 04:00:00,68,6.0,2.6603682568565468,7.482074728225691,13.169573526757556
2024-03-25 05:00:00,68,10.0,6.260467651207887,15.823881190932397,29.188862504975244
2024-03-25 06:00:00,68,26.0,14.094796244845263,26.260901223995443,42.81639785254727
2024-03-25 07:00:00,68,62.0,21.496846848329312,42.501110350790185,72.49391611013738
2024-03-25 08:00:00,68,133.0,50.90592794035901,99.89791521876191,136.66901916284533
2024-03-25 09:00:00,68,99.0,59.4681308465064,100.4335629569397,154.04618565267052
2024-03-25 10:00:00,68,118.0,87.63250077603395,126.7134233341364,158.4383861767661
2024-03-25 11:00:00,68,140.0,89.59845120996377,121.66065542012021,152.69751580308306
2024-03-25 12:00:00,68,123.0,112.98330580635825,143.2762179752892,166.93792406692674
2024-03-25 13:00:00,68,156.0,96.78898833888182,129.73085539573705,155.07880205850645
2024-03-25 14:00:00,68,145.0,117.64693010084758,152.4810761149309,170.5815264769036
2024-03-25 15:00:00,68,125.0,125.52071521969813,148.55335402883728,178.54688839017393
2024-03-25 16:00:00,68,152.0,120.38463572461598,154.2477599321435,179.93828816629474
2024-03-25 17:00:00,68,154.0,127.59937927771175,176.65463820514827,213.38731605079863
2024-03-25 18:00:00,68,137.0,136.45040918947387,196.21536520025455,239.03949927683072
2024-03-25 19:00:00,68,143.0,112.26605093773414,154.36245820643606,178.86830121166076
2024-03-25 20:00:00,68,158.0,104.65136684652555,142.46656346838066,168.72065799010545
2024-03-25 21:00:00,68,178.0,122.73330957367543,163.6150617003138,212.11815408003713
2024-03-25 22:00:00,68,178.0,98.11546673374328,132.58465395140507,178.86988410350665
2024-03-25 23:00:00,68,83.0,60.3424375821903,91.10465633811391,136.37862261687798
2024-03-26 00:00:00,68,15.0,25.05750377958332,48.18754623248916,81.1603696138608
2024-03-26 01:00:00,68,18.0,9.956773271233562,22.838747998526923,38.779985451644485
2024-03-26 02:00:00,68,13.0,1.7978840351222127,7.153159524231151,12.95746737614326
2024-03-26 03:00:00,68,7.0,2.8979215061284824,8.844927342722412,16.169977362919603
2024-03-26 04:00:00,68,6.0,4.175873002427338,7.207084741845639,13.578930692423484
2024-03-26 05:00:00,68,7.0,4.190126421296921,9.025321981761532,16.68789603644271
2024-03-26 06:00:00,68,27.0,13.976952342382233,26.49339802240805,40.53631447869004
2024-03-26 07:00:00,68,62.0,22.877338816727136,52.53149768396784,68.56200749061537
2024-03-26 08:00:00,68,131.0,59.88415925154216,126.4466893085985,159.74616621003156
2024-03-26 09:00:00,68,118.0,100.21330730130546,143.48816585459636,169.7041034858888
2024-03-26 10:00:00,68,105.0,88.86581629506907,127.55273075140465,170.22632484115374
2024-03-26 11:00:00,68,131.0,112.96225966186613,143.16795713144,166.69334475268914
2024-03-26 12:00:00,68,119.0,109.47141372931621,144.66862600641628,174.279112480209
2024-03-26 13:00:00,68,171.0,107.13264088233562,142.81030698185978,181.1476957122163
2024-03-26 14:00:00,68,138.0,124.29118786800682,153.77267325697449,171.4003220520411
2024-03-26 15:00:00,68,158.0,139.42442317450084,168.67248492228686,201.00723746622262
2024-03-26 16:00:00,68,172.0,111.3655072284947,150.13965945563416,182.5591149071513
2024-03-26 17:00:00,68,233.0,137.51378940402526,208.41928102546225,241.09867723749687
2024-03-26 18:00:00,68,239.0,154.15076811316789,226.77248355104632,270.018993145466
2024-03-26 19:00:00,68,200.0,139.49196467164384,194.524688217157,266.0774180771758
2024-03-26 20:00:00,68,235.0,130.49057431605763,180.31484533735969,230.9632467885154
2024-03-26 21:00:00,68,278.0,148.15792541375566,208.15024258480238,263.0358133590308
2024-03-26 22:00:00,68,265.0,143.68864048576577,203.55156842597978,264.3360491753475
2024-03-26 23:00:00,68,106.0,87.71125935535181,125.18719305061938,205.75583908335182
2024-03-27 00:00:00,68,36.0,35.81599809036843,57.87058713116642,87.56966638850604
2024-03-27 01:00:00,68,11.0,14.992896691175382,24.723720035862968,46.2996776414017
2024-03-27 02:00:00,68,10.0,5.732520771846771,12.030605235971798,21.18787141917809
2024-03-27 03:00:00,68,8.0,1.6349231429729623,6.065951950775808,11.205705442037662
2024-03-27 04:00:00,68,4.0,2.598586756809429,6.900472058451486,10.940601091316578
2024-03-27 05:00:00,68,8.0,4.425327965987932,10.296485877255872,17.98834797233348
2024-03-27 06:00:00,68,24.0,11.656355138131063,23.691922332109947,30.854736548777794
2024-03-27 07:00:00,68,80.0,26.712392089321796,58.095236856496676,78.77162527126694
2024-03-27 08:00:00,68,117.0,60.375409551644154,120.13660450554114,151.83977084462904
2024-03-27 09:00:00,68,115.0,93.96084581243349,142.26204876741843,170.24586325141777
2024-03-27 10:00:00,68,150.0,95.63178453448782,130.1417552451117,157.52558897822848
2024-03-27 11:00:00,68,153.0,111.73513604534433,140.48497007539152,164.96435325085938
2024-03-27 12:00:00,68,153.0,119.14808731578998,164.06737791737976,194.28076608941987
2024-03-27 13:00:00,68,146.0,116.27317111433575,156.11919636340963,187.74987485066114
2024-03-27 14:00:00,68,183.0,139.56857533852912,183.61821445369029,200.20011959077422
2024-03-27 15:00:00,68,155.0,120.18743670189103,154.82517991593,194.37495257414582
2024-03-27 16:00:00,68,210.0,133.39532208638158,169.77371811620185,195.97978798716758
2024-03-27 17:00:00,68,266.0,145.50756634157653,215.90754587352527,269.432082971576
2024-03-27 18:00:00,68,311.0,195.27310852285652,265.70580539696306,322.9198535403775
2024-03-27 19:00:00,68,223.0,181.68331918466208,237.23781522441575,277.84859484730725
2024-03-27 20:00:00,68,273.0,156.70344820861288,214.85434592342088,250.42654241400314
2024-03-27 21:00:00,68,212.0,165.2487026333379,237.33028074220567,267.1350609843195
2024-03-27 22:00:00,68,222.0,163.00122830711203,234.7488695421437,281.95424819121797
2024-03-27 23:00:00,68,134.0,120.19313890059455,166.48009836246084,210.14057342159475
2024-03-28 00:00:00,68,46.0,41.02762840473907,74.08837351299675,113.83975240098937
2024-03-28 01:00:00,68,23.0,23.013228739990026,33.77169106424493,52.24669292970519
2024-03-28 02:00:00,68,18.0,6.682655148909758,16.06572390001048,27.10246269931824
2024-03-28 03:00:00,68,9.0,9.323401164652116,14.589348810589387,27.679848291808856
2024-03-28 04:00:00,68,10.0,3.4742718768502105,8.820931543949193,14.722926315664383
2024-03-28 05:00:00,68,17.0,5.2263175615319675,11.745666799720105,21.114925291594798
2024-03-28 06:00:00,68,37.0,15.112787350588842,31.22199754179013,44.24842469609357
2024-03-28 07:00:00,68,85.0,29.54010878866083,67.6942267800374,107.85461287519126
2024-03-28 08:00:00,68,119.0,67.99821958115814,135.2753232293231,164.00461489366478
2024-03-28 09:00:00,68,102.0,103.29532957380458,153.486172935374,171.34763157242017
2024-03-28 10:00:00,68,132.0,104.82084864093882,142.37675224331574,158.2587394493133
2024-03-28 11:00:00,68,163.0,116.27362561287839,147.9451519563176,162.449161532215
2024-03-28 12:00:00,68,164.0,130.762189307155,171.38430349756314,184.66519264012678
2024-03-28 13:00:00,68,192.0,138.86898690449476,176.50898161580352,198.38015759399664
2024-03-28 14:00:00,68,178.0,137.61504753989183,182.2711478397821,200.9676161967678
2024-03-28 15:00:00,68,208.0,152.75537694710403,189.63206504600078,211.76440961704412
2024-03-28 16:00:00,68,209.0,144.9900313780311,190.2615408220145,204.24879998146025
2024-03-28 17:00:00,68,258.0,165.66542126312314,237.3599504178399,273.34422380221616
2024-03-28 18:00:00,68,331.0,184.66291765760147,268.18692506623563,313.3670502863906
2024-03-28 19:00:00,68,347.0,183.9997251788214,262.7855508225528,303.73182178395916
2024-03-28 20:00:00,68,296.0,166.14876697544364,230.1529301599442,262.67832635356774
2024-03-28 21:00:00,68,285.0,200.97253758631564,299.2278373063111,337.58921475603654
2024-03-28 22:00:00,68,228.0,181.9267011812173,252.42279104634343,294.0761521591433
2024-03-28 23:00:00,68,222.0,138.7532935501353,188.75464391421414,254.46986604339028
2024-03-29 00:00:00,68,159.0,83.15222663639187,104.87193482993604,151.15135887971599
2024-03-29 01:00:00,68,55.0,30.983939285700473,52.63618470853388,82.00726428546592
2024-03-29 02:00:00,68,50.0,13.352796430775303,27.851290433146467,44.51790114160789
2024-03-29 03:00:00,68,24.0,8.112381977240412,18.65313144595263,32.185077640910045
2024-03-29 04:00:00,68,27.0,8.79603238162531,20.779844427322548,25.16266242427858
2024-03-29 05:00:00,68,22.0,8.924843859127764,14.270723995099548,28.157955162527674
2024-03-29 06:00:00,68,23.0,17.829493327286595,27.822786177341367,46.22869428234367
2024-03-29 07:00:00,68,53.0,30.774901652532538,55.69790199030487,73.20475598651973
2024-03-29 08:00:00,68,70.0,63.38580069338926,99.45046291165374,134.64795706988957
2024-03-29 09:00:00,68,110.0,85.5018398214349,122.897526642441,144.7855858852348
2024-03-29 10:00:00,68,151.0,81.77506930342597,122.56585420151887,143.61696971953293
2024-03-29 11:00:00,68,133.0,107.67477872331965,138.22307352684888,158.4063623333451
2024-03-29 12:00:00,68,133.0,136.05535591927037,168.06225563126168,187.36340654107045
2024-03-29 13:00:00,68,156.0,124.70878941354967,147.156688356814,180.0375287563891
2024-03-29 14:00:00,68,193.0,124.99720388988365,162.29803146107812,178.97294686365944
2024-03-29 15:00:00,68,189.0,139.79761712876362,175.05216795885224,193.83154697599764
2024-03-29 16:00:00,68,214.0,158.6020673463329,193.98211163396059,214.1661789094002
2024-03-29 17:00:00,68,200.0,163.25531359026837,217.80201563680285,253.58012548328398
2024-03-29 18:00:00,68,237.0,180.2522857460691,243.87597220996642,276.09965532249265
2024-03-29 19:00:00,68,253.0,158.67938509979876,223.34346314928072,255.1703367714043
2024-03-29 20:00:00,68,192.0,173.67311472876378,211.43510032871865,231.68822826664163
2024-03-29 21:00:00,68,236.0,159.6613378228023,223.63134968157843,268.1811229728756
2024-03-29 22:00:00,68,197.0,149.88996640369183,211.8741600739263,258.03846817362836
2024-03-29 23:00:00,68,224.0,120.28345655381989,170.69367590861597,218.18081669480418
2024-03-30 00:00:00,68,197.0,104.99767637573325,181.30062069668082,218.89012614448404
2024-03-30 01:00:00,68,88.0,75.82917976339796,129.58489588983565,174.67118109645878
2024-03-30 02:00:00,68,72.0,65.84377924422881,104.76201945611379,138.98448977226192
2024-03-30 03:00:00,68,92.0,38.176177105224674,62.42775149385756,91.85697303892209
2024-03-30 04:00:00,68,59.0,27.384236620948403,43.685744404118964,70.88561246179646
2024-03-30 05:00:00,68,11.0,19.585587630791082,22.343223634331057,49.05901049644131
2024-03-30 06:00:00,68,17.0,17.71469325781869,25.35639713004724,36.76727465832779
2024-03-30 07:00:00,68,21.0,21.189379772284667,24.808455910606508,37.98378354086748
2024-03-30 08:00:00,68,48.0,37.47881510114915,40.10996965712963,53.24342751477062
2024-03-30 09:00:00,68,67.0,50.57425935043461,82.68647728289704,106.30951650146274
2024-03-30 10:00:00,68,104.0,79.22399552118611,128.56822026398876,151.42609291974887
2024-03-30 11:00:00,68,124.0,102.88958403809013,149.4681792167425,183.5946081497653
2024-03-30 12:00:00,68,170.0,115.4084030284108,157.6939787042098,201.70712126651367
2024-03-30 13:00:00,68,190.0,124.15192722995712,166.47402427615324,221.0790089234455
2024-03-30 14:00:00,68,196.0,154.20013707621874,189.07647244266954,214.24362285518836
2024-03-30 15:00:00,68,172.0,162.98540329669967,210.1127464348407,247.18127896783184
2024-03-30 16:00:00,68,192.0,164.38712818763108,231.85839201551607,271.44721893530385
2024-03-30 17:00:00,68,197.0,165.4058853126935,221.52182064576502,264.0026109641179
2024-03-30 18:00:00,68,214.0,159.26759496692569,223.67025061161698,261.42255279135225
2024-03-30 19:00:00,68,173.0,144.4139866850895,195.81334747076676,231.6168351632243
2024-03-30 20:00:00,68,219.0,145.47831479354804,169.13837303166918,209.13934037054437
2024-03-30 21:00:00,68,182.0,123.11244411394088,154.21140205149,205.7426770100031
2024-03-30 22:00:00,68,157.0,128.23048889560238,189.07504065262773,223.39952040649644
2024-03-30 23:00:00,68,212.0,83.6250939358753,146.23791433565697,202.89400733509927
2024-03-31 00:00:00,68,247.0,90.37812838749421,166.86329912302776,214.09845677856813
2024-03-31 01:00:00,68,152.0,83.45098728668506,124.90178205523257,184.63481931927095
2024-03-31 02:00:00,68,111.0,68.34537906950099,107.46565318574258,142.79604308259647
2024-03-31 03:00:00,68,89.0,50.715567510749814,71.58211355667315,101.33739322499746
2024-03-31 04:00:00,68,63.0,26.521649617227034,42.86610789940643,75.91398033821045
2024-03-31 05:00:00,68,17.0,18.838744738302996,23.53655556123604,54.95634477833922
2024-03-31 06:00:00,68,18.0,12.805529541043683,13.857101267240779,24.86445251801819
2024-03-31 07:00:00,68,19.0,20.947573304749145,23.842977892352984,40.14363460746817
2024-03-31 08:00:00,68,41.0,28.042303789047796,27.822100434953708,46.24807325911015
2024-03-31 09:00:00,68,64.0,38.664037053049064,60.16055009212698,89.15819668930376
2024-03-31 10:00:00,68,96.0,51.6213918276159,95.20146986860114,129.41140900225815
2024-03-31 11:00:00,68,120.0,78.92684046409771,125.29430703440667,164.6014712731926
2024-03-31 12:00:00,68,140.0,98.76276984068419,137.79371679052613,164.7482373146577
2024-03-31 13:00:00,68,170.0,115.72743984338304,143.46946556154037,177.68860480991873
2024-03-31 14:00:00,68,161.0,125.87823836848032,157.9023938624251,176.49002993856763
2024-03-31 15:00:00,68,127.0,148.97240191080593,181.40797641993532,207.79109748224377
2024-03-31 16:00:00,68,161.0,130.9481710410616,160.9503362256677,189.4318152877946
2024-03-31 17:00:00,68,141.0,130.86556234190869,166.22254153803235,192.29285197023037
2024-03-31 18:00:00,68,181.0,146.26203705840226,185.87912211598194,224.00979936100038
2024-03-31 19:00:00,68,141.0,110.89613260085036,139.15695226368817,180.15100677458898
2024-03-31 20:00:00,68,201.0,120.13852620491019,144.48354479574698,184.18577079358047
2024-03-31 21:00:00,68,215.0,119.93741855187365,147.28907994107874,192.1719682556839
2024-03-31 22:00:00,68,173.0,109.18180671417828,152.24858145231687,190.8448507413453
2024-03-31 23:00:00,68,86.0,64.6806102036811,90.31757922753349,155.2521780029345
2024-03-18 00:00:00,79,62.0,29.255878480628105,70.09699620348101,130.21737493621814
2024-03-18 01:00:00,79,30.0,9.472517792743123,32.42468948569456,54.29544271429661
2024-03-18 02:00:00,79,16.0,8.601463291496074,28.357958911329465,42.056594540587895
2024-03-18 03:00:00,79,19.0,2.2755119528980376,13.693946872825068,26.5162327346975
2024-03-18 04:00:00,79,11.0,0.9333286069932497,7.470225172539212,20.443730335816802
2024-03-18 05:00:00,79,9.0,8.303981189423723,11.093966906942237,39.618331843335234
2024-03-18 06:00:00,79,42.0,12.757051991185351,26.35049234784059,48.78343174454247
2024-03-18 07:00:00,79,64.0,17.783873363920033,38.857766413800775,64.39853936771473
2024-03-18 08:00:00,79,90.0,36.24123604412107,81.81822370460588,107.93294104413218
2024-03-18 09:00:00,79,56.0,49.84421985343859,72.76751371939062,109.86412153106048
2024-03-18 10:00:00,79,51.0,44.3977342083019,68.11270324152443,81.0489496636228
2024-03-18 11:00:00,79,46.0,57.362204292337104,65.91330620529581,80.67040755939666
2024-03-18 12:00:00,79,45.0,43.68368984971896,60.005589421197335,68.97249216768728
2024-03-18 13:00:00,79,37.0,53.37006679088078,62.29374166436796,77.2871575051594
2024-03-18 14:00:00,79,73.0,47.26860856674637,59.086106947993585,70.15181882372457
2024-03-18 15:00:00,79,47.0,46.17729723921672,57.995170338303275,73.75145024693241
2024-03-18 16:00:00,79,58.0,42.687187576569386,58.62731441778266,70.73455068975153
2024-03-18 17:00:00,79,56.0,53.21912409332257,70.73541571789113,84.88504888388047
2024-03-18 18:00:00,79,74.0,56.11275262084931,83.75659737457599,109.05458590435133
2024-03-18 19:00:00,79,71.0,49.86515070071194,74.24199134784996,94.18417811875153
2024-03-18 20:00:00,79,109.0,54.72956677643687,84.0556718130612,113.53667475102522
2024-03-18 21:00:00,79,115.0,64.64090318801463,86.84840225538133,124.88412558214654
2024-03-18 22:00:00,79,98.0,59.54298736906638,94.16279182810766,153.51730268905206
2024-03-18 23:00:00,79,64.0,41.15260415287298,69.53358480441075,110.47305413824553
2024-03-19 00:00:00,79,39.0,17.39131147280938,40.664997879618305,67.1285399942746
2024-03-19 01:00:00,79,14.0,13.464397424653546,28.369920218919727,43.68192429213253
2024-03-19 02:00:00,79,12.0,8.323382205006716,16.619193434655593,24.673640196373746
2024-03-19 03:00:00,79,7.0,4.603689108595003,9.593939465636748,18.19509016107382
2024-03-19 04:00:00,79,9.0,4.668578894577262,10.213085332475602,20.927750211460985
2024-03-19 05:00:00,79,4.0,2.7007063840761933,7.333284494428663,19.525212168602266
2024-03-19 06:00:00,79,33.0,8.675918644756313,21.76436532092188,31.840473090962266
2024-03-19 07:00:00,79,63.0,20.87848076625227,46.44207785381474,64.64399416265056
2024-03-19 08:00:00,79,90.0,43.52702424406408,85.04536534100426,106.47978302858692
2024-03-19 09:00:00,79,95.0,63.129156023610165,80.17558832807907,115.64777721088247
2024-03-19 10:00:00,79,71.0,51.5775571193395,77.99104590691717,96.92566501747896
2024-03-19 11:00:00,79,62.0,44.47726502504628,65.57967679064028,85.8970113839454
2024-03-19 12:00:00,79,54.0,36.62807859082681,61.06422547368033,85.18738539290453
2024-03-19 13:00:00,79,54.0,39.857838404064665,59.50086759455404,77.45029409274896
2024-03-19 14:00:00,79,56.0,39.614614990872354,53.318883297732825,82.10136200600343
2024-03-19 15:00:00,79,59.0,50.100597471773796,66.12550676084881,93.69327223088905
2024-03-19 16:00:00,79,56.0,47.64315915491624,64.65367358092657,81.72274653355122
2024-03-19 17:00:00,79,64.0,42.91375548081152,74.19490230748683,93.71382020433062
2024-03-19 18:00:00,79,95.0,43.86202097645982,80.0382283592248,119.64287161543798
2024-03-19 19:00:00,79,79.0,52.2703101975289,89.34855192142946,127.58917011883707
2024-03-19 20:00:00,79,136.0,47.445841848569465,102.28961329232828,141.152089558538
2024-03-19 21:00:00,79,222.0,72.40281988007614,122.48214842887356,160.55718833434892
2024-03-19 22:00:00,79,174.0,96.09508763055553,174.94918316946305,232.84659896066862
2024-03-19 23:00:00,79,96.0,85.2001775491623,162.10486673900613,239.6174687435812
2024-03-20 00:00:00,79,65.0,30.98812770772009,66.15330123821826,98.54567386012224
2024-03-20 01:00:00,79,46.0,21.901853007941856,33.705446714425754,44.253189782795076
2024-03-20 02:00:00,79,28.0,12.949087057633331,21.508581660648463,33.664644745860365
2024-03-20 03:00:00,79,19.0,9.694027649422482,18.74424213807343,26.341311277183447
2024-03-20 04:00:00,79,2.0,4.1656649962278784,9.281949054750894,21.225773598030848
2024-03-20 05:00:00,79,11.0,5.099036999751403,13.899762145199533,25.925416783216285
2024-03-20 06:00:00,79,36.0,8.461357237900113,19.77464782816171,36.715377898926505
2024-03-20 07:00:00,79,60.0,24.18856112944575,59.156953975676444,79.58651347088022
2024-03-20 08:00:00,79,99.0,52.18962728744484,100.08785300489302,122.69886791284597
2024-03-20 09:00:00,79,79.0,67.70448785829187,87.0640197673987,116.34248808067053
2024-03-20 10:00:00,79,69.0,71.97086196240348,98.41210973824587,129.26619497805774
2024-03-20 11:00:00,79,53.0,47.51742747390357,66.05459590265338,82.5698611864087
2024-03-20 12:00:00,79,58.0,44.8213194005066,61.93983270442682,79.26288112707081
2024-03-20 13:00:00,79,58.0,41.401004388779896,54.81267646193459,68.50860848189942
2024-03-20 14:00:00,79,53.0,46.9336305142203,62.65614926922205,81.57496947060544
2024-03-20 15:00:00,79,64.0,49.821130182598026,64.34509524721913,80.77317772244847
2024-03-20 16:00:00,79,46.0,43.5397643753128,56.572772941856634,73.336310287582
2024-03-20 17:00:00,79,85.0,47.434405878975696,78.39393965568709,98.24003118884809
2024-03-20 18:00:00,79,99.0,48.864352304013046,83.74681855913427,116.96473601639849
2024-03-20 19:00:00,79,119.0,53.889851386635534,97.97125206936978,135.38576022078058
2024-03-20 20:00:00,79,161.0,75.60840404969831,127.43502323192651,168.65888651649325
2024-03-20 21:00:00,79,284.0,104.9227511721477,180.2048997894421,228.08053300128424
2024-03-20 22:00:00,79,313.0,138.7788583442809,244.42541125769037,314.5794775569495
2024-03-20 23:00:00,79,151.0,106.87384681936811,207.1914514907764,341.5626395701595
2024-03-21 00:00:00,79,68.0,53.19368309044078,110.62809048104018,157.2189640928207
2024-03-21 01:00:00,79,38.0,35.50357762287299,62.7043937658957,89.30114759535053
2024-03-21 02:00:00,79,22.0,15.036484459089063,27.09046940380974,40.954460691327554
2024-03-21 03:00:00,79,23.0,13.12547245914248,25.540780896136813,36.12844431746779
2024-03-21 04:00:00,79,12.0,4.684205750862269,11.341365476290134,21.21499854191978
2024-03-21 05:00:00,79,8.0,2.856475294891159,10.36930270089325,20.078340050604933
2024-03-21 06:00:00,79,55.0,11.770056531877293,29.361472970352263,50.521967829390945
2024-03-21 07:00:00,79,77.0,27.474292015796998,62.15789983712557,85.6900839546242
2024-03-21 08:00:00,79,117.0,56.193251056993866,111.04182542878901,137.70731226367514
2024-03-21 09:00:00,79,112.0,71.04821268476937,95.04770604455028,131.66754391984782
2024-03-21 10:00:00,79,53.0,71.21954779965859,102.85306921135742,131.0826038134926
2024-03-21 11:00:00,79,66.0,60.794175619246545,87.92105941613765,106.57209613954348
2024-03-21 12:00:00,79,67.0,54.195591833403356,72.74080954950246,91.31573872934516
2024-03-21 13:00:00,79,72.0,53.70374665612334,72.54626898818809,89.64682725099964
2024-03-21 14:00:00,79,62.0,52.74606571302522,72.12012254511619,91.99481507344376
2024-03-21 15:00:00,79,63.0,63.561138732398085,82.32853154158103,114.73332361329003
2024-03-21 16:00:00,79,57.0,56.18218073368725,78.50209492421239,91.71067254796063
2024-03-21 17:00:00,79,76.0,52.35343389885483,87.66163551470636,103.4764346099564
2024-03-21 18:00:00,79,114.0,70.32303147967363,115.78836435742856,154.15821607405672
2024-03-21 19:00:00,79,135.0,86.44616618137725,136.0315427829903,176.2941985833772
2024-03-21 20:00:00,79,195.0,92.82339354192305,151.30913654392882,202.91814500678302
2024-03-21 21:00:00,79,344.0,144.55596492976542,234.1849870814963,302.3446249978324
2024-03-21 22:00:00,79,430.0,184.4464461994341,303.3078620864473,392.41692107891294
2024-03-21 23:00:00,79,339.0,159.33819583333786,338.96135225048755,479.51709749505335
2024-03-22 00:00:00,79,171.0,124.6192497647182,218.9208721080141,384.6774260757896
2024-03-22 01:00:00,79,96.0,59.617539067212235,127.71955731430637,171.3589519104097
2024-03-22 02:00:00,79,55.0,39.87987347804675,72.4065091905553,85.78013136281821
2024-03-22 03:00:00,79,50.0,31.695302853895214,43.622729597086305,74.78940316849196
2024-03-22 04:00:00,79,32.0,18.535645536387623,32.21597866968273,46.76802157113636
2024-03-22 05:00:00,79,18.0,8.981596034546078,12.989804026858145,34.318216197534994
2024-03-22 06:00:00,79,33.0,11.549953320308207,23.987460429598233,45.61060849650101
2024-03-22 07:00:00,79,64.0,33.70047834318894,62.09354393437974,83.10570725346109
2024-03-22 08:00:00,79,97.0,63.20926227083847,102.60959716427301,118.17237992722856
2024-03-22 09:00:00,79,84.0,72.98403326471829,89.19093571583001,121.23426265034269
2024-03-22 10:00:00,79,52.0,64.13794493863735,84.30776767129346,104.52303211270963
2024-03-22 11:00:00,79,53.0,56.239247927801316,78.01435861893106,91.3207026634134
2024-03-22 12:00:00,79,64.0,50.056620964588205,64.80282400489908,77.53472717328177
2024-03-22 13:00:00,79,69.0,60.905512043338675,76.09104922681757,88.8321166985382
2024-03-22 14:00:00,79,75.0,55.83966753813611,75.95958319127188,95.58132135915403
2024-03-22 15:00:00,79,90.0,64.84808779191899,82.88658460534387,99.95975452973941
2024-03-22 16:00:00,79,94.0,61.44942202932959,83.57504366371487,100.22889793336654
2024-03-22 17:00:00,79,118.0,68.75033414102857,105.46395939846414,129.2738733276257
2024-03-22 18:00:00,79,132.0,85.50587859716987,136.71278512362565,175.0760075051509
2024-03-22 19:00:00,79,199.0,99.86953816379587,171.9157450512296,214.13470743386597
2024-03-22 20:00:00,79,215.0,114.01041280260989,180.252291131599,228.51218590305592
2024-03-22 21:00:00,79,235.0,134.81281866712766,238.62671300793502,308.3855021218001
2024-03-22 22:00:00,79,343.0,154.77964703416043,290.8552633035833,382.67358738843814
2024-03-22 23:00:00,79,498.0,161.16509007836694,308.88190258562014,484.2903123554495
2024-03-23 00:00:00,79,650.0,147.50237834689975,448.1889877989007,690.1510160890012
2024-03-23 01:00:00,79,662.0,137.42807764581806,517.5993992386911,689.6796567969715
2024-03-23 02:00:00,79,572.0,145.64939926493372,451.9166809405167,566.280303985133
2024-03-23 03:00:00,79,312.0,147.7720939966063,301.7803030604403,391.21455770151147
2024-03-23 04:00:00,79,137.0,77.68198441376357,120.0446024979953,196.77603768794634
2024-03-23 05:00:00,79,43.0,39.180606589673566,51.66831874679465,65.95121555325895
2024-03-23 06:00:00,79,18.0,18.41443465903945,42.30382615668294,79.88380637096735
2024-03-23 07:00:00,79,24.0,26.933289478761328,44.49138509735564,64.99023336282751
2024-03-23 08:00:00,79,36.0,33.36493961260362,39.93076668309282,58.784908108036625
2024-03-23 09:00:00,79,66.0,43.46435607694255,56.94411857132529,83.91051061013975
2024-03-23 10:00:00,79,70.0,50.26400987720854,73.27667133414919,89.33757810764267
2024-03-23 11:00:00,79,104.0,53.62667617256421,86.72238144031869,122.53815363537146
2024-03-23 12:00:00,79,129.0,57.28914646409067,90.7187772949122,139.59432022368776
2024-03-23 13:00:00,79,177.0,71.27069495180568,110.72598776447816,168.65520602809627
2024-03-23 14:00:00,79,189.0,86.41177568575185,134.28707543886787,180.70225216965468
2024-03-23 15:00:00,79,196.0,104.05510100576122,167.5910450953089,215.19067197291145
2024-03-23 16:00:00,79,176.0,113.72304781107744,187.0711799079063,266.36173543202386
2024-03-23 17:00:00,79,138.0,122.17538983637995,213.94626169577074,262.95501086977185
2024-03-23 18:00:00,79,172.0,130.391887696347,227.97342823830118,283.99043703673215
2024-03-23 19:00:00,79,200.0,149.89238269358944,246.8259660351991,306.7172589568362
2024-03-23 20:00:00,79,243.0,168.30620942211223,268.8322788306237,371.010233576101
2024-03-23 21:00:00,79,267.0,192.61894216456184,342.40657921082965,453.3992041924312
2024-03-23 22:00:00,79,404.0,194.5103714587146,403.3048761470615,516.4951779215342
2024-03-23 23:00:00,79,577.0,161.62471110171552,508.45767349061185,661.035107233757
2024-03-24 00:00:00,79,680.0,145.11820401392663,520.4415936160842,739.7809319809352
2024-03-24 01:00:00,79,697.0,143.0937580978134,565.4162262560704,750.1924470102691
2024-03-24 02:00:00,79,497.0,169.0878987515418,518.8346764480317,644.1416922399533
2024-03-24 03:00:00,79,324.0,176.67592396851236,316.32059365394844,503.81484027351894
2024-03-24 04:00:00,79,130.0,111.35084635662683,200.15230152891914,361.19243260789995
2024-03-24 05:00:00,79,26.0,49.38351495700117,70.90680475055886,156.50309687041974
2024-03-24 06:00:00,79,12.0,18.07694229437032,41.76546230005309,84.26719309688127
2024-03-24 07:00:00,79,18.0,22.786813703070244,35.98272965974633,58.73152293496656
2024-03-24 08:00:00,79,25.0,28.672743601393492,45.41842796381629,66.27047713217827
2024-03-24 09:00:00,79,48.0,29.647309692460404,47.29387783037211,76.03114625592505
2024-03-24 10:00:00,79,65.0,45.31338055246529,72.7047615967047,91.788914029361
2024-03-24 11:00:00,79,73.0,76.53744463210619,109.79528733815229,138.87915595913526
2024-03-24 12:00:00,79,91.0,69.96159117575306,100.34152734470096,131.36219266556893
2024-03-24 13:00:00,79,101.0,86.21420614099226,116.03713618923948,159.89487017513687
2024-03-24 14:00:00,79,106.0,93.45569570052011,116.71329211934585,157.69740143859025
2024-03-24 15:00:00,79,118.0,91.9682375762517,116.46263350736515,149.75660124965287
2024-03-24 16:00:00,79,105.0,85.26868334703262,112.60534220243481,145.56504869800708
2024-03-24 17:00:00,79,112.0,104.69897697068333,130.0755312184735,180.62641103305998
2024-03-24 18:00:00,79,136.0,93.88406235807997,118.28364297603619,164.5524377748879
2024-03-24 19:00:00,79,170.0,81.65024645345126,108.93483660918982,162.86363434752454
2024-03-24 20:00:00,79,196.0,93.47712395448092,126.33660528217794,189.2694582190708
2024-03-24 21:00:00,79,185.0,133.93647248631632,196.09477904600823,272.2066539957632
2024-03-24 22:00:00,79,126.0,120.64025322256781,198.34092558926173,315.71298857966275
2024-03-24 23:00:00,79,81.0,72.31074892013615,125.41472717390909,227.60579313554146
2024-03-25 00:00:00,79,40.0,38.617434015201134,70.63631955059932,134.23221351590908
2024-03-25 01:00:00,79,29.0,15.488689583829702,38.99036663085088,73.82930484401774
2024-03-25 02:00:00,79,20.0,6.458212544856779,20.519619551472957,38.769849092034455
2024-03-25 03:00:00,79,12.0,0.9531302322273182,13.43280741506511,26.0547981633405
2024-03-25 04:00:00,79,11.0,2.9557802470155004,9.209923444030998,21.80502805056012
2024-03-25 05:00:00,79,9.0,4.075614619205635,8.09639709747875,35.9841063109562
2024-03-25 06:00:00,79,33.0,10.905483384425192,25.489933466818982,45.67572621190842
2024-03-25 07:00:00,79,71.0,20.98401648513206,43.4216948899362,72.23198831793837
2024-03-25 08:00:00,79,95.0,35.37415972476396,73.44946739431879,100.65737131730152
2024-03-25 09:00:00,79,66.0,46.883039579278986,66.67175690650117,115.76203565656492
2024-03-25 10:00:00,79,38.0,41.26659977141498,65.05882614674785,84.30997537144529
2024-03-25 11:00:00,79,53.0,40.232519012909535,60.373456060441455,77.33661295435923
2024-03-25 12:00:00,79,55.0,41.8407607605138,60.702946924345824,72.65927459170865
2024-03-25 13:00:00,79,47.0,45.81967462947319,61.31077994655726,74.45328318517006
2024-03-25 14:00:00,79,51.0,41.687390535561306,54.73509302298305,74.81601432619975
2024-03-25 15:00:00,79,58.0,57.84669448942317,72.51383224141121,97.04476197656867
2024-03-25 16:00:00,79,54.0,47.76445383050563,57.087233075395275,73.01039357299726
2024-03-25 17:00:00,79,65.0,51.19753259390456,73.68597957482149,88.77381595318317
2024-03-25 18:00:00,79,76.0,53.36250218678503,76.81861977336798,102.2143266780926
2024-03-25 19:00:00,79,77.0,49.719189622938224,75.882047577045,102.41777521077526
2024-03-25 20:00:00,79,98.0,48.117943693461164,82.23176552106398,107.82699005044842
2024-03-25 21:00:00,79,115.0,75.80628410287709,103.20104169835619,140.66780229873433
2024-03-25 22:00:00,79,86.0,63.59816433763576,109.06246294810873,156.33033234453458
2024-03-25 23:00:00,79,67.0,44.254958515596535,69.80010809575872,116.49696669173005
2024-03-26 00:00:00,79,27.0,21.877258604924446,42.963374379076576,70.95755196030316
2024-03-26 01:00:00,79,26.0,13.645320616872178,26.48837837717328,41.209352979998094
2024-03-26 02:00:00,79,13.0,4.590578870733696,11.588699232832232,20.7846728439038
2024-03-26 03:00:00,79,8.0,4.20550699183107,9.636750350152946,17.89105471493339
2024-03-26 04:00:00,79,10.0,2.75702811023243,6.235614048445357,15.252651709882748
2024-03-26 05:00:00,79,11.0,3.6722646871314977,9.638778873944425,20.921408537971743
2024-03-26 06:00:00,79,23.0,7.365522016727294,19.837745023295305,28.417114048078634
2024-03-26 07:00:00,79,52.0,23.761280342172203,56.09833582197425,81.1990918749896
2024-03-26 08:00:00,79,87.0,47.18238313900886,88.09952187802507,109.64910895329751
2024-03-26 09:00:00,79,75.0,64.15600871202352,77.70150708937749,112.84927449647401
2024-03-26 10:00:00,79,52.0,60.16395266079991,83.37547108339118,117.79317289866428
2024-03-26 11:00:00,79,53.0,47.41989360610297,67.5245881719133,86.18115359149145
2024-03-26 12:00:00,79,55.0,41.6266920522972,65.1643186562535,87.02901276419529
2024-03-26 13:00:00,79,62.0,43.754911553690704,58.52965164373179,73.47154816997822
2024-03-26 14:00:00,79,65.0,40.86773563392505,59.65317297410798,81.73549439670697
2024-03-26 15:00:00,79,59.0,41.87996880598859,61.15971743357358,81.64145875383082
2024-03-26 16:00:00,79,42.0,43.537894643026476,60.36025699385533,76.2483687687087
2024-03-26 17:00:00,79,76.0,41.80634077106056,74.0417404139943,94.92047094028561
2024-03-26 18:00:00,79,108.0,45.93933906291381,81.49048131121897,122.71993971629533
2024-03-26 19:00:00,79,108.0,54.415799435182414,93.89247622247846,141.4557759203064
2024-03-26 20:00:00,79,139.0,46.14317044634251,95.82420996021638,148.76116578562696
2024-03-26 21:00:00,79,276.0,84.37794755868065,140.43892804563532,196.88255054187928
2024-03-26 22:00:00,79,286.0,108.60730885659629,190.22163638354718,250.30547991865188
2024-03-26 23:00:00,79,138.0,71.04932271809176,146.4108539890686,258.05446326664634
2024-03-27 00:00:00,79,73.0,38.11890404504195,73.84733191589457,128.89828350414032
2024-03-27 01:00:00,79,28.0,22.589454988171596,40.86977605451481,47.210258942052896
2024-03-27 02:00:00,79,24.0,18.02889357919407,26.364802702497226,38.45197283822489
2024-03-27 03:00:00,79,15.0,8.769087303880186,16.689649219596422,25.51374178510066
2024-03-27 04:00:00,79,8.0,6.340047549009056,11.765579961651554,20.937454346396375
2024-03-27 05:00:00,79,5.0,2.1127487365091646,7.263976049092132,18.63592368938739
2024-03-27 06:00:00,79,33.0,10.898121977857441,26.208609439609955,45.37990305363341
2024-03-27 07:00:00,79,85.0,23.148054934554498,51.00403696739985,81.37865517173796
2024-03-27 08:00:00,79,105.0,45.7800843600127,87.68935737152442,111.74563920108139
2024-03-27 09:00:00,79,106.0,70.42134818382475,101.22420734172535,143.28090051639865
2024-03-27 10:00:00,79,69.0,59.56125019091495,86.36716249207518,106.31282234699455
2024-03-27 11:00:00,79,57.0,53.08226715513645,78.39884205633105,103.94557389645973
2024-03-27 12:00:00,79,48.0,45.07659421635538,66.58544442839181,81.38330286053359
2024-03-27 13:00:00,79,82.0,49.93815623526456,65.43382937367059,78.19719666999542
2024-03-27 14:00:00,79,71.0,49.782203292380615,65.79675823032073,79.86079060976645
2024-03-27 15:00:00,79,71.0,50.0132325063937,73.25116050734931,97.61132929604157
2024-03-27 16:00:00,79,63.0,52.211565473793605,73.07101561316318,89.55567838429742
2024-03-27 17:00:00,79,93.0,41.445727509032935,73.39119274735828,97.99152556563749
2024-03-27 18:00:00,79,155.0,66.30364208962786,108.63298938705891,139.00329173105683
2024-03-27 19:00:00,79,128.0,65.3131140631345,117.91958708797505,159.6731147814193
2024-03-27 20:00:00,79,158.0,83.05955039743637,148.67552960625034,196.30912048352968
2024-03-27 21:00:00,79,237.0,105.88506279044792,191.70689728764717,245.91765625052122
2024-03-27 22:00:00,79,264.0,162.00425524308528,265.48836189076553,350.2882309146781
2024-03-27 23:00:00,79,144.0,146.78750120584544,278.9398793067755,437.14397508010114
2024-03-28 00:00:00,79,95.0,56.66898746312961,121.62652808867317,181.58882567569145
2024-03-28 01:00:00,79,38.0,27.140780742791915,51.63672547014484,65.44855391534188
2024-03-28 02:00:00,79,25.0,15.503067785181292,32.6757499251218,37.3140468255056
2024-03-28 03:00:00,79,11.0,8.534358728952254,16.175147504473223,22.80574877501114
2024-03-28 04:00:00,79,12.0,7.376813713127074,17.023644384720434,23.09926561517214
2024-03-28 05:00:00,79,18.0,4.297300317905525,8.855493038977922,25.764182784917935
2024-03-28 06:00:00,79,46.0,8.067505681158275,22.39690805745691,33.6679786145085
2024-03-28 07:00:00,79,91.0,36.058297643238554,75.85833961254689,99.64665474854431
2024-03-28 08:00:00,79,109.0,61.286296556893085,112.51498164199838,136.59906625205795
2024-03-28 09:00:00,79,104.0,80.14534711610409,114.50192299950656,159.60460269552974
2024-03-28 10:00:00,79,74.0,81.266038255634,106.95557471013359,152.70440756446052
2024-03-28 11:00:00,79,61.0,50.58841930908392,71.93662521240326,87.88923265812588
2024-03-28 12:00:00,79,73.0,55.91739497681722,78.6480627412088,89.86267184641864
2024-03-28 13:00:00,79,101.0,50.758911692661286,68.75927569193546,83.02842189416097
2024-03-28 14:00:00,79,85.0,61.787160602131166,85.90893033218562,104.76630549325756
2024-03-28 15:00:00,79,93.0,54.7582251008216,84.26379206726789,111.09979271486753
2024-03-28 16:00:00,79,97.0,54.77407832157234,79.26088480781853,97.20566774229366
2024-03-28 17:00:00,79,121.0,53.14754548114192,90.78303338047134,114.79825682782355
2024-03-28 18:00:00,79,201.0,66.61459473139541,118.3460691169907,154.14553014755884
2024-03-28 19:00:00,79,296.0,82.0655502489208,140.85341085365067,189.90564604360316
2024-03-28 20:00:00,79,299.0,101.01153462717909,177.0575508003131,231.53470081525955
2024-03-28 21:00:00,79,403.0,149.09114190070773,266.52068862740134,341.1585602529184
2024-03-28 22:00:00,79,399.0,189.35111467702268,338.79915566254266,407.16347738564946
2024-03-28 23:00:00,79,341.0,159.33819583333786,371.66097494010586,482.2213769550703
2024-03-29 00:00:00,79,291.0,119.89031674904203,234.7450244627318,403.102392004099
2024-03-29 01:00:00,79,147.0,62.991779998259474,133.29229336643044,177.27668948934596
2024-03-29 02:00:00,79,75.0,50.30622007945827,84.42694550718794,91.40936479421813
2024-03-29 03:00:00,79,67.0,24.961143459921978,33.11671529787909,50.39548601879559
2024-03-29 04:00:00,79,41.0,14.832974518713934,24.651421971292727,44.43805220492618
2024-03-29 05:00:00,79,25.0,7.564543949517003,12.788497029284665,37.67151175532804
2024-03-29 06:00:00,79,28.0,14.345442713363353,28.498300452969705,49.500660475808665
2024-03-29 07:00:00,79,31.0,29.396576969391393,57.39855536694145,85.93959957971516
2024-03-29 08:00:00,79,55.0,57.538428957261196,87.63116268474606,109.01516609665987
2024-03-29 09:00:00,79,55.0,72.98403326471829,87.95130734187511,118.52802501512475
2024-03-29 10:00:00,79,78.0,65.26471315578158,84.65057608888506,107.80607385305944
2024-03-29 11:00:00,79,56.0,50.37357156709319,67.84619516831218,80.29961381259824
2024-03-29 12:00:00,79,93.0,50.84286575863007,72.40034295646187,85.62661580534143
2024-03-29 13:00:00,79,96.0,54.55028338338842,73.4648342170274,94.24686939375904
2024-03-29 14:00:00,79,107.0,63.5272398949099,88.5995637002761,122.54038486839723
2024-03-29 15:00:00,79,116.0,64.59937556106294,95.33980864414966,126.34639348376679
2024-03-29 16:00:00,79,113.0,73.77799681552186,104.09145602597593,135.24696013100117
2024-03-29 17:00:00,79,118.0,80.06278375044299,121.18055011631105,152.07139519014956
2024-03-29 18:00:00,79,167.0,92.19779379323778,147.9218260426065,194.06045367925228
2024-03-29 19:00:00,79,233.0,90.44389040726489,155.5993610582753,194.32801035884788
2024-03-29 20:00:00,79,299.0,132.365198275345,209.96457345865295,266.46439969509686
2024-03-29 21:00:00,79,294.0,154.996894582308,271.225122324565,346.86121465695305
2024-03-29 22:00:00,79,420.0,162.51370323829047,299.85955044138393,398.63623818669146
2024-03-29 23:00:00,79,580.0,148.54080736933807,304.90334435933687,458.9603504503113
2024-03-30 00:00:00,79,667.0,147.50237834689975,438.87570449219817,642.2290541659191
2024-03-30 01:00:00,79,651.0,146.1829599833551,538.328219954236,685.6750850150066
2024-03-30 02:00:00,79,417.0,158.04779951436262,465.22110874961277,573.5139794533976
2024-03-30 03:00:00,79,305.0,148.91804030201737,377.72415283841303,496.09836337653326
2024-03-30 04:00:00,79,116.0,89.11701850441247,145.77618293177014,271.48483902360334
2024-03-30 05:00:00,79,20.0,37.44734367911451,54.18303068722056,71.21011077096125
2024-03-30 06:00:00,79,16.0,20.654072717988626,38.950506662994634,80.30083863974285
2024-03-30 07:00:00,79,20.0,20.896731527896872,28.323480570335008,44.29590235775899
2024-03-30 08:00:00,79,33.0,24.38397583234986,32.9831251203327,53.26780895920716
2024-03-30 09:00:00,79,37.0,38.65653467227197,56.52998837946702,85.58689854285639
2024-03-30 10:00:00,79,76.0,53.74662209415142,83.64719682534559,101.81859570722193
2024-03-30 11:00:00,79,70.0,62.74116308506128,88.75028297079945,107.98114322767434
2024-03-30 12:00:00,79,90.0,71.95720045010472,109.22517474185909,164.35795417000523
2024-03-30 13:00:00,79,99.0,87.648246608234,124.52833540491133,181.59071482694856
2024-03-30 14:00:00,79,101.0,101.32026451119518,144.51114124456043,197.52915035023247
2024-03-30 15:00:00,79,113.0,106.41928432003928,158.79361711957216,217.4717632359479
2024-03-30 16:00:00,79,98.0,110.63661427204657,170.1792078860217,236.06935875975253
2024-03-30 17:00:00,79,122.0,109.70912817429877,168.8967070962704,214.35441899265385
2024-03-30 18:00:00,79,123.0,101.53260943263166,150.8358069959568,202.51013446040338
2024-03-30 19:00:00,79,187.0,108.39854400380372,188.26950867076707,243.73699837841923
2024-03-30 20:00:00,79,340.0,119.27714770610662,192.19714435354325,259.1412636386416
2024-03-30 21:00:00,79,265.0,160.9532362620306,291.74457107896393,403.88472337664797
2024-03-30 22:00:00,79,322.0,183.11786252078713,333.9279750442446,457.1786602196112
2024-03-30 23:00:00,79,487.0,161.62471110171552,384.9137047660322,565.7087228458432
2024-03-31 00:00:00,79,587.0,145.11820401392663,520.5783275806451,719.6744713281919
2024-03-31 01:00:00,79,584.0,143.0937580978134,555.3172470073276,715.2509498816312
2024-03-31 02:00:00,79,366.0,169.0878987515418,517.171575450182,623.8836213326581
2024-03-31 03:00:00,79,280.0,176.67592396851236,355.8445541472297,543.6328699593537
2024-03-31 04:00:00,79,131.0,114.7358419796028,207.63199233511057,383.2891355764226
2024-03-31 05:00:00,79,37.0,31.639409670659795,45.83188001123926,111.27558867903021
2024-03-31 06:00:00,79,12.0,14.082178943109609,27.521754758778847,46.26605732346528
2024-03-31 07:00:00,79,21.0,17.1536226701112,27.44150775322275,43.24038733489801
2024-03-31 08:00:00,79,24.0,20.900410367541173,28.78410145540266,39.943053910069835
2024-03-31 09:00:00,79,51.0,26.745332440591007,39.64600790034218,69.77784133181007
2024-03-31 10:00:00,79,91.0,35.6520997540661,56.36604658647847,81.63492258197904
2024-03-31 11:00:00,79,114.0,54.887614140811344,81.39226160396011,100.62148311805453
2024-03-31 12:00:00,79,100.0,58.660111536774146,98.23390068189732,129.344241367994
2024-03-31 13:00:00,79,112.0,77.86545029090509,106.16341587225801,156.69659318370273
2024-03-31 14:00:00,79,116.0,76.46929279420816,110.7382540414102,140.96855790104306
2024-03-31 15:00:00,79,60.0,79.74995977117963,109.53693305628366,153.66327616961297
2024-03-31 16:00:00,79,72.0,91.2003101125519,124.56990323596978,162.2463488769888
2024-03-31 17:00:00,79,78.0,70.95754565596516,101.97375028363332,134.0255941470927
2024-03-31 18:00:00,79,94.0,82.28744015868308,110.07526827845602,150.39541558509708
2024-03-31 19:00:00,79,118.0,84.27553874965669,113.60478613255134,144.24112702938172
2024-03-31 20:00:00,79,126.0,90.00040847962714,125.5796702912467,174.89288561297153
2024-03-31 21:00:00,79,121.0,120.02020994767686,179.60088785404983,240.12396584598844
2024-03-31 22:00:00,79,77.0,106.85139660996118,172.49762461144587,238.0790021367819
2024-03-31 23:00:00,79,63.0,62.759881814381174,99.84222760785075,197.03596141150015
2024-03-18 00:00:00,132,248.0,139.97020687133238,280.2836577369525,432.3970385856706
2024-03-18 01:00:00,132,93.0,83.96267235331936,153.66574121370797,247.78375438131778
2024-03-18 02:00:00,132,16.0,57.7292697517362,95.45821237441145,134.93267868465924
2024-03-18 03:00:00,132,21.0,45.42584696809004,51.785778114812615,84.73453184884966
2024-03-18 04:00:00,132,30.0,12.663109570992997,28.424014124031274,75.67723263679407
2024-03-18 05:00:00,132,37.0,9.62926704133726,47.34853695957699,126.96614518206671
2024-03-18 06:00:00,132,243.0,36.963594204694424,100.18658740697798,214.50710545378897
2024-03-18 07:00:00,132,247.0,102.78589905284103,164.55541859867935,253.19215335995196
2024-03-18 08:00:00,132,144.0,126.08985681282414,175.4447384402177,263.081687510746
2024-03-18 09:00:00,132,156.0,159.28339628005037,227.53952073668714,298.3228153623946
2024-03-18 10:00:00,132,168.0,128.17288176981,180.250440151953,262.8459997354148
2024-03-18 11:00:00,132,134.0,121.82823243349577,149.93933553260817,215.77056483969088
2024-03-18 12:00:00,132,162.0,121.9846291403681,189.20689790360638,273.18488633902865
2024-03-18 13:00:00,132,225.0,137.4479121888984,210.02326622240417,307.02717338384815
2024-03-18 14:00:00,132,390.0,156.64142474171098,241.42242128048278,324.4232191992356
2024-03-18 15:00:00,132,406.0,223.85948853802145,349.57420522100006,412.01970282412964
2024-03-18 16:00:00,132,461.0,233.50802867395007,401.845294117176,465.39669708404585
2024-03-18 17:00:00,132,397.0,235.24354652766397,402.67931587673894,462.3192194751072
2024-03-18 18:00:00,132,312.0,234.2947123470706,383.04347656918446,449.0565405342451
2024-03-18 19:00:00,132,429.0,203.90150288248853,339.33794417258616,465.8272509990276
2024-03-18 20:00:00,132,350.0,210.0676789782036,340.82129257334674,408.65886837723434
2024-03-18 21:00:00,132,410.0,203.22628464499485,333.61150343720504,449.5479706791215
2024-03-18 22:00:00,132,472.0,205.9648146928751,341.7195041253406,464.54984042809303
2024-03-18 23:00:00,132,384.0,155.38975835944183,285.360688589112,451.6268705182725
2024-03-19 00:00:00,132,216.0,142.34310078828634,284.4536134802731,449.85328329499555
2024-03-19 01:00:00,132,152.0,125.15417450769334,220.45180364996892,376.0571603257827
2024-03-19 02:00:00,132,38.0,41.18543380463079,59.02468389434941,127.90802434811752
2024-03-19 03:00:00,132,49.0,7.355937305170495,12.151367339128868,36.441342148829456
2024-03-19 04:00:00,132,22.0,5.9194595296718715,21.270079385912346,47.76265270755531
2024-03-19 05:00:00,132,23.0,7.836593722065847,41.26359126139718,122.89629533537568
2024-03-19 06:00:00,132,200.0,21.506171009324685,96.47591745320833,183.2876004923876
2024-03-19 07:00:00,132,223.0,119.68594883863798,193.637964941899,277.17182135061876
2024-03-19 08:00:00,132,170.0,142.31326219585102,196.2874014206287,256.0707327693849
2024-03-19 09:00:00,132,92.0,110.30083382012276,160.4150790793295,226.11922683010258
2024-03-19 10:00:00,132,173.0,125.07157344646191,159.74245574165556,231.1265295384019
2024-03-19 11:00:00,132,98.0,102.16482162170506,138.60040298667246,187.945821555338
2024-03-19 12:00:00,132,183.0,110.60440800602353,167.92234889435753,240.53176829891365
2024-03-19 13:00:00,132,177.0,119.70974952575575,182.98099006864956,278.16738068908035
2024-03-19 14:00:00,132,309.0,158.7047130643101,237.8604326857736,322.09443775487
2024-03-19 15:00:00,132,383.0,200.3739097260536,323.1041009092069,383.0519992792701
2024-03-19 16:00:00,132,350.0,220.36067396281643,370.94011791741195,443.2319593326644
2024-03-19 17:00:00,132,342.0,236.9019707837498,373.39836364682685,438.9064771334633
2024-03-19 18:00:00,132,262.0,224.4518590934054,348.8865825365619,413.31712412210913
2024-03-19 19:00:00,132,232.0,206.6008840765558,322.22155476104456,455.15354072550684
2024-03-19 20:00:00,132,337.0,165.74372250241703,273.1875208716089,357.9487259461149
2024-03-19 21:00:00,132,320.0,194.39649804613424,312.6956798596877,410.48477284925445
2024-03-19 22:00:00,132,286.0,197.6590388010857,294.7423089742769,423.619009440684
2024-03-19 23:00:00,132,337.0,134.27042008657256,238.02330460316628,393.9253111810054
2024-03-20 00:00:00,132,225.0,107.24439427398582,185.1428562924205,280.3228539925032
2024-03-20 01:00:00,132,89.0,69.63266589850178,106.84522183418615,185.22721529039197
2024-03-20 02:00:00,132,32.0,19.306417181475418,25.969086075033825,41.80540347655233
2024-03-20 03:00:00,132,16.0,3.8561647022417453,12.442102596558785,27.048599511426637
2024-03-20 04:00:00,132,9.0,5.708359690256108,23.20261780374972,34.83380722727259
2024-03-20 05:00:00,132,35.0,8.23244064844159,54.08986450306508,116.77418454688927
2024-03-20 06:00:00,132,173.0,31.456410875244348,113.41522925181486,157.2486816994031
2024-03-20 07:00:00,132,171.0,99.134393930462,166.05614915036602,223.13203361828073
2024-03-20 08:00:00,132,123.0,133.0657234054306,183.58527901972624,234.07723583924482
2024-03-20 09:00:00,132,65.0,111.02741537034728,146.3005147211269,195.59115932383872
2024-03-20 10:00:00,132,148.0,76.27890500469067,124.75748503320351,166.12849527054343
2024-03-20 11:00:00,132,79.0,97.32952222251878,131.06827215167345,171.34413813079837
2024-03-20 12:00:00,132,126.0,88.36177042243388,148.63496202536237,203.6500815730704
2024-03-20 13:00:00,132,166.0,129.0001696442058,187.37753262791122,268.4241897424164
2024-03-20 14:00:00,132,261.0,131.97320951334626,195.9657523508613,266.58333583804125
2024-03-20 15:00:00,132,325.0,196.25063837520918,295.37691180720174,337.4768915686496
2024-03-20 16:00:00,132,310.0,224.80403192750285,360.83179916158747,407.0376736583165
2024-03-20 17:00:00,132,395.0,225.569937113849,323.72374797358776,371.36262344414746
2024-03-20 18:00:00,132,309.0,233.4246411739763,329.1329690295089,384.6462520068143
2024-03-20 19:00:00,132,321.0,207.2523029380291,322.2165196799306,413.4064485779975
2024-03-20 20:00:00,132,278.0,200.19530972808374,288.75184746788597,355.83988469683464
2024-03-20 21:00:00,132,374.0,185.58608519041394,293.3206955410081,364.147596359445
2024-03-20 22:00:00,132,310.0,190.48088407048826,286.2171194406383,364.61642857355474
2024-03-20 23:00:00,132,345.0,149.20590139110237,261.72279079905945,381.1005577341519
2024-03-21 00:00:00,132,242.0,104.35942695669343,174.4225729676396,240.0730987436878
2024-03-21 01:00:00,132,56.0,70.13185595130454,108.51918299690838,160.10473588883394
2024-03-21 02:00:00,132,10.0,11.632740331762651,24.161361632200315,47.929452521320556
2024-03-21 03:00:00,132,12.0,2.7342524422783163,7.871189121929962,27.288617629419452
2024-03-21 04:00:00,132,8.0,6.445284611251454,23.54019154519624,38.593003718230534
2024-03-21 05:00:00,132,63.0,6.314083916360502,48.868280778670034,105.19251891135048
2024-03-21 06:00:00,132,110.0,21.492596840179342,97.01861822992721,133.00674146128105
2024-03-21 07:00:00,132,168.0,96.7977229548572,155.5693851529683,201.12976762619684
2024-03-21 08:00:00,132,140.0,114.84228627925546,162.00029751083127,202.9458593756079
2024-03-21 09:00:00,132,151.0,113.59197045114406,153.73887270759306,209.49529333815389
2024-03-21 10:00:00,132,122.0,80.10579809064326,121.18206004992989,169.77282648217303
2024-03-21 11:00:00,132,109.0,100.31377259184148,121.32819237926822,171.81117046128375
2024-03-21 12:00:00,132,170.0,90.5659829801296,139.00506175700372,189.81062814781635
2024-03-21 13:00:00,132,185.0,121.91758752250837,178.8046658570962,265.61916984620706
2024-03-21 14:00:00,132,316.0,159.7596366428971,232.56629484532633,308.28478658896375
2024-03-21 15:00:00,132,392.0,220.12143077523552,321.4173352627724,365.40936639343244
2024-03-21 16:00:00,132,399.0,223.81806595116893,369.3652688796727,426.17245187697205
2024-03-21 17:00:00,132,333.0,232.63103012035043,359.2562577604308,421.6912293551807
2024-03-21 18:00:00,132,339.0,236.51598636265462,380.7850782255398,429.47252738583137
2024-03-21 19:00:00,132,361.0,203.5291097666275,315.7495611169938,393.578863927712
2024-03-21 20:00:00,132,350.0,200.23826774823033,312.3338056105611,352.5288991108253
2024-03-21 21:00:00,132,371.0,209.16160769867219,344.0496393161582,415.0056562323467
2024-03-21 22:00:00,132,444.0,173.89301653478822,288.2795119811203,371.43662476349766
2024-03-21 23:00:00,132,300.0,144.33408433857468,256.34929176342416,379.3854591282547
2024-03-22 00:00:00,132,231.0,143.74905754670638,229.55495120476144,372.3332101158495
2024-03-22 01:00:00,132,91.0,81.45501562740071,114.75299801854788,172.78728841810755
2024-03-22 02:00:00,132,24.0,32.70038794808235,50.126062145993615,78.56980504771457
2024-03-22 03:00:00,132,28.0,4.020325119267559,11.874347180824886,24.45782199001723
2024-03-22 04:00:00,132,9.0,6.485112739536752,21.86819909308427,35.96896537516376
2024-03-22 05:00:00,132,41.0,4.951063974308588,37.616183981971545,104.70603744288968
2024-03-22 06:00:00,132,210.0,26.04737465027294,89.54354055777375,118.09511292450883
2024-03-22 07:00:00,132,169.0,84.12017812018887,141.09128530837674,193.87970219146493
2024-03-22 08:00:00,132,176.0,146.2296659848428,180.63080670548933,249.74583581847438
2024-03-22 09:00:00,132,126.0,137.58452291205123,179.01901306705793,247.27579885443518
2024-03-22 10:00:00,132,125.0,117.69909446344,155.12623561427824,204.42501695926933
2024-03-22 11:00:00,132,86.0,111.33264590510994,140.88901320676123,187.52544729578287
2024-03-22 12:00:00,132,164.0,99.01443920559188,148.53463303531865,198.15183407042073
2024-03-22 13:00:00,132,226.0,114.85169575996339,168.97995625033994,242.81157440573188
2024-03-22 14:00:00,132,293.0,153.01877774504914,230.8023998789266,312.4604822713487
2024-03-22 15:00:00,132,385.0,210.81704674493204,330.75864960540116,376.2361592303379
2024-03-22 16:00:00,132,315.0,232.42480123206562,382.72314605241485,435.1320999124274
2024-03-22 17:00:00,132,338.0,237.268017583424,366.7832392709454,410.45936273814004
2024-03-22 18:00:00,132,330.0,224.8179058930796,330.3059155898077,382.75469037979775
2024-03-22 19:00:00,132,321.0,203.5291097666275,320.62972864774497,420.59541755769095
2024-03-22 20:00:00,132,257.0,196.85327212525436,270.0730648846549,336.4758536300771
2024-03-22 21:00:00,132,336.0,205.77661207569622,319.1051460714935,409.72766635830664
2024-03-22 22:00:00,132,383.0,188.3486704831571,301.0822663414318,378.69130751235247
2024-03-22 23:00:00,132,364.0,160.61897219295776,292.7461100262339,417.4146254826558
2024-03-23 00:00:00,132,186.0,148.46834622764618,267.81621847414834,395.3531681685655
2024-03-23 01:00:00,132,135.0,91.96348573441531,134.78617582769112,211.16475604111974
2024-03-23 02:00:00,132,39.0,27.721184051651363,54.31159059880803,81.46878391646696
2024-03-23 03:00:00,132,26.0,9.211628916980901,15.387923636354866,36.712152047265526
2024-03-23 04:00:00,132,10.0,8.326482460763149,27.204767349916732,37.92443801845422
2024-03-23 05:00:00,132,27.0,5.748124326637952,34.37137578043766,69.99961640843819
2024-03-23 06:00:00,132,132.0,19.972145121022372,59.695280027365044,78.5360953055859
2024-03-23 07:00:00,132,165.0,103.57275267889887,140.64083609535143,197.25277000441773
2024-03-23 08:00:00,132,130.0,110.92696250639426,138.92069370700474,192.56329510516164
2024-03-23 09:00:00,132,122.0,123.0545717036326,152.29204894251168,209.61819199214446
2024-03-23 10:00:00,132,119.0,100.99612349680397,145.22822587635076,196.57380327715916
2024-03-23 11:00:00,132,104.0,106.53400444341399,135.74846735651028,185.74990565002804
2024-03-23 12:00:00,132,158.0,89.49756518440795,136.7280320302209,206.59520646156048
2024-03-23 13:00:00,132,167.0,115.68018557239552,166.5870862440991,264.3039219343804
2024-03-23 14:00:00,132,210.0,150.09190982107634,216.52659595018295,297.1322481706493
2024-03-23 15:00:00,132,336.0,202.81626699460531,296.8096128816988,361.0174732168594
2024-03-23 16:00:00,132,293.0,224.34572939326998,344.03430049407774,413.292021580346
2024-03-23 17:00:00,132,257.0,221.90938237182445,325.8613468921953,379.9866957311008
2024-03-23 18:00:00,132,387.0,213.70620536547034,296.41124743986575,357.8654527735464
2024-03-23 19:00:00,132,307.0,169.38830188509573,276.6452247969155,348.8504066883082
2024-03-23 20:00:00,132,321.0,200.17587066333556,282.020287027736,358.38531270464097
2024-03-23 21:00:00,132,349.0,202.06193862127546,308.1231146901551,383.8277723648905
2024-03-23 22:00:00,132,398.0,174.47150003087782,282.0760526305803,373.1760588617456
2024-03-23 23:00:00,132,368.0,148.858494638488,268.93192707661916,409.0321644172705
2024-03-24 00:00:00,132,366.0,140.87351259176793,275.37176160007954,400.45563182513297
2024-03-24 01:00:00,132,265.0,74.72784973607543,126.99789123587603,195.2386188872873
2024-03-24 02:00:00,132,110.0,28.52583969017802,53.637952914833335,77.32942260198594
2024-03-24 03:00:00,132,67.0,8.696668046508403,3.2576040842711587,39.408770226973274
2024-03-24 04:00:00,132,53.0,2.7435974585255303,22.337106682946064,40.512689672754384
2024-03-24 05:00:00,132,54.0,6.1639999536070444,29.560294954220012,71.58387748350421
2024-03-24 06:00:00,132,144.0,27.652495700748574,80.32306188258394,148.0297311904336
2024-03-24 07:00:00,132,153.0,87.32805391382898,133.77993061645006,185.43601654449526
2024-03-24 08:00:00,132,152.0,106.87572693916611,133.8962567944135,194.59750394512693
2024-03-24 09:00:00,132,108.0,114.82830463788531,153.17641578067236,212.59449419549827
2024-03-24 10:00:00,132,168.0,113.18645657563995,167.320417031082,229.3639540452777
2024-03-24 11:00:00,132,132.0,109.52195605405463,143.9315566949896,201.29547933732283
2024-03-24 12:00:00,132,164.0,97.41295363298258,157.8974357248859,223.52301711753032
2024-03-24 13:00:00,132,233.0,139.5977405676242,213.67535752887332,305.04153432697797
2024-03-24 14:00:00,132,272.0,154.36548632658906,245.37526710287062,319.1950723783261
2024-03-24 15:00:00,132,391.0,209.56104206312676,322.46903380213297,388.54489151643037
2024-03-24 16:00:00,132,431.0,222.05980905339035,397.0580325473895,457.1810213717245
2024-03-24 17:00:00,132,392.0,226.66463836405492,351.8219939597155,445.03129745779506
2024-03-24 18:00:00,132,438.0,229.44510492279628,376.31099239585745,442.3664933202841
2024-03-24 19:00:00,132,400.0,210.6012673328798,346.22077006606014,464.089946417058
2024-03-24 20:00:00,132,421.0,205.06936295901986,353.0806217446604,443.19571588298004
2024-03-24 21:00:00,132,417.0,213.3110447183621,393.5160303499998,488.1952833736629
2024-03-24 22:00:00,132,504.0,200.96649867369138,346.6798985560577,475.64568246281453
2024-03-24 23:00:00,132,655.0,147.20376292212694,434.2854573891097,543.1645816132049
2024-03-25 00:00:00,132,249.0,139.97020687133238,340.4927783165604,510.6644940602041
2024-03-25 01:00:00,132,221.0,100.57304270466699,208.25272374272703,322.3813438910995
2024-03-25 02:00:00,132,117.0,53.29795145487394,73.0281402241662,125.28703387003814
2024-03-25 03:00:00,132,67.0,16.083309216610015,14.925034771479986,47.15513581473949
2024-03-25 04:00:00,132,61.0,2.2453033228256514,22.599761617272677,47.118382639808466
2024-03-25 05:00:00,132,42.0,9.829951793963595,38.521146532747615,100.30550354150436
2024-03-25 06:00:00,132,178.0,23.062994176001027,74.26899486153911,160.18183480064732
2024-03-25 07:00:00,132,258.0,109.6447069197212,187.60399936611662,285.8973503977595
2024-03-25 08:00:00,132,174.0,136.15485602754956,210.48613526989783,297.3238769674717
2024-03-25 09:00:00,132,192.0,138.71420003891808,188.50513130883516,273.73929213190746
2024-03-25 10:00:00,132,169.0,114.42083735044662,168.21813649511512,251.6372658565458
2024-03-25 11:00:00,132,111.0,146.2394279295638,193.58088822872682,268.7108347928611
2024-03-25 12:00:00,132,133.0,115.45759786817746,169.84795033455597,248.22552829833324
2024-03-25 13:00:00,132,213.0,122.41232578688472,186.62893608271307,289.2244147589729
2024-03-25 14:00:00,132,420.0,147.9669000927842,235.99002473942943,327.8266313915199
2024-03-25 15:00:00,132,337.0,223.85948853802145,341.0676961515315,412.5069338146427
2024-03-25 16:00:00,132,382.0,233.50802867395007,413.58122227096686,469.9681606300246
2024-03-25 17:00:00,132,399.0,235.24354652766397,382.4800162455184,448.4019693905795
2024-03-25 18:00:00,132,411.0,234.2947123470706,367.68433580279634,438.82592050748724
2024-03-25 19:00:00,132,348.0,203.90150288248853,329.93373386968256,468.791417297406
2024-03-25 20:00:00,132,356.0,210.0676789782036,371.24196726969376,454.4112586223397
2024-03-25 21:00:00,132,352.0,213.67237327447225,340.6553230196202,454.0057158690916
2024-03-25 22:00:00,132,406.0,205.9648146928751,348.14124382540064,464.54984042809303
2024-03-25 23:00:00,132,412.0,155.38975835944183,342.98261643920705,507.2027068153772
2024-03-26 00:00:00,132,304.0,142.34310078828634,269.01719247428207,441.28274369978203
2024-03-26 01:00:00,132,142.0,97.96722918128089,149.67812896998365,258.9989699567065
2024-03-26 02:00:00,132,67.0,92.37865064109928,122.95076262057775,181.7155307881664
2024-03-26 03:00:00,132,35.0,19.122113674703115,29.5329045505585,53.46779590304978
2024-03-26 04:00:00,132,16.0,14.37952507185965,31.2543315405906,68.45058091700668
2024-03-26 05:00:00,132,32.0,8.17808652075511,47.14481070480805,121.07816020786538
2024-03-26 06:00:00,132,170.0,18.230684949234792,86.12539317917347,147.00005117297073
2024-03-26 07:00:00,132,161.0,106.91700655170516,178.8299004729831,254.16647091467797
2024-03-26 08:00:00,132,135.0,156.44052270517645,220.6657808497379,290.8673347534493
2024-03-26 09:00:00,132,107.0,136.23387119530415,185.8136240481557,246.11195052396317
2024-03-26 10:00:00,132,153.0,94.56647925558678,143.85622798894772,197.27994850760842
2024-03-26 11:00:00,132,88.0,120.62046398315896,156.28600314686653,213.93267327388017
2024-03-26 12:00:00,132,149.0,88.84788838488483,150.39479753318733,218.9317641410995
2024-03-26 13:00:00,132,172.0,111.52905726402854,176.4051005521903,267.71827206354243
2024-03-26 14:00:00,132,309.0,140.80169458003107,218.94572508594084,306.83769997905824
2024-03-26 15:00:00,132,378.0,203.75890534902956,307.9650820868903,366.58370602384923
2024-03-26 16:00:00,132,395.0,232.05875443239145,381.94848436687914,448.64234727167747
2024-03-26 17:00:00,132,361.0,232.26498332067624,354.2419858155873,434.63691343251867
2024-03-26 18:00:00,132,260.0,224.4518590934054,357.4771807286907,437.73646224242606
2024-03-26 19:00:00,132,358.0,181.76726994780662,293.84616251288617,426.5796559195484
2024-03-26 20:00:00,132,379.0,162.67013347202683,252.4592653565235,327.0074778811451
2024-03-26 21:00:00,132,319.0,209.31066146203807,340.969556600813,435.17533338492314
2024-03-26 22:00:00,132,327.0,197.6590388010857,300.4518516287714,420.65529921011233
2024-03-26 23:00:00,132,324.0,138.66932508099936,246.73092909132023,400.76152435954447
2024-03-27 00:00:00,132,235.0,130.8215152255578,227.82361295902268,369.0505890793994
2024-03-27 01:00:00,132,32.0,99.59619118062932,162.67273683343322,231.68545692268836
2024-03-27 02:00:00,132,22.0,34.93696921628394,52.541617946498675,86.57528676152276
2024-03-27 03:00:00,132,28.0,9.34329147865149,20.798008800496714,40.03510519723499
2024-03-27 04:00:00,132,12.0,5.693156788758014,24.74414173645886,34.29404019608863
2024-03-27 05:00:00,132,66.0,6.325594755216645,42.70357835468119,109.38127126833939
2024-03-27 06:00:00,132,149.0,21.374283534310187,99.57488219386897,149.59603443962627
2024-03-27 07:00:00,132,167.0,102.55872162837898,163.65192546559626,220.05758876350401
2024-03-27 08:00:00,132,108.0,119.39667257464852,162.78139202386737,220.4894419038857
2024-03-27 09:00:00,132,76.0,107.01158814942907,143.5365985826102,187.63677390143567
2024-03-27 10:00:00,132,81.0,61.10242412017414,103.22743338049666,143.75355960122968
2024-03-27 11:00:00,132,111.0,108.43060412615957,136.95460514610002,181.23535626882594
2024-03-27 12:00:00,132,109.0,66.38560210216345,120.04406210090318,169.94814609795003
2024-03-27 13:00:00,132,214.0,108.14814090759629,158.68448163951808,233.32310781042756
2024-03-27 14:00:00,132,310.0,125.51680085634288,185.13565881192096,253.70651540732558
2024-03-27 15:00:00,132,364.0,190.34688087943564,304.2027951934979,348.9208816568764
2024-03-27 16:00:00,132,322.0,220.72672076249063,353.369161299296,424.35641885452577
2024-03-27 17:00:00,132,391.0,225.569937113849,338.31356562857167,393.8933139942178
2024-03-27 18:00:00,132,261.0,236.51598636265462,350.87049522949127,396.38819762923464
2024-03-27 19:00:00,132,311.0,207.2523029380291,323.8913067991412,417.7129660861911
2024-03-27 20:00:00,132,336.0,190.05810846405026,281.61394904272845,341.1946279785516
2024-03-27 21:00:00,132,316.0,202.217284103629,303.03873404517435,371.18879280265924
2024-03-27 22:00:00,132,358.0,210.008538132134,330.18568228380104,408.4597548740613
2024-03-27 23:00:00,132,321.0,142.14480838460094,249.07874027438203,378.04803014904786
2024-03-28 00:00:00,132,294.0,138.07122994515692,231.3677828160189,349.2533546152786
2024-03-28 01:00:00,132,59.0,102.88710826611458,174.86820225568437,249.99350488476057
2024-03-28 02:00:00,132,14.0,19.312298387349465,27.208779224886733,41.56816552212105
2024-03-28 03:00:00,132,15.0,2.9147537672662227,8.62784757739279,27.12329257915444
2024-03-28 04:00:00,132,8.0,4.819045792611721,20.238795238230217,39.61498449538085
2024-03-28 05:00:00,132,73.0,4.955061391826185,45.85268448952691,106.51058871340804
2024-03-28 06:00:00,132,156.0,41.98517237575086,134.05430145426425,183.3309735639277
2024-03-28 07:00:00,132,219.0,83.01175830986256,141.61618669511216,180.7724496284594
2024-03-28 08:00:00,132,136.0,117.45932964784612,167.60794756231238,216.13242575104633
2024-03-28 09:00:00,132,113.0,119.54094656184265,172.3258892623082,221.3214962267849
2024-03-28 10:00:00,132,122.0,100.41525666798276,139.42281010967577,192.04690027880275
2024-03-28 11:00:00,132,122.0,85.52326696125513,114.654654642074,153.03644967050803
2024-03-28 12:00:00,132,176.0,96.5450971670631,140.99343437496012,196.09870124664909
2024-03-28 13:00:00,132,223.0,116.79388755780775,175.6040912698993,258.78133205446767
2024-03-28 14:00:00,132,303.0,153.86015802199196,238.94423992442864,311.5493203512423
2024-03-28 15:00:00,132,423.0,214.202042367908,333.34661483557915,376.9537261578209
2024-03-28 16:00:00,132,416.0,232.42480123206562,383.77333823646893,435.03184690133054
2024-03-28 17:00:00,132,412.0,237.268017583424,387.58065444261524,431.352489623419
2024-03-28 18:00:00,132,370.0,224.8179058930796,368.332693915267,415.12647690713356
2024-03-28 19:00:00,132,331.0,206.91410538960346,338.4446322073037,438.6933358654963
2024-03-28 20:00:00,132,302.0,211.93634821780532,345.2954421455633,369.4771122751692
2024-03-28 21:00:00,132,414.0,216.22270070517362,336.4474932234918,422.90721443914464
2024-03-28 22:00:00,132,320.0,206.57899539503006,332.5755599456991,420.5166162173746
2024-03-28 23:00:00,132,258.0,159.41716043112564,326.05299677685525,463.9932198383142
2024-03-29 00:00:00,132,266.0,133.30296891722898,219.78390504559593,351.11654181544793
2024-03-29 01:00:00,132,208.0,105.36018915626143,169.97482080786563,239.5707052923489
2024-03-29 02:00:00,132,81.0,31.15312782144055,46.678262310679706,69.49612322179786
2024-03-29 03:00:00,132,32.0,12.35264621177255,12.02374520715666,42.699586377742015
2024-03-29 04:00:00,132,7.0,7.737813416173025,23.398367153332057,52.755507613467444
2024-03-29 05:00:00,132,36.0,5.922622277363894,35.80825959952854,111.08217670324527
2024-03-29 06:00:00,132,163.0,33.84829565093898,112.83341822437608,176.50573035835302
2024-03-29 07:00:00,132,234.0,109.33678315939991,170.49826789787664,247.54361021885276
2024-03-29 08:00:00,132,193.0,130.08582699572128,176.3786267589375,233.43830456178884
2024-03-29 09:00:00,132,101.0,137.89444012145884,187.68072623704217,256.1891285209108
2024-03-29 10:00:00,132,132.0,111.01596282122631,157.461405910306,222.4557028640698
2024-03-29 11:00:00,132,138.0,97.74680602786711,128.48691545306633,180.51320083133865
2024-03-29 12:00:00,132,159.0,85.35804711074594,141.8168290453474,206.26671175247714
2024-03-29 13:00:00,132,142.0,131.99994065094776,204.23864915594044,294.52182932973113
2024-03-29 14:00:00,132,359.0,162.5941172859984,246.49423350178014,339.6706414417472
2024-03-29 15:00:00,132,408.0,182.52414743567897,290.28070578381744,365.57051116188495
2024-03-29 16:00:00,132,369.0,235.51614642074392,391.6104795882521,453.5171270079505
2024-03-29 17:00:00,132,341.0,225.569937113849,349.3007481712737,416.64640695954034
2024-03-29 18:00:00,132,374.0,224.8179058930796,344.12707557189947,404.72204797908273
2024-03-29 19:00:00,132,313.0,206.91410538960346,330.0339389506487,433.0043936532565
2024-03-29 20:00:00,132,356.0,200.23826774823033,283.9466840387446,366.1073147148228
2024-03-29 21:00:00,132,309.0,184.78561256557475,289.14921381115806,378.12265018918555
2024-03-29 22:00:00,132,373.0,199.17407187596544,313.86564877380613,433.9949222740163
2024-03-29 23:00:00,132,348.0,161.41784637448328,295.3961693669593,427.81437873463585
2024-03-30 00:00:00,132,207.0,148.46834622764618,262.19650755704004,405.04447172737514
2024-03-30 01:00:00,132,52.0,82.62214277925034,132.39459077857265,200.6651161588289
2024-03-30 02:00:00,132,42.0,70.15097698393973,105.100210913068,151.9783943810664
2024-03-30 03:00:00,132,18.0,11.847693325182265,23.974912041629985,44.624726324730844
2024-03-30 04:00:00,132,23.0,10.275040167962786,24.292964833084408,42.58510499201395
2024-03-30 05:00:00,132,30.0,5.569216805286413,33.49024518838533,76.62877351400425
2024-03-30 06:00:00,132,145.0,18.48931839641261,59.88695358605364,89.02649965985299
2024-03-30 07:00:00,132,142.0,90.98159050693312,138.4917328818718,188.67617425356917
2024-03-30 08:00:00,132,108.0,129.21278062204334,166.51147640973474,221.00450375444512
2024-03-30 09:00:00,132,122.0,115.31406567250313,151.18201745092153,209.21245270353253
2024-03-30 10:00:00,132,83.0,86.49455053635377,130.86581202788884,178.66767676843057
2024-03-30 11:00:00,132,97.0,99.0665908379242,130.7530475075803,175.86653191527324
2024-03-30 12:00:00,132,130.0,87.28762574326856,133.70957277914783,198.68042062500038
2024-03-30 13:00:00,132,160.0,116.88579831239561,172.32650080629867,258.5314079322984
2024-03-30 14:00:00,132,353.0,126.02947581577851,183.49676121182014,256.0288747930807
2024-03-30 15:00:00,132,331.0,160.59697106704596,236.20152937515826,294.2621614455772
2024-03-30 16:00:00,132,323.0,223.54250683212035,375.17418072151406,434.91823669381233
2024-03-30 17:00:00,132,303.0,221.90938237182445,319.586625456152,380.0054473968655
2024-03-30 18:00:00,132,243.0,200.68718528555866,289.2915189475623,347.96413128566405
2024-03-30 19:00:00,132,307.0,214.89751240475772,340.3142494196383,393.6609487778362
2024-03-30 20:00:00,132,335.0,189.2847747671017,264.53126275970016,343.3706002122481
2024-03-30 21:00:00,132,280.0,205.44693424425142,316.3091481842479,391.7982024221684
2024-03-30 22:00:00,132,317.0,205.61183661672442,309.13075488853764,406.13931664388946
2024-03-30 23:00:00,132,286.0,161.3554492895885,304.1888591848554,430.2526215917965
2024-03-31 00:00:00,132,195.0,140.87351259176793,271.0551546995411,394.00211941866655
2024-03-31 01:00:00,132,54.0,125.93235720578792,263.38656722868274,373.40480000544215
2024-03-31 02:00:00,132,31.0,79.38917663023929,152.43507118039958,193.41411413520214
2024-03-31 03:00:00,132,23.0,43.74148568481654,54.16721457938244,74.08692806492499
2024-03-31 04:00:00,132,16.0,15.067853877194914,26.773457720346332,52.84341337082099
2024-03-31 05:00:00,132,69.0,9.468534976532913,41.6952973901855,63.982004179688914
2024-03-31 06:00:00,132,193.0,27.88997781085257,82.95765934673352,148.42432537207333
2024-03-31 07:00:00,132,100.0,90.17762663265292,136.71580072476408,183.50158969454856
2024-03-31 08:00:00,132,95.0,111.7379376847292,140.68411500845644,211.64404412262704
2024-03-31 09:00:00,132,133.0,98.26104487725873,132.24259799126926,187.9578852479529
2024-03-31 10:00:00,132,142.0,84.87449820196181,130.97380842765727,174.82405796711603
2024-03-31 11:00:00,132,158.0,106.93588244235997,147.34428461257414,201.64448816236168
2024-03-31 12:00:00,132,248.0,98.95495573549877,155.15711952049756,215.12193682513922
2024-03-31 13:00:00,132,300.0,122.07615809519933,195.83157965517105,281.4366147160071
2024-03-31 14:00:00,132,401.0,166.2392577148334,248.87387335051008,330.00759250004484
2024-03-31 15:00:00,132,363.0,206.6669876802563,312.266900037017,376.2743446612523
2024-03-31 16:00:00,132,386.0,229.56610797341455,396.353988873867,454.3396158249668
2024-03-31 17:00:00,132,346.0,231.3016258271285,368.8346774165609,415.20412439145065
2024-03-31 18:00:00,132,347.0,229.44510492279628,363.9849575114741,423.78719808502746
2024-03-31 19:00:00,132,458.0,210.6012673328798,374.78138720825814,441.3166705934325
2024-03-31 20:00:00,132,354.0,205.06936295901986,344.5818715142365,403.0775441375136
2024-03-31 21:00:00,132,387.0,213.3110447183621,379.1653201596977,466.3655116418617
2024-03-31 22:00:00,132,538.0,200.96649867369138,361.9330446679363,463.79771416694314
2024-03-31 23:00:00,132,398.0,147.20376292212694,350.09405454169746,511.7877787990152
2024-03-18 00:00:00,138,95.0,91.80447496308224,130.57596240184176,244.3900816986267
2024-03-18 01:00:00,138,2.0,87.05317762874073,140.3081029869714,241.460929455763
2024-03-18 02:00:00,138,2.0,8.536886740292772,13.022805697519614,32.6159167845563
2024-03-18 03:00:00,138,0.0,0.0,0.5026347481239437,13.941844112776158
2024-03-18 04:00:00,138,1.0,0.002350004815791948,2.02254959810563,5.62618664680912
2024-03-18 05:00:00,138,2.0,0.20957803034033085,4.76585086202235,17.020160152151703
2024-03-18 06:00:00,138,6.0,2.486055043562611,9.133419658887115,30.52459471217458
2024-03-18 07:00:00,138,70.0,3.711240931071502,31.164137248826066,69.42284359605098
2024-03-18 08:00:00,138,159.0,19.246899384597477,76.40181120637298,125.26595028060048
2024-03-18 09:00:00,138,259.0,58.1994479260533,133.66321964243386,206.0304901861551
2024-03-18 10:00:00,138,288.0,110.09151493380546,182.95227044842738,266.1406657154104
2024-03-18 11:00:00,138,232.0,148.09370805218416,207.09677912494516,256.44288831483703
2024-03-18 12:00:00,138,270.0,175.10199099775502,241.27974085079583,292.49935200668915
2024-03-18 13:00:00,138,206.0,162.5636594409395,229.8005500327778,300.2608531500435
2024-03-18 14:00:00,138,301.0,162.2376864918997,245.13453984731663,307.2813468103036
2024-03-18 15:00:00,138,344.0,176.24592029662966,256.4686961391103,302.5438478621956
2024-03-18 16:00:00,138,223.0,180.47050037533924,256.59126252606677,321.2427776463494
2024-03-18 17:00:00,138,310.0,197.62152564449377,305.87609266314814,371.72935245498854
2024-03-18 18:00:00,138,258.0,165.9651289125404,249.22123509925464,293.5607480252069
2024-03-18 19:00:00,138,227.0,166.88282090903283,265.54726184580534,362.945883606368
2024-03-18 20:00:00,138,322.0,155.79413233120695,247.6899714762596,315.4085614633934
2024-03-18 21:00:00,138,181.0,159.24058764169558,239.3182655150507,320.7332797289685
2024-03-18 22:00:00,138,201.0,162.5676386280679,242.86613806075897,348.94591474788257
2024-03-18 23:00:00,138,289.0,126.92900388526759,202.28418115954798,295.9144843473974
2024-03-19 00:00:00,138,61.0,129.42514024749897,241.15467317729855,340.441298356272
2024-03-19 01:00:00,138,19.0,88.87625055398463,167.34934519082847,274.0556405365888
2024-03-19 02:00:00,138,23.0,0.8737016018560949,7.663742417076018,19.132163246860543
2024-03-19 03:00:00,138,0.0,0.0,0.9421160656566787,7.857907387254956
2024-03-19 04:00:00,138,0.0,0.0,3.3924511567759517,9.030173261026457
2024-03-19 05:00:00,138,3.0,0.0,3.8483507798358487,9.622031244218539
2024-03-19 06:00:00,138,4.0,3.2834324872561136,12.676943035175226,31.397464088191146
2024-03-19 07:00:00,138,57.0,6.352773621248871,38.053821727875025,65.10821141444308
2024-03-19 08:00:00,138,113.0,52.620102568609575,123.32045912879978,157.11786573519424
2024-03-19 09:00:00,138,225.0,78.54268897344163,143.13829745015133,207.38951010634628
2024-03-19 10:00:00,138,243.0,138.15680348981275,213.32078939321414,264.93616498602574
2024-03-19 11:00:00,138,238.0,196.71396530405048,256.63239149707726,309.11028282400696
2024-03-19 12:00:00,138,211.0,165.64379279043553,240.07231957175182,309.09211181785236
2024-03-19 13:00:00,138,228.0,173.43909203459052,242.86169400180356,310.66437936396596
2024-03-19 14:00:00,138,252.0,160.19278904936473,235.35373217311422,281.7409551687687
2024-03-19 15:00:00,138,208.0,197.2489624844042,273.2558360395708,317.96254448672374
2024-03-19 16:00:00,138,228.0,199.98630724155888,276.4648602970476,333.85071503797434
2024-03-19 17:00:00,138,172.0,171.26582219196405,236.04218028570858,296.44387106816987
2024-03-19 18:00:00,138,247.0,191.34770288866542,261.7693703118128,328.2701084774591
2024-03-19 19:00:00,138,210.0,144.71144525867447,226.61709525950633,297.9331185202738
2024-03-19 20:00:00,138,233.0,148.26385460582236,223.64977084056065,313.54625540188596
2024-03-19 21:00:00,138,206.0,140.0987279816128,199.3523979771033,288.17586645640097
2024-03-19 22:00:00,138,138.0,110.70782880850697,167.65462625513285,249.18135118909436
2024-03-19 23:00:00,138,210.0,93.95639268886981,153.8183479400458,261.79364162618094
2024-03-20 00:00:00,138,87.0,57.168509579234595,98.61054328705922,145.47778948928612
2024-03-20 01:00:00,138,2.0,2.8854614700715837,20.78732379324188,51.75069976077442
2024-03-20 02:00:00,138,11.0,3.8277583238713753,7.701946745942401,16.485538134762194
2024-03-20 03:00:00,138,0.0,0.0,0.8369813307989925,6.598344384952677
2024-03-20 04:00:00,138,4.0,0.0,1.6391641297500674,4.983045360687629
2024-03-20 05:00:00,138,0.0,0.0,2.7606366673753087,8.593105022706174
2024-03-20 06:00:00,138,6.0,2.158313491117262,12.267549777843604,29.204576252852366
2024-03-20 07:00:00,138,66.0,4.565954472861668,41.204658868685534,61.52239235532552
2024-03-20 08:00:00,138,67.0,43.12200474401451,116.33607383265274,148.50757781057138
2024-03-20 09:00:00,138,189.0,71.60643854048732,146.27535174364948,206.62032361558656
2024-03-20 10:00:00,138,275.0,119.24361483295742,171.47624969189627,238.75193037907354
2024-03-20 11:00:00,138,177.0,182.43791795217444,233.5808029389494,265.1683198743863
2024-03-20 12:00:00,138,179.0,193.8004545467837,268.9793852688911,312.51365883373313
2024-03-20 13:00:00,138,167.0,174.12981876420054,230.8338742663016,285.34759673385184
2024-03-20 14:00:00,138,277.0,145.2947477586255,216.62876122563137,263.5260179519674
2024-03-20 15:00:00,138,252.0,187.03161675967655,242.99966466761356,278.371711349622
2024-03-20 16:00:00,138,278.0,194.53675603561044,281.8020932518557,317.8576284424008
2024-03-20 17:00:00,138,171.0,166.61866081488958,239.16440650030947,286.7049045574189
2024-03-20 18:00:00,138,245.0,166.0305301604979,241.06720470977328,306.90183839983683
2024-03-20 19:00:00,138,237.0,146.58749161624183,230.77475239859788,281.20797467594133
2024-03-20 20:00:00,138,221.0,168.17560140679194,232.20555506545182,295.81584202388655
2024-03-20 21:00:00,138,238.0,153.11112395736302,227.08006875416214,296.7365060133793
2024-03-20 22:00:00,138,183.0,135.24951300421498,200.99601037246586,275.3615189105481
2024-03-20 23:00:00,138,223.0,84.27895947705696,136.01085473678393,251.488283740488
2024-03-21 00:00:00,138,63.0,85.53649599710742,139.8530268046225,190.65350535401225
2024-03-21 01:00:00,138,0.0,11.726220775397817,29.255236537407374,65.64846568792825
2024-03-21 02:00:00,138,9.0,0.0,1.349310722654538,12.217959095820072
2024-03-21 03:00:00,138,0.0,0.0,0.0,3.9374854015161582
2024-03-21 04:00:00,138,2.0,0.0,1.4311009437999902,4.549175222368703
2024-03-21 05:00:00,138,2.0,0.33818647288075154,2.7543848651709104,8.773064363430704
2024-03-21 06:00:00,138,1.0,1.619698459158694,8.539552632675852,20.956487938890128
2024-03-21 07:00:00,138,40.0,3.3759456993212797,37.69994384512621,58.70928971884588
2024-03-21 08:00:00,138,86.0,33.02731006056035,94.31644334167325,137.8171721742693
2024-03-21 09:00:00,138,183.0,56.726001353401536,133.3798980242401,185.11839802880388
2024-03-21 10:00:00,138,239.0,118.10960790383366,179.83968976663294,243.8775982208563
2024-03-21 11:00:00,138,225.0,178.17767074310262,233.24632177684822,264.8564970334093
2024-03-21 12:00:00,138,173.0,184.04741880057608,256.08867106618214,300.28409466592615
2024-03-21 13:00:00,138,260.0,160.9510008980352,228.32733613302463,281.52460036581925
2024-03-21 14:00:00,138,271.0,145.99439756833573,224.0169665613682,281.2187498411031
2024-03-21 15:00:00,138,290.0,209.39371964155234,308.87594061103135,337.5938418471375
2024-03-21 16:00:00,138,296.0,200.24861084950618,288.9989314710048,325.56607827326167
2024-03-21 17:00:00,138,247.0,177.35974826100602,252.82780995887342,285.5674221873812
2024-03-21 18:00:00,138,261.0,165.71387324751566,244.44027757492225,298.32270816281067
2024-03-21 19:00:00,138,327.0,176.88211253034993,260.8236159704298,331.69211887580957
2024-03-21 20:00:00,138,333.0,167.4172370409798,234.8406581681892,285.8146135225808
2024-03-21 21:00:00,138,201.0,185.84114811048798,243.71918345533834,325.0808387233076
2024-03-21 22:00:00,138,196.0,132.41317775546665,197.71666489050244,287.3285220752474
2024-03-21 23:00:00,138,213.0,94.1876381930624,150.21173458168934,244.97835606340266
2024-03-22 00:00:00,138,80.0,58.802506599409185,99.57055723039238,140.85199158165338
2024-03-22 01:00:00,138,3.0,15.749699504936789,38.6842033181637,76.16349017260558
2024-03-22 02:00:00,138,1.0,0.0,1.4861918673115764,13.416079522787104
2024-03-22 03:00:00,138,0.0,0.0,0.5107299028234178,6.393318364568142
2024-03-22 04:00:00,138,4.0,0.0,1.610104251633904,5.551607315805694
2024-03-22 05:00:00,138,5.0,0.47146244607095156,3.4487668074526994,10.579748654062408
2024-03-22 06:00:00,138,4.0,3.851734765297982,12.955954359015307,30.187109442259974
2024-03-22 07:00:00,138,40.0,6.844298207102059,31.06846430822318,42.76175456936834
2024-03-22 08:00:00,138,109.0,28.58187347106027,85.06945506072667,122.34481745423243
2024-03-22 09:00:00,138,138.0,66.37425614133862,138.45487422859193,190.61813688352834
2024-03-22 10:00:00,138,220.0,119.14800336510216,175.5884585934035,245.7782785352387
2024-03-22 11:00:00,138,204.0,136.5395610013009,185.0920538736722,227.91716962321448
2024-03-22 12:00:00,138,188.0,171.99822424860537,241.61324856862345,293.58090508473816
2024-03-22 13:00:00,138,224.0,162.83572573789405,224.93301368447365,279.9541738487353
2024-03-22 14:00:00,138,255.0,162.11263768367837,237.48797966677895,297.81013778991377
2024-03-22 15:00:00,138,259.0,201.02030754964215,273.66357982515467,300.9356069862406
2024-03-22 16:00:00,138,213.0,171.7740164715596,242.41513366651725,300.646270744315
2024-03-22 17:00:00,138,247.0,192.38231949943736,256.18204388244703,306.7174923486015
2024-03-22 18:00:00,138,262.0,161.81041875711648,227.816574296377,274.04398852271066
2024-03-22 19:00:00,138,279.0,151.44438585019182,230.1502233491572,312.2435546151742
2024-03-22 20:00:00,138,270.0,145.97181935638642,196.59819866157804,275.09014013797355
2024-03-22 21:00:00,138,250.0,155.21056060682002,216.17339818705452,289.05625044082177
2024-03-22 22:00:00,138,113.0,118.53218364451712,185.38246568978735,261.0155484290905
2024-03-22 23:00:00,138,205.0,72.03681442448031,125.1942941221318,235.179537587454
2024-03-23 00:00:00,138,98.0,42.02392722225304,84.06137447646805,128.67856395415845
2024-03-23 01:00:00,138,18.0,8.881481906789988,31.439662689354968,71.61045469133713
2024-03-23 02:00:00,138,8.0,0.0,7.1141037017882205,13.749266270620254
2024-03-23 03:00:00,138,0.0,0.0,1.204474448370793,8.120692445080003
2024-03-23 04:00:00,138,1.0,0.0,1.2468538825777615,4.55406952952746
2024-03-23 05:00:00,138,0.0,0.0,1.6330514660797057,5.9753190946020975
2024-03-23 06:00:00,138,3.0,1.4118296593763364,5.610818856342359,17.520167431096294
2024-03-23 07:00:00,138,4.0,3.596550876316866,15.811700722880854,27.243332801592594
2024-03-23 08:00:00,138,21.0,15.247310796443696,36.17081663331532,54.108298980965785
2024-03-23 09:00:00,138,46.0,48.144736315392265,89.06270769815394,135.9878560050725
2024-03-23 10:00:00,138,138.0,81.52100624126092,128.491569777459,185.36331529536417
2024-03-23 11:00:00,138,120.0,87.38688794575924,132.21674791462704,171.80921987235973
2024-03-23 12:00:00,138,98.0,114.60682610235709,168.72805741609758,226.39031960248101
2024-03-23 13:00:00,138,149.0,106.78315896339478,153.85590665370478,218.68590090584942
2024-03-23 14:00:00,138,115.0,100.74130853393893,147.17160532791306,188.8035757215866
2024-03-23 15:00:00,138,89.0,127.11361799756668,185.48838725588107,226.16002760680945
2024-03-23 16:00:00,138,30.0,120.08383260883468,165.844017979604,207.8131001749013
2024-03-23 17:00:00,138,46.0,115.90524292703819,164.8979180595079,198.45333504024197
2024-03-23 18:00:00,138,237.0,108.82299596091704,150.93739895083698,192.8144706096144
2024-03-23 19:00:00,138,238.0,79.79658401834396,116.74046785048112,166.27202688918206
2024-03-23 20:00:00,138,135.0,98.93155179384347,121.07944523878378,218.7201490691735
2024-03-23 21:00:00,138,204.0,121.13167587290523,145.56206784439956,222.89776679091227
2024-03-23 22:00:00,138,114.0,70.7254532037033,114.76520457287619,157.976922168514
2024-03-23 23:00:00,138,124.0,37.86958013560495,95.25811443479215,188.21525587580103
2024-03-24 00:00:00,138,138.0,37.06524748721783,78.15783381772215,124.47853812337348
2024-03-24 01:00:00,138,40.0,11.781027974496077,32.21282552857495,59.86577107185426
2024-03-24 02:00:00,138,20.0,0.0,9.157452057775455,22.592397681122335
2024-03-24 03:00:00,138,5.0,0.0,1.0145771437343734,5.927187265207129
2024-03-24 04:00:00,138,6.0,0.0,1.7808582482275404,7.692559803101744
2024-03-24 05:00:00,138,3.0,0.0,2.2972751296214917,9.624801800189182
2024-03-24 06:00:00,138,5.0,1.0722688474574158,5.467604686233679,16.34758201708231
2024-03-24 07:00:00,138,9.0,5.888441653557508,16.688592061579723,27.664703002772143
2024-03-24 08:00:00,138,33.0,9.139525737351526,25.799601114247142,39.609978624871815
2024-03-24 09:00:00,138,144.0,25.352967877578504,71.72791865511712,124.5981971362841
2024-03-24 10:00:00,138,182.0,61.18891870555059,118.02445952409234,158.58563682932518
2024-03-24 11:00:00,138,149.0,112.64636200444627,159.17860897881872,218.49408669140203
2024-03-24 12:00:00,138,203.0,106.82635308228348,180.0748574070912,231.84733360088114
2024-03-24 13:00:00,138,260.0,102.77669768758292,168.3000507883709,249.1399373560154
2024-03-24 14:00:00,138,245.0,152.2930473783684,225.76576686117374,275.40143758439376
2024-03-24 15:00:00,138,314.0,160.22517969429305,235.08021889699117,286.03120970904376
2024-03-24 16:00:00,138,371.0,152.52214891348413,221.20662759718817,286.29760491743895
2024-03-24 17:00:00,138,199.0,124.04715205952925,187.13495964747975,250.3476384129621
2024-03-24 18:00:00,138,314.0,156.71758464448934,245.8519908740469,316.02647412346795
2024-03-24 19:00:00,138,278.0,172.01905974836157,263.5696883965017,320.6063377839332
2024-03-24 20:00:00,138,386.0,197.96716102714242,304.86643376546476,360.62518288156997
2024-03-24 21:00:00,138,352.0,179.58173945151557,312.7062491021056,358.98890282276307
2024-03-24 22:00:00,138,342.0,156.37503928703129,247.57868385354683,356.63973498392954
2024-03-24 23:00:00,138,289.0,75.30379598200616,146.90323621338467,280.6789333500895
2024-03-25 00:00:00,138,202.0,88.96210459046385,121.56117703021395,228.6860971365251
2024-03-25 01:00:00,138,47.0,24.806660409736807,43.35385529468432,93.35085514230309
2024-03-25 02:00:00,138,0.0,0.0,3.191361740843816,22.447205046507353
2024-03-25 03:00:00,138,13.0,0.0,2.098537048466646,10.643318278228382
2024-03-25 04:00:00,138,1.0,0.006639638032499198,2.191175168456277,6.349473296971472
2024-03-25 05:00:00,138,1.0,0.25239584811280835,4.994016725908323,16.63871306040063
2024-03-25 06:00:00,138,3.0,2.486055043562611,9.06229031794296,29.782438035461563
2024-03-25 07:00:00,138,63.0,4.939966961395783,34.43843689051276,72.70577190984729
2024-03-25 08:00:00,138,119.0,29.650364469422907,81.99214520451754,143.1412153763726
2024-03-25 09:00:00,138,258.0,73.94726531358391,136.64414462855294,224.86970072654594
2024-03-25 10:00:00,138,225.0,127.33889717482481,187.85363735722942,254.38873591513732
2024-03-25 11:00:00,138,224.0,185.75606106458326,262.8912790803161,307.7172113662664
2024-03-25 12:00:00,138,198.0,158.05135981861127,234.78458497759456,285.0524236737539
2024-03-25 13:00:00,138,270.0,184.39418753670142,256.7459579393557,309.4622163700091
2024-03-25 14:00:00,138,263.0,162.42278236313007,246.73762708766253,312.06294426274314
2024-03-25 15:00:00,138,277.0,202.13572618774805,306.5198779953928,354.21232706893556
2024-03-25 16:00:00,138,266.0,201.71015798408703,320.6568372595622,360.0476947606682
2024-03-25 17:00:00,138,207.0,176.92840138440795,262.2965262736396,302.7468843970849
2024-03-25 18:00:00,138,292.0,192.62191828062745,288.464891891183,344.18953538565665
2024-03-25 19:00:00,138,292.0,157.70724083077215,260.64295363296657,318.11810306805734
2024-03-25 20:00:00,138,291.0,158.97245688042665,236.59440022082228,320.97992727056044
2024-03-25 21:00:00,138,239.0,195.51411067077925,299.76530923988696,354.97730054150674
2024-03-25 22:00:00,138,172.0,132.26666466160316,198.98299398528385,299.09740144580945
2024-03-25 23:00:00,138,295.0,99.03342678654921,172.24198001664212,280.4853432971626
2024-03-26 00:00:00,138,110.0,113.78170349227432,179.38460850400492,260.00460005060523
2024-03-26 01:00:00,138,4.0,18.880807318948314,37.35310423153775,100.50242872068979
2024-03-26 02:00:00,138,8.0,2.247057680452066,8.14270785054475,23.107605770879584
2024-03-26 03:00:00,138,0.0,0.0,7.207333851895035,20.425677606079773
2024-03-26 04:00:00,138,2.0,0.055752891176136486,2.0396087627907473,8.004717280110736
2024-03-26 05:00:00,138,2.0,0.5595801682337275,3.8763876864483833,7.1318950822337115
2024-03-26 06:00:00,138,4.0,2.3436778019608666,10.244217965051082,25.170096755910844
2024-03-26 07:00:00,138,83.0,3.7149332054375526,36.03389628752937,61.870672692091375
2024-03-26 08:00:00,138,113.0,37.693220748444084,101.30701066483174,148.32056850397515
2024-03-26 09:00:00,138,217.0,80.81306764833585,159.42665380816933,206.55738089372826
2024-03-26 10:00:00,138,275.0,131.73157252148056,194.927017350167,272.80791786931877
2024-03-26 11:00:00,138,169.0,171.27714283089736,228.15361723937093,289.82856610833437
2024-03-26 12:00:00,138,208.0,174.58674068949287,248.54691126778584,320.32635499280804
2024-03-26 13:00:00,138,242.0,148.09415908657257,211.86295586394294,279.13335072637193
2024-03-26 14:00:00,138,220.0,172.4278275882413,250.5725128788035,307.52448399331524
2024-03-26 15:00:00,138,227.0,176.52220294772525,250.97537842665122,305.34939516752473
2024-03-26 16:00:00,138,240.0,165.56069542886277,230.93285072353586,299.38635739495544
2024-03-26 17:00:00,138,180.0,172.3435716239502,244.42457735989143,297.90354448961904
2024-03-26 18:00:00,138,263.0,153.20255089957857,226.19185470807122,273.07591999777094
2024-03-26 19:00:00,138,193.0,149.1472788556402,239.4464641246369,321.78449664399585
2024-03-26 20:00:00,138,276.0,144.94465940682736,212.72508070020854,314.5319332419878
2024-03-26 21:00:00,138,177.0,153.72084431844968,227.2565037187986,302.50826839896325
2024-03-26 22:00:00,138,146.0,142.4850116336539,205.91184382980546,303.32864307922995
2024-03-26 23:00:00,138,210.0,70.94037533414244,113.51925972824648,204.6541390462488
2024-03-27 00:00:00,138,69.0,77.31445357764605,125.132098934533,170.9976691064718
2024-03-27 01:00:00,138,3.0,18.5272789079194,45.180077060954666,80.43061560944206
2024-03-27 02:00:00,138,1.0,0.0,1.395793796352269,11.09475884922741
2024-03-27 03:00:00,138,1.0,1.2891668363757012,0.9655198083275729,11.765966171154064
2024-03-27 04:00:00,138,1.0,0.09659973660494946,1.2214998998327788,5.049388501531722
2024-03-27 05:00:00,138,6.0,0.07488564452408072,3.0881034258545763,10.543079759976806
2024-03-27 06:00:00,138,2.0,0.9901767160543413,4.966247200425482,21.55506301449481
2024-03-27 07:00:00,138,51.0,7.474027965584346,48.98210647118585,64.49913772417649
2024-03-27 08:00:00,138,106.0,38.141085768330896,104.4523984790835,143.96014726988673
2024-03-27 09:00:00,138,202.0,53.36067190834245,122.11842644527489,182.35628176535747
2024-03-27 10:00:00,138,204.0,117.9501506609078,178.05761471075806,235.39437384013084
2024-03-27 11:00:00,138,173.0,184.42330569203435,236.89886218318205,271.3503758753954
2024-03-27 12:00:00,138,213.0,143.4873149760194,214.13259796362448,248.28257273869477
2024-03-27 13:00:00,138,231.0,142.64214655712036,199.158501585476,254.98361462391952
2024-03-27 14:00:00,138,260.0,154.64784125076724,221.97952816035868,266.92882613517224
2024-03-27 15:00:00,138,285.0,187.20320382671008,253.6720125718408,295.0043006490556
2024-03-27 16:00:00,138,206.0,170.44518769229882,240.98164061674782,302.2909214225704
2024-03-27 17:00:00,138,161.0,198.21359225338492,266.15948988141577,318.00911481535394
2024-03-27 18:00:00,138,272.0,145.30925510632042,218.39716830521508,255.92223835744682
2024-03-27 19:00:00,138,219.0,139.22333091864073,223.11821276778159,276.2339080589782
2024-03-27 20:00:00,138,290.0,145.7339013765611,218.3058493643144,297.7332346805185
2024-03-27 21:00:00,138,167.0,154.18887338934917,222.49588762358258,288.32250238737095
2024-03-27 22:00:00,138,174.0,152.7501614325942,218.0436192698139,302.66698308515765
2024-03-27 23:00:00,138,208.0,82.59376517612877,130.3347500991174,210.23093947294592
2024-03-28 00:00:00,138,82.0,82.7554410844078,133.98059103788378,172.97708141086144
2024-03-28 01:00:00,138,16.0,6.421677339196598,20.699881449999936,47.84957676835184
2024-03-28 02:00:00,138,14.0,0.0,1.3243571923261914,12.156473726224034
2024-03-28 03:00:00,138,6.0,0.0,1.5645953310767478,7.941578357588719
2024-03-28 04:00:00,138,4.0,0.0,1.8316457662483392,5.556146436082494
2024-03-28 05:00:00,138,1.0,0.0,2.5115087488206234,8.220814202737085
2024-03-28 06:00:00,138,6.0,2.23916982426339,12.849873891129745,32.115075248318355
2024-03-28 07:00:00,138,46.0,1.2663278143720025,31.508687169874193,51.30845475181447
2024-03-28 08:00:00,138,83.0,27.21750988579111,95.50628938646756,130.87078555738975
2024-03-28 09:00:00,138,146.0,62.642583307227206,136.5139506497204,190.98614110715567
2024-03-28 10:00:00,138,217.0,108.02730730796686,173.66762129082662,236.401534256896
2024-03-28 11:00:00,138,182.0,138.7470284479259,191.3897647196883,234.7259373836599
2024-03-28 12:00:00,138,161.0,158.83377421129077,235.34344241355717,272.1208134456717
2024-03-28 13:00:00,138,305.0,142.64214655712036,203.93721054793784,252.1045179271129
2024-03-28 14:00:00,138,314.0,153.10494341746173,233.58070073560998,270.6106160609112
2024-03-28 15:00:00,138,338.0,196.1497273291754,261.4964301592251,313.69250248756896
2024-03-28 16:00:00,138,206.0,204.37510717642118,282.5033060805774,337.12135669933105
2024-03-28 17:00:00,138,225.0,198.59817639793567,285.3489951422061,345.6539591301375
2024-03-28 18:00:00,138,207.0,160.87415885565247,233.7464793811195,301.65122624508393
2024-03-28 19:00:00,138,254.0,156.18786457398073,242.28844733494012,297.79933399936243
2024-03-28 20:00:00,138,286.0,173.83627906295968,233.33061998755466,282.4122182368899
2024-03-28 21:00:00,138,290.0,183.60250870990959,282.06710723792605,320.9585242437779
2024-03-28 22:00:00,138,97.0,142.606835588302,205.5787808468255,277.181570245005
2024-03-28 23:00:00,138,204.0,94.57651369457577,150.221168832206,261.49719232253386
2024-03-29 00:00:00,138,133.0,68.51817846340892,119.48342437784648,149.80604349061846
2024-03-29 01:00:00,138,27.0,10.395825584578324,31.014727002708653,67.84645252785577
2024-03-29 02:00:00,138,5.0,0.0,0.0,14.345864768986052
2024-03-29 03:00:00,138,1.0,0.0,1.5444598965774743,8.419283211365066
2024-03-29 04:00:00,138,1.0,0.24680701209443853,2.4667110778799723,6.398749105647583
2024-03-29 05:00:00,138,2.0,0.11702472088632021,4.010539034211076,12.95066654078894
2024-03-29 06:00:00,138,1.0,2.5193886553754417,10.727500830808435,27.322949638800488
2024-03-29 07:00:00,138,44.0,3.342239342395892,33.77390506409338,49.981451313826575
2024-03-29 08:00:00,138,73.0,21.100181294890913,76.14375634944689,115.59361573238375
2024-03-29 09:00:00,138,171.0,71.64760283315898,138.62544625132563,189.81168068428082
2024-03-29 10:00:00,138,228.0,96.23209753984555,154.04688686281474,218.84108584592624
2024-03-29 11:00:00,138,193.0,155.9980725528212,207.2219539972585,249.4933051106185
2024-03-29 12:00:00,138,181.0,154.75602125711026,230.89976223937597,268.12225151223566
2024-03-29 13:00:00,138,201.0,144.34030284108727,207.58639270994368,264.0970386342035
2024-03-29 14:00:00,138,255.0,160.098100026194,243.49564203098575,289.8671173328342
2024-03-29 15:00:00,138,233.0,170.43811033460966,243.01754772705578,284.49142127545895
2024-03-29 16:00:00,138,211.0,173.19282681768368,253.4382874412917,308.67862964782876
2024-03-29 17:00:00,138,170.0,162.55913041584202,229.0623512319707,268.41287273501337
2024-03-29 18:00:00,138,173.0,169.04994507320117,233.45553089846368,298.03945629793515
2024-03-29 19:00:00,138,189.0,145.10951588380038,218.5337383642803,281.8498506386541
2024-03-29 20:00:00,138,168.0,164.8375997399328,209.39193201808817,247.83416578714076
2024-03-29 21:00:00,138,168.0,171.70404721030297,231.70539788909196,294.10625222923875
2024-03-29 22:00:00,138,126.0,142.47451770658301,222.62693882213173,286.2087963636594
2024-03-29 23:00:00,138,156.0,48.92448018366753,89.61846607226735,175.70860722886732
2024-03-30 00:00:00,138,33.0,74.06049500198054,134.32313506819438,167.0682760472523
2024-03-30 01:00:00,138,10.0,28.488848174816578,61.86197926839685,89.4522277388553
2024-03-30 02:00:00,138,0.0,4.424621833418858,10.552840912496402,15.019046195278099
2024-03-30 03:00:00,138,1.0,0.0,1.6167163984164992,6.632854108369874
2024-03-30 04:00:00,138,0.0,0.07069677797782362,1.0312942259289972,4.939210409441135
2024-03-30 05:00:00,138,0.0,0.0,1.4009556670205112,5.119986204156571
2024-03-30 06:00:00,138,3.0,0.6662757269043164,0.8808065288869925,14.647637228644964
2024-03-30 07:00:00,138,20.0,2.0935189506938423,11.053904492933805,22.892539442857966
2024-03-30 08:00:00,138,24.0,12.134144222053632,28.451592902919874,37.837219006823105
2024-03-30 09:00:00,138,63.0,25.03998362925357,63.738328990035406,87.67736808873113
2024-03-30 10:00:00,138,140.0,55.974014518049856,90.4163132904983,115.80039923222269
2024-03-30 11:00:00,138,60.0,106.35109072112714,143.3868837806205,180.3166150069401
2024-03-30 12:00:00,138,79.0,106.18425153236704,161.87979618126124,212.21813293818425
2024-03-30 13:00:00,138,107.0,81.32784967924218,126.60537528922862,176.2576647904976
2024-03-30 14:00:00,138,128.0,106.05822282549478,153.34351046664278,189.61955435425733
2024-03-30 15:00:00,138,124.0,100.89500990834657,138.3332098421453,173.76717291490542
2024-03-30 16:00:00,138,131.0,93.82629402595532,128.1310549788954,171.25031083623728
2024-03-30 17:00:00,138,137.0,65.38403234409456,83.7601677176715,122.37302526220994
2024-03-30 18:00:00,138,141.0,67.86302658227908,103.73158536772573,153.3360246942565
2024-03-30 19:00:00,138,137.0,128.3533309536309,186.24764605710564,231.6545279762241
2024-03-30 20:00:00,138,72.0,126.97207488359055,176.0502811743178,223.52414137150302
2024-03-30 21:00:00,138,60.0,101.94268535171044,131.08056654064424,176.72283024646865
2024-03-30 22:00:00,138,104.0,90.56968927719346,143.9069844465927,186.32783978277044
2024-03-30 23:00:00,138,117.0,47.8522560608432,88.05279876607817,149.94532571678693
2024-03-31 00:00:00,138,39.0,33.76375106224126,75.44481005043501,120.73431686296566
2024-03-31 01:00:00,138,11.0,36.02439683843479,65.0749828379289,85.89325549671322
2024-03-31 02:00:00,138,6.0,6.977020357990866,13.972912626870016,29.67835605901625
2024-03-31 03:00:00,138,1.0,0.0,5.317205098663617,14.802029836515066
2024-03-31 04:00:00,138,1.0,0.0,3.7512877904141133,6.175407811861564
2024-03-31 05:00:00,138,3.0,0.15186736715711366,2.006202340758073,10.85949303140351
2024-03-31 06:00:00,138,3.0,1.090147493462507,4.328856924051229,15.783309593598416
2024-03-31 07:00:00,138,20.0,5.888441653557508,16.710625508171976,27.664703002772143
2024-03-31 08:00:00,138,32.0,10.505914364534407,28.150490406028627,40.764328539722705
2024-03-31 09:00:00,138,73.0,18.14847455718221,61.05377134861679,83.89906723388923
2024-03-31 10:00:00,138,152.0,75.31743833948283,126.53286387386821,176.69688404757585
2024-03-31 11:00:00,138,73.0,99.22987698133697,144.65405805887133,183.44678073709576
2024-03-31 12:00:00,138,149.0,92.2235566241722,160.70889861041002,211.80002100432452
2024-03-31 13:00:00,138,217.0,90.94392168568596,140.9052822814736,193.37275263276754
2024-03-31 14:00:00,138,203.0,118.05973101409941,183.90107411243577,228.48544483018685
2024-03-31 15:00:00,138,273.0,144.4473579479614,211.12939096841302,255.94120561507663
2024-03-31 16:00:00,138,230.0,166.83931949167493,221.15134616795015,272.4411226657854
2024-03-31 17:00:00,138,216.0,186.22203728241166,283.30310087589726,309.6614528819513
2024-03-31 18:00:00,138,211.0,139.97168252142347,208.8102160417895,274.2884094794323
2024-03-31 19:00:00,138,345.0,161.57545011498436,228.55605575365132,294.15063805071156
2024-03-31 20:00:00,138,340.0,148.52657462993068,192.12023818434557,275.3156039277633
2024-03-31 21:00:00,138,335.0,167.86842949268512,277.51114891016357,329.14045239170093
2024-03-31 22:00:00,138,175.0,161.24448971681065,228.52227033913613,307.893577924985
2024-03-31 23:00:00,138,314.0,108.1618298973727,190.55857838963144,316.42506885461484
2024-03-18 00:00:00,140,15.0,2.3744143834509037,9.269737702885516,20.6800606580025
2024-03-18 01:00:00,140,2.0,0.0,2.7500674638836546,5.797642272239444
2024-03-18 02:00:00,140,4.0,0.39657013642108496,3.0255379896483943,6.049183061034849
2024-03-18 03:00:00,140,6.0,1.4430458530013759,3.0069504642436513,6.183488456199111
2024-03-18 04:00:00,140,6.0,0.44132989586062815,4.280348222460985,6.482536947462542
2024-03-18 05:00:00,140,22.0,2.038235103542439,9.460981204602941,16.147135762815747
2024-03-18 06:00:00,140,46.0,11.529878906122336,38.577936573168,55.730629363342324
2024-03-18 07:00:00,140,83.0,25.341335891206754,86.13921809086575,157.4739349305635
2024-03-18 08:00:00,140,133.0,67.60946035943105,134.58915940053618,186.95728229280846
2024-03-18 09:00:00,140,161.0,79.55708605886304,110.62035926177386,167.01827295431087
2024-03-18 10:00:00,140,145.0,94.59704494049971,128.9681688322781,152.9435149329342
2024-03-18 11:00:00,140,173.0,107.39361921142601,138.0000057077966,180.42088748696756
2024-03-18 12:00:00,140,190.0,102.97433391224462,139.2800751520446,172.65590314657967
2024-03-18 13:00:00,140,167.0,120.05829346214338,157.66111901165598,191.1926759813551
2024-03-18 14:00:00,140,177.0,120.74114752086187,171.83051491573713,210.53826188603168
2024-03-18 15:00:00,140,187.0,116.7796830486682,164.75034185969295,222.9593515422911
2024-03-18 16:00:00,140,182.0,122.22833211337647,164.68085630564556,208.9483255803814
2024-03-18 17:00:00,140,162.0,125.68433549303172,178.83681726036215,228.02129627230698
2024-03-18 18:00:00,140,156.0,111.78931359838558,165.90592730162763,222.71508482908843
2024-03-18 19:00:00,140,103.0,88.75353833285118,111.30875650650067,157.01280068818917
2024-03-18 20:00:00,140,93.0,56.12812246859756,76.37515624151258,107.76238795912542
2024-03-18 21:00:00,140,58.0,63.82436173061549,77.66367660508699,108.04093425894304
2024-03-18 22:00:00,140,42.0,29.44726546406265,46.84829431198225,50.67781718378749
2024-03-18 23:00:00,140,22.0,10.306104734327606,19.534573475051943,36.03936450116309
2024-03-19 00:00:00,140,13.0,5.319578482629045,10.879498649938508,17.125976166709005
2024-03-19 01:00:00,140,6.0,2.066000027055531,6.466050966638796,8.646733183764166
2024-03-19 02:00:00,140,6.0,0.22757401634746105,2.482792271462634,5.542821280370234
2024-03-19 03:00:00,140,4.0,0.017276051522386735,2.9403318656803643,5.13735998766692
2024-03-19 04:00:00,140,3.0,1.7456891011145586,5.229633240300922,6.261496449346413
2024-03-19 05:00:00,140,11.0,1.641106821175102,11.136747956431186,16.66406735213277
2024-03-19 06:00:00,140,32.0,11.588477766333677,42.45730771301851,56.323413887353034
2024-03-19 07:00:00,140,111.0,33.13377777626234,116.42791523361345,140.93522494349764
2024-03-19 08:00:00,140,196.0,81.7411952462317,169.76021613299008,216.45610955869665
2024-03-19 09:00:00,140,189.0,105.43079786204243,144.4572628151733,186.45979772076316
2024-03-19 10:00:00,140,167.0,138.0282796634639,172.60924944000078,207.12137916505398
2024-03-19 11:00:00,140,161.0,129.03584445768678,160.84232048176924,210.47543362331862
2024-03-19 12:00:00,140,197.0,133.1586155882801,177.94790221719018,210.9671331796925
2024-03-19 13:00:00,140,187.0,131.60646057478894,180.0673464407741,208.69815913872017
2024-03-19 14:00:00,140,234.0,139.96240934923048,187.57379092118936,221.62853052648458
2024-03-19 15:00:00,140,210.0,153.1988310379648,205.70624556064897,258.4447539187401
2024-03-19 16:00:00,140,188.0,153.15895178149523,202.37425905635408,258.4667693539033
2024-03-19 17:00:00,140,213.0,155.6285744348099,210.364022974484,264.6521075964322
2024-03-19 18:00:00,140,201.0,145.04199154864943,195.3909272204868,270.2373843999682
2024-03-19 19:00:00,140,108.0,121.4578377830918,148.25271237680963,222.42630603388344
2024-03-19 20:00:00,140,106.0,83.06767597649367,99.1466697207963,158.03750311104852
2024-03-19 21:00:00,140,75.0,58.87969950351522,75.16072795968503,106.927994491778
2024-03-19 22:00:00,140,57.0,42.734605067191566,56.68982132400041,73.7875889644077
2024-03-19 23:00:00,140,35.0,18.79319451435117,27.91766778593803,46.71471135314799
2024-03-20 00:00:00,140,17.0,5.8271834890408165,11.045184474884588,21.40209148860619
2024-03-20 01:00:00,140,7.0,4.833754881614437,8.486904684118429,15.593272001728899
2024-03-20 02:00:00,140,5.0,0.4296666571108432,3.103619534053636,5.203760198474973
2024-03-20 03:00:00,140,3.0,0.44484483174611505,3.246365179619219,4.889120063774664
2024-03-20 04:00:00,140,4.0,1.9399160897203627,5.646296672757252,7.310436137864764
2024-03-20 05:00:00,140,9.0,2.6093811766887907,12.286655478049138,15.82324782211575
2024-03-20 06:00:00,140,41.0,9.237564644744742,36.53655960950047,41.88765043381149
2024-03-20 07:00:00,140,100.0,27.441954512232584,103.06186624490466,144.1596355411323
2024-03-20 08:00:00,140,174.0,83.53749520343521,172.67286023407033,219.00501312168558
2024-03-20 09:00:00,140,171.0,115.42805914954654,167.01187874513562,204.18512254914359
2024-03-20 10:00:00,140,152.0,127.48721713590605,159.1863574354145,192.1678561255403
2024-03-20 11:00:00,140,174.0,134.66553687829034,165.07396729270738,199.31395431178478
2024-03-20 12:00:00,140,183.0,130.1184666669061,173.9559973232461,210.22648699732682
2024-03-20 13:00:00,140,178.0,143.50205510500572,188.11965042837895,220.81165353121435
2024-03-20 14:00:00,140,197.0,140.24956124680062,193.94688521454583,227.4928076645595
2024-03-20 15:00:00,140,187.0,159.5149806505141,214.55199674455048,261.41307683496143
2024-03-20 16:00:00,140,220.0,156.70831909364142,201.65993014945732,243.4389108575659
2024-03-20 17:00:00,140,220.0,154.3111915960094,213.5928508192267,264.6610118200045
2024-03-20 18:00:00,140,200.0,162.6913327092091,216.0171678377478,272.9591884368701
2024-03-20 19:00:00,140,140.0,124.25995331626615,150.52809192265357,207.8369916759449
2024-03-20 20:00:00,140,117.0,94.17674572437409,108.82245872985511,149.55418135713848
2024-03-20 21:00:00,140,101.0,81.71727897628685,99.585067059417,144.77833700556204
2024-03-20 22:00:00,140,44.0,58.28997933047311,64.33687380202822,98.35418772884363
2024-03-20 23:00:00,140,29.0,23.788529408193618,34.10696785000034,54.357837922230225
2024-03-21 00:00:00,140,15.0,11.018828801927837,18.912317352564294,27.76814845116093
2024-03-21 01:00:00,140,7.0,4.371972773805166,8.091097215048686,14.437605758815295
2024-03-21 02:00:00,140,7.0,1.4987305377244229,4.567802065387802,5.697907053293063
2024-03-21 03:00:00,140,4.0,2.606489896395182,4.300036596053372,7.800913396558673
2024-03-21 04:00:00,140,5.0,1.8987918566682025,5.217445665654738,7.894309396932615
2024-03-21 05:00:00,140,17.0,0.015906023328003675,10.418195999484736,15.622835049293993
2024-03-21 06:00:00,140,40.0,10.822731839859223,43.1970999916864,53.328655893049806
2024-03-21 07:00:00,140,124.0,27.90342689832609,109.68479403507268,156.07721524231368
2024-03-21 08:00:00,140,205.0,88.66850084989713,174.12326033619658,218.9865957426126
2024-03-21 09:00:00,140,149.0,123.47158900593796,173.99918491445388,201.43362004941653
2024-03-21 10:00:00,140,156.0,136.49941950457327,170.32748548596183,189.68828626627044
2024-03-21 11:00:00,140,173.0,120.45963216375709,157.33843961825784,189.05816862339577
2024-03-21 12:00:00,140,196.0,131.83587329540367,175.35217273705962,197.51136792648745
2024-03-21 13:00:00,140,168.0,139.5910492111177,178.66608039423897,200.56477512414006
2024-03-21 14:00:00,140,183.0,144.3350820371498,195.79111695991787,221.97634622511256
2024-03-21 15:00:00,140,206.0,133.23847580400857,192.46181099340583,242.41232842953073
2024-03-21 16:00:00,140,217.0,146.0465165240712,192.46884243467338,233.83859704949222
2024-03-21 17:00:00,140,221.0,158.8943615611248,206.59470098625044,251.3658958632294
2024-03-21 18:00:00,140,178.0,164.56482445405786,215.36436535528048,262.8150647728407
2024-03-21 19:00:00,140,143.0,137.26952870204897,164.21495175556166,216.98200532487945
2024-03-21 20:00:00,140,109.0,115.44111997627243,126.71375526517573,165.24507536495952
2024-03-21 21:00:00,140,93.0,92.88218925573312,109.48664659039932,158.09813268626576
2024-03-21 22:00:00,140,57.0,57.78872033950491,72.13280142433236,101.50564593761868
2024-03-21 23:00:00,140,26.0,39.51692015596611,47.47913608594799,64.09113930983995
2024-03-22 00:00:00,140,25.0,15.547917768595568,25.19202905364226,33.98358595195965
2024-03-22 01:00:00,140,15.0,5.367208342598906,9.283578001959643,14.577335208944625
2024-03-22 02:00:00,140,3.0,3.8014184340563517,5.753445429704146,10.348335302210106
2024-03-22 03:00:00,140,2.0,0.7699124597681112,4.385240584765771,6.59308579110916
2024-03-22 04:00:00,140,3.0,2.6443242039495014,6.242219555253371,10.608375089325282
2024-03-22 05:00:00,140,12.0,3.785911059282552,11.925283179524927,20.314456117049883
2024-03-22 06:00:00,140,37.0,12.00305690237619,39.34827001487772,48.83715284542979
2024-03-22 07:00:00,140,97.0,29.457472124147287,97.89702593650391,128.54297180328902
2024-03-22 08:00:00,140,155.0,84.54579513377278,154.65219925699134,180.96255503962178
2024-03-22 09:00:00,140,115.0,116.3969522511193,154.18814967934873,175.84657566409072
2024-03-22 10:00:00,140,149.0,107.94195190479162,135.7033922329812,161.4547930554277
2024-03-22 11:00:00,140,161.0,116.23763153494886,139.82683720477047,164.43554816556306
2024-03-22 12:00:00,140,155.0,114.49640819903843,152.81561322471083,183.1326133357018
2024-03-22 13:00:00,140,162.0,132.78255994407152,173.47954392295955,197.20979918501212
2024-03-22 14:00:00,140,184.0,131.74136381918083,181.77215697296896,206.03227842758713
2024-03-22 15:00:00,140,182.0,132.3351006679835,181.0568096350945,220.918973269986
2024-03-22 16:00:00,140,207.0,149.40881385726163,188.6340697935255,223.10432248036636
2024-03-22 17:00:00,140,186.0,156.49617144073855,204.7117655019698,244.69234532644467
2024-03-22 18:00:00,140,184.0,165.65554839771997,214.429042158874,252.6718747360544
2024-03-22 19:00:00,140,196.0,119.91985476839629,149.54062280957163,196.091518292533
2024-03-22 20:00:00,140,103.0,111.63713623647362,119.71972366846437,156.30982824638986
2024-03-22 21:00:00,140,81.0,91.79965779927153,102.18288087169437,150.54969271826792
2024-03-22 22:00:00,140,75.0,50.36714825911593,68.9839376774193,89.05191020993708
2024-03-22 23:00:00,140,43.0,33.94027785686322,47.15458541228514,66.30617696352567
2024-03-23 00:00:00,140,25.0,15.7085916847681,23.420799630970265,36.71498135392994
2024-03-23 01:00:00,140,18.0,8.57970770741875,16.63343047283735,21.79411659287779
2024-03-23 02:00:00,140,10.0,6.367263998862672,10.248277115238078,16.24983255428489
2024-03-23 03:00:00,140,7.0,2.23192285856205,5.02018137004324,12.479864368179685
2024-03-23 04:00:00,140,7.0,1.8862912964222205,4.959858089331176,9.040718233732939
2024-03-23 05:00:00,140,4.0,2.493007259472153,6.260722623854119,9.669647205784697
2024-03-23 06:00:00,140,17.0,8.545739611295343,14.755898353036331,22.190775268623465
2024-03-23 07:00:00,140,49.0,21.561811930151542,36.56542427458773,41.38412153240519
2024-03-23 08:00:00,140,49.0,44.52674464187349,67.19610405632456,93.0179396506416
2024-03-23 09:00:00,140,72.0,59.96829773365013,85.20879585239565,112.30420458284449
2024-03-23 10:00:00,140,98.0,53.11202747193335,90.61996517948188,107.36520595115782
2024-03-23 11:00:00,140,105.0,82.59612882574338,116.05897400559644,153.84073994882618
2024-03-23 12:00:00,140,127.0,94.09723051855856,125.41541312904413,169.67350715736492
2024-03-23 13:00:00,140,115.0,98.60278308099538,123.73572520358745,165.9596036058827
2024-03-23 14:00:00,140,116.0,97.7925811516824,126.36488742342269,156.99297189535986
2024-03-23 15:00:00,140,109.0,104.69487896467183,132.40647009951618,167.67255471485578
2024-03-23 16:00:00,140,104.0,106.12219323506103,132.948937561664,165.7532540825011
2024-03-23 17:00:00,140,112.0,109.28159333741097,136.8457294835223,164.32007948317138
2024-03-23 18:00:00,140,120.0,105.29634312233327,134.20207908479026,168.2144874829497
2024-03-23 19:00:00,140,113.0,95.84327005789525,133.01483451184237,162.31355098075372
2024-03-23 20:00:00,140,110.0,81.00902254284081,98.53108133323451,120.32805228159347
2024-03-23 21:00:00,140,47.0,70.44227945327007,73.66656473347155,111.68829278096575
2024-03-23 22:00:00,140,46.0,45.57964257070537,65.41572501219022,78.1768188246502
2024-03-23 23:00:00,140,36.0,23.868944990987604,46.805438285714395,69.48198706098765
2024-03-24 00:00:00,140,28.0,12.221136947432415,28.875615883662277,35.01770599048339
2024-03-24 01:00:00,140,11.0,7.053651956446745,15.259077240359407,21.50629960737458
2024-03-24 02:00:00,140,17.0,5.396198000736763,9.119590976236394,17.14963718176562
2024-03-24 03:00:00,140,2.0,2.4512667849845466,7.070865208270355,12.952219094723251
2024-03-24 04:00:00,140,3.0,1.546029093480473,5.301646354739221,8.591785116220438
2024-03-24 05:00:00,140,4.0,1.723101480334892,6.471594396249615,11.20291688792561
2024-03-24 06:00:00,140,14.0,7.368481376907809,16.141226914911083,22.82669244151798
2024-03-24 07:00:00,140,26.0,18.55847429699947,32.33374184801754,47.05474988417033
2024-03-24 08:00:00,140,48.0,30.282558398172412,54.51719960133732,82.50273882961073
2024-03-24 09:00:00,140,72.0,27.827673541515207,56.67999366837079,78.29308490337749
2024-03-24 10:00:00,140,86.0,53.29002177599738,89.22058738754009,101.95192381236505
2024-03-24 11:00:00,140,110.0,68.36016269206222,103.6943092938003,122.92454211012267
2024-03-24 12:00:00,140,117.0,78.80972149585867,112.33567955595075,140.22796549598067
2024-03-24 13:00:00,140,126.0,90.17613465854406,115.72863337630183,146.6780993209371
2024-03-24 14:00:00,140,86.0,80.90539235646668,112.18918128149421,136.73520544508514
2024-03-24 15:00:00,140,78.0,79.69356743849548,112.60009611163977,146.9174813676495
2024-03-24 16:00:00,140,75.0,67.52932762419773,88.28734255128914,118.75120523622384
2024-03-24 17:00:00,140,102.0,69.38179532454792,96.76117717537767,121.79349218727262
2024-03-24 18:00:00,140,100.0,66.35517609637175,93.47263599215427,121.69074387620739
2024-03-24 19:00:00,140,74.0,56.73777451867017,68.48140763517097,93.29833020484905
2024-03-24 20:00:00,140,82.0,43.85309812815428,54.791413930427915,69.42385049026068
2024-03-24 21:00:00,140,36.0,47.453168925570424,50.24305992083144,79.06289015286447
2024-03-24 22:00:00,140,21.0,20.377910555883034,30.430986118491308,42.24126576219129
2024-03-24 23:00:00,140,9.0,8.45240844098552,18.720572019688746,37.96439644130822
2024-03-25 00:00:00,140,14.0,1.4508145956866956,8.444599546249608,16.06390117193186
2024-03-25 01:00:00,140,5.0,2.1794326759183864,7.194079476045014,14.381242548804885
2024-03-25 02:00:00,140,8.0,0.3454062140929399,3.0820833614522054,5.05933134971765
2024-03-25 03:00:00,140,1.0,0.3871299170348534,3.0911737429649437,5.326114613891917
2024-03-25 04:00:00,140,2.0,2.2312031142477355,4.791531964027313,8.076448905229084
2024-03-25 05:00:00,140,8.0,2.3267029053458237,10.367528718799988,14.765927248844157
2024-03-25 06:00:00,140,40.0,9.354296295711022,32.39134385275239,53.19355479049882
2024-03-25 07:00:00,140,103.0,25.23025376097222,72.54059383094972,137.91820139034212
2024-03-25 08:00:00,140,143.0,43.04608322740195,113.33439640945443,170.6479429036502
2024-03-25 09:00:00,140,175.0,72.15300538126814,111.66670064124659,161.79888243603818
2024-03-25 10:00:00,140,140.0,93.25109261422631,130.12954390204717,167.469222173116
2024-03-25 11:00:00,140,154.0,106.31932195963354,136.91934273183045,191.32437827256854
2024-03-25 12:00:00,140,155.0,108.75430649204353,149.35041861220566,178.36602396236876
2024-03-25 13:00:00,140,169.0,115.91008112273269,155.44221310804355,180.6635773311413
2024-03-25 14:00:00,140,167.0,116.77231622363968,163.1782006111304,192.9958094072876
2024-03-25 15:00:00,140,186.0,113.54932715132026,159.60058536291197,223.28569694153668
2024-03-25 16:00:00,140,188.0,106.78615093652867,144.8469962594944,194.27400612399873
2024-03-25 17:00:00,140,162.0,115.33641755116453,164.60049667116277,220.46921479408712
2024-03-25 18:00:00,140,160.0,117.85190480890994,169.14680624153723,222.84364112598877
2024-03-25 19:00:00,140,124.0,91.21323913183863,116.23805856367467,155.83143225384208
2024-03-25 20:00:00,140,87.0,59.43627188712847,80.6855278999953,124.36377368423553
2024-03-25 21:00:00,140,67.0,56.66803510497025,66.906378783285,104.70836073467298
2024-03-25 22:00:00,140,41.0,22.930069937315544,33.562958329274956,48.5069549867365
2024-03-25 23:00:00,140,23.0,13.255077415778475,19.82373225860753,38.966590595886814
2024-03-26 00:00:00,140,16.0,5.104008362049819,10.640511782135452,19.326988120428922
2024-03-26 01:00:00,140,6.0,2.483254343508767,6.3811819139843236,10.054687409190858
2024-03-26 02:00:00,140,4.0,1.2821325377474655,4.059975136223717,5.311118979014945
2024-03-26 03:00:00,140,5.0,1.3702139590553821,3.3840543369861757,4.93699721879218
2024-03-26 04:00:00,140,4.0,1.1697511836041805,4.573032465156627,7.658228736534427
2024-03-26 05:00:00,140,17.0,1.5325578724044173,10.808536354208696,12.765414261480581
2024-03-26 06:00:00,140,41.0,9.078933856231505,37.040129365073945,46.58961425223731
2024-03-26 07:00:00,140,102.0,26.17904258633842,104.69037396589071,146.23438984264567
2024-03-26 08:00:00,140,176.0,74.29164537128275,161.83013340469853,207.66170146960886
2024-03-26 09:00:00,140,185.0,110.18658641283396,149.94606211999712,191.34856275632615
2024-03-26 10:00:00,140,150.0,137.9393304109198,169.84353327014836,212.10638816536635
2024-03-26 11:00:00,140,186.0,128.68222954826751,159.02365056665857,212.44813435152454
2024-03-26 12:00:00,140,193.0,123.44001067906316,170.32253669445294,200.0206380936178
2024-03-26 13:00:00,140,180.0,148.5465049144932,187.3848088557482,218.85112154944085
2024-03-26 14:00:00,140,188.0,146.28785347232974,197.95066089933738,237.27029475509147
2024-03-26 15:00:00,140,192.0,151.5767166113159,203.77627997652118,267.51746205393914
2024-03-26 16:00:00,140,183.0,148.47098366290987,198.8079448153981,244.5799055382889
2024-03-26 17:00:00,140,212.0,145.86095187238752,204.4178867359799,263.24485779951664
2024-03-26 18:00:00,140,160.0,150.5624496213404,202.86746037313333,271.10238256010115
2024-03-26 19:00:00,140,124.0,135.26820351156954,160.07040301609524,234.49066266747798
2024-03-26 20:00:00,140,100.0,81.48176770182307,91.83881287251633,134.58810338103916
2024-03-26 21:00:00,140,89.0,66.0455599631148,76.95172612411477,131.41828783387584
2024-03-26 22:00:00,140,54.0,38.38791808617745,55.00418671625704,70.60422299172522
2024-03-26 23:00:00,140,27.0,23.586125605517815,29.287326980115413,50.84403923741204
2024-03-27 00:00:00,140,12.0,11.108851989597504,15.044363847928974,29.38702912733941
2024-03-27 01:00:00,140,10.0,4.289612279986595,7.627260507133899,13.511048602123662
2024-03-27 02:00:00,140,4.0,1.536580142618501,3.9383050573203042,5.6249688840228735
2024-03-27 03:00:00,140,5.0,1.653602103536175,4.024361150569685,5.8137669831314
2024-03-27 04:00:00,140,4.0,1.9399160897203627,5.689176241638698,7.22697246936771
2024-03-27 05:00:00,140,10.0,1.7554456743222089,11.576805959961872,16.59991473327427
2024-03-27 06:00:00,140,33.0,11.882897487801964,43.147348579282166,53.495591663364145
2024-03-27 07:00:00,140,95.0,30.03297569257427,110.82011575060102,148.29180798653832
2024-03-27 08:00:00,140,197.0,70.21491036265937,162.5341192904386,203.78919094606965
2024-03-27 09:00:00,140,157.0,109.27600045398374,155.48127816707506,184.78497439736202
2024-03-27 10:00:00,140,163.0,138.45399848294824,175.52005147990738,199.63004489393978
2024-03-27 11:00:00,140,157.0,123.12828077638524,151.76657399405823,187.34268916249093
2024-03-27 12:00:00,140,186.0,133.5580079611042,178.7463310302266,206.3407654292841
2024-03-27 13:00:00,140,156.0,131.08285178349792,176.09353687313623,210.28971835382953
2024-03-27 14:00:00,140,189.0,143.5395687218172,194.24897743746976,236.5330925187589
2024-03-27 15:00:00,140,226.0,136.34555674094722,189.0184098144572,249.350266905934
2024-03-27 16:00:00,140,218.0,144.1872389051788,188.79321074378484,233.8951884186692
2024-03-27 17:00:00,140,251.0,160.00068890757626,218.94442710774635,261.99396327580774
2024-03-27 18:00:00,140,207.0,166.493453265253,224.19386399896499,272.12472153246404
2024-03-27 19:00:00,140,119.0,137.21396865922605,161.61817956187676,231.47424567045192
2024-03-27 20:00:00,140,84.0,101.32281843490473,105.86228194947155,150.202944072483
2024-03-27 21:00:00,140,63.0,74.22297220980884,87.52427572012738,127.60591248607915
2024-03-27 22:00:00,140,53.0,55.71040325815702,69.42614687989068,98.72876777298912
2024-03-27 23:00:00,140,27.0,20.76797981764309,28.08380346236925,44.780844149892104
2024-03-28 00:00:00,140,16.0,10.449732978857172,19.528480596982963,23.860617983905183
2024-03-28 01:00:00,140,8.0,3.5771176528291266,8.104313124409439,9.901812439367822
2024-03-28 02:00:00,140,6.0,1.5755458194209504,4.582890492520197,6.538349020354913
2024-03-28 03:00:00,140,5.0,1.5309702584395533,3.872022877236885,6.473771053399103
2024-03-28 04:00:00,140,1.0,1.9399160897203627,5.657819799161738,7.69173804098321
2024-03-28 05:00:00,140,16.0,2.6398822525357866,12.227759205434257,18.30998840063554
2024-03-28 06:00:00,140,40.0,11.28373209684276,44.77300962441302,55.85733470238783
2024-03-28 07:00:00,140,103.0,28.328234869268634,111.388322846213,153.6395762717512
2024-03-28 08:00:00,140,168.0,81.62709864470628,169.7236607298647,210.15598227475726
2024-03-28 09:00:00,140,193.0,116.4300020220086,169.37964641596096,193.9519015036142
2024-03-28 10:00:00,140,158.0,120.92421611800856,150.01983041139772,175.64957993435485
2024-03-28 11:00:00,140,159.0,138.7510576686395,168.113644430612,200.32875808583873
2024-03-28 12:00:00,140,210.0,132.51501562026172,173.78112693967734,197.04905166572004
2024-03-28 13:00:00,140,172.0,140.33411434432398,181.1367221334345,201.35829807094137
2024-03-28 14:00:00,140,190.0,148.2976949483491,195.70867646592833,224.83332685398076
2024-03-28 15:00:00,140,194.0,139.14358993502967,190.44887324326135,242.05857508414834
2024-03-28 16:00:00,140,231.0,159.6725347821523,198.92207885502597,233.0207676753224
2024-03-28 17:00:00,140,202.0,165.35405252118687,221.80013786145165,255.3801795789086
2024-03-28 18:00:00,140,228.0,172.586200341134,232.19104654417214,266.1417602768026
2024-03-28 19:00:00,140,229.0,124.64989382317547,152.48987143627696,205.316374105634
2024-03-28 20:00:00,140,149.0,98.29803604805345,114.99827184591764,146.35848227994006
2024-03-28 21:00:00,140,91.0,84.96564641257912,88.56832259176431,163.1602373305174
2024-03-28 22:00:00,140,76.0,56.34013980528952,63.10855341162436,100.95433273590926
2024-03-28 23:00:00,140,39.0,25.759511577473713,34.091550246168275,53.21587873208105
2024-03-29 00:00:00,140,24.0,9.155621826655912,17.29039123169438,27.769197210966
2024-03-29 01:00:00,140,6.0,7.262701258829665,12.769141763084772,20.73744782612175
2024-03-29 02:00:00,140,15.0,4.808619266166811,6.944614794274566,11.393490399595443
2024-03-29 03:00:00,140,3.0,0.755923733229113,3.4453664509483217,6.072199874629466
2024-03-29 04:00:00,140,8.0,1.8956102798549168,6.58229613445682,9.221524717067242
2024-03-29 05:00:00,140,19.0,1.4586165218818106,10.308664888033078,12.618547322245924
2024-03-29 06:00:00,140,30.0,11.810564923678303,40.397075560889085,49.0128879961047
2024-03-29 07:00:00,140,55.0,27.838940300499694,96.21608210792611,130.05925366037843
2024-03-29 08:00:00,140,110.0,68.88887709449989,142.59860964016966,169.9833688230718
2024-03-29 09:00:00,140,113.0,103.70108449855007,143.0464996583195,170.42311727600966
2024-03-29 10:00:00,140,149.0,96.12509084019908,131.62462549797766,152.09131140674936
2024-03-29 11:00:00,140,161.0,109.84002907671103,134.78693730612054,164.69730297650116
2024-03-29 12:00:00,140,133.0,124.63952649531858,168.83522820201128,200.3128341438259
2024-03-29 13:00:00,140,154.0,135.85170937155124,164.31422316041605,191.42699174407193
2024-03-29 14:00:00,140,141.0,123.49222961328239,171.72085506791336,192.1576735499016
2024-03-29 15:00:00,140,164.0,128.89555937378537,182.05099089611105,229.74267732189287
2024-03-29 16:00:00,140,165.0,124.02638404260058,166.22178993431464,196.78714902136534
2024-03-29 17:00:00,140,177.0,147.69370621923682,199.9067529713329,236.57272595303007
2024-03-29 18:00:00,140,193.0,135.2656974956285,195.0347386957203,228.4593848489048
2024-03-29 19:00:00,140,178.0,125.10771794597176,155.52878382822422,209.07138393951442
2024-03-29 20:00:00,140,99.0,136.15764513750113,145.20709477526793,177.16755343443933
2024-03-29 21:00:00,140,88.0,91.43158799003746,92.62328668634113,140.77252558368016
2024-03-29 22:00:00,140,63.0,50.36714825911593,68.9839376774193,88.43737860335223
2024-03-29 23:00:00,140,39.0,33.50250432289014,53.514002550519116,82.53045599816635
2024-03-30 00:00:00,140,32.0,14.982687818009245,25.2178356586315,33.51674135463007
2024-03-30 01:00:00,140,14.0,7.829453515778275,16.35347355566049,21.719314371236024
2024-03-30 02:00:00,140,2.0,5.923613985214874,7.860270817403324,14.494104382112647
2024-03-30 03:00:00,140,7.0,3.2518021972523568,7.811838553630447,11.729427928695982
2024-03-30 04:00:00,140,13.0,2.437583329252396,5.271848480731739,10.203153255949369
2024-03-30 05:00:00,140,9.0,2.597713033842839,6.445945254593549,11.462571408590106
2024-03-30 06:00:00,140,15.0,9.109264102702529,16.408464314271793,22.67850856494628
2024-03-30 07:00:00,140,32.0,19.422402637551862,32.674187582197625,41.66527517631787
2024-03-30 08:00:00,140,46.0,39.39644649577428,68.58592791820013,103.86783708507464
2024-03-30 09:00:00,140,62.0,48.50084513294945,81.82512547010218,104.20358932220593
2024-03-30 10:00:00,140,84.0,60.397276974032806,97.35243626420952,113.53933635435732
2024-03-30 11:00:00,140,77.0,80.68137682419008,110.80264172139599,140.65188653483708
2024-03-30 12:00:00,140,129.0,89.67742522180319,121.80648555561838,163.06922852088016
2024-03-30 13:00:00,140,97.0,95.51047073486737,122.28605414969525,161.7731596915055
2024-03-30 14:00:00,140,90.0,102.95869795426292,130.47289911090817,160.47326037854094
2024-03-30 15:00:00,140,76.0,93.67414636798951,116.16459713959125,153.0663143429633
2024-03-30 16:00:00,140,74.0,93.97658520602587,110.90305858839247,146.9522946378529
2024-03-30 17:00:00,140,77.0,88.0259307796074,120.4897879991927,154.28370926261888
2024-03-30 18:00:00,140,89.0,95.37287677823747,123.08346563884983,156.68315125909825
2024-03-30 19:00:00,140,129.0,74.59761211378108,103.19259787403661,132.07693561906692
2024-03-30 20:00:00,140,128.0,68.94356526411288,83.28604176191617,98.78737631290238
2024-03-30 21:00:00,140,59.0,73.22595631360296,78.34983636842757,121.14814612288971
2024-03-30 22:00:00,140,45.0,37.24642599035377,48.442234165959384,73.14988672755162
2024-03-30 23:00:00,140,33.0,20.624182340194384,41.44090521321504,61.94741813864875
2024-03-31 00:00:00,140,19.0,9.969588828941193,20.730944540079538,30.302771170253646
2024-03-31 01:00:00,140,12.0,7.019213251004062,14.986715640091283,26.083266447761687
2024-03-31 02:00:00,140,3.0,2.798949987502077,7.631399383551217,12.772090529552969
2024-03-31 03:00:00,140,11.0,1.9621521696487396,7.4210333775134885,16.605381018853016
2024-03-31 04:00:00,140,10.0,1.3294596447883236,4.403860857950547,7.607762121220856
2024-03-31 05:00:00,140,4.0,0.5887008636885971,5.379436366721504,11.194256958983603
2024-03-31 06:00:00,140,15.0,6.133145539468465,14.005684939222403,20.060736554699233
2024-03-31 07:00:00,140,35.0,15.293178920021884,26.971456152403242,32.95367404003015
2024-03-31 08:00:00,140,30.0,23.477820585633683,39.469028237556316,56.96071039019681
2024-03-31 09:00:00,140,71.0,30.7521445087151,65.57497154201161,87.2130707884948
2024-03-31 10:00:00,140,98.0,47.417361253245716,81.37862713446737,92.65230566984015
2024-03-31 11:00:00,140,102.0,64.08796253193937,94.4726707322479,121.59051242191748
2024-03-31 12:00:00,140,101.0,76.05556498447936,107.39673819438629,134.02586174056384
2024-03-31 13:00:00,140,100.0,87.30815693331945,115.10276565871898,141.68538036510077
2024-03-31 14:00:00,140,88.0,87.56579168095755,110.67394112104081,142.84056642070482
2024-03-31 15:00:00,140,78.0,67.81991051199097,97.16314098694775,126.35038988145915
2024-03-31 16:00:00,140,79.0,55.64477419620467,83.59912784438525,111.46894380167873
2024-03-31 17:00:00,140,67.0,56.9086311481207,86.61025707447591,113.05108382862991
2024-03-31 18:00:00,140,57.0,65.79715974735785,94.42392491700032,118.15580841647534
2024-03-31 19:00:00,140,57.0,53.72380686725564,65.86977797680373,92.04066261039141
2024-03-31 20:00:00,140,57.0,46.01955518412884,53.77585915858083,74.00038491485402
2024-03-31 21:00:00,140,34.0,52.68038560197611,51.30253939540938,81.70002693248573
2024-03-31 22:00:00,140,25.0,19.096562579666095,24.978995073195563,41.472269736458756
2024-03-31 23:00:00,140,7.0,7.117554200358138,13.78261427045824,34.50311672426435
2024-03-18 00:00:00,141,16.0,3.710823767491481,20.612367080950825,35.85801273605296
2024-03-18 01:00:00,141,15.0,1.7679537527766631,12.449388945872299,22.416692661328234
2024-03-18 02:00:00,141,9.0,4.177963295656001,10.189543267052853,16.7286023862057
2024-03-18 03:00:00,141,6.0,1.9697363842620301,6.011000332125045,10.41986074170489
2024-03-18 04:00:00,141,7.0,4.493050505719618,7.384637493468487,12.865958843291608
2024-03-18 05:00:00,141,16.0,6.456239076732216,16.13720045209005,24.325013578113126
2024-03-18 06:00:00,141,47.0,17.756014209455834,42.805030895455644,73.52851559018062
2024-03-18 07:00:00,141,83.0,35.845464924513244,95.82279618365978,140.89717257659575
2024-03-18 08:00:00,141,149.0,72.37377601834521,131.12458668615412,170.63440727117356
2024-03-18 09:00:00,141,125.0,102.76295689544474,135.09917039012117,174.67125024550896
2024-03-18 10:00:00,141,123.0,113.75791995694394,141.1421189622464,165.6211402410148
2024-03-18 11:00:00,141,132.0,122.52777816856526,142.85613082356437,162.07707774169904
2024-03-18 12:00:00,141,140.0,124.20152818187148,148.06068330843476,169.97925610161872
2024-03-18 13:00:00,141,156.0,125.93626428923413,145.30844869271434,162.58146730466473
2024-03-18 14:00:00,141,148.0,119.70429496330058,142.5502439490904,160.80454640486278
2024-03-18 15:00:00,141,155.0,133.46092779665943,156.10112953768243,178.5518291045783
2024-03-18 16:00:00,141,139.0,129.42648949284467,152.81561649834316,168.05664566547463
2024-03-18 17:00:00,141,130.0,132.57249962900354,161.98072898424937,193.75413754772123
2024-03-18 18:00:00,141,141.0,125.89408926330209,162.88648733208055,203.30742481994304
2024-03-18 19:00:00,141,113.0,99.04981726177564,125.66590589203096,159.32645178229149
2024-03-18 20:00:00,141,131.0,77.62255406729145,102.62428957991223,119.76996012187041
2024-03-18 21:00:00,141,110.0,93.90269783431134,116.7422278028816,149.8455661804636
2024-03-18 22:00:00,141,71.0,63.89571093472046,86.18981776275224,115.283699241718
2024-03-18 23:00:00,141,34.0,31.355941785469973,46.78765339303656,62.23544736931546
2024-03-19 00:00:00,141,19.0,8.57658614683614,17.378070936322892,33.2459134440017
2024-03-19 01:00:00,141,6.0,3.9570209187949117,9.129962594438641,15.651506691709004
2024-03-19 02:00:00,141,8.0,1.4237106300884825,5.557277668075778,9.919910790367673
2024-03-19 03:00:00,141,1.0,0.8179988439666945,3.591070891624665,7.703321254564714
2024-03-19 04:00:00,141,5.0,4.45884548982701,6.911941115867703,10.654729582947754
2024-03-19 05:00:00,141,11.0,6.011456624142766,14.56001952003428,18.124894258006105
2024-03-19 06:00:00,141,45.0,16.318132022519965,48.41699103545388,56.96239753512788
2024-03-19 07:00:00,141,136.0,36.10048132924941,105.99152644084477,129.63562944758124
2024-03-19 08:00:00,141,164.0,94.16813317966171,168.88423376510804,187.45905720851934
2024-03-19 09:00:00,141,155.0,125.87037702969522,162.27844198726697,186.88041326890735
2024-03-19 10:00:00,141,139.0,119.6180776324266,140.55610527652215,168.53782893505073
2024-03-19 11:00:00,141,148.0,119.60562900334638,144.23390021780529,172.63290821341093
2024-03-19 12:00:00,141,150.0,116.45082355575438,151.14016579314043,187.94389384951262
2024-03-19 13:00:00,141,171.0,123.67908668429031,149.4332843792957,179.16687074160953
2024-03-19 14:00:00,141,177.0,134.41793938624576,161.4609950939331,172.55715849810414
2024-03-19 15:00:00,141,166.0,141.57570793337038,164.11548958534073,190.7484875507444
2024-03-19 16:00:00,141,121.0,146.29348221172057,167.54448647467098,195.99769022593205
2024-03-19 17:00:00,141,157.0,125.65873500705707,166.8734366522834,214.25921320980052
2024-03-19 18:00:00,141,152.0,120.51647186533404,162.34779137790028,220.25083809871393
2024-03-19 19:00:00,141,135.0,108.81920440147938,137.51217334943644,193.36657256754842
2024-03-19 20:00:00,141,118.0,92.95294971455814,119.03112605488896,144.89492964438853
2024-03-19 21:00:00,141,155.0,97.53362510037275,129.6004276796542,165.2914590574249
2024-03-19 22:00:00,141,98.0,85.66831919699243,112.85269077854787,142.0543770713271
2024-03-19 23:00:00,141,48.0,47.89306709792872,64.620022343803,90.96189378090578
2024-03-20 00:00:00,141,23.0,13.696011481604677,23.205320923550016,41.266833768956666
2024-03-20 01:00:00,141,9.0,5.278978059693117,10.745453017927499,18.93592492765319
2024-03-20 02:00:00,141,7.0,2.694361571961673,6.176679671242593,11.271006056045985
2024-03-20 03:00:00,141,3.0,2.0226280365159615,4.887529261488458,8.754900425034034
2024-03-20 04:00:00,141,11.0,3.185270911660199,4.908014715709847,11.33705918737939
2024-03-20 05:00:00,141,8.0,6.245250529423118,15.37261734426567,19.284751909832437
2024-03-20 06:00:00,141,53.0,16.15864968725425,45.28743723502549,58.146330516526234
2024-03-20 07:00:00,141,123.0,41.54526592637167,112.11413677007212,145.28261304571652
2024-03-20 08:00:00,141,156.0,110.01240951918363,180.55185548615947,199.85098536765244
2024-03-20 09:00:00,141,157.0,134.26395795722817,165.72297994513346,199.67920819745234
2024-03-20 10:00:00,141,142.0,132.79238371440184,146.5932083627506,167.45354425752575
2024-03-20 11:00:00,141,153.0,132.2357504370318,152.97486990309557,182.19995661840315
2024-03-20 12:00:00,141,158.0,127.07995187014345,158.674805215509,189.88612012219463
2024-03-20 13:00:00,141,122.0,138.17898140689653,164.66161884397312,189.9147172624097
2024-03-20 14:00:00,141,156.0,137.59469753288016,160.05972724309765,183.93747218415396
2024-03-20 15:00:00,141,138.0,133.72313439186894,154.06315175213032,183.63766018746756
2024-03-20 16:00:00,141,179.0,141.08081463093603,164.07806363118138,174.1258586218984
2024-03-20 17:00:00,141,199.0,120.80407084985542,169.78033242088566,204.6007655209054
2024-03-20 18:00:00,141,171.0,143.73451109605784,179.30656205222402,235.92928192749508
2024-03-20 19:00:00,141,139.0,120.71397560395137,153.32835888408835,212.10362633595935
2024-03-20 20:00:00,141,165.0,111.95226734400796,138.59702000438756,163.58531838687094
2024-03-20 21:00:00,141,158.0,97.13805226580799,127.09143455583714,164.26450216905582
2024-03-20 22:00:00,141,91.0,92.07231533628133,113.77725678544316,151.52280992949812
2024-03-20 23:00:00,141,52.0,42.93690413899959,69.19716658505995,96.9516943981491
2024-03-21 00:00:00,141,11.0,19.21774750329396,29.102150708968345,43.27250643576524
2024-03-21 01:00:00,141,9.0,9.156889027275753,14.415905764567654,23.746554657973203
2024-03-21 02:00:00,141,5.0,5.17905893227891,10.988722458201796,13.257337261232168
2024-03-21 03:00:00,141,3.0,2.0226280365159615,5.1747016378854,10.36737695248749
2024-03-21 04:00:00,141,11.0,4.93683452824104,7.028708003078028,16.58555253995659
2024-03-21 05:00:00,141,20.0,7.694022964853161,17.97633802423991,23.13281841856472
2024-03-21 06:00:00,141,49.0,14.890307883209653,42.94223282636405,55.92440117384553
2024-03-21 07:00:00,141,131.0,44.45335293671958,126.26390604703691,152.2335057563305
2024-03-21 08:00:00,141,205.0,106.86231140397648,178.6179814665348,193.5991866117593
2024-03-21 09:00:00,141,174.0,131.6685957639342,165.3504926870282,183.30925508782707
2024-03-21 10:00:00,141,161.0,149.65448042415673,163.15819789265367,183.84075951764845
2024-03-21 11:00:00,141,157.0,135.329422945986,152.89523920450264,183.98428561237182
2024-03-21 12:00:00,141,166.0,135.01495838033625,160.33250281521825,181.53074723158846
2024-03-21 13:00:00,141,173.0,136.6412589304854,156.2653107433829,176.04015740882147
2024-03-21 14:00:00,141,191.0,127.37316860532242,162.20694487040475,193.90463682088406
2024-03-21 15:00:00,141,164.0,149.18303924244424,172.3573179690038,198.762155763666
2024-03-21 16:00:00,141,168.0,141.80736196644398,167.5748293281968,203.95608778456688
2024-03-21 17:00:00,141,159.0,142.3685302245831,184.1843665972562,214.0790385224217
2024-03-21 18:00:00,141,178.0,151.58710842081857,203.7992535309309,254.84274026460352
2024-03-21 19:00:00,141,199.0,159.2082332326616,183.44046838794995,217.97941072637371
2024-03-21 20:00:00,141,175.0,126.68442698972187,155.0898887856492,176.8755136648521
2024-03-21 21:00:00,141,162.0,144.8143767008259,183.527524725203,227.59881780679473
2024-03-21 22:00:00,141,171.0,135.44927694807754,172.8527634772704,233.7043435762858
2024-03-21 23:00:00,141,62.0,76.04061747443208,100.2693218848222,120.89562397217237
2024-03-22 00:00:00,141,29.0,24.266298934213324,40.107292408577905,48.31171313070212
2024-03-22 01:00:00,141,17.0,13.03012648064864,22.054242550792058,35.43582675666959
2024-03-22 02:00:00,141,7.0,6.381874592998818,11.357367580807912,18.5039903473561
2024-03-22 03:00:00,141,9.0,4.378558123883356,8.687837223379685,17.366622206818118
2024-03-22 04:00:00,141,6.0,4.84556793609351,7.665187727293401,16.74523438053064
2024-03-22 05:00:00,141,10.0,9.655015879924248,19.349670772495276,20.737501813512246
2024-03-22 06:00:00,141,47.0,22.082669532243166,58.90990609841999,79.90049896270557
2024-03-22 07:00:00,141,105.0,40.2310921264324,100.31225937198356,129.93935932166528
2024-03-22 08:00:00,141,162.0,105.50531934664947,165.0930476004139,183.6282693863046
2024-03-22 09:00:00,141,126.0,130.46870048313582,160.12837931943466,173.54915463891322
2024-03-22 10:00:00,141,128.0,132.3035165140757,149.5498310187358,169.0514224541321
2024-03-22 11:00:00,141,136.0,128.00806300653377,142.59510046781972,163.59029211585766
2024-03-22 12:00:00,141,132.0,135.86320342056416,158.29807336024146,185.92247272709255
2024-03-22 13:00:00,141,179.0,142.1690566054037,165.08261876452815,187.9629189818391
2024-03-22 14:00:00,141,192.0,135.63538870686608,164.01174111446437,175.5123802531386
2024-03-22 15:00:00,141,161.0,157.35710002872807,186.8894944905541,221.46777140366072
2024-03-22 16:00:00,141,146.0,152.3854340897616,175.11440183972854,197.74132596626237
2024-03-22 17:00:00,141,198.0,145.006702911554,185.19906550522683,217.2011553767914
2024-03-22 18:00:00,141,234.0,144.25888263756434,183.29935038830476,237.4220643127122
2024-03-22 19:00:00,141,292.0,141.42508747631882,179.97571555346326,228.2505520041349
2024-03-22 20:00:00,141,183.0,160.10511969467524,186.8086216663592,218.887872935937
2024-03-22 21:00:00,141,156.0,150.99130474841525,180.45655025190115,228.18455452425837
2024-03-22 22:00:00,141,119.0,112.15047082790362,155.0041266227469,181.6443600541765
2024-03-22 23:00:00,141,106.0,84.1500662538706,126.51211883184295,156.7488459885551
2024-03-23 00:00:00,141,86.0,42.038423189008356,80.11956498088831,111.86318931190162
2024-03-23 01:00:00,141,33.0,20.95739695658944,40.68522824637894,54.08367028837934
2024-03-23 02:00:00,141,26.0,17.8302729354545,30.779494575067844,46.099819652225065
2024-03-23 03:00:00,141,22.0,9.81775007682768,16.98178007017994,27.412247170152618
2024-03-23 04:00:00,141,14.0,8.718416516642227,16.228189086178343,21.766970180317024
2024-03-23 05:00:00,141,15.0,9.969862483768516,8.596473138614185,18.066386533116674
2024-03-23 06:00:00,141,14.0,16.94578307781946,25.831582515375253,35.53962268154901
2024-03-23 07:00:00,141,26.0,35.29597723486908,52.04062009819614,67.36300316448003
2024-03-23 08:00:00,141,66.0,59.83641463531182,81.09936413173507,102.30060843647996
2024-03-23 09:00:00,141,108.0,88.21188092393325,115.03807866260384,147.0003985102982
2024-03-23 10:00:00,141,141.0,100.64353446482187,146.38645563839947,170.04054276296304
2024-03-23 11:00:00,141,144.0,109.21392562823604,147.14055341581462,185.16433895721556
2024-03-23 12:00:00,141,185.0,122.34347990558742,162.83160294208292,219.50188013763275
2024-03-23 13:00:00,141,174.0,125.16764664355438,164.93809415249083,222.8544919206177
2024-03-23 14:00:00,141,200.0,154.30991961347357,187.62226545875615,215.8240178819998
2024-03-23 15:00:00,141,161.0,152.8339834598329,191.31473498860973,231.16101515726643
2024-03-23 16:00:00,141,144.0,163.6418144718544,200.50594311631443,238.21279894670482
2024-03-23 17:00:00,141,148.0,150.30529135500666,193.6211633803232,241.8446570619979
2024-03-23 18:00:00,141,159.0,147.59020707580729,196.10466861217725,259.8000914073234
2024-03-23 19:00:00,141,238.0,162.9184655058199,213.80814824676753,263.4924535603414
2024-03-23 20:00:00,141,214.0,146.79961831365645,193.64432934534867,208.2969161039278
2024-03-23 21:00:00,141,109.0,146.0477332554311,178.51494808123942,231.54958956322972
2024-03-23 22:00:00,141,129.0,135.00234839897328,167.7018212054015,209.65408317663744
2024-03-23 23:00:00,141,106.0,84.20494318090952,128.86533464100438,171.78611359106984
2024-03-24 00:00:00,141,73.0,54.388815158441126,99.81240981385506,137.53682392147135
2024-03-24 01:00:00,141,61.0,38.63388377923136,76.37640682790253,105.51415179384536
2024-03-24 02:00:00,141,31.0,20.6256640418068,30.04560341039326,46.01852650609359
2024-03-24 03:00:00,141,16.0,15.980947803694034,25.10305433061179,37.66765156422429
2024-03-24 04:00:00,141,12.0,8.723648994372521,15.448594092158492,22.88514653885904
2024-03-24 05:00:00,141,4.0,10.61164328629755,13.487983910645756,22.439075777863607
2024-03-24 06:00:00,141,12.0,18.524122868788655,31.416598095565906,36.58663657372614
2024-03-24 07:00:00,141,29.0,26.530779344640465,38.83767876726407,52.40345806933289
2024-03-24 08:00:00,141,58.0,38.688717038688296,60.626740732415605,75.83684234064509
2024-03-24 09:00:00,141,88.0,56.69954136606279,97.32525259383182,121.52621634161328
2024-03-24 10:00:00,141,124.0,86.42549282129382,126.15649435783439,147.0455015129985
2024-03-24 11:00:00,141,146.0,116.32409982922445,144.52728884326717,171.15563561820258
2024-03-24 12:00:00,141,155.0,128.3368915898838,155.4721874041904,200.301491542564
2024-03-24 13:00:00,141,170.0,136.8103257990808,163.9759022211896,200.1501953344797
2024-03-24 14:00:00,141,164.0,140.19454351067108,164.45367251940095,179.7871917804161
2024-03-24 15:00:00,141,129.0,148.9548065551682,168.52365187385092,189.96992171317905
2024-03-24 16:00:00,141,117.0,137.38846927915506,152.7227080488059,170.2690093314224
2024-03-24 17:00:00,141,127.0,125.06737699778404,148.40246953455792,177.57099385834826
2024-03-24 18:00:00,141,125.0,118.96709172748686,137.02937296413273,174.69012781278246
2024-03-24 19:00:00,141,124.0,93.13564289836836,114.15998599116999,142.00524263889181
2024-03-24 20:00:00,141,121.0,80.78781234182458,100.04948279747819,127.29064570591441
2024-03-24 21:00:00,141,77.0,78.34740719442078,88.06663433025469,117.16635943980937
2024-03-24 22:00:00,141,60.0,49.76455531248873,66.85760189914582,89.1416796854862
2024-03-24 23:00:00,141,19.0,19.87524330349893,32.805117987921946,67.22077484868052
2024-03-25 00:00:00,141,11.0,7.1781258706359,19.287928464085518,37.91933515804424
2024-03-25 01:00:00,141,10.0,1.374897063707177,7.0231091257578,17.149399517825362
2024-03-25 02:00:00,141,9.0,2.948086291379426,7.632162143345275,15.974131150332555
2024-03-25 03:00:00,141,6.0,3.02768995209814,7.543954574103275,10.883273582767059
2024-03-25 04:00:00,141,8.0,4.548159017636338,7.271993866764371,11.977721638655733
2024-03-25 05:00:00,141,19.0,5.718239036052905,12.81165345115901,18.058652425613527
2024-03-25 06:00:00,141,53.0,14.068930706185888,35.258221141812214,54.05392930216553
2024-03-25 07:00:00,141,83.0,31.626737748420535,83.65442555611264,136.13498850380444
2024-03-25 08:00:00,141,178.0,55.15096485249411,116.4492736142497,166.45035776055306
2024-03-25 09:00:00,141,125.0,89.24367925126732,128.08642502709506,151.69505199706384
2024-03-25 10:00:00,141,124.0,108.3462128526069,134.78351663251968,165.4744304159367
2024-03-25 11:00:00,141,135.0,105.3592885025946,131.12620636850352,156.3846639030634
2024-03-25 12:00:00,141,135.0,114.28746855008946,139.40571850136845,168.05256064315918
2024-03-25 13:00:00,141,144.0,124.76391577543846,142.6489105847205,167.99776761593557
2024-03-25 14:00:00,141,144.0,130.45223288483157,155.92772245630076,167.8709865939124
2024-03-25 15:00:00,141,154.0,127.5534827245382,152.33894610512095,174.53093665440952
2024-03-25 16:00:00,141,130.0,117.74599700423163,143.60205128374457,156.57269343087285
2024-03-25 17:00:00,141,130.0,115.61947319328911,156.79628328417402,188.91516416510623
2024-03-25 18:00:00,141,141.0,108.89829770821652,151.8126609141833,192.3519637338989
2024-03-25 19:00:00,141,100.0,92.39094875906277,112.43808564871102,142.18457525981313
2024-03-25 20:00:00,141,128.0,78.0286758007283,101.92985047082102,122.05010905747895
2024-03-25 21:00:00,141,91.0,78.72489494280269,111.285182797915,123.63264795426491
2024-03-25 22:00:00,141,87.0,59.65599284270262,77.5996459355201,101.00868221246887
2024-03-25 23:00:00,141,27.0,28.20796682142837,37.47098272244785,53.751465044944645
2024-03-26 00:00:00,141,16.0,8.899698723892831,15.655371801073423,32.75945252400803
2024-03-26 01:00:00,141,8.0,3.705661544600026,8.172430912119701,13.262803118730416
2024-03-26 02:00:00,141,3.0,1.2075512558935964,5.157221650076543,9.450499473898146
2024-03-26 03:00:00,141,0.0,1.9254517787141152,4.4674767597977265,9.859181914504136
2024-03-26 04:00:00,141,4.0,0.29241995356234246,4.2130053827523,10.200659084312841
2024-03-26 05:00:00,141,16.0,6.011456624142766,14.497588468607411,16.946143413229798
2024-03-26 06:00:00,141,50.0,17.201208550291597,48.39822147257682,63.89415942517881
2024-03-26 07:00:00,141,113.0,40.20376343645335,114.67171939923027,141.82101642234986
2024-03-26 08:00:00,141,158.0,94.16813317966171,168.03689613638645,190.53112650375763
2024-03-26 09:00:00,141,124.0,122.33936143917305,152.66654155261293,181.66247984409588
2024-03-26 10:00:00,141,120.0,119.6180776324266,140.9362927443313,168.8707446788778
2024-03-26 11:00:00,141,103.0,113.76561559910166,138.85746007570117,167.10511047517804
2024-03-26 12:00:00,141,149.0,118.74027184456013,147.9888919829565,172.8067382517417
2024-03-26 13:00:00,141,145.0,113.9157740240732,138.08857059879355,160.68466780869807
2024-03-26 14:00:00,141,158.0,129.46570057832372,157.07381978927225,178.0305668751132
2024-03-26 15:00:00,141,142.0,129.07579443053652,151.27859833277125,185.90472518993604
2024-03-26 16:00:00,141,137.0,137.1861476341252,158.27129575236276,175.02170795123763
2024-03-26 17:00:00,141,147.0,107.71820874327099,158.77110700770126,193.63851927662793
2024-03-26 18:00:00,141,191.0,120.41725013464679,169.49095563353396,222.14860051671045
2024-03-26 19:00:00,141,176.0,104.11820665445137,129.63922229346852,178.23352872218692
2024-03-26 20:00:00,141,177.0,91.36577032926171,126.91936296916423,154.09881375961007
2024-03-26 21:00:00,141,172.0,97.0358610688683,126.57550263446694,166.19160363530435
2024-03-26 22:00:00,141,108.0,91.71518771036891,116.54361762127236,155.66548603522872
2024-03-26 23:00:00,141,25.0,40.02861443244764,64.96592027587945,99.90408114305811
2024-03-27 00:00:00,141,20.0,15.30584070296596,23.93500748775269,40.964911875279725
2024-03-27 01:00:00,141,14.0,4.771324627621722,10.585260935950993,17.03506260650814
2024-03-27 02:00:00,141,5.0,2.522162925496527,5.871913151876494,10.632692467369349
2024-03-27 03:00:00,141,7.0,2.084926838520294,5.359616755396877,10.759955183223344
2024-03-27 04:00:00,141,4.0,3.185270911660199,4.597355527015814,10.904468347939478
2024-03-27 05:00:00,141,15.0,7.598512256682255,15.253324133417628,21.442701128535614
2024-03-27 06:00:00,141,53.0,15.684535494446461,46.0024940432118,53.47230660719722
2024-03-27 07:00:00,141,105.0,47.23523045786311,126.6838658734416,155.2315760751643
2024-03-27 08:00:00,141,162.0,97.64645059119694,172.29977224585414,192.10296590053417
2024-03-27 09:00:00,141,145.0,119.44668740644968,149.9535400292719,167.15944040129602
2024-03-27 10:00:00,141,156.0,121.54162675142318,139.73573871914135,164.35188471032797
2024-03-27 11:00:00,141,139.0,115.28083277389337,138.34456775753796,175.8783858296876
2024-03-27 12:00:00,141,137.0,121.42049558926479,153.76590007875737,184.59189925396544
2024-03-27 13:00:00,141,171.0,130.11185581161655,156.90463350813343,176.98341521921853
2024-03-27 14:00:00,141,162.0,115.86487587155494,143.89726222127416,166.54295830048204
2024-03-27 15:00:00,141,153.0,147.37143673523082,165.1028638199433,199.56482115006045
2024-03-27 16:00:00,141,142.0,127.59759379867523,145.39576094617846,178.7860619096707
2024-03-27 17:00:00,141,188.0,132.21012274719155,179.00134252388835,225.91355846559978
2024-03-27 18:00:00,141,227.0,138.25374197214447,185.9475254635629,248.93015625323878
2024-03-27 19:00:00,141,142.0,124.8945342426284,157.99839483489902,216.96102683407486
2024-03-27 20:00:00,141,147.0,111.40775545064821,136.65105817634003,167.5874990350466
2024-03-27 21:00:00,141,126.0,118.73019105554926,146.48919688589248,178.79671964492934
2024-03-27 22:00:00,141,88.0,98.75011429072998,133.97000971521663,163.70790241129617
2024-03-27 23:00:00,141,61.0,43.39634935010851,64.55231390675449,95.95557677926757
2024-03-28 00:00:00,141,28.0,15.530686824238291,21.318987144085547,38.0624218244516
2024-03-28 01:00:00,141,14.0,2.7531009313663537,9.31268519284782,18.69654879038587
2024-03-28 02:00:00,141,3.0,2.9284705075883606,8.753758422301122,12.38317748981218
2024-03-28 03:00:00,141,9.0,2.1123834078642925,5.947583959542107,9.293938703839373
2024-03-28 04:00:00,141,10.0,3.4438989208606507,6.023973420258049,11.239310912408511
2024-03-28 05:00:00,141,21.0,7.576793104987177,15.519823651064785,22.277600385920262
2024-03-28 06:00:00,141,59.0,19.278818304335687,56.819035170770135,65.89523714500494
2024-03-28 07:00:00,141,107.0,44.45335293671958,126.77061932512966,150.87670458869087
2024-03-28 08:00:00,141,180.0,97.01274738383174,172.0055588657558,199.72156883224537
2024-03-28 09:00:00,141,174.0,129.91816062716822,159.47336790901812,186.42974898108122
2024-03-28 10:00:00,141,145.0,138.23465998991364,157.25934165360565,182.99418809801844
2024-03-28 11:00:00,141,144.0,147.9944586027413,167.54495336241942,190.54857945649613
2024-03-28 12:00:00,141,181.0,127.61685243006751,156.76059592391428,181.6727573444505
2024-03-28 13:00:00,141,157.0,129.50032293146072,155.24078458470743,183.15814927364707
2024-03-28 14:00:00,141,152.0,151.36309322515785,181.74781631670626,196.7339177098684
2024-03-28 15:00:00,141,169.0,146.91120524369168,172.16076177878276,200.43760660203264
2024-03-28 16:00:00,141,155.0,135.48535264326893,162.99329971543133,174.57359108152409
2024-03-28 17:00:00,141,173.0,144.23541777951826,184.90853677167524,222.5474557327322
2024-03-28 18:00:00,141,229.0,141.9268448806074,188.15200774033548,238.1216484932138
2024-03-28 19:00:00,141,251.0,132.49359118818634,156.5507389859841,207.02340430757565
2024-03-28 20:00:00,141,194.0,127.96077210287746,159.24809704983946,176.59578262145615
2024-03-28 21:00:00,141,167.0,130.0027930780897,168.101096697447,196.59109978200635
2024-03-28 22:00:00,141,139.0,106.18758704619475,144.17774387995416,172.8512884036103
2024-03-28 23:00:00,141,56.0,75.70086067255505,101.30256135887439,121.86284404246062
2024-03-29 00:00:00,141,57.0,22.70370028304128,38.95426389889893,49.582900391772085
2024-03-29 01:00:00,141,25.0,10.209771425725217,22.013258168210708,28.721077269203473
2024-03-29 02:00:00,141,15.0,6.080435103267867,12.945226970435883,21.293716662442886
2024-03-29 03:00:00,141,8.0,3.037628381926061,7.0790770127733245,15.126252325580271
2024-03-29 04:00:00,141,19.0,5.947798448874682,11.573232038672034,17.390640531238038
2024-03-29 05:00:00,141,13.0,6.382364444832298,14.73147402212271,20.46243117073242
2024-03-29 06:00:00,141,34.0,17.61100617826036,43.48039295762227,63.12388351954183
2024-03-29 07:00:00,141,74.0,46.9374598081576,108.14898334901054,138.5844017505315
2024-03-29 08:00:00,141,112.0,85.00045529476705,149.28410275604986,169.39623350398733
2024-03-29 09:00:00,141,129.0,120.88010221584904,157.38198710858586,170.5212175896541
2024-03-29 10:00:00,141,161.0,115.38278235021856,139.631955062702,157.70222097302485
2024-03-29 11:00:00,141,144.0,117.26944974230184,134.32335375183573,162.0187169490916
2024-03-29 12:00:00,141,137.0,130.4642426555396,153.3873275695743,187.0422985146652
2024-03-29 13:00:00,141,148.0,125.7811408408243,146.29611711101248,172.49198289232595
2024-03-29 14:00:00,141,195.0,136.99584798151378,163.18049578164067,187.15728066413274
2024-03-29 15:00:00,141,160.0,139.13669366683135,164.77921436585936,202.2113322241207
2024-03-29 16:00:00,141,144.0,152.3854340897616,176.51363795853507,198.66014375675002
2024-03-29 17:00:00,141,177.0,137.05373980269192,172.6479326047679,208.80829648959855
2024-03-29 18:00:00,141,227.0,143.34522771201023,184.79965342532984,245.24797691081847
2024-03-29 19:00:00,141,244.0,152.37938082298115,196.14669197081327,237.8163696952417
2024-03-29 20:00:00,141,183.0,177.71525644135093,200.30506115766866,230.63933404399782
2024-03-29 21:00:00,141,163.0,135.87680694286425,165.49490189458223,210.7381044066864
2024-03-29 22:00:00,141,133.0,109.77150728772217,144.48162324190375,173.5202911914202
2024-03-29 23:00:00,141,109.0,63.817925698226574,100.64279763415419,133.85593004132087
2024-03-30 00:00:00,141,90.0,37.22345488144888,68.57980561412899,95.35953847281876
2024-03-30 01:00:00,141,38.0,31.71641025708237,59.658851987796965,73.8087700531211
2024-03-30 02:00:00,141,31.0,12.407932233560748,24.93898957253781,32.34145012406075
2024-03-30 03:00:00,141,16.0,9.91349625226055,19.569722270885492,23.47468613203315
2024-03-30 04:00:00,141,22.0,8.539508995290687,14.580308930350542,21.84706202002532
2024-03-30 05:00:00,141,9.0,8.191763273995182,11.450396466400129,18.008550107279724
2024-03-30 06:00:00,141,19.0,17.00335883111492,21.22298983654025,36.77655721037631
2024-03-30 07:00:00,141,34.0,26.12288286323527,33.862064030080106,46.467076892303055
2024-03-30 08:00:00,141,76.0,48.17452135634475,59.319772444087306,67.1147228646372
2024-03-30 09:00:00,141,109.0,72.29900383825508,110.42041040224385,135.05502940497598
2024-03-30 10:00:00,141,121.0,95.46589906508852,137.21500638878678,164.7723533801399
2024-03-30 11:00:00,141,132.0,122.82413379283555,155.0075173421933,184.46130294190783
2024-03-30 12:00:00,141,153.0,123.07377156440816,157.9099147316568,208.57203117368962
2024-03-30 13:00:00,141,160.0,127.76476680119447,162.69259903978494,214.63507354981408
2024-03-30 14:00:00,141,141.0,136.2177240445155,169.22315725854313,188.71313853857234
2024-03-30 15:00:00,141,152.0,150.15489318620578,182.22459161628052,224.20730282600977
2024-03-30 16:00:00,141,136.0,134.63388524473862,164.69790930551108,185.05444544193452
2024-03-30 17:00:00,141,140.0,128.65684724395868,163.5562818270708,207.30451871883835
2024-03-30 18:00:00,141,143.0,131.0146799483687,164.78928268360048,216.2416312178794
2024-03-30 19:00:00,141,190.0,116.94407540875734,157.3949907946985,199.02348909406612
2024-03-30 20:00:00,141,220.0,136.60504185841572,169.3087917940677,194.67658424256436
2024-03-30 21:00:00,141,160.0,143.72052924502952,173.26843484183462,221.3108988364795
2024-03-30 22:00:00,141,114.0,97.70816063803105,117.87527970822062,156.32631839635562
2024-03-30 23:00:00,141,94.0,67.69505442373051,121.66862992140038,166.9750311291296
2024-03-31 00:00:00,141,68.0,35.34696313737365,65.67305247235572,100.08410072772547
2024-03-31 01:00:00,141,46.0,20.945547728598925,40.24692620709327,61.61869755267373
2024-03-31 02:00:00,141,26.0,17.63352417157897,29.350241481514853,43.42173608640506
2024-03-31 03:00:00,141,20.0,10.122931280511823,20.227541234361208,28.29570830856289
2024-03-31 04:00:00,141,28.0,6.783606319117392,12.326714588528809,20.260614212491614
2024-03-31 05:00:00,141,8.0,6.394516804250811,8.188786763390869,15.846834673141485
2024-03-31 06:00:00,141,15.0,11.648648270947257,14.970184553498992,25.67285078387266
2024-03-31 07:00:00,141,27.0,22.377292345693075,28.73948300758091,43.300984237585844
2024-03-31 08:00:00,141,52.0,36.97851362628526,54.065752209933855,65.73297062235216
2024-03-31 09:00:00,141,87.0,57.34892827000952,95.06848750994418,114.22198826760051
2024-03-31 10:00:00,141,160.0,78.51890902026337,113.73036265466841,132.06063352683603
2024-03-31 11:00:00,141,154.0,97.71919671637883,131.6134741405491,158.60361327334428
2024-03-31 12:00:00,141,144.0,120.96284402991974,156.46885483161267,197.09888947239057
2024-03-31 13:00:00,141,164.0,132.49844966092036,155.99789924006078,185.6797943864378
2024-03-31 14:00:00,141,141.0,134.91265963776902,159.67907363052348,179.14138973771492
2024-03-31 15:00:00,141,104.0,132.62820163132142,154.39753331380476,186.3027078814937
2024-03-31 16:00:00,141,124.0,116.99449736926172,134.01535119855723,157.0665353425084
2024-03-31 17:00:00,141,120.0,102.9191398632691,125.58384211832123,159.63288447575522
2024-03-31 18:00:00,141,126.0,111.95091105171241,133.90347512587547,180.84350240461492
2024-03-31 19:00:00,141,102.0,82.14961720506244,101.04378205150931,128.07061153019984
2024-03-31 20:00:00,141,90.0,81.74162897226985,97.75896667933438,121.94002708197229
2024-03-31 21:00:00,141,79.0,83.07566613099547,99.27230353764888,118.77065243793662
2024-03-31 22:00:00,141,54.0,36.449295091421014,59.322636956439766,87.58861049101641
2024-03-31 23:00:00,141,25.0,19.810484408610478,32.51136077015329,67.23082680431094
2024-03-18 00:00:00,142,11.0,22.75841322213562,45.175009660996714,84.88215335292188
2024-03-18 01:00:00,142,17.0,0.0,10.115565371636885,15.56951789171886
2024-03-18 02:00:00,142,2.0,0.0,2.2946534073684814,6.200599015523833
2024-03-18 03:00:00,142,3.0,1.7607073601190726,5.462463510338683,15.136685308497855
2024-03-18 04:00:00,142,9.0,0.2922083234597736,3.267253371210779,6.3695091496381595
2024-03-18 05:00:00,142,15.0,3.9420984071483276,9.214809759195163,28.120378738707114
2024-03-18 06:00:00,142,33.0,14.14597522929504,34.83741400443573,77.52362759086904
2024-03-18 07:00:00,142,89.0,23.55901135188603,77.35277725885521,145.30962806847046
2024-03-18 08:00:00,142,164.0,60.80877641606292,127.15097634155107,180.1326238331828
2024-03-18 09:00:00,142,149.0,93.49371000220437,149.39627092517165,172.04663844902095
2024-03-18 10:00:00,142,167.0,128.09606094794745,164.62386643263002,197.3597915007266
2024-03-18 11:00:00,142,158.0,136.51517258692283,163.74443611243086,195.89548972972386
2024-03-18 12:00:00,142,178.0,149.93497633886864,189.75289768833153,213.07474401425236
2024-03-18 13:00:00,142,160.0,155.04254173217487,191.78137706083243,217.93779228874072
2024-03-18 14:00:00,142,176.0,158.88846300939645,200.53424245525903,226.19891932721387
2024-03-18 15:00:00,142,167.0,149.11409939025356,180.13440705580206,213.14498586529976
2024-03-18 16:00:00,142,176.0,156.42949545863948,193.02736736937797,239.59846248602508
2024-03-18 17:00:00,142,174.0,142.52454975217228,199.24722452924024,246.91919882268243
2024-03-18 18:00:00,142,194.0,164.8440666013134,221.24918042750545,272.8827460941414
2024-03-18 19:00:00,142,170.0,143.8763116240758,200.01669395006138,243.34360140954914
2024-03-18 20:00:00,142,176.0,111.43249472968878,155.77283841358323,198.8589085128571
2024-03-18 21:00:00,142,139.0,123.91930985636931,173.54850374290203,268.15273591536857
2024-03-18 22:00:00,142,135.0,127.20112995723862,175.97145577611306,288.80130858492913
2024-03-18 23:00:00,142,39.0,71.74673042790342,96.62530686047859,160.72963180029134
2024-03-19 00:00:00,142,19.0,16.02287143039302,21.703305777737317,54.24534222993765
2024-03-19 01:00:00,142,17.0,2.481454850950135,6.59862040883879,10.113122309995935
2024-03-19 02:00:00,142,2.0,4.21238580996942,6.169146234292164,17.006523814763387
2024-03-19 03:00:00,142,2.0,0.0,2.08058874262918,5.141039016454442
2024-03-19 04:00:00,142,3.0,0.25707569382741424,3.023804217234108,7.2748702481403065
2024-03-19 05:00:00,142,6.0,3.727749982473047,9.168775213158543,19.43988521791936
2024-03-19 06:00:00,142,34.0,13.345442321732861,38.088950626460814,50.477803196456506
2024-03-19 07:00:00,142,106.0,24.470349450297718,86.53247862889158,122.12686682314738
2024-03-19 08:00:00,142,165.0,84.56305684691331,166.72328749620686,198.99027340066795
2024-03-19 09:00:00,142,174.0,118.08285545741776,164.0936789422603,194.0372464595521
2024-03-19 10:00:00,142,158.0,132.23186057018617,165.89483430224328,205.5487622816003
2024-03-19 11:00:00,142,161.0,147.64250355572418,184.30199181326955,220.24539285602623
2024-03-19 12:00:00,142,206.0,141.26312722934955,181.681063320308,209.54608798316582
2024-03-19 13:00:00,142,176.0,151.0430604764865,184.8804201358826,228.2522830997374
2024-03-19 14:00:00,142,204.0,158.46296057827297,202.08671872054637,258.4510972513662
2024-03-19 15:00:00,142,170.0,148.73207474388465,187.8683110224614,222.63870188856728
2024-03-19 16:00:00,142,160.0,158.88309039980314,202.16128333516204,287.46789703054645
2024-03-19 17:00:00,142,221.0,155.58796548060758,213.32984385361814,272.2798009779838
2024-03-19 18:00:00,142,270.0,156.11099045610433,221.7016638823605,287.41575257673384
2024-03-19 19:00:00,142,212.0,152.92350822815794,215.85981818317563,299.53219768123506
2024-03-19 20:00:00,142,200.0,137.53235210519793,188.00569316359653,288.5418270920375
2024-03-19 21:00:00,142,452.0,147.45941460225254,221.88792065166243,378.8096273300463
2024-03-19 22:00:00,142,347.0,152.65270995831898,196.3707494746223,333.93617061403285
2024-03-19 23:00:00,142,182.0,88.81991468443593,139.834991859089,257.91731492646835
2024-03-20 00:00:00,142,47.0,97.51397860101909,111.88929107635634,170.09692240712175
2024-03-20 01:00:00,142,21.0,0.0,7.955395178301317,26.19567363946138
2024-03-20 02:00:00,142,6.0,4.102358391709319,7.649874896134686,14.13722024652707
2024-03-20 03:00:00,142,7.0,0.0,2.4836778724176733,8.251838858211233
2024-03-20 04:00:00,142,3.0,0.5999901974062779,5.006452715287987,5.913613816704569
2024-03-20 05:00:00,142,6.0,3.8475637972268233,10.61985424363061,15.40234881200461
2024-03-20 06:00:00,142,41.0,11.426131794386235,33.94399432362577,43.48534435939219
2024-03-20 07:00:00,142,100.0,32.436139284274475,103.87759294235686,154.36678392012595
2024-03-20 08:00:00,142,170.0,95.24221975870246,178.28607287411373,220.32717325353437
2024-03-20 09:00:00,142,166.0,122.17739620350174,169.4087532514015,193.89594656141904
2024-03-20 10:00:00,142,182.0,144.94515573102672,173.33748323421798,211.53074923738748
2024-03-20 11:00:00,142,163.0,142.31313138099435,174.2941035268891,214.0951104108133
2024-03-20 12:00:00,142,203.0,149.59549740911126,198.20476655018874,224.69796054983786
2024-03-20 13:00:00,142,178.0,158.82502648308733,197.72529541560976,236.97743540832371
2024-03-20 14:00:00,142,207.0,162.20034420691368,212.3066118576588,262.6889579711683
2024-03-20 15:00:00,142,184.0,158.68748280248795,200.26507936394026,238.33939498119452
2024-03-20 16:00:00,142,215.0,164.40233432629927,207.49298704396764,286.57756502671776
2024-03-20 17:00:00,142,253.0,160.45075872260188,232.20474767189756,284.04942543771455
2024-03-20 18:00:00,142,250.0,185.7812248406729,257.4150913436918,338.9822446848011
2024-03-20 19:00:00,142,231.0,186.07241840144695,230.41121186803633,310.1607317575959
2024-03-20 20:00:00,142,228.0,152.38972922745393,219.00302860515882,269.0630675012933
2024-03-20 21:00:00,142,295.0,153.47156856938537,239.75471453965943,401.3894676425952
2024-03-20 22:00:00,142,391.0,193.28633219685634,283.0303044276755,431.46140032916014
2024-03-20 23:00:00,142,93.0,150.53009067388658,261.4102050235161,379.2426172429156
2024-03-21 00:00:00,142,31.0,38.564971834525494,43.69387752461592,112.57838591642228
2024-03-21 01:00:00,142,20.0,12.938994022480228,16.321688518106388,30.54929979233692
2024-03-21 02:00:00,142,4.0,3.9291116713115786,6.734707611336111,13.778192605070902
2024-03-21 03:00:00,142,4.0,0.0,2.7647563220998794,7.880835055412772
2024-03-21 04:00:00,142,4.0,2.4268123690846197,5.457491434130314,7.237224896542467
2024-03-21 05:00:00,142,18.0,4.983328685034612,10.999092081370728,19.35623443102788
2024-03-21 06:00:00,142,30.0,10.593159107589335,33.48254363238095,35.728995712779216
2024-03-21 07:00:00,142,133.0,38.33333058868157,121.22926451416339,165.8490648017033
2024-03-21 08:00:00,142,195.0,90.70368718645378,173.5373131986914,203.41651817928232
2024-03-21 09:00:00,142,201.0,136.66270894312566,187.14932141002384,215.71418504106222
2024-03-21 10:00:00,142,166.0,149.35669612401853,183.1139453898204,214.85528681794275
2024-03-21 11:00:00,142,185.0,147.4012871659182,181.04258271758803,216.8204054168752
2024-03-21 12:00:00,142,221.0,145.3462579028455,190.44557075207808,209.75620513601228
2024-03-21 13:00:00,142,179.0,166.08106114210412,207.02124567078923,238.8923902018425
2024-03-21 14:00:00,142,211.0,168.94219495431426,224.68624734845065,265.20174913516416
2024-03-21 15:00:00,142,206.0,157.85549411344422,194.2349028568163,230.79074795333378
2024-03-21 16:00:00,142,178.0,165.79222701969866,208.21051895592254,280.1188431878773
2024-03-21 17:00:00,142,223.0,176.56427466184326,248.83428465982988,307.50288294642354
2024-03-21 18:00:00,142,278.0,192.6778579594449,259.75808419741037,331.20120034717866
2024-03-21 19:00:00,142,205.0,191.7563958619156,245.6426009889606,300.7608999715463
2024-03-21 20:00:00,142,251.0,186.7645854158449,246.09693385875153,283.9910059776042
2024-03-21 21:00:00,142,415.0,183.35504313460854,268.1146637648702,417.43634469524284
2024-03-21 22:00:00,142,286.0,194.74406430492817,381.98606771606376,487.71091759028906
2024-03-21 23:00:00,142,326.0,154.91567583142148,343.64586680696254,444.98579251391203
2024-03-22 00:00:00,142,47.0,64.89617907175612,79.3300189747651,148.43398445704688
2024-03-22 01:00:00,142,24.0,18.403890608180017,23.559563449778192,66.73448874158228
2024-03-22 02:00:00,142,1.0,14.228277874358913,16.56835799437827,33.72776529698757
2024-03-22 03:00:00,142,4.0,1.8111108507093503,4.726977406870551,10.374853710592756
2024-03-22 04:00:00,142,4.0,0.2030082891376314,4.106394526017467,9.890149291075083
2024-03-22 05:00:00,142,15.0,5.230214547160465,11.494179666366144,20.59699762455641
2024-03-22 06:00:00,142,25.0,19.17362013180876,49.2982230264634,92.9491078873652
2024-03-22 07:00:00,142,95.0,32.770543896628055,97.16730247024675,146.31633483861697
2024-03-22 08:00:00,142,133.0,108.42496476662386,166.19253609142015,195.8731443866471
2024-03-22 09:00:00,142,156.0,125.60657348103801,167.5502623030901,181.46482065108881
2024-03-22 10:00:00,142,123.0,127.85123344478262,156.86608288154704,178.87322566298855
2024-03-22 11:00:00,142,169.0,143.65458135120812,174.6821942305643,196.7384471231626
2024-03-22 12:00:00,142,183.0,131.91171604754487,170.03979229194562,183.09281514566166
2024-03-22 13:00:00,142,194.0,170.74267433983178,197.39304377879108,233.10289768917573
2024-03-22 14:00:00,142,222.0,157.4837847621247,210.8039918535916,248.02327086658056
2024-03-22 15:00:00,142,195.0,171.03708306525718,215.94291270980546,255.7262144517651
2024-03-22 16:00:00,142,195.0,175.9958387458085,216.63375330840438,285.58903359142244
2024-03-22 17:00:00,142,236.0,155.1787393837252,212.666795186826,255.30435367153947
2024-03-22 18:00:00,142,273.0,180.82970549765759,245.26250060705624,311.95324958339785
2024-03-22 19:00:00,142,216.0,167.8355523149081,225.96488186580436,294.0525131299613
2024-03-22 20:00:00,142,189.0,169.53963803840378,205.7428280782993,250.66277775541246
2024-03-22 21:00:00,142,218.0,153.7579815433423,210.95226302653205,354.0839525197214
2024-03-22 22:00:00,142,229.0,175.83558137891671,250.2155757468654,426.3780086267891
2024-03-22 23:00:00,142,125.0,120.33883142817814,185.18765588472172,270.7358612671606
2024-03-23 00:00:00,142,76.0,141.70844611013172,232.99539251598137,325.65540988676867
2024-03-23 01:00:00,142,24.0,27.06122066162412,45.93582097573807,66.53656442689035
2024-03-23 02:00:00,142,23.0,14.906044899767412,18.110804906151657,33.08278542078501
2024-03-23 03:00:00,142,6.0,1.8295570998535973,4.568765177129166,14.295107588181386
2024-03-23 04:00:00,142,11.0,4.302747361295614,8.026530589574461,11.090653692420494
2024-03-23 05:00:00,142,9.0,4.406402195628131,7.712057036973199,10.904063031439442
2024-03-23 06:00:00,142,19.0,14.098608468876101,23.03712165415084,37.14116841716531
2024-03-23 07:00:00,142,38.0,20.42824309773902,34.71524009463794,47.46856779167657
2024-03-23 08:00:00,142,56.0,55.33988319892089,82.72077664962814,102.21367635911598
2024-03-23 09:00:00,142,111.0,75.32848860355737,121.77378902696124,149.6415791281016
2024-03-23 10:00:00,142,166.0,100.38336657753607,143.16620454127383,180.2329220900513
2024-03-23 11:00:00,142,203.0,112.44067663276725,157.6986332526294,204.29736262754682
2024-03-23 12:00:00,142,236.0,143.90765726758875,200.24076935654844,251.04998383128893
2024-03-23 13:00:00,142,251.0,161.08185294236532,208.90624449638258,289.08173514208073
2024-03-23 14:00:00,142,231.0,168.48389238569195,230.11811892605354,285.13904931241063
2024-03-23 15:00:00,142,233.0,175.72927916727434,221.31453003556638,274.35622575925566
2024-03-23 16:00:00,142,366.0,185.72629804128798,242.27683448843612,359.9953891100258
2024-03-23 17:00:00,142,252.0,174.06593094317395,248.057440023078,317.1865747347332
2024-03-23 18:00:00,142,261.0,198.9625244749653,271.51946929083834,337.09646127354773
2024-03-23 19:00:00,142,253.0,187.71555538614004,250.61103198135416,313.61323505058067
2024-03-23 20:00:00,142,192.0,166.57789307749565,207.32612995137433,261.66383646019375
2024-03-23 21:00:00,142,241.0,144.33312524621653,220.7295704886921,364.872769941973
2024-03-23 22:00:00,142,280.0,176.23171407705556,245.73109107924333,416.79428538986764
2024-03-23 23:00:00,142,347.0,155.045165285361,257.83094508541575,374.61457359491664
2024-03-24 00:00:00,142,82.0,115.01566683515048,213.49939759250046,280.8238142505566
2024-03-24 01:00:00,142,35.0,32.213350368618215,63.134375544310906,117.86542645577076
2024-03-24 02:00:00,142,21.0,8.994571197744106,15.082591001774361,27.16077305534744
2024-03-24 03:00:00,142,15.0,4.060387950797381,12.184915206112343,17.174330552622113
2024-03-24 04:00:00,142,15.0,2.297053361668389,6.358875114589144,9.870022497833315
2024-03-24 05:00:00,142,6.0,5.528182933992728,11.844484943511974,19.772309844844976
2024-03-24 06:00:00,142,12.0,12.69413898368503,20.978116612380326,35.209951701350796
2024-03-24 07:00:00,142,20.0,22.425346065484618,43.695763658821804,58.948630968576644
2024-03-24 08:00:00,142,51.0,31.016217038605188,57.761725719375484,73.22303080590225
2024-03-24 09:00:00,142,99.0,55.51823950046584,106.24060839151099,139.74831393164408
2024-03-24 10:00:00,142,104.0,100.24308370697642,145.59501137787385,171.558770516906
2024-03-24 11:00:00,142,181.0,131.35550079980518,166.72929027495684,213.83776354676377
2024-03-24 12:00:00,142,213.0,140.24823123368088,184.20720996255886,234.07844685033294
2024-03-24 13:00:00,142,201.0,183.8303302074992,226.4572370438182,282.06144332023564
2024-03-24 14:00:00,142,189.0,179.9160517919203,225.85877191874454,272.5410596325274
2024-03-24 15:00:00,142,195.0,170.5279241489692,216.83833094661455,258.1107335944095
2024-03-24 16:00:00,142,168.0,164.40125800664686,200.69792309340224,284.4339746139936
2024-03-24 17:00:00,142,217.0,166.63206155897117,216.04177475195291,277.48533808230104
2024-03-24 18:00:00,142,301.0,162.14809885339156,215.18460362800047,273.93250688505213
2024-03-24 19:00:00,142,169.0,177.1259057162602,225.0514151056988,286.6979230383219
2024-03-24 20:00:00,142,166.0,128.60803632530917,165.12082059694905,221.07965362065264
2024-03-24 21:00:00,142,147.0,124.95544658509138,168.34155263381825,258.4006726912472
2024-03-24 22:00:00,142,73.0,98.29581473472037,139.6089161608372,241.77870108000624
2024-03-24 23:00:00,142,45.0,32.84224902682255,50.29251719457431,139.6480610268687
2024-03-25 00:00:00,142,14.0,8.834129521847634,20.0944478233803,45.412855051751826
2024-03-25 01:00:00,142,6.0,0.0,6.313917883303842,13.63249419747667
2024-03-25 02:00:00,142,11.0,1.9930621255515262,8.16262219820287,20.060180960290893
2024-03-25 03:00:00,142,2.0,0.0,2.1354249346673315,5.702921391079176
2024-03-25 04:00:00,142,3.0,1.9979347660434643,5.137541551641037,6.864169215479713
2024-03-25 05:00:00,142,7.0,5.114378674885581,11.665915262307989,27.940312644484834
2024-03-25 06:00:00,142,30.0,11.510656004438017,28.234986206657545,60.8673695323868
2024-03-25 07:00:00,142,106.0,22.4727427832005,68.73006781725064,131.03815927604154
2024-03-25 08:00:00,142,147.0,53.48586816418358,114.8953782611929,170.4749826798096
2024-03-25 09:00:00,142,161.0,91.42060375542943,141.0325298594013,167.61482656104377
2024-03-25 10:00:00,142,145.0,101.51684282975539,143.91428059025654,179.07256045168043
2024-03-25 11:00:00,142,170.0,118.09284323784685,159.75901680402578,193.33485195672364
2024-03-25 12:00:00,142,177.0,132.11717093231758,175.1277523219073,193.68511528085295
2024-03-25 13:00:00,142,162.0,154.4901758598764,183.24943100716774,219.2547138250138
2024-03-25 14:00:00,142,182.0,148.32021628105204,199.0223380603929,224.07679347206204
2024-03-25 15:00:00,142,165.0,141.36639879612224,176.41726375927857,201.70622816229866
2024-03-25 16:00:00,142,181.0,146.63360667786807,183.0584638282402,223.68500511345613
2024-03-25 17:00:00,142,172.0,142.52454975217228,196.18168746726343,236.77304865787167
2024-03-25 18:00:00,142,193.0,158.43115837420262,210.74874965262046,250.47717585253034
2024-03-25 19:00:00,142,171.0,134.5278625176851,168.68934256974268,211.53411598458248
2024-03-25 20:00:00,142,198.0,115.43326898228011,156.65803405986796,198.8589085128571
2024-03-25 21:00:00,142,186.0,123.91930985636931,174.89481584201866,258.6003708353221
2024-03-25 22:00:00,142,117.0,95.64799901315408,127.08369329533001,234.68465858132032
2024-03-25 23:00:00,142,61.0,46.320564110522916,80.58629177222319,144.17637567623308
2024-03-26 00:00:00,142,19.0,5.065371121182556,16.53248429369628,39.21804473242539
2024-03-26 01:00:00,142,8.0,2.583210643763936,7.104503325029923,11.20209240233904
2024-03-26 02:00:00,142,1.0,3.009658144694118,3.461504776770759,9.482546343026927
2024-03-26 03:00:00,142,3.0,0.0,2.1059096819740666,3.5315996688960887
2024-03-26 04:00:00,142,4.0,1.9217961916034254,3.8993593478729784,6.852684163870901
2024-03-26 05:00:00,142,9.0,3.576253717382573,9.233801596573596,13.369084424449891
2024-03-26 06:00:00,142,29.0,10.302758914622311,32.92288284070042,35.99521573778443
2024-03-26 07:00:00,142,98.0,26.16605493832762,91.73172212081515,134.5550021100413
2024-03-26 08:00:00,142,160.0,77.54274311472072,161.05085844982412,196.22011757934166
2024-03-26 09:00:00,142,158.0,114.44544262331058,159.911331246643,188.13085556307465
2024-03-26 10:00:00,142,163.0,136.68983164676754,166.50215116320186,199.08492979382856
2024-03-26 11:00:00,142,175.0,129.85133350036503,162.4355554116967,197.66301056964673
2024-03-26 12:00:00,142,200.0,141.45712288530768,184.67539517877236,209.97034886516198
2024-03-26 13:00:00,142,184.0,155.05900047086263,193.76727393825112,238.81690478183063
2024-03-26 14:00:00,142,190.0,154.6696562558854,199.0545053805154,250.87766395709843
2024-03-26 15:00:00,142,168.0,158.35100363474305,200.08072777497006,239.19195375816915
2024-03-26 16:00:00,142,167.0,150.95024873945053,191.20694937212812,257.0915400029889
2024-03-26 17:00:00,142,177.0,142.23900392703868,208.55345198029633,256.27510849279025
2024-03-26 18:00:00,142,229.0,152.60373368059703,225.98066524257797,298.97132791226477
2024-03-26 19:00:00,142,191.0,161.29370838983274,216.09502047486185,282.0356349326119
2024-03-26 20:00:00,142,195.0,137.60784636122312,191.21735859522374,262.91849292260093
2024-03-26 21:00:00,142,493.0,139.32797659569346,210.40401316487592,366.0507127577376
2024-03-26 22:00:00,142,251.0,175.49375727005412,280.54757378647696,403.0632166416772
2024-03-26 23:00:00,142,100.0,116.03927372280394,155.90365614533746,263.23585371436116
2024-03-27 00:00:00,142,24.0,39.58773941928285,60.30329948618539,127.4880620943644
2024-03-27 01:00:00,142,16.0,10.775305258343609,13.237798010642372,26.427340047493335
2024-03-27 02:00:00,142,6.0,4.077807315464539,4.220606627355638,11.549774288973403
2024-03-27 03:00:00,142,0.0,0.6324399732667534,2.846890046208056,10.01143163113954
2024-03-27 04:00:00,142,5.0,3.276399441264796,5.920303480933442,8.420135559827761
2024-03-27 05:00:00,142,11.0,4.090018611190665,9.956101800361374,14.699705405477284
2024-03-27 06:00:00,142,24.0,11.459325750150693,33.78684400319681,38.48915041558673
2024-03-27 07:00:00,142,99.0,31.726804638640477,105.61480111117713,154.7718892092526
2024-03-27 08:00:00,142,177.0,79.63461150662724,165.09299533408642,187.57960206375378
2024-03-27 09:00:00,142,164.0,122.17739620350174,167.11614855142403,191.93658922214505
2024-03-27 10:00:00,142,148.0,143.92458989531116,176.0976815373697,213.87863721654682
2024-03-27 11:00:00,142,174.0,142.43032208068487,173.8516828808719,213.94119641752326
2024-03-27 12:00:00,142,206.0,137.61944726223064,183.83653860877828,206.77855087139062
2024-03-27 13:00:00,142,183.0,156.82359606619866,201.1361456378227,242.88398554993495
2024-03-27 14:00:00,142,182.0,160.18890018238153,207.40444816878,260.6355379113503
2024-03-27 15:00:00,142,178.0,156.82359511003148,203.9730610850579,242.98795141387066
2024-03-27 16:00:00,142,211.0,148.62732689940637,192.19778478956496,247.6609225747947
2024-03-27 17:00:00,142,317.0,160.00321333063118,228.9841742506732,281.56161109854986
2024-03-27 18:00:00,142,327.0,174.36738799564023,243.40504080874643,330.7482193401449
2024-03-27 19:00:00,142,197.0,173.8919229781242,224.92109668415858,315.19590578448384
2024-03-27 20:00:00,142,233.0,155.78577370924467,216.8609569194286,290.81530415381684
2024-03-27 21:00:00,142,253.0,143.94404032488725,228.94695971180522,386.5896812147025
2024-03-27 22:00:00,142,416.0,178.59306834219467,247.2328835901825,429.3781763674675
2024-03-27 23:00:00,142,130.0,154.45287391139334,231.70031596785572,336.7042624435684
2024-03-28 00:00:00,142,35.0,25.780635656131114,37.53048084757724,81.14061520946414
2024-03-28 01:00:00,142,41.0,3.8170255266730435,9.111005855192479,22.462952836240543
2024-03-28 02:00:00,142,2.0,4.614647115219566,7.452412587584375,13.471057867635071
2024-03-28 03:00:00,142,1.0,0.07924252195586833,3.4971258129157987,9.563715627185152
2024-03-28 04:00:00,142,5.0,1.9124587007116216,4.796861582001375,8.432395823645003
2024-03-28 05:00:00,142,11.0,4.090018611190665,11.649525898959144,22.167426476529336
2024-03-28 06:00:00,142,32.0,15.263010146765172,46.70911314963614,65.4065859098614
2024-03-28 07:00:00,142,110.0,26.309954824538533,90.16275914070819,133.01084139246524
2024-03-28 08:00:00,142,176.0,95.24221975870246,174.63324030792322,209.7643904895666
2024-03-28 09:00:00,142,201.0,131.67987113034624,177.20723454273332,209.5350280717922
2024-03-28 10:00:00,142,162.0,152.0508019156911,186.59702596419902,224.67229871173967
2024-03-28 11:00:00,142,208.0,149.51034735676512,189.43690584267137,217.67853889415673
2024-03-28 12:00:00,142,248.0,144.44288276682045,194.1148231166119,210.20769648318122
2024-03-28 13:00:00,142,205.0,177.99022431886587,217.4450883503198,265.5570146502991
2024-03-28 14:00:00,142,213.0,165.9399385611683,225.7164172460242,269.6601357734291
2024-03-28 15:00:00,142,244.0,165.38699935637635,208.96249472907084,253.53759827892432
2024-03-28 16:00:00,142,262.0,170.15337270508604,209.11055550353532,279.56760826306595
2024-03-28 17:00:00,142,307.0,173.1825855329698,239.82141857738884,307.0897197979326
2024-03-28 18:00:00,142,312.0,189.52994842770428,271.4257233115311,351.764127188194
2024-03-28 19:00:00,142,278.0,195.28680947873707,245.10318154950326,325.91308773851745
2024-03-28 20:00:00,142,313.0,147.36751486763225,196.8887179977057,269.3657855486794
2024-03-28 21:00:00,142,443.0,174.12002861842493,260.7096792202579,442.73541121117705
2024-03-28 22:00:00,142,237.0,205.17965345984726,309.4041255557649,420.8006664358016
2024-03-28 23:00:00,142,175.0,141.51435198341377,209.1479353873993,332.0567984949756
2024-03-29 00:00:00,142,54.0,101.05584182458486,133.82784303435412,229.7265256882384
2024-03-29 01:00:00,142,36.0,4.647968209265796,15.148228589493813,34.60973282089882
2024-03-29 02:00:00,142,9.0,9.211674873985563,12.979221482862021,22.94264618015806
2024-03-29 03:00:00,142,2.0,0.0,4.012530297309176,9.621399273593372
2024-03-29 04:00:00,142,4.0,1.9859025849628387,5.185047043628737,10.48050305273721
2024-03-29 05:00:00,142,23.0,4.494216821939734,10.912711088423181,25.19202736563494
2024-03-29 06:00:00,142,33.0,15.23914970773434,38.321782797769,64.15323415807863
2024-03-29 07:00:00,142,77.0,28.221437749125336,81.59442590824897,122.11529941131364
2024-03-29 08:00:00,142,96.0,82.3176582357299,148.7046049523612,178.25871678262263
2024-03-29 09:00:00,142,123.0,114.1570346854238,155.8528251298361,170.21745206964556
2024-03-29 10:00:00,142,144.0,123.78911712656829,157.81074500749733,171.35547974083556
2024-03-29 11:00:00,142,202.0,119.71341275662489,145.10901500462782,173.38782112576118
2024-03-29 12:00:00,142,200.0,149.10708308874953,184.92905410616225,204.61434583240046
2024-03-29 13:00:00,142,200.0,171.22957426887163,200.58686083284994,251.9315919956203
2024-03-29 14:00:00,142,204.0,172.0513059555549,216.6510450972875,252.493494627655
2024-03-29 15:00:00,142,204.0,175.55162586744933,217.5583896479106,265.89644027262483
2024-03-29 16:00:00,142,229.0,176.46041184316795,207.81057003459875,283.45401645314905
2024-03-29 17:00:00,142,224.0,178.18970568386703,228.8060144987338,290.5583674004099
2024-03-29 18:00:00,142,234.0,191.12325938640697,252.59994729487786,324.5012773019525
2024-03-29 19:00:00,142,244.0,186.12797844426987,229.8290307259625,289.72549931012895
2024-03-29 20:00:00,142,257.0,152.98609336496042,180.68096111489427,236.7891412855408
2024-03-29 21:00:00,142,273.0,150.4664635678091,214.72759066521306,369.7098553171616
2024-03-29 22:00:00,142,268.0,154.06163868308732,232.33121519154443,397.60184180363774
2024-03-29 23:00:00,142,384.0,118.4602525056333,173.68539607363292,268.8599776466438
2024-03-30 00:00:00,142,100.0,49.93048496887775,78.96244520438363,154.44843197102625
2024-03-30 01:00:00,142,29.0,15.669908707847638,34.05807906266598,73.50487983337567
2024-03-30 02:00:00,142,24.0,7.38578541349035,11.981475450613726,24.984479509382084
2024-03-30 03:00:00,142,2.0,5.445513292491328,13.394553560694597,17.86390614418803
2024-03-30 04:00:00,142,16.0,3.0399161297890975,7.662775311178056,10.746405405503422
2024-03-30 05:00:00,142,10.0,5.9499592042181115,8.851674291161496,17.400209997202946
2024-03-30 06:00:00,142,16.0,14.220395670741425,21.917616136435342,28.86896316701692
2024-03-30 07:00:00,142,34.0,23.43927219978449,43.61781025751633,51.94845623546545
2024-03-30 08:00:00,142,65.0,47.36305495497561,79.09503512165037,91.00162038254742
2024-03-30 09:00:00,142,91.0,59.784259704777604,103.06187969424268,129.1947869110174
2024-03-30 10:00:00,142,129.0,91.24515014577324,147.76635110523827,177.74306735506997
2024-03-30 11:00:00,142,149.0,120.35449086071408,166.5754721604629,206.47711756837842
2024-03-30 12:00:00,142,187.0,140.72375885654563,194.40156984636667,256.05718470520526
2024-03-30 13:00:00,142,197.0,145.17416770139093,198.0128947404856,275.64855106132
2024-03-30 14:00:00,142,203.0,167.49526497070434,228.25606079792672,289.87140156794425
2024-03-30 15:00:00,142,192.0,170.7796750456649,217.3742194576007,279.4698021912813
2024-03-30 16:00:00,142,299.0,170.91117281237936,218.72120539525815,343.67786160165736
2024-03-30 17:00:00,142,212.0,214.7847405304026,274.3757291930155,337.4540756005399
2024-03-30 18:00:00,142,239.0,194.83259072532644,259.46054365910265,337.14227163749945
2024-03-30 19:00:00,142,261.0,164.0511760747384,226.9794741535519,282.2682068636622
2024-03-30 20:00:00,142,333.0,159.16660665603195,205.32359104670837,259.86069353635344
2024-03-30 21:00:00,142,307.0,152.57996026665165,210.87330563985114,365.4420206125998
2024-03-30 22:00:00,142,346.0,168.5474383493516,248.59919011800756,454.4575036414154
2024-03-30 23:00:00,142,211.0,138.01821309587407,207.1689703923338,339.3590892340093
2024-03-31 00:00:00,142,121.0,131.04618507374607,207.0170465010731,328.03950139163595
2024-03-31 01:00:00,142,33.0,13.6958553111966,35.00402480698298,69.07559038693158
2024-03-31 02:00:00,142,25.0,4.258674477763308,15.137685001188718,28.36573804196038
2024-03-31 03:00:00,142,4.0,3.9423446023158384,12.600248297897428,17.094362261921148
2024-03-31 04:00:00,142,12.0,2.5881198811987933,7.749978842227537,14.768998526048797
2024-03-31 05:00:00,142,12.0,4.908930228170005,11.37609394185036,25.53334881089863
2024-03-31 06:00:00,142,15.0,10.388984353568224,15.474226585519979,21.941584754700177
2024-03-31 07:00:00,142,30.0,18.139732684706246,33.238590354409574,39.5346712247594
2024-03-31 08:00:00,142,47.0,28.223372992978128,48.01185029742203,57.31092859167993
2024-03-31 09:00:00,142,102.0,43.71939455029911,95.36140738386207,119.6621058661603
2024-03-31 10:00:00,142,129.0,71.29593287311185,128.4755106481531,149.50727334048162
2024-03-31 11:00:00,142,183.0,86.54403855945269,131.75076539126795,168.84185014327238
2024-03-31 12:00:00,142,188.0,128.1936507496098,171.50980388546031,210.86693537460152
2024-03-31 13:00:00,142,231.0,157.66167841374764,204.82812389607457,249.19301141921503
2024-03-31 14:00:00,142,247.0,158.5146161761056,209.962124375832,256.04179467993924
2024-03-31 15:00:00,142,219.0,165.65661508649129,208.88748249277594,251.3105198364652
2024-03-31 16:00:00,142,215.0,163.98091692795802,220.45346251244936,300.69674178498366
2024-03-31 17:00:00,142,193.0,170.44893110688497,211.9796475588749,263.5309926883234
2024-03-31 18:00:00,142,179.0,171.7064396856139,228.2463391735677,272.52603733652745
2024-03-31 19:00:00,142,130.0,172.20211353412694,231.71649257917878,290.37114189591375
2024-03-31 20:00:00,142,149.0,116.62729700576475,144.51361285026053,188.38206090492554
2024-03-31 21:00:00,142,134.0,111.55114368211083,148.83743682065867,241.22944565517943
2024-03-31 22:00:00,142,64.0,86.5955982086637,131.46761524919663,246.8333740893848
2024-03-31 23:00:00,142,36.0,30.976816726977738,48.7472242190375,131.79808989751635
2024-03-18 00:00:00,161,18.0,11.746830559695304,20.82122009714482,40.702521952687995
2024-03-18 01:00:00,161,7.0,0.0,13.198193690278478,22.1820634099597
2024-03-18 02:00:00,161,7.0,1.0848948490131203,5.602908251842008,9.866875270051999
2024-03-18 03:00:00,161,12.0,0.3182473428855801,2.852898431842691,6.174747265934163
2024-03-18 04:00:00,161,8.0,3.154735330986215,5.632415279329765,8.228253285614933
2024-03-18 05:00:00,161,14.0,5.050715224408883,10.39962022210991,21.42697874326516
2024-03-18 06:00:00,161,40.0,15.583938424074384,30.112151266192082,48.50005015138101
2024-03-18 07:00:00,161,98.0,28.615576546337408,68.27290426428794,90.13833123317642
2024-03-18 08:00:00,161,134.0,60.461494847567195,138.0326876101704,160.52614529181542
2024-03-18 09:00:00,161,138.0,97.99369865009447,172.1877175034259,216.14596211823013
2024-03-18 10:00:00,161,197.0,119.81630661735176,183.96505704616294,238.65851710381122
2024-03-18 11:00:00,161,247.0,138.090281720258,209.21686224041497,253.11785301176832
2024-03-18 12:00:00,161,262.0,178.4982456304587,254.91880568024465,299.00224741760866
2024-03-18 13:00:00,161,299.0,213.32040974433232,305.60530363306617,328.58430316722547
2024-03-18 14:00:00,161,318.0,210.22444347622653,326.69330757242847,375.27718662124755
2024-03-18 15:00:00,161,351.0,228.20424115224407,333.0655470973452,401.0073791107277
2024-03-18 16:00:00,161,440.0,223.13840564697472,336.97393030299185,418.9404099789545
2024-03-18 17:00:00,161,508.0,236.3663586084857,381.8410927253567,510.2546403081285
2024-03-18 18:00:00,161,500.0,235.0498432580557,434.92157829002105,614.0650121719108
2024-03-18 19:00:00,161,407.0,209.9293841188499,415.26267531761295,555.6889695478332
2024-03-18 20:00:00,161,429.0,189.5236540508198,343.8667807157389,463.80582748361525
2024-03-18 21:00:00,161,409.0,185.56703210224273,361.05488093153974,483.568853408957
2024-03-18 22:00:00,161,212.0,163.22763627181487,271.58003435406795,353.1491165360449
2024-03-18 23:00:00,161,102.0,76.23245689403596,112.36574444572092,179.3653190753445
2024-03-19 00:00:00,161,41.0,20.952806489431374,31.17321657484509,69.682301830898
2024-03-19 01:00:00,161,14.0,9.531016603629226,18.819042261021167,32.39422120491058
2024-03-19 02:00:00,161,2.0,2.879574339559336,6.374112169612416,11.3595700647206
2024-03-19 03:00:00,161,5.0,1.344314018119428,4.616830663140661,6.97271617878995
2024-03-19 04:00:00,161,0.0,2.788147766738637,5.281019023001401,9.094337686616067
2024-03-19 05:00:00,161,11.0,5.27365819411961,11.168292573280608,17.29504664950797
2024-03-19 06:00:00,161,27.0,14.762058887883951,31.1330212704308,39.9310152102528
2024-03-19 07:00:00,161,120.0,35.494395178790725,101.10432732946038,124.544184687916
2024-03-19 08:00:00,161,140.0,76.59225121495136,153.71685644229524,180.2088892228657
2024-03-19 09:00:00,161,217.0,123.2717140622152,195.58180578776282,249.33931082301072
2024-03-19 10:00:00,161,268.0,129.34120731346815,194.0481246686477,251.1766578839362
2024-03-19 11:00:00,161,298.0,174.22239791807044,262.50656255041633,320.555827048938
2024-03-19 12:00:00,161,315.0,223.82452097016846,343.59418449137553,388.0138783489074
2024-03-19 13:00:00,161,363.0,224.1994819653802,342.3115585595057,399.42165143460255
2024-03-19 14:00:00,161,471.0,232.99362719731903,370.7640352111542,445.86727706893396
2024-03-19 15:00:00,161,434.0,244.3892149057787,412.1396929523183,489.26570142304956
2024-03-19 16:00:00,161,472.0,243.29312721833244,436.5238817403477,538.3358309102688
2024-03-19 17:00:00,161,611.0,245.04651514608273,453.77770162088603,613.7995295939154
2024-03-19 18:00:00,161,636.0,244.14670422047152,489.9085830831418,673.3761357293798
2024-03-19 19:00:00,161,573.0,219.3309499774599,538.5695802592855,662.1729480046645
2024-03-19 20:00:00,161,645.0,209.10718237743345,473.7350283858813,642.6481149893733
2024-03-19 21:00:00,161,508.0,219.10073687721845,539.701537031156,615.6143888747285
2024-03-19 22:00:00,161,410.0,205.7277412001988,406.0660114754408,511.43119356021697
2024-03-19 23:00:00,161,134.0,141.63177772090467,296.4930343504568,414.421578699119
2024-03-20 00:00:00,161,54.0,54.03297901870725,80.28137444905,139.14201124006084
2024-03-20 01:00:00,161,22.0,18.32912220544268,22.864465533693377,33.287603583713974
2024-03-20 02:00:00,161,6.0,5.808165876682679,12.101057506399217,17.06800233041566
2024-03-20 03:00:00,161,1.0,1.2240463849574523,4.7988686031395345,11.0330792209868
2024-03-20 04:00:00,161,14.0,4.115236544175533,7.762005696702801,10.250430643277104
2024-03-20 05:00:00,161,4.0,6.418256075821922,12.13007338622968,16.888064434153083
2024-03-20 06:00:00,161,34.0,15.332547386012047,35.306003975736004,44.199666892098406
2024-03-20 07:00:00,161,89.0,32.352857654841245,86.88224641202798,110.26253201485223
2024-03-20 08:00:00,161,180.0,96.1194645145503,178.88214223321657,197.8523165452979
2024-03-20 09:00:00,161,193.0,119.65034622876625,191.6418868896764,236.65179480368934
2024-03-20 10:00:00,161,252.0,172.2461178471878,239.63535632392933,284.0918276164404
2024-03-20 11:00:00,161,296.0,187.14437098123867,278.86417400775696,320.6990993091087
2024-03-20 12:00:00,161,328.0,220.22445738032437,348.74067703354837,388.03410795492954
2024-03-20 13:00:00,161,409.0,237.60338137434064,362.34107667473216,422.448966870495
2024-03-20 14:00:00,161,482.0,245.63420678707402,396.26022522647247,473.00466152036216
2024-03-20 15:00:00,161,445.0,245.33171402595866,450.5458767982159,539.3707582549831
2024-03-20 16:00:00,161,576.0,244.23562633851242,441.08928599098317,552.789845259194
2024-03-20 17:00:00,161,723.0,245.9890142662627,480.9387148713943,683.0146465834148
2024-03-20 18:00:00,161,651.0,245.0892033406515,548.7078746486541,687.9999041829169
2024-03-20 19:00:00,161,613.0,220.55882115943896,536.9658249679087,632.5715188920738
2024-03-20 20:00:00,161,672.0,209.77412237856484,538.391344027795,645.6529076287006
2024-03-20 21:00:00,161,577.0,220.32860805919756,538.7407633229689,606.0268014938335
2024-03-20 22:00:00,161,431.0,206.95561238217786,491.56842561141553,554.0608062894165
2024-03-20 23:00:00,161,175.0,155.27539476242407,325.6884142215417,450.2627244642558
2024-03-21 00:00:00,161,71.0,61.363505783359585,90.22430582473116,143.58181982700063
2024-03-21 01:00:00,161,23.0,23.158471450345477,26.97026901787886,45.67412018577501
2024-03-21 02:00:00,161,8.0,6.353840282168658,12.965041601231254,17.733743511375668
2024-03-21 03:00:00,161,10.0,2.814202395141946,5.756409994612421,8.01996854459205
2024-03-21 04:00:00,161,11.0,3.807971737302783,6.753897608175944,12.700839655480536
2024-03-21 05:00:00,161,14.0,6.528068917585578,12.967131212370102,21.01418432200614
2024-03-21 06:00:00,161,69.0,15.719885939723243,36.901613020684,43.15886277023609
2024-03-21 07:00:00,161,132.0,34.26170179247457,98.5698900415441,120.51365978759931
2024-03-21 08:00:00,161,189.0,91.48300838424967,180.7101959058913,202.1780633276567
2024-03-21 09:00:00,161,242.0,136.14135346336627,221.75255847574485,255.77571114661015
2024-03-21 10:00:00,161,297.0,164.37562566861885,249.32744436680338,275.9665267070695
2024-03-21 11:00:00,161,305.0,192.5386080699724,281.0667366732666,312.25281291125356
2024-03-21 12:00:00,161,345.0,231.19958860800938,369.03603405225283,397.0372010467146
2024-03-21 13:00:00,161,419.0,237.60338137434064,362.89428281912916,407.4089127061114
2024-03-21 14:00:00,161,476.0,245.6617159391591,430.2221863253486,492.04375876936234
2024-03-21 15:00:00,161,503.0,245.33171402595866,436.2912050659233,533.364205481205
2024-03-21 16:00:00,161,510.0,244.23562633851242,444.3261984978172,551.1885898369695
2024-03-21 17:00:00,161,661.0,245.9890142662627,488.0710384227803,681.3093299535153
2024-03-21 18:00:00,161,671.0,245.0892033406515,553.9226286786158,680.80039955807
2024-03-21 19:00:00,161,579.0,220.22062361101334,539.9202358328054,630.898966396265
2024-03-21 20:00:00,161,650.0,208.97364975372565,474.3193010050778,616.7247843966844
2024-03-21 21:00:00,161,615.0,219.52813543435838,481.0212171635715,599.7684750003394
2024-03-21 22:00:00,161,484.0,207.41962830049835,392.42756833764264,481.94580952864567
2024-03-21 23:00:00,161,245.0,161.6518798061199,359.1216352823027,470.8428154402668
2024-03-22 00:00:00,161,95.0,115.02007289884529,151.49135032805663,227.14191319049928
2024-03-22 01:00:00,161,40.0,29.87515062692104,39.58940553184145,62.777729837794
2024-03-22 02:00:00,161,21.0,11.473961828077048,17.50258753728343,25.480360018352634
2024-03-22 03:00:00,161,9.0,5.015783840108279,8.181029783330247,13.693499340916656
2024-03-22 04:00:00,161,19.0,5.952863567472099,11.921584547981375,17.18564228727331
2024-03-22 05:00:00,161,27.0,8.502789456333335,13.986885018635109,23.400070239345858
2024-03-22 06:00:00,161,45.0,18.272389471986074,35.993210550394174,48.88723600179634
2024-03-22 07:00:00,161,94.0,42.586871951484824,93.58657357440889,117.91457235302383
2024-03-22 08:00:00,161,124.0,87.27667823726843,148.83316214100924,171.9370778759896
2024-03-22 09:00:00,161,180.0,116.36831545029773,175.9013731689108,209.63905616563247
2024-03-22 10:00:00,161,208.0,144.68078359198444,206.41015037711097,232.6112256464698
2024-03-22 11:00:00,161,279.0,175.7576927641053,253.93498475665595,286.2690747669631
2024-03-22 12:00:00,161,288.0,198.46884844911574,311.0981555476495,329.96203553472446
2024-03-22 13:00:00,161,324.0,229.18905558742273,351.4399884761679,372.5249816895013
2024-03-22 14:00:00,161,379.0,227.48729465792982,354.24723124434973,397.9668228007246
2024-03-22 15:00:00,161,409.0,245.33171402595866,390.38901008573305,442.77660071790586
2024-03-22 16:00:00,161,434.0,244.23562633851242,405.1148596693347,474.2453171397264
2024-03-22 17:00:00,161,492.0,245.9890142662627,453.99072472592746,595.0498329762723
2024-03-22 18:00:00,161,469.0,245.0892033406515,466.2023613299406,611.3749896864834
2024-03-22 19:00:00,161,346.0,220.22062361101334,496.09781969916634,578.6722621810923
2024-03-22 20:00:00,161,245.0,208.97364975372565,336.6391239465315,449.30129755555237
2024-03-22 21:00:00,161,245.0,207.83005496478336,315.8616651789329,402.04545245423196
2024-03-22 22:00:00,161,334.0,180.68389028596357,270.77324744633694,355.7588727595945
2024-03-22 23:00:00,161,142.0,147.47033714526594,230.7926236023632,328.17047575219505
2024-03-23 00:00:00,161,97.0,111.84576525164417,170.81985811774203,233.7459992756922
2024-03-23 01:00:00,161,42.0,34.1788957535301,55.73254041820736,82.8130215034588
2024-03-23 02:00:00,161,18.0,20.00341835262788,29.927847689804725,37.79980377929283
2024-03-23 03:00:00,161,10.0,10.748946161544577,14.306164378007832,23.714489232166446
2024-03-23 04:00:00,161,9.0,6.75184972515413,12.92919798062443,17.15178375364428
2024-03-23 05:00:00,161,9.0,7.41837987219038,9.935848785459145,15.631055216348974
2024-03-23 06:00:00,161,29.0,18.73589004003572,23.798657106947843,31.309188434822318
2024-03-23 07:00:00,161,31.0,29.80061426150833,37.979166300191466,39.91012450028082
2024-03-23 08:00:00,161,53.0,55.029243915398546,87.29822831003611,96.37071862763983
2024-03-23 09:00:00,161,126.0,70.35913141258833,108.31014993365977,140.55650665368955
2024-03-23 10:00:00,161,196.0,89.58045126918178,129.0121327109827,170.09109210626727
2024-03-23 11:00:00,161,266.0,116.25438444859961,161.414717146283,223.29537758984287
2024-03-23 12:00:00,161,294.0,161.8609259360928,220.89904166645223,283.8881425122595
2024-03-23 13:00:00,161,341.0,177.34567317745626,238.96477764764757,302.21601377461815
2024-03-23 14:00:00,161,382.0,170.3290046279568,230.92901903774614,287.90693477957467
2024-03-23 15:00:00,161,370.0,191.1095813329327,268.1480665603795,309.66594380139685
2024-03-23 16:00:00,161,336.0,198.71538913244765,295.50452128500945,346.0798839848639
2024-03-23 17:00:00,161,333.0,230.63037717031148,362.7415399588213,449.6484751934748
2024-03-23 18:00:00,161,285.0,244.81364233725125,367.6362400420105,456.9934326663233
2024-03-23 19:00:00,161,265.0,218.74180648120358,323.57079371056363,384.190675028255
2024-03-23 20:00:00,161,152.0,185.73513727868203,229.43210153001408,283.1655194673343
2024-03-23 21:00:00,161,146.0,167.69018677185588,234.15908050586802,308.70598532950515
2024-03-23 22:00:00,161,176.0,127.27534319821656,201.666345133343,279.8209707773901
2024-03-23 23:00:00,161,189.0,155.26777255935627,271.09089940413577,403.1132296113443
2024-03-24 00:00:00,161,90.0,96.12883886232355,142.29132746727973,207.21339975110993
2024-03-24 01:00:00,161,37.0,46.7948527699214,85.99639575353221,121.28177514172496
2024-03-24 02:00:00,161,13.0,12.910707053959332,21.7501650173635,32.73643985929012
2024-03-24 03:00:00,161,9.0,5.047607690809129,10.54862930772433,19.64919032765274
2024-03-24 04:00:00,161,9.0,6.352898807689073,15.033066093016512,20.694937958049092
2024-03-24 05:00:00,161,6.0,8.399398135095252,14.875175190420519,28.70560701505522
2024-03-24 06:00:00,161,17.0,17.620135464252872,33.92240961593914,49.550620150537995
2024-03-24 07:00:00,161,29.0,30.464908089571747,65.49473533639451,74.1260617095446
2024-03-24 08:00:00,161,57.0,44.54560085153915,75.45190414541555,129.86015101522983
2024-03-24 09:00:00,161,111.0,67.82916126978382,121.24170102490402,160.6509958586356
2024-03-24 10:00:00,161,151.0,103.19597845406204,157.2228950366024,195.217997291862
2024-03-24 11:00:00,161,218.0,134.1756095078705,194.85032590673353,244.79860772835625
2024-03-24 12:00:00,161,202.0,160.8572360498326,231.74487471012185,281.636203846142
2024-03-24 13:00:00,161,249.0,188.70299671951923,251.66389911683567,296.24702976789223
2024-03-24 14:00:00,161,272.0,184.52514096377084,261.28989470278935,303.9762589738363
2024-03-24 15:00:00,161,270.0,189.98361448299997,264.18392606663946,297.6164232812357
2024-03-24 16:00:00,161,221.0,190.5435005801562,277.3053920422117,315.7352825336822
2024-03-24 17:00:00,161,293.0,191.67295025892446,271.4909952266169,315.10986055811105
2024-03-24 18:00:00,161,269.0,186.5746845691848,262.0550916312428,290.5545537613261
2024-03-24 19:00:00,161,180.0,159.70474667781144,222.00494210236255,294.0308000973602
2024-03-24 20:00:00,161,144.0,116.36000810854694,143.9354449212944,220.34656874499584
2024-03-24 21:00:00,161,109.0,104.46068301244296,134.60169854009723,201.6935442194875
2024-03-24 22:00:00,161,69.0,67.42803184026138,89.170716220288,161.68745940334608
2024-03-24 23:00:00,161,52.0,22.896904269365756,40.08452916505854,90.96104788481556
2024-03-25 00:00:00,161,21.0,4.805720484003416,20.337959019486505,39.27115868963489
2024-03-25 01:00:00,161,5.0,1.6624128494801949,9.377583129319483,17.27038615209069
2024-03-25 02:00:00,161,2.0,0.5095415512577782,4.327705751482389,7.370198855166722
2024-03-25 03:00:00,161,2.0,1.3521804677996416,3.664383823433337,6.964708082079419
2024-03-25 04:00:00,161,5.0,4.787329717370432,8.203487224696277,13.349825434505602
2024-03-25 05:00:00,161,10.0,5.681065638059584,10.753996876570623,17.321828962547446
2024-03-25 06:00:00,161,46.0,14.030043551012637,29.127709381039168,43.20175639469546
2024-03-25 07:00:00,161,107.0,30.19519262696818,79.6612768785754,114.51885444663134
2024-03-25 08:00:00,161,133.0,59.52141694528541,130.92726402975288,168.9615308159094
2024-03-25 09:00:00,161,166.0,86.26430192505478,159.61904713886256,214.36977991086553
2024-03-25 10:00:00,161,222.0,106.02232314578715,171.06541610726288,216.97510456854678
2024-03-25 11:00:00,161,247.0,146.46561234809698,213.5355500819311,266.5640576479354
2024-03-25 12:00:00,161,284.0,185.99530618331877,272.1973453700062,314.5089825347604
2024-03-25 13:00:00,161,315.0,176.24538965572788,278.19773310731955,311.6354539310447
2024-03-25 14:00:00,161,318.0,217.83712984806775,330.3273107427964,379.8298235031335
2024-03-25 15:00:00,161,358.0,226.249804993724,326.03108542355744,403.1039613512962
2024-03-25 16:00:00,161,372.0,232.21481031277924,336.966402268829,423.8760180695881
2024-03-25 17:00:00,161,453.0,233.2378272211156,392.7379695297003,532.7606033007793
2024-03-25 18:00:00,161,493.0,237.06515491735877,416.8847539334638,564.2699838563531
2024-03-25 19:00:00,161,437.0,212.32848287103374,395.60053635765377,541.4769290705771
2024-03-25 20:00:00,161,466.0,189.5236540508198,341.8838540944991,462.2528189062504
2024-03-25 21:00:00,161,398.0,190.5207427299895,366.1487512384856,496.8774666680684
2024-03-25 22:00:00,161,238.0,165.6719289591986,290.30041832569265,367.29737871790906
2024-03-25 23:00:00,161,75.0,70.48182191178307,101.78605283171913,183.684511287342
2024-03-26 00:00:00,161,27.0,22.755999223735557,35.13851094030543,78.50288957578444
2024-03-26 01:00:00,161,18.0,9.172989518614271,14.305101498243134,24.521631150679024
2024-03-26 02:00:00,161,8.0,2.348516538684254,5.560546864460255,11.240573224678808
2024-03-26 03:00:00,161,4.0,0.23749222520735233,3.3521910235328343,7.795250720353071
2024-03-26 04:00:00,161,2.0,3.6372762801329044,6.335816279595097,9.73954646600338
2024-03-26 05:00:00,161,11.0,0.569117275004291,8.967009606022296,13.895166244813323
2024-03-26 06:00:00,161,34.0,15.600932736789785,34.79608121604474,44.916709634406
2024-03-26 07:00:00,161,95.0,31.171434152158362,89.60031925818484,97.01759744864125
2024-03-26 08:00:00,161,157.0,88.83792431112018,168.6561835388667,195.66747661965593
2024-03-26 09:00:00,161,204.0,108.98285486795334,178.6844289052041,230.38693733838997
2024-03-26 10:00:00,161,283.0,148.4436149522822,218.05224201489582,269.7504157331931
2024-03-26 11:00:00,161,292.0,197.00297576681737,298.15319223548806,344.837611338852
2024-03-26 12:00:00,161,334.0,224.85678220555036,347.22818766174345,390.3968015533202
2024-03-26 13:00:00,161,374.0,229.59978924765923,346.7348856852894,397.72968633774724
2024-03-26 14:00:00,161,417.0,244.69170766689405,393.50709506788036,480.64236696583396
2024-03-26 15:00:00,161,414.0,244.3892149057787,435.525932199363,504.06173441305253
2024-03-26 16:00:00,161,450.0,243.29312721833244,437.76419396795046,524.9801893312725
2024-03-26 17:00:00,161,612.0,245.04651514608273,477.3159149490654,649.9352918139089
2024-03-26 18:00:00,161,628.0,244.14670422047152,545.6141846015262,676.6447642613301
2024-03-26 19:00:00,161,575.0,219.3309499774599,538.5695802592855,662.1729480046645
2024-03-26 20:00:00,161,662.0,209.10718237743345,540.7949682515112,669.0433591831354
2024-03-26 21:00:00,161,565.0,219.10073687721845,539.701537031156,616.06831323708
2024-03-26 22:00:00,161,515.0,205.7277412001988,406.0660114754408,511.43119356021697
2024-03-26 23:00:00,161,187.0,152.5968606418827,286.3367892859675,400.1140350232399
2024-03-27 00:00:00,161,57.0,40.783823725283945,61.31478254862775,105.93434462789213
2024-03-27 01:00:00,161,23.0,13.364048067860406,22.059307359339364,33.57147428521349
2024-03-27 02:00:00,161,7.0,5.865153324829711,10.479133711963843,16.09577568884943
2024-03-27 03:00:00,161,3.0,1.7386827571863173,5.490214611113831,9.735096011261827
2024-03-27 04:00:00,161,7.0,0.5946666026984874,5.648757653938685,9.98021191771125
2024-03-27 05:00:00,161,12.0,6.359992798375874,15.097678254447185,20.50775767365497
2024-03-27 06:00:00,161,42.0,13.546152127182802,33.285136060944495,37.633471427264936
2024-03-27 07:00:00,161,106.0,35.02916377079379,99.30171811027724,118.43419931450418
2024-03-27 08:00:00,161,155.0,80.63442666632687,164.40908992642423,182.30556872893692
2024-03-27 09:00:00,161,217.0,125.53705195713714,199.34690304418956,243.7448874502829
2024-03-27 10:00:00,161,251.0,152.68059625845422,221.6198042077715,258.23555509028165
2024-03-27 11:00:00,161,295.0,199.04113037550388,308.60619138278213,351.7380026987823
2024-03-27 12:00:00,161,325.0,220.22445738032437,348.74067703354837,387.83060136768813
2024-03-27 13:00:00,161,352.0,230.5422883678392,362.34107667473216,385.5898984081521
2024-03-27 14:00:00,161,418.0,245.63420678707402,423.2516418779461,484.0943763036026
2024-03-27 15:00:00,161,392.0,245.33171402595866,429.0086097561389,501.5793253665728
2024-03-27 16:00:00,161,511.0,244.23562633851242,441.08928599098317,544.4514220076074
2024-03-27 17:00:00,161,647.0,245.9890142662627,529.1778490238819,668.8505438648917
2024-03-27 18:00:00,161,634.0,245.0892033406515,545.1186588637975,686.2962426641684
2024-03-27 19:00:00,161,602.0,220.55882115943896,536.9658249679087,632.5715188920738
2024-03-27 20:00:00,161,671.0,209.77412237856484,538.391344027795,645.6529076287006
2024-03-27 21:00:00,161,658.0,220.32860805919756,538.7407633229689,606.0268014938335
2024-03-27 22:00:00,161,451.0,206.95561238217786,491.56842561141553,554.0608062894165
2024-03-27 23:00:00,161,193.0,155.27539476242407,328.032013022374,454.97836223572216
2024-03-28 00:00:00,161,69.0,70.45530731652818,104.70726739908007,154.8482993636189
2024-03-28 01:00:00,161,30.0,20.347841747377668,30.73299625280486,41.74802366593078
2024-03-28 02:00:00,161,5.0,6.353840282168658,13.666679645794689,17.790608498573842
2024-03-28 03:00:00,161,4.0,1.7386827571863173,5.816246833984083,9.120766240406823
2024-03-28 04:00:00,161,8.0,4.385520944552558,7.9180576539964065,13.109252685078685
2024-03-28 05:00:00,161,12.0,7.758749938454313,13.629889840907072,23.206528955525336
2024-03-28 06:00:00,161,60.0,17.319889742609764,40.91411409495048,47.781104695184695
2024-03-28 07:00:00,161,112.0,52.33074080404397,123.61426905848523,147.6039809087892
2024-03-28 08:00:00,161,147.0,96.68888112675928,185.08566844659708,210.75092079377444
2024-03-28 09:00:00,161,199.0,134.21870287597696,201.24642801857058,241.69487735151242
2024-03-28 10:00:00,161,240.0,157.74313965810063,246.28326987058836,283.15470573836
2024-03-28 11:00:00,161,321.0,210.11295681765105,330.30987055481336,353.69345496268755
2024-03-28 12:00:00,161,294.0,223.5870264981734,346.2666236336101,376.42279538679793
2024-03-28 13:00:00,161,196.0,240.69472656301895,364.61254274844174,418.1228841322219
2024-03-28 14:00:00,161,290.0,242.5703707504808,420.3858984009776,460.5809881681871
2024-03-28 15:00:00,161,314.0,227.2100507846807,380.01322959507274,440.1071437475125
2024-03-28 16:00:00,161,333.0,241.14428114983411,424.0285531703226,468.51606841345216
2024-03-28 17:00:00,161,247.0,245.9890142662627,449.813034815165,582.8672545311343
2024-03-28 18:00:00,161,301.0,245.0892033406515,519.9585185820841,595.1756078893945
2024-03-28 19:00:00,161,311.0,207.78432155673988,468.45722635648605,524.1226130994129
2024-03-28 20:00:00,161,370.0,205.02681758533168,484.68411331340167,547.4130613264523
2024-03-28 21:00:00,161,421.0,218.6726484546427,499.094871054955,530.9937132218146
2024-03-28 22:00:00,161,448.0,207.41962830049835,478.62255397758224,520.1423971702015
2024-03-28 23:00:00,161,342.0,161.6518798061199,352.3590106104423,458.5290939241265
2024-03-29 00:00:00,161,152.0,97.77397679989352,152.5288678075147,205.97281443609296
2024-03-29 01:00:00,161,38.0,31.913535977531076,39.25566935790017,77.36190081107371
2024-03-29 02:00:00,161,26.0,13.132527482361066,21.189600219715672,26.386328177302897
2024-03-29 03:00:00,161,12.0,5.42487608871975,8.341685049435197,17.518065199366173
2024-03-29 04:00:00,161,11.0,5.30842640487881,10.582644776920901,16.19341341394631
2024-03-29 05:00:00,161,15.0,9.442638292513442,12.129080750874026,23.988389575275296
2024-03-29 06:00:00,161,34.0,19.74356704706216,46.35276787634044,67.21527838335082
2024-03-29 07:00:00,161,63.0,49.05190521016574,101.47320061071228,133.101305888998
2024-03-29 08:00:00,161,82.0,84.98405290391263,143.38940425941766,167.98631451639253
2024-03-29 09:00:00,161,138.0,106.55065049108426,162.3600465957089,190.75379896406523
2024-03-29 10:00:00,161,145.0,125.39870060650033,182.72774159655444,223.13663663930646
2024-03-29 11:00:00,161,192.0,157.23867655612162,212.96052744661154,263.7010152457003
2024-03-29 12:00:00,161,233.0,186.18164126102516,274.7614770327551,320.9751582198408
2024-03-29 13:00:00,161,302.0,212.12697469226362,306.47251323664983,333.9637961567179
2024-03-29 14:00:00,161,336.0,204.2727249697227,309.5994991690212,344.72378345876814
2024-03-29 15:00:00,161,364.0,242.24036883728036,373.3613550476341,429.85344034709317
2024-03-29 16:00:00,161,378.0,244.23562633851242,393.0941801618411,456.65657015672423
2024-03-29 17:00:00,161,433.0,245.9890142662627,409.293424963169,501.45766799440804
2024-03-29 18:00:00,161,378.0,243.0738916813484,425.31458261073146,538.7089731926924
2024-03-29 19:00:00,161,343.0,220.22062361101334,404.06415490064177,499.04648194136035
2024-03-29 20:00:00,161,244.0,204.33666229065207,276.2171235122654,367.2530981882076
2024-03-29 21:00:00,161,213.0,181.63087307052103,267.8956162110154,355.5647912269862
2024-03-29 22:00:00,161,222.0,158.16645556842948,252.7211560810742,347.0886228156307
2024-03-29 23:00:00,161,149.0,150.8553327682419,237.27323148467408,320.69589413276555
2024-03-30 00:00:00,161,71.0,74.52331189996798,119.25665257976654,158.87264296904135
2024-03-30 01:00:00,161,46.0,43.076092640853254,59.6726286063653,90.97695727714239
2024-03-30 02:00:00,161,11.0,16.625906634293386,21.051186153651564,29.47817126497202
2024-03-30 03:00:00,161,5.0,7.332582890307655,12.767973984000733,18.408673964188853
2024-03-30 04:00:00,161,10.0,5.293402128408819,10.10587716945952,14.18708755752768
2024-03-30 05:00:00,161,9.0,7.083334416851223,10.730323628527158,13.594434797067299
2024-03-30 06:00:00,161,21.0,16.77681729879884,20.859160377723605,26.859019509728054
2024-03-30 07:00:00,161,35.0,32.68847390053662,56.526653307533834,62.78175384707523
2024-03-30 08:00:00,161,44.0,45.426532798050445,68.76459532099065,78.70331375939118
2024-03-30 09:00:00,161,113.0,60.60768849702126,107.18572350059287,142.61784668782616
2024-03-30 10:00:00,161,146.0,106.72761515061292,157.6854212346055,190.56721267228275
2024-03-30 11:00:00,161,181.0,134.09355629220045,190.8166017636384,245.63775402279128
2024-03-30 12:00:00,161,254.0,166.5309931885992,245.2042117999923,302.2469794238092
2024-03-30 13:00:00,161,258.0,199.7853178130272,284.5249354146815,336.2456809182774
2024-03-30 14:00:00,161,223.0,222.7961064606133,332.6144288139402,376.0703935399297
2024-03-30 15:00:00,161,279.0,234.12358553159862,347.1666080167438,382.92336837391804
2024-03-30 16:00:00,161,334.0,231.38345518214354,306.082563161528,361.04041469235494
2024-03-30 17:00:00,161,343.0,227.88904257964938,324.1415055476696,368.83982800238687
2024-03-30 18:00:00,161,288.0,231.43380962313296,326.3352611698525,382.4246526041701
2024-03-30 19:00:00,161,251.0,202.832465123825,273.21359243317255,322.2352517276678
2024-03-30 20:00:00,161,235.0,167.3669908012072,216.99269103578618,273.2129118416164
2024-03-30 21:00:00,161,197.0,138.78756166337485,179.4014321548982,257.3428532866664
2024-03-30 22:00:00,161,276.0,113.34858020795875,166.01507650450813,252.8075232639393
2024-03-30 23:00:00,161,225.0,96.37391135713122,141.2289398538796,218.59524232541474
2024-03-31 00:00:00,161,107.0,76.81877451673316,109.15133569246369,160.1880301733791
2024-03-31 01:00:00,161,59.0,24.643523221407325,46.26610996156622,65.37429124539311
2024-03-31 02:00:00,161,17.0,7.6593436984967616,17.640806519108022,34.6743016252457
2024-03-31 03:00:00,161,8.0,2.5109473998685794,8.220472106064069,15.541075635904011
2024-03-31 04:00:00,161,13.0,4.2211483030650605,7.275461955324233,14.44530144651251
2024-03-31 05:00:00,161,13.0,5.851010412855828,10.183258654226076,13.682404684250688
2024-03-31 06:00:00,161,23.0,13.244701223131079,15.783893447501878,24.424672514340784
2024-03-31 07:00:00,161,36.0,25.646194607625542,40.4099410411846,38.13346745838791
2024-03-31 08:00:00,161,68.0,36.69095316731037,61.68630503358124,71.63198144580912
2024-03-31 09:00:00,161,86.0,50.603511466409664,97.89014659179922,134.52796745660154
2024-03-31 10:00:00,161,147.0,90.05214787366705,149.2510815650588,184.44597764579567
2024-03-31 11:00:00,161,181.0,117.53000875153629,174.70504144157127,211.92912212360682
2024-03-31 12:00:00,161,242.0,146.91025818128196,213.9594253130934,261.66550949928904
2024-03-31 13:00:00,161,244.0,166.5474373962097,221.78972485012034,280.2674451675739
2024-03-31 14:00:00,161,251.0,188.0878796343872,264.95085318217747,312.35709066305174
2024-03-31 15:00:00,161,304.0,200.50213869614288,263.03124377214516,300.58194243338494
2024-03-31 16:00:00,161,259.0,204.5876036379043,272.0864864071264,315.777523777689
2024-03-31 17:00:00,161,280.0,195.32578453487451,259.676305895356,304.24502079256774
2024-03-31 18:00:00,161,255.0,209.6763543950461,290.38039728794104,329.8542271750697
2024-03-31 19:00:00,161,211.0,181.80519097186027,244.24489341216733,298.4581995827403
2024-03-31 20:00:00,161,215.0,116.29642056773524,145.59892261719995,234.25440920265848
2024-03-31 21:00:00,161,155.0,121.41577346861963,148.5966951228198,231.63831541191604
2024-03-31 22:00:00,161,111.0,82.24823038854514,107.45034987837235,193.25827070857179
2024-03-31 23:00:00,161,49.0,37.868316523723244,47.82584595731765,124.31927668690044
2024-03-18 00:00:00,162,16.0,11.752803134969987,30.910500201810684,49.096713762117666
2024-03-18 01:00:00,162,5.0,0.0,7.533593391327117,16.962509955612916
2024-03-18 02:00:00,162,2.0,0.14433202086848362,4.468992801207618,8.134354223614375
2024-03-18 03:00:00,162,5.0,0.7362074555476913,4.695768580974474,8.266595364962107
2024-03-18 04:00:00,162,4.0,3.534941486771165,6.989190425983279,10.99802946966173
2024-03-18 05:00:00,162,28.0,6.3182863739145985,23.265114334798724,39.35101937425066
2024-03-18 06:00:00,162,71.0,19.201407406126282,55.61238105131065,90.63437203017584
2024-03-18 07:00:00,162,130.0,49.45617871699909,119.4025916548227,183.8382275870978
2024-03-18 08:00:00,162,160.0,76.61058856538683,146.80152466099696,235.32302159049922
2024-03-18 09:00:00,162,200.0,105.48693054450091,158.50440982982923,216.76676554401965
2024-03-18 10:00:00,162,216.0,121.04239080454197,161.2725172824035,196.92365258299645
2024-03-18 11:00:00,162,168.0,140.44500395217636,189.95437837029252,233.76393663084193
2024-03-18 12:00:00,162,210.0,161.46928585723884,212.07047783448792,260.60411426359406
2024-03-18 13:00:00,162,207.0,147.42360437200452,188.66022588803014,217.55422996539707
2024-03-18 14:00:00,162,229.0,167.45159095021938,221.1603778533796,260.4875643357949
2024-03-18 15:00:00,162,190.0,168.9711801204149,213.43375622463975,261.70486721298846
2024-03-18 16:00:00,162,271.0,171.36353051941967,251.69490840943251,305.65401613769706
2024-03-18 17:00:00,162,318.0,167.42568163355926,255.28958392899568,351.3977501857122
2024-03-18 18:00:00,162,340.0,201.65590852746342,301.78683529237395,422.48514100040455
2024-03-18 19:00:00,162,286.0,195.07619414227332,274.0999455731167,353.1305212154958
2024-03-18 20:00:00,162,293.0,170.8214866747117,229.31801674484134,286.4816890929103
2024-03-18 21:00:00,162,252.0,171.7093340273596,241.80374295702552,318.2505074197613
2024-03-18 22:00:00,162,155.0,152.26100577314926,193.79513337187905,272.98479019197765
2024-03-18 23:00:00,162,80.0,56.24343429982636,79.02443872402273,120.92620122808883
2024-03-19 00:00:00,162,45.0,11.810205114652028,25.160097856358938,36.991386228709594
2024-03-19 01:00:00,162,20.0,7.53946788792121,13.740172674204745,22.474421068933243
2024-03-19 02:00:00,162,4.0,2.517668549317682,7.967403173510978,13.224413026663274
2024-03-19 03:00:00,162,4.0,0.3242991459011571,3.9733469220877073,8.639481868630892
2024-03-19 04:00:00,162,7.0,4.070764773245387,8.220234217346139,11.753137881357052
2024-03-19 05:00:00,162,29.0,6.153543452223385,25.29051219154845,31.379921790345822
2024-03-19 06:00:00,162,66.0,21.320878884461923,68.81906635653354,86.52649042202538
2024-03-19 07:00:00,162,139.0,57.06383230348128,146.57784851072958,202.55675670284563
2024-03-19 08:00:00,162,191.0,105.76059080593976,188.65759117000752,263.9021711408892
2024-03-19 09:00:00,162,274.0,142.84343995259948,209.56675361008453,256.02963208160594
2024-03-19 10:00:00,162,298.0,162.87199633881218,215.49104823740342,254.97446281471625
2024-03-19 11:00:00,162,213.0,184.28791710635556,242.74013458278853,309.7723514484218
2024-03-19 12:00:00,162,233.0,183.096114428811,244.91477163674128,322.2900496272863
2024-03-19 13:00:00,162,242.0,182.14071435544764,237.39001833317238,269.13813001145104
2024-03-19 14:00:00,162,245.0,186.8567289308163,270.3326150922449,322.9418057904186
2024-03-19 15:00:00,162,277.0,188.45871681063184,249.52859885327192,321.1230753641548
2024-03-19 16:00:00,162,323.0,174.92189911789418,252.8618532476594,319.0905770065055
2024-03-19 17:00:00,162,423.0,219.63879573864023,336.40000857201807,475.33366572582764
2024-03-19 18:00:00,162,490.0,241.60009300772728,383.0341674363717,509.8404028223708
2024-03-19 19:00:00,162,391.0,217.3836403899757,377.0795241448818,490.3955785027699
2024-03-19 20:00:00,162,412.0,207.09006336126558,342.99557963681247,417.79957874779
2024-03-19 21:00:00,162,370.0,217.15342728973425,363.9359173445203,457.84077574976754
2024-03-19 22:00:00,162,216.0,192.8712805329016,259.29518726997367,351.3743759500128
2024-03-19 23:00:00,162,93.0,120.16780811994988,170.73854875501468,243.58856044174823
2024-03-20 00:00:00,162,36.0,32.87192837787568,48.19392804809458,89.19128692143785
2024-03-20 01:00:00,162,18.0,9.563485697071519,17.546151792219725,28.220203108461483
2024-03-20 02:00:00,162,15.0,6.049540691726905,10.358728148044525,13.934647108979552
2024-03-20 03:00:00,162,3.0,3.1223096781355317,5.897806014211528,13.239335267991608
2024-03-20 04:00:00,162,5.0,3.384790931206206,8.478067811431645,11.77759682637958
2024-03-20 05:00:00,162,17.0,6.567145028037885,27.043085189124408,34.579886292509485
2024-03-20 06:00:00,162,68.0,21.857325480152387,71.46563308291522,88.05303399169266
2024-03-20 07:00:00,162,121.0,60.62718393909329,144.13487983441934,206.4984553259525
2024-03-20 08:00:00,162,182.0,109.48674175649236,194.81157676845189,264.9008167600531
2024-03-20 09:00:00,162,206.0,141.44666679835524,206.08799158802955,248.9076751114842
2024-03-20 10:00:00,162,208.0,180.86437661107138,255.14851622800862,286.87312486827653
2024-03-20 11:00:00,162,217.0,189.5095812892883,248.29541125895253,294.26680884311867
2024-03-20 12:00:00,162,207.0,181.85112074062025,246.0546245978359,286.4525137335274
2024-03-20 13:00:00,162,238.0,185.5084455614842,237.40927832634395,277.22317872019704
2024-03-20 14:00:00,162,316.0,192.59685555166408,264.129152055295,307.6103164661072
2024-03-20 15:00:00,162,267.0,197.53516384164553,284.96395175927364,343.2032091032145
2024-03-20 16:00:00,162,367.0,226.45800307240017,335.2826733210876,406.33524146502765
2024-03-20 17:00:00,162,484.0,220.29947623709174,348.02987389036053,476.38239808890364
2024-03-20 18:00:00,162,498.0,242.54259212790726,407.3132034343751,532.4259536720341
2024-03-20 19:00:00,162,444.0,218.61151157195476,383.8154940014242,455.450450220736
2024-03-20 20:00:00,162,413.0,207.75700336239697,372.41667204744715,433.1982441197376
2024-03-20 21:00:00,162,381.0,218.38129847171336,397.1577462716784,457.5820679416345
2024-03-20 22:00:00,162,228.0,205.79723218445568,306.602845455013,390.55083536797684
2024-03-20 23:00:00,162,73.0,128.94013822827287,212.7816657290851,277.4000743389787
2024-03-21 00:00:00,162,31.0,36.21682906793151,54.93682227581583,84.6907100444102
2024-03-21 01:00:00,162,10.0,18.240844153090208,22.545492388585508,32.259232894120935
2024-03-21 02:00:00,162,9.0,11.352803667006555,14.59712630299631,22.34662785238919
2024-03-21 03:00:00,162,4.0,4.254028044793962,9.846429212043233,15.41321074623267
2024-03-21 04:00:00,162,6.0,0.6179974751462531,6.502162002457888,11.630905260726891
2024-03-21 05:00:00,162,32.0,6.492940329514195,26.782403652584783,39.0912593802566
2024-03-21 06:00:00,162,81.0,22.771581062816303,73.54544058960005,93.5756456711718
2024-03-21 07:00:00,162,145.0,60.668651630382065,150.17171978228686,206.40890654747702
2024-03-21 08:00:00,162,205.0,106.92014567739503,191.46710416186784,266.46271458254586
2024-03-21 09:00:00,162,256.0,142.8807192390175,209.9765468120518,248.81859229177613
2024-03-21 10:00:00,162,241.0,172.1357172954464,221.21734511640219,249.7183805373224
2024-03-21 11:00:00,162,258.0,186.81160807341382,272.12350300855616,307.72420993177667
2024-03-21 12:00:00,162,257.0,193.390387644763,283.8582793256003,323.2002457688149
2024-03-21 13:00:00,162,272.0,183.58955680171826,253.38306526475048,273.7292912917534
2024-03-21 14:00:00,162,315.0,211.60677791032595,306.64408631091106,344.2423854552582
2024-03-21 15:00:00,162,297.0,220.04259880995542,337.6409831280082,406.5287568003271
2024-03-21 16:00:00,162,324.0,236.90409170187758,361.37940687786175,431.68614102439204
2024-03-21 17:00:00,162,476.0,240.2031219040231,397.8649122037283,506.13201911686184
2024-03-21 18:00:00,162,476.0,242.54259212790726,427.5444419171042,547.7064105096974
2024-03-21 19:00:00,162,412.0,218.27331402352914,360.992736147998,429.28934541861906
2024-03-21 20:00:00,162,383.0,206.95653073755778,372.39137231446495,415.9762639985314
2024-03-21 21:00:00,162,386.0,217.58082584687418,397.38645990564044,459.102392776972
2024-03-21 22:00:00,162,290.0,206.26124810277616,336.73134869442856,408.17140466529935
2024-03-21 23:00:00,162,155.0,153.16950303060835,256.0227449401474,327.16153413522477
2024-03-22 00:00:00,162,66.0,55.5796706518159,69.95639297057704,99.23283145851222
2024-03-22 01:00:00,162,22.0,15.983334515157196,23.403966001360953,35.59256494258941
2024-03-22 02:00:00,162,12.0,9.7825862021271,13.176882359912433,22.08029851754631
2024-03-22 03:00:00,162,6.0,4.588385181394144,10.19121386707478,13.63698764581902
2024-03-22 04:00:00,162,20.0,5.9437115477799525,9.172046081715493,19.010361468701056
2024-03-22 05:00:00,162,28.0,9.39958035646252,25.627107977592672,44.24583738628434
2024-03-22 06:00:00,162,72.0,24.761969758398067,67.719866439448,88.84439619848453
2024-03-22 07:00:00,162,114.0,60.486229355901735,129.6416733052949,190.38779216955243
2024-03-22 08:00:00,162,137.0,104.11582892853586,166.78057374161446,228.65455932256782
2024-03-22 09:00:00,162,171.0,137.9823637840141,179.41477009765507,196.03952123220944
2024-03-22 10:00:00,162,202.0,149.1744742499297,186.3657601091682,207.2677414932334
2024-03-22 11:00:00,162,199.0,181.10061232286813,231.99861186590968,263.8400490979907
2024-03-22 12:00:00,162,213.0,174.6577141738273,224.51824455594434,237.05785236617842
2024-03-22 13:00:00,162,227.0,189.6093337847411,261.2375741804333,292.18233228836453
2024-03-22 14:00:00,162,230.0,197.86805565770078,284.8936645283446,320.0556846379053
2024-03-22 15:00:00,162,221.0,216.8419762666053,308.1214208652693,357.7399245028077
2024-03-22 16:00:00,162,247.0,194.73292042067052,277.8252970317182,328.160238600528
2024-03-22 17:00:00,162,323.0,217.38598960734208,317.2145389349294,385.1946086767458
2024-03-22 18:00:00,162,340.0,231.83047763466612,356.90874144011326,445.9576602670894
2024-03-22 19:00:00,162,334.0,217.41782704381347,373.74315923528536,415.16430998310216
2024-03-22 20:00:00,162,219.0,202.31954327448423,263.6493327833129,317.7111357896019
2024-03-22 21:00:00,162,177.0,180.80966329682374,238.02113401051787,312.19530934463114
2024-03-22 22:00:00,162,139.0,146.26106316244528,185.69085715802,248.75386072680752
2024-03-22 23:00:00,162,88.0,89.12482191360535,133.33789623770178,160.97296039381263
2024-03-23 00:00:00,162,45.0,43.890082592258224,70.0912107760189,93.30685726113185
2024-03-23 01:00:00,162,35.0,24.605026506702696,40.24714583353332,50.78974270293706
2024-03-23 02:00:00,162,37.0,18.35578303688088,24.11138786384599,40.376381539911534
2024-03-23 03:00:00,162,10.0,7.122104368347931,15.023918678016065,16.407067194537998
2024-03-23 04:00:00,162,14.0,5.877046806259198,10.204616378077885,16.424163700308508
2024-03-23 05:00:00,162,11.0,9.345501945137217,18.152070104083485,28.39292157814426
2024-03-23 06:00:00,162,24.0,19.07106405032518,28.87523374278219,37.42013953983675
2024-03-23 07:00:00,162,35.0,48.577855686267064,77.92573759813942,89.65893348148886
2024-03-23 08:00:00,162,65.0,63.38053642120121,85.08758286428616,106.71574045734727
2024-03-23 09:00:00,162,106.0,80.41889964828839,119.8638364601857,151.8422334362203
2024-03-23 10:00:00,162,145.0,106.7791810854507,157.6844790322164,179.96600115312134
2024-03-23 11:00:00,162,222.0,131.24547302187236,185.32369252678862,212.42172963376265
2024-03-23 12:00:00,162,254.0,139.62981573309082,192.9184349253368,244.83445339286558
2024-03-23 13:00:00,162,243.0,179.80658400546892,228.59106114070576,272.1840660360374
2024-03-23 14:00:00,162,183.0,181.53618815726517,228.70834049603005,260.47850841721447
2024-03-23 15:00:00,162,220.0,170.07478996315055,195.68040756879066,240.6255334378704
2024-03-23 16:00:00,162,259.0,170.96788189703196,213.01015043050833,260.8543524359662
2024-03-23 17:00:00,162,220.0,191.09623285311196,264.6343495702451,323.73695743012365
2024-03-23 18:00:00,162,228.0,191.93815449382836,272.5006633971052,338.53887841756153
2024-03-23 19:00:00,162,201.0,161.46306861489984,215.0280059372262,267.8580894192704
2024-03-23 20:00:00,162,157.0,151.42024676821367,183.1358366366744,207.1580954252075
2024-03-23 21:00:00,162,123.0,140.9777545980421,160.3296397663377,226.39364403955054
2024-03-23 22:00:00,162,112.0,102.25308304671113,143.5662012997264,186.36877382683568
2024-03-23 23:00:00,162,91.0,79.6186908633964,124.49606353957768,151.48594127574367
2024-03-24 00:00:00,162,65.0,39.989394768453344,79.8643932205099,96.45850683972635
2024-03-24 01:00:00,162,31.0,22.298348553720764,37.83129343693262,43.0112592255567
2024-03-24 02:00:00,162,12.0,14.368271685307343,21.169604970012628,29.945233889638374
2024-03-24 03:00:00,162,15.0,9.455040263481246,19.55021824968139,29.630734875748452
2024-03-24 04:00:00,162,14.0,6.924232918424656,12.664187468304334,19.279301642828315
2024-03-24 05:00:00,162,13.0,6.973358248520991,16.154358666075325,26.691593604427563
2024-03-24 06:00:00,162,34.0,19.74598069541463,38.90428733009393,56.42046833971259
2024-03-24 07:00:00,162,31.0,32.868457699560324,63.73538766079875,95.18807441327746
2024-03-24 08:00:00,162,68.0,40.74271120945109,69.30750122073604,91.00782827372616
2024-03-24 09:00:00,162,99.0,50.7573047289543,91.94604337756547,124.43948214820973
2024-03-24 10:00:00,162,121.0,70.3987171746274,121.56272585797328,146.92534665006696
2024-03-24 11:00:00,162,144.0,101.75938704542068,138.76065579438963,169.7731216969691
2024-03-24 12:00:00,162,192.0,134.0892826410628,172.1332905706165,193.75574920778146
2024-03-24 13:00:00,162,164.0,136.88342480212162,172.192695696835,198.133349509718
2024-03-24 14:00:00,162,148.0,158.37275400260174,189.13819221204616,214.768827318665
2024-03-24 15:00:00,162,156.0,143.14071650807145,175.62888198069345,197.87674045377233
2024-03-24 16:00:00,162,160.0,134.01821341787414,162.78650047922272,198.1321933978967
2024-03-24 17:00:00,162,175.0,143.5536202226546,175.2114316808951,206.9896388483693
2024-03-24 18:00:00,162,158.0,148.0400457849406,181.9390666600862,211.98149235767616
2024-03-24 19:00:00,162,174.0,124.2378923552815,150.60496117498258,202.24081672053953
2024-03-24 20:00:00,162,169.0,96.8318905104131,116.11854812904171,140.79779079695308
2024-03-24 21:00:00,162,156.0,111.99536526437046,129.9895846831264,172.53729669387187
2024-03-24 22:00:00,162,65.0,79.00562079626623,100.18230823486397,140.8893461328016
2024-03-24 23:00:00,162,48.0,33.17504837867992,47.54448055260953,91.90782369845176
2024-03-25 00:00:00,162,19.0,9.112176971532065,21.5022178577777,35.78068987377847
2024-03-25 01:00:00,162,7.0,1.7008918219647933,9.551782816100676,17.635279279238368
2024-03-25 02:00:00,162,6.0,0.36945503657668216,5.383612765386436,9.334798106320482
2024-03-25 03:00:00,162,5.0,0.3158468550266242,3.610679714693962,5.9373554114060125
2024-03-25 04:00:00,162,8.0,3.841997428617181,7.8594964381935135,9.892193139692289
2024-03-25 05:00:00,162,24.0,4.752872740313764,19.85213995143954,30.113743885916485
2024-03-25 06:00:00,162,78.0,19.883977094086593,56.57263410878728,97.39330292508852
2024-03-25 07:00:00,162,121.0,47.21518044555682,113.9041607482912,178.0641815706037
2024-03-25 08:00:00,162,169.0,77.54348999506699,146.01371367398013,243.94589299972154
2024-03-25 09:00:00,162,187.0,103.84599704073182,162.99322410778032,205.54937590477607
2024-03-25 10:00:00,162,177.0,130.03371055975776,164.1956313461118,202.01744042252315
2024-03-25 11:00:00,162,190.0,144.57422974721314,188.01975802028895,228.76390564163825
2024-03-25 12:00:00,162,191.0,143.36180992384257,190.23539411654912,222.51650779367853
2024-03-25 13:00:00,162,193.0,160.7356470846706,212.4865558195417,242.50922611743815
2024-03-25 14:00:00,162,236.0,161.02467643954077,217.85611849873646,260.5695645644546
2024-03-25 15:00:00,162,200.0,160.61411247255685,212.0355530034616,253.40862019173403
2024-03-25 16:00:00,162,193.0,165.35631327791634,224.40491396688537,262.480116724341
2024-03-25 17:00:00,162,309.0,183.59233342008946,260.8601387165695,359.5713701928793
2024-03-25 18:00:00,162,304.0,191.79761090756918,278.1798051115518,368.37909492188834
2024-03-25 19:00:00,162,309.0,180.571414152602,262.7921067979581,333.00024257896627
2024-03-25 20:00:00,162,285.0,167.76899270267873,232.09383547292438,286.0662835534331
2024-03-25 21:00:00,162,232.0,174.70724170177996,245.9828420276733,328.73915909792214
2024-03-25 22:00:00,162,120.0,144.81535897885098,186.99252546748306,268.19938180421076
2024-03-25 23:00:00,162,51.0,55.5418836848021,77.65991640030792,113.06157400557424
2024-03-26 00:00:00,162,31.0,19.87131284623467,28.716122404473154,43.87729129581844
2024-03-26 01:00:00,162,8.0,11.199246855075575,16.52098932682936,26.494308194747813
2024-03-26 02:00:00,162,10.0,4.6467504165828055,7.306006752527534,12.423875433651961
2024-03-26 03:00:00,162,7.0,0.318062333957625,3.7326222827608913,6.553262917321252
2024-03-26 04:00:00,162,3.0,3.2945268626323796,6.771856966581903,10.503033271574061
2024-03-26 05:00:00,162,23.0,5.7819404654849595,23.326208691917486,36.60255330043695
2024-03-26 06:00:00,162,66.0,22.428742292182175,71.22147120762274,97.15653369044308
2024-03-26 07:00:00,162,124.0,54.6152530141868,140.0285389417262,188.2018825336443
2024-03-26 08:00:00,162,230.0,100.8612615856044,185.19503035869403,260.4249332111198
2024-03-26 09:00:00,162,263.0,132.79120756692856,194.5363657150955,231.9673656379498
2024-03-26 10:00:00,162,236.0,185.54780223787665,244.21293919927047,275.45156516509155
2024-03-26 11:00:00,162,219.0,194.55528146799196,288.99776500927305,334.16209574758847
2024-03-26 12:00:00,162,213.0,175.48355231897503,237.25864783556682,287.0264670851053
2024-03-26 13:00:00,162,231.0,176.3752015399268,239.18028039126062,273.9749477269885
2024-03-26 14:00:00,162,236.0,177.79174942306398,259.9731841120325,307.3700556216946
2024-03-26 15:00:00,162,266.0,192.31462632442208,259.60859068628076,314.26609294086586
2024-03-26 16:00:00,162,264.0,193.11731652449353,276.2635805229066,347.65999376323407
2024-03-26 17:00:00,162,398.0,206.12999245886388,319.2384970678058,446.07813055400334
2024-03-26 18:00:00,162,447.0,229.17007196708894,367.3757710062485,485.0021540081615
2024-03-26 19:00:00,162,454.0,215.70188814543243,367.2204229817346,489.1814538839552
2024-03-26 20:00:00,162,414.0,207.09006336126558,344.62539937530113,428.38985974979045
2024-03-26 21:00:00,162,343.0,217.15342728973425,356.6878401297755,451.2575487544365
2024-03-26 22:00:00,162,257.0,199.75907737056323,302.3685770120069,384.7321940682713
2024-03-26 23:00:00,162,78.0,78.07344649630123,108.61824539100893,166.31309133354432
2024-03-27 00:00:00,162,36.0,24.525586933697806,30.578198519016883,57.74110667627937
2024-03-27 01:00:00,162,12.0,8.654012380710904,15.556100816058356,23.91011709728031
2024-03-27 02:00:00,162,8.0,4.939598488230904,7.665592670157326,11.966690686017154
2024-03-27 03:00:00,162,8.0,4.156744099126661,9.072400217792215,14.623579889302718
2024-03-27 04:00:00,162,5.0,3.413607920414651,8.234161183290267,10.718980427346557
2024-03-27 05:00:00,162,29.0,6.454901149246034,25.91331620298593,28.104371136085906
2024-03-27 06:00:00,162,73.0,20.492704166322483,67.85087412474113,87.12600793605259
2024-03-27 07:00:00,162,178.0,57.42118083170481,143.96444901282288,200.36976197822588
2024-03-27 08:00:00,162,229.0,99.18528878705959,189.73310392516083,259.428702302151
2024-03-27 09:00:00,162,246.0,162.89829942175956,231.89356815550963,259.1004945855039
2024-03-27 10:00:00,162,232.0,182.91715237149168,223.66374885096803,260.8867329277558
2024-03-27 11:00:00,162,238.0,187.25373648560824,234.31038389787764,279.42729614904516
2024-03-27 12:00:00,162,281.0,189.00218223835756,252.31170290866112,286.5167454590292
2024-03-27 13:00:00,162,219.0,180.78375406486882,241.30708677075296,276.0528184348132
2024-03-27 14:00:00,162,289.0,197.83082132258062,277.73873079983633,344.26874385025326
2024-03-27 15:00:00,162,390.0,219.84318479670048,302.68005555911554,362.3466023187393
2024-03-27 16:00:00,162,358.0,216.1993070928694,313.353415153946,367.6082393762212
2024-03-27 17:00:00,162,481.0,243.2944670927014,402.3783036441606,521.9535736579327
2024-03-27 18:00:00,162,543.0,242.54259212790726,428.43897570063467,552.3506056329264
2024-03-27 19:00:00,162,429.0,218.61151157195476,383.8154940014242,461.4284875239904
2024-03-27 20:00:00,162,412.0,207.75700336239697,393.3531479758733,450.7024134349055
2024-03-27 21:00:00,162,374.0,218.38129847171336,360.60924302202466,424.9974002558182
2024-03-27 22:00:00,162,168.0,205.79723218445568,319.18095185695273,390.55083536797684
2024-03-27 23:00:00,162,99.0,110.91493765647287,166.37145657958922,209.19520065810008
2024-03-28 00:00:00,162,47.0,21.222329576789953,38.16717951668932,51.71974955087931
2024-03-28 01:00:00,162,15.0,7.803338221299635,16.182062921318835,23.844729833172416
2024-03-28 02:00:00,162,6.0,2.826517110374824,9.239314655989858,12.276418895505932
2024-03-28 03:00:00,162,9.0,2.712856235520094,6.186701038355396,8.89068165137817
2024-03-28 04:00:00,162,7.0,3.413607920414651,8.319363041218175,11.615925631237713
2024-03-28 05:00:00,162,24.0,6.492940329514195,26.31208811120118,37.705216137190924
2024-03-28 06:00:00,162,91.0,26.186513880774882,82.54906758004628,100.45365637738482
2024-03-28 07:00:00,162,151.0,66.59879258698315,158.6108317300927,197.03734729436104
2024-03-28 08:00:00,162,199.0,117.96199299240173,202.07581839873657,268.54832495794557
2024-03-28 09:00:00,162,234.0,156.34641815719854,226.4868759193505,263.5713208374245
2024-03-28 10:00:00,162,225.0,187.43603116264575,258.7102129475836,275.652139461697
2024-03-28 11:00:00,162,222.0,189.8301438365004,263.5787893528383,299.2579885402127
2024-03-28 12:00:00,162,287.0,198.2006712766764,286.1648231772289,317.9017945146479
2024-03-28 13:00:00,162,255.0,197.5351638417794,288.1980955947795,320.0407549935892
2024-03-28 14:00:00,162,279.0,214.41437368012055,307.94004761172056,344.1252973951034
2024-03-28 15:00:00,162,285.0,220.22697188958125,334.36028226966766,399.4331214005491
2024-03-28 16:00:00,162,305.0,222.0134251033054,349.9691134430622,410.0120214231036
2024-03-28 17:00:00,162,389.0,228.5050414344481,364.29967253845706,476.901699586079
2024-03-28 18:00:00,162,450.0,239.45124693922895,424.7181877921983,539.140514172
2024-03-28 19:00:00,162,354.0,218.27331402352914,381.3533660225539,438.69258349804056
2024-03-28 20:00:00,162,338.0,206.95653073755778,361.75302182940885,402.168718103185
2024-03-28 21:00:00,162,344.0,217.58082584687418,342.0162835817473,406.67540834905265
2024-03-28 22:00:00,162,318.0,206.26124810277616,316.39048903895093,381.29047983560525
2024-03-28 23:00:00,162,152.0,127.70462684956433,175.3505037408016,227.84023354580563
2024-03-29 00:00:00,162,79.0,53.94737218375316,68.79325142987412,102.0802806693458
2024-03-29 01:00:00,162,46.0,20.003886441324806,27.374684241583555,39.256651035487174
2024-03-29 02:00:00,162,23.0,6.334785309921707,10.629572301835372,15.436014290801737
2024-03-29 03:00:00,162,9.0,4.113263022052385,7.042796862991766,14.389641780123354
2024-03-29 04:00:00,162,11.0,4.734290890976672,10.963953580809658,14.886907319399237
2024-03-29 05:00:00,162,22.0,9.39958035646252,25.66374316429524,44.549704002433195
2024-03-29 06:00:00,162,57.0,23.284820821285,68.057580212179,92.16941152569127
2024-03-29 07:00:00,162,81.0,64.25061069467891,131.56648800286064,185.44458008155442
2024-03-29 08:00:00,162,110.0,102.85772815203973,158.34350638675866,221.23278016773838
2024-03-29 09:00:00,162,139.0,121.70971724483528,168.90060607087145,183.98114362223927
2024-03-29 10:00:00,162,163.0,140.8694458057012,173.54335242138123,191.63068988133296
2024-03-29 11:00:00,162,174.0,153.83758749072365,188.47102158459748,216.849629463512
2024-03-29 12:00:00,162,169.0,165.03203259931527,208.48116657732663,226.66495331304813
2024-03-29 13:00:00,162,166.0,179.20325702893047,228.6323241766675,249.6754369934748
2024-03-29 14:00:00,162,212.0,181.02877381992363,235.91582370371523,266.03039062971965
2024-03-29 15:00:00,162,212.0,174.3901028770944,224.55917204845676,269.26644881657614
2024-03-29 16:00:00,162,231.0,192.02844424266695,250.70594294331383,292.8477945178484
2024-03-29 17:00:00,162,223.0,196.37302144885354,276.59205010220523,343.9273245031342
2024-03-29 18:00:00,162,248.0,220.13239716509113,308.8064174943642,371.6835625563836
2024-03-29 19:00:00,162,261.0,192.4571792551374,265.10191992908676,325.04303918521947
2024-03-29 20:00:00,162,179.0,181.09999432533002,230.38277916483264,270.44901714093163
2024-03-29 21:00:00,162,155.0,159.44973920803915,201.30655387234862,278.7201430219421
2024-03-29 22:00:00,162,93.0,122.5286379725125,167.2260787066539,217.4546983826142
2024-03-29 23:00:00,162,94.0,80.57296902235889,115.90914854436619,145.89251413132104
2024-03-30 00:00:00,162,63.0,29.719397156859642,64.45676143420063,77.82355793537286
2024-03-30 01:00:00,162,36.0,18.7447919852039,35.39586308835796,40.34019705583119
2024-03-30 02:00:00,162,21.0,13.71039799418011,19.641615308837455,31.791442918758342
2024-03-30 03:00:00,162,13.0,12.71348334068267,18.238782138277752,25.879575255974647
2024-03-30 04:00:00,162,21.0,5.702002628277301,12.576778492919155,14.81040049563973
2024-03-30 05:00:00,162,10.0,7.662487394207119,16.8220976844547,26.128608670852735
2024-03-30 06:00:00,162,30.0,17.428479678981965,26.039899565235842,33.860444217958516
2024-03-30 07:00:00,162,33.0,36.397812845247266,49.40333565859902,51.753437437879015
2024-03-30 08:00:00,162,54.0,50.21511953049521,79.1100282571638,86.37947595399129
2024-03-30 09:00:00,162,98.0,71.00859352954095,109.14566325979919,143.00146052066555
2024-03-30 10:00:00,162,125.0,92.39870334857211,141.5702470911716,166.91084565200612
2024-03-30 11:00:00,162,193.0,122.53789043074948,165.59183623281467,193.66344405088378
2024-03-30 12:00:00,162,171.0,142.17586889611093,193.3388877032685,243.65715538255222
2024-03-30 13:00:00,162,149.0,169.44884339474092,237.00379212221736,291.1183090837082
2024-03-30 14:00:00,162,157.0,163.98806204175332,228.03377367681307,253.16718886850393
2024-03-30 15:00:00,162,174.0,146.30046937350812,179.89586982099246,217.2751631405192
2024-03-30 16:00:00,162,184.0,157.27888151211664,204.1560974621914,257.2128427978046
2024-03-30 17:00:00,162,188.0,177.15535009518538,253.3770512248627,307.3578088331827
2024-03-30 18:00:00,162,201.0,176.9458028030492,222.84197698423114,265.3778466607663
2024-03-30 19:00:00,162,213.0,154.71023549810636,201.46846794634772,241.5465557028847
2024-03-30 20:00:00,162,211.0,140.16041699454271,150.9551980453621,177.18274760446482
2024-03-30 21:00:00,162,121.0,129.0061703251933,144.6511897810061,203.93659115962353
2024-03-30 22:00:00,162,119.0,100.36493369491292,117.4044401276349,171.7361723263364
2024-03-30 23:00:00,162,76.0,52.343963271854115,84.99176637616226,123.03979725781628
2024-03-31 00:00:00,162,61.0,30.201408231193405,55.30427013469202,64.14798450322654
2024-03-31 01:00:00,162,42.0,19.356963109751682,26.522379973236948,43.96706546196799
2024-03-31 02:00:00,162,14.0,9.054591798203305,16.352828671909897,26.352560535738792
2024-03-31 03:00:00,162,15.0,3.424375777828711,9.409582470046722,17.451461834462545
2024-03-31 04:00:00,162,13.0,5.866018831408686,11.276713131688128,17.90662676978649
2024-03-31 05:00:00,162,17.0,6.495184370609235,12.821728229180817,25.622674348385065
2024-03-31 06:00:00,162,26.0,15.032063941950994,23.44457691474684,37.31544870847772
2024-03-31 07:00:00,162,21.0,29.77195604188029,52.28422645089785,66.80498199452815
2024-03-31 08:00:00,162,68.0,36.9286398389466,55.47807361591629,66.52870832547583
2024-03-31 09:00:00,162,99.0,53.19094042133429,96.00971012872795,133.97059605784716
2024-03-31 10:00:00,162,114.0,76.29954675354722,129.19035373656897,143.86788540937965
2024-03-31 11:00:00,162,147.0,100.07028947497484,141.79887054516396,165.83886966044923
2024-03-31 12:00:00,162,196.0,123.89599386476482,156.0920105739549,177.52738606848354
2024-03-31 13:00:00,162,189.0,139.88489716140307,177.911031144175,201.875662701682
2024-03-31 14:00:00,162,191.0,148.65288245376433,189.23041613402344,210.73253849882693
2024-03-31 15:00:00,162,166.0,145.5785992582827,171.95526538471475,199.15944723276328
2024-03-31 16:00:00,162,148.0,149.88260987665026,180.41114380474443,210.32153634570383
2024-03-31 17:00:00,162,224.0,143.30128995143542,180.45218033878268,218.10376412239316
2024-03-31 18:00:00,162,230.0,136.32797207674258,175.86594487716252,202.3923887163121
2024-03-31 19:00:00,162,228.0,113.98012708753963,141.48168122106435,173.83068688683787
2024-03-31 20:00:00,162,290.0,113.29459141949623,139.06854793540867,159.67336768770159
2024-03-31 21:00:00,162,255.0,127.87840420693047,150.20728363988962,203.03691158448942
2024-03-31 22:00:00,162,104.0,102.29591617091903,130.95354974755963,172.62225608042527
2024-03-31 23:00:00,162,38.0,26.117365616682545,39.76864392845042,79.95465496098161
2024-03-18 00:00:00,163,16.0,8.250823453019288,27.518488617987938,42.0412322466219
2024-03-18 01:00:00,163,12.0,1.1367432223830367,9.567640546908477,21.292879772310247
2024-03-18 02:00:00,163,3.0,1.999390224614537,6.527791268196222,17.90523706848551
2024-03-18 03:00:00,163,4.0,2.152823352664047,7.062521856553404,13.143239257917424
2024-03-18 04:00:00,163,14.0,2.902877700576057,5.593488906130654,11.700768851744009
2024-03-18 05:00:00,163,19.0,5.10668649628672,9.052688353887987,19.30807119016006
2024-03-18 06:00:00,163,19.0,15.864029982268038,23.699640648439345,39.80941194150733
2024-03-18 07:00:00,163,33.0,27.314245789518043,56.75438375520618,80.87940463521261
2024-03-18 08:00:00,163,76.0,42.59335352573592,77.0458521496089,103.69190113710316
2024-03-18 09:00:00,163,94.0,63.86786812176907,95.0504295012689,135.02687830948756
2024-03-18 10:00:00,163,126.0,81.74867290226997,115.45951741527473,141.54605907000285
2024-03-18 11:00:00,163,170.0,98.97658481393336,139.31597633939455,158.2494191131332
2024-03-18 12:00:00,163,170.0,108.72283492008638,156.9532477239539,175.2515212469772
2024-03-18 13:00:00,163,176.0,129.04661635674455,168.5933522130949,198.085287443752
2024-03-18 14:00:00,163,208.0,135.07805410707982,178.60886696902983,221.01721713807154
2024-03-18 15:00:00,163,184.0,155.4241369929784,192.84238008866285,222.0993918895076
2024-03-18 16:00:00,163,234.0,163.07924033590916,204.9049451448223,236.94234081112262
2024-03-18 17:00:00,163,263.0,155.72858921098705,210.6246166166881,263.351340492244
2024-03-18 18:00:00,163,282.0,180.94071121970964,239.9972959975697,318.2461873363836
2024-03-18 19:00:00,163,224.0,162.34899888612924,222.81075240196336,292.4401289818387
2024-03-18 20:00:00,163,218.0,122.9929794067779,194.2267626804105,230.85061421395332
2024-03-18 21:00:00,163,244.0,155.31721475534266,234.19060663738816,301.6847813734214
2024-03-18 22:00:00,163,133.0,133.8507997002541,196.62091612179452,276.7269501397861
2024-03-18 23:00:00,163,60.0,78.49327076818754,114.87330565786449,166.11350056632048
2024-03-19 00:00:00,163,28.0,16.86954797503933,29.441003142725855,52.666040469386225
2024-03-19 01:00:00,163,11.0,7.75459127218039,13.823905333815816,23.348338789921
2024-03-19 02:00:00,163,4.0,2.220932986530652,6.960193936322344,11.022765636810735
2024-03-19 03:00:00,163,3.0,1.4919459372724113,4.348437036491141,8.498076691262956
2024-03-19 04:00:00,163,3.0,4.171838404134142,7.057135863772655,10.397613829520468
2024-03-19 05:00:00,163,8.0,5.034567631320475,8.207790826669562,14.708126660497284
2024-03-19 06:00:00,163,15.0,15.45407600829329,23.404764406265684,34.91147027851397
2024-03-19 07:00:00,163,61.0,22.213063555505776,45.01691031251262,54.726083928951326
2024-03-19 08:00:00,163,108.0,49.71782698546796,86.44733907004711,122.39869635706066
2024-03-19 09:00:00,163,111.0,73.88340582079447,126.03090302808266,141.93222282934195
2024-03-19 10:00:00,163,156.0,90.56797659720607,135.70181152048153,169.0740613302362
2024-03-19 11:00:00,163,173.0,106.7285617428875,148.01656531371643,184.5081728903679
2024-03-19 12:00:00,163,199.0,142.03254201730266,194.08156573357854,221.9681850066591
2024-03-19 13:00:00,163,219.0,156.58887224334828,205.92158819613607,237.18481680834887
2024-03-19 14:00:00,163,204.0,162.04147429685224,225.08242609145654,261.9555922891778
2024-03-19 15:00:00,163,222.0,178.52766394550454,230.64716459813522,278.31423728641107
2024-03-19 16:00:00,163,251.0,163.49586342587276,222.79713111361477,270.0346651898768
2024-03-19 17:00:00,163,286.0,186.53699926371422,272.50765735416456,335.1732869049978
2024-03-19 18:00:00,163,336.0,213.85894108770472,306.7623826488692,395.3603342686867
2024-03-19 19:00:00,163,280.0,195.70916712994267,271.9086908594456,353.7561788710382
2024-03-19 20:00:00,163,359.0,177.3566322059697,246.4728497393689,322.45785414057013
2024-03-19 21:00:00,163,300.0,192.49411789665217,286.65983041353155,367.0317890309153
2024-03-19 22:00:00,163,255.0,187.4237197288126,267.6601194638786,361.8460185079868
2024-03-19 23:00:00,163,126.0,88.99960432036865,143.3134206477111,218.43974382695234
2024-03-20 00:00:00,163,44.0,36.515822761514706,52.196714509010924,93.47198307083428
2024-03-20 01:00:00,163,20.0,7.820325909971601,14.90686686291345,27.128118225619776
2024-03-20 02:00:00,163,8.0,4.190406758044851,9.751400754370447,12.910262116911696
2024-03-20 03:00:00,163,3.0,3.1923926943678778,6.238937252888823,10.086533657738443
2024-03-20 04:00:00,163,7.0,4.293757463453937,7.923684311481776,11.041823511447749
2024-03-20 05:00:00,163,7.0,5.038942901550311,9.72430948865053,12.675361459093027
2024-03-20 06:00:00,163,20.0,14.733893748017264,23.894749359960556,32.43701013431118
2024-03-20 07:00:00,163,63.0,27.094144730319936,62.25789178063789,72.21217068191869
2024-03-20 08:00:00,163,120.0,55.39245045695233,101.5757953997716,117.56465426749077
2024-03-20 09:00:00,163,152.0,91.2129693764375,140.49700328177187,162.93251928494388
2024-03-20 10:00:00,163,130.0,110.4667525222947,153.67693308835445,173.70984838306785
2024-03-20 11:00:00,163,177.0,142.4933367721728,181.47045278383996,209.97419336732378
2024-03-20 12:00:00,163,178.0,137.9362456269313,185.68413420773612,205.26291287186777
2024-03-20 13:00:00,163,216.0,158.3534696886465,217.89496603107594,239.38683539977922
2024-03-20 14:00:00,163,221.0,172.44775815587607,234.11353563136566,269.2544740870847
2024-03-20 15:00:00,163,221.0,180.21511052333963,232.14115691573178,278.012470752534
2024-03-20 16:00:00,163,247.0,183.60511020094432,235.34583498125542,275.8696081968047
2024-03-20 17:00:00,163,368.0,189.7076614585986,268.9453455291595,324.6296212758602
2024-03-20 18:00:00,163,343.0,214.83759451073863,307.54736123977455,393.85975716065786
2024-03-20 19:00:00,163,291.0,211.94390952722816,286.2918116568912,346.9825505372282
2024-03-20 20:00:00,163,360.0,194.24174827544624,259.921517014698,299.7704189538472
2024-03-20 21:00:00,163,364.0,211.8732693132412,324.4295304015124,363.5621532762704
2024-03-20 22:00:00,163,315.0,188.2617786729024,267.0026577523338,351.68794409505335
2024-03-20 23:00:00,163,272.0,138.52086113521904,193.24356733361753,273.3373123174228
2024-03-21 00:00:00,163,45.0,44.93039958471751,65.18868074347834,116.63402597072148
2024-03-21 01:00:00,163,26.0,11.330475447157527,27.174941176215874,39.965354091075874
2024-03-21 02:00:00,163,10.0,7.4802244430976,13.315255389829764,18.324733669721493
2024-03-21 03:00:00,163,5.0,2.8989374164282147,6.77625823830091,8.754474342942864
2024-03-21 04:00:00,163,13.0,4.511294913482474,8.44803242316838,13.460154094456367
2024-03-21 05:00:00,163,16.0,8.981602083541548,14.075246105813395,19.87868889201754
2024-03-21 06:00:00,163,31.0,16.966116732477406,30.678482800977118,39.94247786040025
2024-03-21 07:00:00,163,69.0,29.55834070769565,67.10904811499479,80.28353250501696
2024-03-21 08:00:00,163,135.0,65.08012156514012,121.29053149727665,145.11649461386986
2024-03-21 09:00:00,163,159.0,97.27498112243906,149.7296512631317,165.5331319653162
2024-03-21 10:00:00,163,150.0,116.39409675928611,149.77798951009098,176.92194670506504
2024-03-21 11:00:00,163,195.0,125.57055276584956,168.13974110872311,195.56225261843247
2024-03-21 12:00:00,163,231.0,145.40914457417836,199.54007231713007,217.95004210489566
2024-03-21 13:00:00,163,231.0,168.5328022473135,226.04141029695782,247.14574234155614
2024-03-21 14:00:00,163,210.0,185.069695921873,255.17750931135055,298.0922646417156
2024-03-21 15:00:00,163,249.0,189.61917722475806,241.78310176590074,287.16380840512534
2024-03-21 16:00:00,163,251.0,188.59777744889018,249.94652477826813,305.3013216861763
2024-03-21 17:00:00,163,315.0,209.9302567843452,303.5008531969692,362.6126512856898
2024-03-21 18:00:00,163,305.0,219.84401513294674,330.2162240990841,414.94293907626957
2024-03-21 19:00:00,163,295.0,217.06896470670372,324.6769097523521,351.6964565010943
2024-03-21 20:00:00,163,326.0,191.17619572675636,268.5810460682766,302.47217743744454
2024-03-21 21:00:00,163,387.0,213.42882659569145,325.3339604891125,379.816648309527
2024-03-21 22:00:00,163,323.0,192.13484201228036,284.19405305915035,358.9966807964379
2024-03-21 23:00:00,163,172.0,145.77688495671202,220.64596785098715,290.85581370340583
2024-03-22 00:00:00,163,62.0,94.57185462166386,124.25830657007653,173.38308088084577
2024-03-22 01:00:00,163,41.0,17.498569272777484,27.619127551452042,41.90766933282984
2024-03-22 02:00:00,163,15.0,10.716626628948847,13.008728271823554,25.868204061813454
2024-03-22 03:00:00,163,8.0,6.935867366700143,11.832320687998138,14.653566459286472
2024-03-22 04:00:00,163,10.0,5.769536963585183,11.02828223881765,18.195653031052647
2024-03-22 05:00:00,163,19.0,8.020682078622198,12.467131894609494,20.68952909204331
2024-03-22 06:00:00,163,20.0,20.786407643658347,32.720697387467304,46.39891774012125
2024-03-22 07:00:00,163,45.0,31.337368454553946,59.202617132284225,67.02553637454065
2024-03-22 08:00:00,163,86.0,55.7591640759738,87.55974703967108,106.85443218766974
2024-03-22 09:00:00,163,116.0,98.26952038971925,130.85641976206642,149.78099519390196
2024-03-22 10:00:00,163,147.0,116.33629850463795,145.49259760287794,167.55715771738818
2024-03-22 11:00:00,163,194.0,127.49969486891823,160.58910548444723,174.01755001080417
2024-03-22 12:00:00,163,186.0,143.27813438407276,191.08857763012634,206.4434766035703
2024-03-22 13:00:00,163,167.0,177.81051478130297,212.83312319813413,246.5939152047772
2024-03-22 14:00:00,163,193.0,176.66803523567577,215.89208810315856,239.12924065465984
2024-03-22 15:00:00,163,215.0,163.13184770937997,199.3670258103127,231.7631727724818
2024-03-22 16:00:00,163,244.0,182.64876121794245,225.14016421414144,271.9088402809298
2024-03-22 17:00:00,163,275.0,190.2057860190905,240.13300746871988,280.9111950605877
2024-03-22 18:00:00,163,263.0,210.63106202057526,276.6268249106057,354.32917316818276
2024-03-22 19:00:00,163,235.0,192.67115032542443,268.61487841035256,312.2198057080136
2024-03-22 20:00:00,163,169.0,157.49950063063247,207.82109256581487,241.79238167725558
2024-03-22 21:00:00,163,182.0,159.99709590414508,230.52479245649968,293.89390575014664
2024-03-22 22:00:00,163,225.0,164.06749723689177,234.0744282116958,308.7614749577904
2024-03-22 23:00:00,163,156.0,142.14541819497367,200.20798817574544,257.6369320069676
2024-03-23 00:00:00,163,65.0,65.45279878897423,113.41423327343719,148.30016649325438
2024-03-23 01:00:00,163,37.0,30.282116817291126,54.39994807478845,73.14335945873428
2024-03-23 02:00:00,163,35.0,17.59078293503106,24.18348819777496,36.293505813171606
2024-03-23 03:00:00,163,19.0,11.07988356141069,15.62731551553211,24.793602574950985
2024-03-23 04:00:00,163,17.0,8.115399041963895,12.75315017114792,18.565348542926834
2024-03-23 05:00:00,163,12.0,7.138790776256002,9.541706196205029,11.806914041138223
2024-03-23 06:00:00,163,12.0,18.778372872896735,25.684733845274987,35.75954034894202
2024-03-23 07:00:00,163,23.0,26.15354780366157,33.959632702961166,41.318213045407575
2024-03-23 08:00:00,163,46.0,40.15999478684822,48.05517591555171,51.37488428877896
2024-03-23 09:00:00,163,99.0,64.13041811720903,89.91223639803177,118.61119923006153
2024-03-23 10:00:00,163,152.0,83.8689444567927,125.75309857607338,145.54897822424738
2024-03-23 11:00:00,163,178.0,100.7327428785412,139.37648473048995,177.2482337273765
2024-03-23 12:00:00,163,221.0,126.13285448955824,170.69310505561236,219.39182974527765
2024-03-23 13:00:00,163,235.0,139.10830503661677,182.98341823322107,224.48647425701577
2024-03-23 14:00:00,163,222.0,161.523559755155,210.6177564592785,236.37908280630504
2024-03-23 15:00:00,163,187.0,156.056543835626,192.37816823821885,233.14442463081951
2024-03-23 16:00:00,163,200.0,166.23517162609883,199.30941000691743,247.60859242962772
2024-03-23 17:00:00,163,184.0,167.6718359542512,214.43755188720323,259.8366294974236
2024-03-23 18:00:00,163,192.0,182.61277718534478,236.85947942707756,302.70642931374414
2024-03-23 19:00:00,163,252.0,154.20392571140937,213.62619078422355,253.97071772082967
2024-03-23 20:00:00,163,126.0,152.80122114282665,196.5756829315287,226.43338245985657
2024-03-23 21:00:00,163,164.0,129.55352702129923,183.46443431765684,242.67730744411662
2024-03-23 22:00:00,163,141.0,113.2281945469711,184.27587514926637,248.20351344797248
2024-03-23 23:00:00,163,135.0,115.92914653830792,183.88267328200655,228.01909323999413
2024-03-24 00:00:00,163,82.0,69.63235080540231,115.4727531094711,140.17535586410855
2024-03-24 01:00:00,163,45.0,35.447725740602245,64.47800460223273,88.21663194566796
2024-03-24 02:00:00,163,28.0,17.098060688850993,25.609220077335504,38.04579685281802
2024-03-24 03:00:00,163,12.0,9.616823581951808,19.95949726138732,27.655000631034746
2024-03-24 04:00:00,163,19.0,8.724112889344541,17.617380047895647,21.201805138259616
2024-03-24 05:00:00,163,19.0,10.378350277269147,13.542892287098919,26.077906237358583
2024-03-24 06:00:00,163,13.0,17.313184884911315,30.33634437945682,36.13619354186813
2024-03-24 07:00:00,163,25.0,24.79467140977795,41.01504193920286,51.372942035768304
2024-03-24 08:00:00,163,45.0,35.9278582851623,46.35110783616721,58.123737754893625
2024-03-24 09:00:00,163,87.0,42.77179698150935,75.52281129526087,83.08851234528689
2024-03-24 10:00:00,163,130.0,56.72519648847832,88.28636152409653,101.09111335487306
2024-03-24 11:00:00,163,157.0,90.6149242149645,121.88760680197065,146.08372564821642
2024-03-24 12:00:00,163,156.0,108.79066933484482,146.14981146911364,161.2523026960514
2024-03-24 13:00:00,163,175.0,127.24542279412735,153.7560847798374,174.6195326753016
2024-03-24 14:00:00,163,154.0,120.01277467553133,145.6478676590793,174.76137512278112
2024-03-24 15:00:00,163,173.0,154.92919976503094,183.5160914518906,204.86859630588407
2024-03-24 16:00:00,163,168.0,134.88701126912844,166.75628248671245,202.32077372818338
2024-03-24 17:00:00,163,179.0,150.03494470204913,186.95146606643468,233.07069851119422
2024-03-24 18:00:00,163,164.0,136.84039142517514,164.92923941515252,206.03376013877693
2024-03-24 19:00:00,163,130.0,112.8233096416692,148.8040598504057,195.26558200668518
2024-03-24 20:00:00,163,119.0,75.63118927634322,92.53247459499435,129.28058376697186
2024-03-24 21:00:00,163,85.0,89.6121953584311,132.70381107343587,173.62501620921518
2024-03-24 22:00:00,163,82.0,57.8276487224454,87.89886843696748,144.79494762364538
2024-03-24 23:00:00,163,35.0,26.515492728387105,55.35008951441637,102.51753106599388
2024-03-25 00:00:00,163,23.0,9.464202094434436,24.829626032036842,41.65923805244158
2024-03-25 01:00:00,163,4.0,1.0833581694843686,8.269735094610633,19.64454230610644
2024-03-25 02:00:00,163,6.0,2.116617477364637,6.563419423900851,16.21221059562775
2024-03-25 03:00:00,163,3.0,0.2080001083383919,3.171029681544634,8.692883483580347
2024-03-25 04:00:00,163,1.0,3.235925462510902,6.133388073912167,10.236086580745061
2024-03-25 05:00:00,163,16.0,7.070388785279617,13.36647570240495,19.978886383642624
2024-03-25 06:00:00,163,15.0,17.882205920361248,30.453385796282788,47.74453691314341
2024-03-25 07:00:00,163,49.0,24.95355168461781,51.154780288562236,75.36550239790664
2024-03-25 08:00:00,163,84.0,37.437652436419995,63.679476012504395,92.9058033574985
2024-03-25 09:00:00,163,120.0,56.629173392129125,99.62662576838287,119.87711901900681
2024-03-25 10:00:00,163,140.0,77.98436054852611,120.64586060109764,144.60544673392957
2024-03-25 11:00:00,163,191.0,109.02672836819681,144.97226340347996,171.44025359558694
2024-03-25 12:00:00,163,191.0,134.95198826486651,172.9410264924873,200.1679851231812
2024-03-25 13:00:00,163,172.0,153.01527711336792,192.59004138921625,215.20046402968376
2024-03-25 14:00:00,163,174.0,154.27919716634574,202.5400232212196,229.79112788666046
2024-03-25 15:00:00,163,177.0,153.4156441544087,191.2194815847037,220.90178080859627
2024-03-25 16:00:00,163,176.0,148.28614275350435,191.9138693259699,223.54539746306963
2024-03-25 17:00:00,163,208.0,161.25302704892056,218.9695150008076,277.62512984905266
2024-03-25 18:00:00,163,247.0,164.0398129038773,227.24396173666796,294.17194867318926
2024-03-25 19:00:00,163,220.0,161.7220466785294,212.68276548861755,271.8878088588873
2024-03-25 20:00:00,163,229.0,120.56470120489776,191.51931093826033,223.59097003185042
2024-03-25 21:00:00,163,218.0,123.22563278033236,201.19990449314568,267.9993785346641
2024-03-25 22:00:00,163,131.0,112.60561020314579,181.69763938477186,263.03238813744457
2024-03-25 23:00:00,163,66.0,44.54696175187741,75.26091914683937,126.31326280524799
2024-03-26 00:00:00,163,28.0,14.662172734350168,25.223559857387567,48.08334854237076
2024-03-26 01:00:00,163,10.0,6.105991851698438,13.647894802000588,22.94791875669171
2024-03-26 02:00:00,163,6.0,2.4392804239597603,4.75243452790731,10.933392693728827
2024-03-26 03:00:00,163,4.0,0.5494096796350598,3.733692131384794,7.01825473737962
2024-03-26 04:00:00,163,7.0,3.2078885387345615,5.965860940832225,10.347074871394732
2024-03-26 05:00:00,163,4.0,4.555142116139221,7.035802031970739,10.85803879396561
2024-03-26 06:00:00,163,19.0,15.261584029595403,24.62513233221758,34.17466743582219
2024-03-26 07:00:00,163,48.0,23.752689656377626,44.70542476529229,63.33861097872841
2024-03-26 08:00:00,163,83.0,52.81823666659076,101.66701337228491,127.07180965334803
2024-03-26 09:00:00,163,123.0,84.15229720069213,130.9025552095778,158.39753621627744
2024-03-26 10:00:00,163,124.0,91.04501939880745,135.7472269119016,169.01801105031967
2024-03-26 11:00:00,163,191.0,122.29080675293751,158.6610457273799,192.6809243793427
2024-03-26 12:00:00,163,193.0,132.23769201843228,175.6443631335262,209.3539645537596
2024-03-26 13:00:00,163,198.0,160.67638967872847,218.74196523975783,252.84854295935685
2024-03-26 14:00:00,163,217.0,163.9345016169745,229.12894349706733,273.2590620107487
2024-03-26 15:00:00,163,214.0,160.6763896785946,212.75211568748733,253.03416912804298
2024-03-26 16:00:00,163,264.0,169.71553774938226,231.30713306799464,281.1794843884923
2024-03-26 17:00:00,163,296.0,176.1596397264041,261.686173258258,335.3283661478644
2024-03-26 18:00:00,163,360.0,202.62072258074326,300.7290357648724,395.03879493947414
2024-03-26 19:00:00,163,325.0,195.70916712994267,281.2366353923568,359.29962990056714
2024-03-26 20:00:00,163,306.0,180.37777775196994,252.23097776602341,320.78725859136904
2024-03-26 21:00:00,163,282.0,207.2835435549055,307.9689508880463,391.77397673704746
2024-03-26 22:00:00,163,284.0,179.67407851030237,255.96164852839559,353.9858310525076
2024-03-26 23:00:00,163,101.0,86.79263525120463,135.38719129996997,200.65244879045824
2024-03-27 00:00:00,163,42.0,37.91849500827486,48.31395021255219,94.84771762100152
2024-03-27 01:00:00,163,13.0,13.722846290250967,19.831552641103826,28.334968084770885
2024-03-27 02:00:00,163,14.0,5.505704736833214,9.917586075126549,13.034229541499215
2024-03-27 03:00:00,163,8.0,1.7074196137968098,5.011224036869335,7.419077259079551
2024-03-27 04:00:00,163,9.0,3.2920802900465866,7.996296410066406,10.861480348606367
2024-03-27 05:00:00,163,10.0,6.058396754607489,11.494387745158333,16.006245159575105
2024-03-27 06:00:00,163,20.0,12.934310200738887,22.269689404028416,24.045452996545087
2024-03-27 07:00:00,163,63.0,26.477677567905115,61.610035678190414,66.59946950179021
2024-03-27 08:00:00,163,112.0,60.071068095521184,106.07507794541773,127.35262958867337
2024-03-27 09:00:00,163,103.0,90.19676886137603,142.6932890381955,163.6488295152449
2024-03-27 10:00:00,163,154.0,114.78852004334885,150.27848125301765,181.3109085222889
2024-03-27 11:00:00,163,171.0,109.08179217744883,150.53581339796975,175.282734874103
2024-03-27 12:00:00,163,207.0,142.98151228048553,198.05687624931912,220.64744698131616
2024-03-27 13:00:00,163,206.0,152.0265449178357,203.76966925022816,230.9401272447328
2024-03-27 14:00:00,163,220.0,170.36652281016,236.74845739660603,270.18409134562893
2024-03-27 15:00:00,163,199.0,182.2748278872686,230.31403698086396,272.56337330988134
2024-03-27 16:00:00,163,244.0,178.88041870432895,239.9129964650418,289.05079253742844
2024-03-27 17:00:00,163,370.0,184.6883471050706,266.7825471905382,326.0206797382727
2024-03-27 18:00:00,163,395.0,226.53567498031362,309.74926434481273,404.04765987710806
2024-03-27 19:00:00,163,319.0,204.88281652072672,287.4513987879287,339.1090832983451
2024-03-27 20:00:00,163,333.0,190.85675265247028,261.0222707566104,291.6419223911595
2024-03-27 21:00:00,163,357.0,214.9646145019195,314.1598351130454,370.54649738625034
2024-03-27 22:00:00,163,219.0,201.81509012299156,298.1960393398068,370.1523837875033
2024-03-27 23:00:00,163,132.0,138.52086113521904,196.24927544530576,273.49577527692173
2024-03-28 00:00:00,163,57.0,84.56943558768715,116.27648982895317,180.93355371238079
2024-03-28 01:00:00,163,11.0,13.072469679538532,20.69056571322849,30.06448319013431
2024-03-28 02:00:00,163,5.0,7.470650756072352,13.410327498880301,16.98868868350759
2024-03-28 03:00:00,163,6.0,2.8391605067623633,7.597527541434238,11.18459094146832
2024-03-28 04:00:00,163,11.0,4.269827502313898,8.689315570386547,10.969634722902708
2024-03-28 05:00:00,163,10.0,7.856804931891125,14.512826711077357,19.808985687667523
2024-03-28 06:00:00,163,29.0,17.747683993733972,29.85187379353361,40.76006174157178
2024-03-28 07:00:00,163,71.0,31.469849057218127,69.84545403027327,85.81959156690445
2024-03-28 08:00:00,163,92.0,65.08012156514012,120.12636849659694,145.84581883555083
2024-03-28 09:00:00,163,143.0,106.51973226391576,157.84626407042987,175.43793061535305
2024-03-28 10:00:00,163,162.0,108.87334799233722,149.57214400534366,177.69469657923474
2024-03-28 11:00:00,163,200.0,133.0197458958046,168.86935237595546,195.53374228187303
2024-03-28 12:00:00,163,179.0,155.62435098484283,206.92936083863967,228.03590079612303
2024-03-28 13:00:00,163,130.0,178.67481140476704,229.17413642402457,263.3585758846502
2024-03-28 14:00:00,163,183.0,172.25657890254524,230.78050005898075,270.80462561744713
2024-03-28 15:00:00,163,189.0,153.21703752460178,187.75799373839854,228.5297361051384
2024-03-28 16:00:00,163,207.0,165.73511455913174,228.05706608049505,282.1932289713323
2024-03-28 17:00:00,163,107.0,187.99317559300584,272.5892742139002,323.67458845686684
2024-03-28 18:00:00,163,234.0,215.73589288728152,301.6330305346021,361.2666769108239
2024-03-28 19:00:00,163,275.0,153.03927512117536,197.51219858089473,247.04323700754875
2024-03-28 20:00:00,163,267.0,176.04750159084423,239.3320197624308,275.19351672738594
2024-03-28 21:00:00,163,245.0,192.18268464840162,302.9950298596274,354.8545525874147
2024-03-28 22:00:00,163,286.0,194.91088633387113,307.3481266757444,351.8621489116073
2024-03-28 23:00:00,163,271.0,142.22600300395163,195.5264335502396,258.30404960931145
2024-03-29 00:00:00,163,126.0,64.36011002618427,83.29047048957459,121.3756820718166
2024-03-29 01:00:00,163,38.0,16.800470206287102,29.073128285709554,49.25479154072155
2024-03-29 02:00:00,163,17.0,11.869484479437334,15.385711162992017,30.66477181620926
2024-03-29 03:00:00,163,13.0,4.6594890695201086,9.273032049149773,15.675202302396846
2024-03-29 04:00:00,163,16.0,4.471236794431011,8.903651346346676,13.141625100786356
2024-03-29 05:00:00,163,19.0,7.036813019979665,11.623204302796477,16.353501105651226
2024-03-29 06:00:00,163,19.0,17.974583668208965,28.76296169238474,40.259646554874806
2024-03-29 07:00:00,163,33.0,28.810293122610684,55.63077457816084,64.76054846782093
2024-03-29 08:00:00,163,83.0,56.25921197201609,85.80600254455689,100.83549790094277
2024-03-29 09:00:00,163,106.0,80.11946207056151,116.15034124630584,132.99145799284017
2024-03-29 10:00:00,163,79.0,103.25536090913651,136.91027969584454,159.7506415850542
2024-03-29 11:00:00,163,130.0,122.65829398512297,155.21728026381814,170.4441642601989
2024-03-29 12:00:00,163,148.0,131.75967301806097,170.4894585926249,186.0967476921933
2024-03-29 13:00:00,163,168.0,137.1254105793014,175.28003653345593,198.60898419125508
2024-03-29 14:00:00,163,181.0,127.52177851844922,180.62986584990094,209.5834299766231
2024-03-29 15:00:00,163,229.0,151.92617913360053,196.00068474752288,221.96944694134586
2024-03-29 16:00:00,163,250.0,159.70597000346334,208.19416197065283,247.02937473353109
2024-03-29 17:00:00,163,239.0,183.22499591051553,244.6782513596496,297.43150501140764
2024-03-29 18:00:00,163,258.0,169.96297734209392,240.98928743242303,312.4801864479868
2024-03-29 19:00:00,163,220.0,162.48679738487985,232.9478925981866,280.4890579947025
2024-03-29 20:00:00,163,196.0,152.122150100257,198.21824850116565,226.04627045654783
2024-03-29 21:00:00,163,179.0,144.70708884675503,197.28201169838835,251.43963864322723
2024-03-29 22:00:00,163,160.0,125.97289786955189,187.11288608070137,249.06568654769254
2024-03-29 23:00:00,163,115.0,116.02321138579613,176.8640649980099,203.6959185144199
2024-03-30 00:00:00,163,59.0,69.92194935561692,121.77431848278204,152.01368117611077
2024-03-30 01:00:00,163,44.0,27.707113513177372,49.63177054949174,66.45072241303339
2024-03-30 02:00:00,163,18.0,13.882663434424881,22.237781580550518,33.21157393778949
2024-03-30 03:00:00,163,17.0,12.146026837556205,17.193925324991813,28.63261443598658
2024-03-30 04:00:00,163,24.0,8.177474372315475,14.242907667435073,19.404346320799476
2024-03-30 05:00:00,163,8.0,8.449330181209229,11.547095934960065,16.097397019573993
2024-03-30 06:00:00,163,13.0,16.697381638192006,18.651862165604587,34.90174073656478
2024-03-30 07:00:00,163,23.0,23.28271706319984,26.36350174981243,38.75303450021089
2024-03-30 08:00:00,163,40.0,35.93133397262663,43.3685539429706,53.168955385748916
2024-03-30 09:00:00,163,88.0,58.95633349235371,84.24439420895861,98.74219674067548
2024-03-30 10:00:00,163,110.0,82.74112031425834,131.7842518511785,148.0409187559095
2024-03-30 11:00:00,163,161.0,104.28142433742086,146.06413649966316,177.45067819094507
2024-03-30 12:00:00,163,174.0,122.5321904528649,164.5422026735076,221.50801313115872
2024-03-30 13:00:00,163,169.0,148.87579262778215,202.05728960244403,252.36971257050595
2024-03-30 14:00:00,163,161.0,162.4308331679831,211.42818645392984,261.13311068427987
2024-03-30 15:00:00,163,206.0,160.62460243301567,201.05741871782575,248.27641325670305
2024-03-30 16:00:00,163,196.0,154.50412992568317,195.64561068569947,246.03305839919128
2024-03-30 17:00:00,163,216.0,179.82865397392246,229.84007340719398,270.1294465383573
2024-03-30 18:00:00,163,186.0,168.4061900348771,214.64773979030772,255.49012501385855
2024-03-30 19:00:00,163,231.0,149.13188746100758,195.84634149634942,237.16379625812849
2024-03-30 20:00:00,163,199.0,150.300360751664,193.60322017264426,226.73337363838607
2024-03-30 21:00:00,163,121.0,119.25478265750286,155.8571022938252,220.54915090011727
2024-03-30 22:00:00,163,134.0,111.68025545434023,183.609428625477,254.76719254441815
2024-03-30 23:00:00,163,133.0,66.09109060234839,117.48819149284996,173.19126798642912
2024-03-31 00:00:00,163,102.0,42.94110434916591,87.09761523005804,114.346966716185
2024-03-31 01:00:00,163,47.0,22.48361256437305,39.98616077236738,55.90402512313405
2024-03-31 02:00:00,163,23.0,13.71877020067778,26.023858866121312,36.09256212499809
2024-03-31 03:00:00,163,20.0,7.903103721136473,15.565319772484555,24.633918725660983
2024-03-31 04:00:00,163,27.0,5.213534836417678,10.943751849735133,18.28014604945116
2024-03-31 05:00:00,163,16.0,7.513919369472911,12.073010480618137,16.643160644298014
2024-03-31 06:00:00,163,12.0,14.720858090345514,21.40574213683789,27.39341154092702
2024-03-31 07:00:00,163,28.0,22.097173744692288,25.57465575620506,42.282960560749416
2024-03-31 08:00:00,163,48.0,33.65588763040062,41.305079083430286,49.47295522122234
2024-03-31 09:00:00,163,89.0,44.89476080154668,76.89949842903174,97.03126298504709
2024-03-31 10:00:00,163,124.0,74.97892715123102,119.19921942187518,130.52666725964863
2024-03-31 11:00:00,163,132.0,101.38663658198105,143.57216627738873,167.70591659408245
2024-03-31 12:00:00,163,159.0,129.1253687258577,162.84200419527443,188.0063189994735
2024-03-31 13:00:00,163,137.0,130.9084478629983,167.73946457288238,183.3526216942783
2024-03-31 14:00:00,163,170.0,142.84173881637753,180.14491147653177,196.1979276440281
2024-03-31 15:00:00,163,151.0,132.63235533778393,163.2649521302223,183.09494632377672
2024-03-31 16:00:00,163,193.0,151.80973972891564,180.25892618920264,213.4225078439519
2024-03-31 17:00:00,163,167.0,139.4152455620519,174.23092290008645,209.3386333860455
2024-03-31 18:00:00,163,140.0,158.71812146220725,192.38192454939295,237.75006634440018
2024-03-31 19:00:00,163,126.0,106.14717615121921,141.56982375988852,190.213644962748
2024-03-31 20:00:00,163,99.0,84.7343674991754,105.10599005707165,143.77800492954464
2024-03-31 21:00:00,163,73.0,87.09897349761516,113.92106468707331,159.39556647672742
2024-03-31 22:00:00,163,47.0,42.10019939258346,71.60074709374261,113.48063898409112
2024-03-31 23:00:00,163,45.0,23.498975285443713,44.10160854550294,87.88976582102075
2024-03-18 00:00:00,164,19.0,8.809298753043496,22.865345432961202,44.649133856790705
2024-03-18 01:00:00,164,18.0,3.196869555701159,10.054239212717949,20.787007374331743
2024-03-18 02:00:00,164,7.0,0.0,5.215036272511186,16.7134000421248
2024-03-18 03:00:00,164,5.0,0.2420652610556479,4.824373056269207,10.411068557457972
2024-03-18 04:00:00,164,13.0,3.6198524351581973,7.324980367171004,15.424206880632383
2024-03-18 05:00:00,164,11.0,3.713622931889193,5.463614335721101,18.09134901942135
2024-03-18 06:00:00,164,23.0,15.957688107220193,25.124978239818297,40.15770468137967
2024-03-18 07:00:00,164,52.0,21.214293995600613,41.63512501713818,63.34833461022782
2024-03-18 08:00:00,164,66.0,33.41050234079535,59.382247463541944,89.13623576831279
2024-03-18 09:00:00,164,81.0,50.68930837739198,78.46052938876683,102.56554326865817
2024-03-18 10:00:00,164,86.0,63.76360889540314,89.50039484780916,108.82874570806752
2024-03-18 11:00:00,164,120.0,75.24708909677707,101.06758551808755,114.06586552759796
2024-03-18 12:00:00,164,121.0,87.5623334700054,112.24574474717774,136.62540248768136
2024-03-18 13:00:00,164,141.0,99.83159792942936,121.58530702009051,141.57546880120532
2024-03-18 14:00:00,164,127.0,94.6038464846722,125.0481125172018,151.22981339048056
2024-03-18 15:00:00,164,143.0,109.09251893983244,139.12851602308388,172.16168538478297
2024-03-18 16:00:00,164,143.0,100.58355853355272,131.94717846039657,152.55227643986234
2024-03-18 17:00:00,164,181.0,90.31375538408551,139.8138187132821,173.62005250054065
2024-03-18 18:00:00,164,182.0,119.45060173957033,171.7351241754355,207.43044084129966
2024-03-18 19:00:00,164,150.0,106.3915178572634,147.42762612904053,184.35071842281863
2024-03-18 20:00:00,164,157.0,85.17626290005053,125.30621978312605,151.3850932882307
2024-03-18 21:00:00,164,132.0,81.29127479906634,128.7355457051063,152.41881541000944
2024-03-18 22:00:00,164,114.0,102.39484481319785,145.01238541058328,170.9852720402392
2024-03-18 23:00:00,164,49.0,53.213374605602766,74.14130503423203,106.62580671180356
2024-03-19 00:00:00,164,31.0,13.060197655128905,28.683111105307628,54.61473956354556
2024-03-19 01:00:00,164,11.0,6.096765900828706,10.856485991115028,17.66639387233386
2024-03-19 02:00:00,164,7.0,6.296939650108493,12.122170781104344,18.017632580195823
2024-03-19 03:00:00,164,5.0,1.6841101540901182,4.487485975865681,6.374846308661451
2024-03-19 04:00:00,164,6.0,4.580187685970718,6.178284351759128,11.95397894218267
2024-03-19 05:00:00,164,8.0,5.1742084502570105,7.53034799297884,15.545531305342093
2024-03-19 06:00:00,164,13.0,11.159985157899309,16.591332641483216,24.911963820942475
2024-03-19 07:00:00,164,50.0,23.97698860135787,51.266687289334016,60.578879482443426
2024-03-19 08:00:00,164,90.0,48.38776621638259,86.82615688976273,118.14357711317699
2024-03-19 09:00:00,164,138.0,66.9471393437946,97.56336086840385,124.10367568324648
2024-03-19 10:00:00,164,128.0,73.28279315472417,104.17583252503078,135.27062959011883
2024-03-19 11:00:00,164,139.0,92.96820601798427,124.94349971239288,160.03626284261537
2024-03-19 12:00:00,164,128.0,101.00590038806031,145.31332493795148,167.93721796548084
2024-03-19 13:00:00,164,154.0,115.64345618555865,150.30796436764098,190.07548164781957
2024-03-19 14:00:00,164,158.0,113.72238000441163,147.2026185086,171.81702310327796
2024-03-19 15:00:00,164,162.0,111.08837868854111,142.91161140818588,176.17557008801728
2024-03-19 16:00:00,164,167.0,127.42633929133612,156.64518328929722,186.7450736711543
2024-03-19 17:00:00,164,221.0,130.1805009899334,192.7991924204523,228.47201016845196
2024-03-19 18:00:00,164,221.0,147.75703531826287,218.91474680502145,276.63157196413624
2024-03-19 19:00:00,164,183.0,141.517159657625,207.50700792777093,265.904189981171
2024-03-19 20:00:00,164,225.0,136.45139009587024,198.22359249146552,235.3632323825012
2024-03-19 21:00:00,164,290.0,142.32913583810932,202.06997220415516,259.56229928355333
2024-03-19 22:00:00,164,207.0,127.21533492821145,198.5620734374442,254.1941318086773
2024-03-19 23:00:00,164,82.0,84.90373675803355,128.65068365970842,197.8346889964019
2024-03-20 00:00:00,164,54.0,25.834674227165277,40.805049395678054,78.11489285584906
2024-03-20 01:00:00,164,20.0,16.956248221104225,25.338024109198212,37.20987106303793
2024-03-20 02:00:00,164,18.0,6.59327811411606,14.371770367517286,17.10683779031399
2024-03-20 03:00:00,164,8.0,1.8360268019387633,6.391413208594621,8.068096227613538
2024-03-20 04:00:00,164,5.0,3.8434362074220885,8.343857592635892,13.107148942757176
2024-03-20 05:00:00,164,13.0,4.399058927675105,6.905002875165534,11.895322119664806
2024-03-20 06:00:00,164,24.0,10.223716902813495,15.914623139995006,23.5677097679238
2024-03-20 07:00:00,164,51.0,22.36455969260286,47.17926274083578,66.57613875109271
2024-03-20 08:00:00,164,89.0,49.60423066594967,97.42819533207752,120.87997739808203
2024-03-20 09:00:00,164,99.0,80.97306753520046,112.3544575733347,145.5504127052806
2024-03-20 10:00:00,164,123.0,103.50862330851128,126.99988402675545,150.9772440552423
2024-03-20 11:00:00,164,142.0,105.57873936079754,131.87125338647346,153.07220518615833
2024-03-20 12:00:00,164,147.0,114.02767978198342,143.87433394482315,176.21384172623456
2024-03-20 13:00:00,164,144.0,118.5574917836826,153.5182582326995,188.78734650166302
2024-03-20 14:00:00,164,187.0,126.47528713098745,165.88125074466336,192.60948789885384
2024-03-20 15:00:00,164,160.0,133.90538518502692,164.31673374679536,205.14417142825454
2024-03-20 16:00:00,164,208.0,143.03190504373183,181.53870868149485,219.1296464535305
2024-03-20 17:00:00,164,291.0,148.49660534944542,218.90553905549467,262.04799075596105
2024-03-20 18:00:00,164,238.0,174.7932839036973,250.83893770712243,306.1707915729962
2024-03-20 19:00:00,164,213.0,166.9492582029103,241.4586282879937,289.90420418356814
2024-03-20 20:00:00,164,256.0,146.2625720106792,210.39687668342768,248.30674844999683
2024-03-20 21:00:00,164,282.0,183.8295496704607,259.96081769931607,304.2524178289823
2024-03-20 22:00:00,164,237.0,160.42502073235715,251.21172566006416,322.58029507399795
2024-03-20 23:00:00,164,102.0,108.85473741261612,162.14121543247083,232.36536606769624
2024-03-21 00:00:00,164,50.0,46.16496435724417,80.08868709750944,118.8846231508074
2024-03-21 01:00:00,164,17.0,25.749914848440447,36.47482752144404,53.650297764065606
2024-03-21 02:00:00,164,13.0,11.45195397310265,17.560982467275416,27.715838498543818
2024-03-21 03:00:00,164,13.0,5.808563262790711,10.318422714638443,17.68635613547282
2024-03-21 04:00:00,164,6.0,5.2893983639938025,7.884633932818428,16.671847156976956
2024-03-21 05:00:00,164,14.0,5.254678516680244,8.616139830724046,13.24628843870361
2024-03-21 06:00:00,164,29.0,15.783914361764692,24.893451145056353,42.463606366462585
2024-03-21 07:00:00,164,64.0,25.614861931973408,59.223235455340685,71.38541930670264
2024-03-21 08:00:00,164,99.0,54.77831529080498,103.8044767460906,133.62158641859804
2024-03-21 09:00:00,164,112.0,77.70611060002098,115.59553051486256,135.50141284562565
2024-03-21 10:00:00,164,105.0,89.10488418683535,117.86490213172762,136.44821408970918
2024-03-21 11:00:00,164,164.0,101.10044761236165,124.45812529877117,143.7520217245678
2024-03-21 12:00:00,164,172.0,108.14007073417969,136.2659913522538,152.57966154849044
2024-03-21 13:00:00,164,181.0,129.87223347557034,162.62899127161356,187.7731472429378
2024-03-21 14:00:00,164,174.0,136.3987013277375,177.9341075172934,205.6180302430246
2024-03-21 15:00:00,164,187.0,148.58030229750534,191.7147756076342,216.0896122797269
2024-03-21 16:00:00,164,195.0,146.71095418805814,191.27860615743896,219.99027495563126
2024-03-21 17:00:00,164,275.0,169.41684201087807,252.56192069172022,300.77782704035684
2024-03-21 18:00:00,164,258.0,200.44789626551778,285.12352418696844,343.8920194391887
2024-03-21 19:00:00,164,248.0,187.68799811422767,271.8241394880638,297.8607360415989
2024-03-21 20:00:00,164,311.0,164.92425591294904,234.06479789218753,256.8934298309166
2024-03-21 21:00:00,164,301.0,187.25224252150488,280.0718515353767,327.7281625190531
2024-03-21 22:00:00,164,273.0,171.30598216798842,264.52489570250873,339.5114577929803
2024-03-21 23:00:00,164,211.0,114.20942967743282,162.84877923992286,226.52310046070215
2024-03-22 00:00:00,164,104.0,78.34254639517755,114.87286496205758,167.20564397066104
2024-03-22 01:00:00,164,47.0,64.58423036820356,87.04202371504847,117.1720122163152
2024-03-22 02:00:00,164,29.0,20.361381428445263,29.487825797005204,46.22034503607724
2024-03-22 03:00:00,164,10.0,12.946812860930041,24.643616526083004,35.53590202637982
2024-03-22 04:00:00,164,19.0,7.865880648800659,15.130772547892049,22.23121975192388
2024-03-22 05:00:00,164,10.0,10.724481335506173,10.916843718808682,37.19683007107669
2024-03-22 06:00:00,164,23.0,18.179709024959305,28.538369860581803,46.04176970189228
2024-03-22 07:00:00,164,44.0,33.31061184570929,65.29233076473507,81.01868445970749
2024-03-22 08:00:00,164,71.0,52.51535927248631,81.9128261754728,99.1242248033811
2024-03-22 09:00:00,164,87.0,74.0130331039899,101.20495274398341,118.03577577782274
2024-03-22 10:00:00,164,94.0,82.96507209491617,110.84295515321489,123.82753907906068
2024-03-22 11:00:00,164,124.0,94.51772263986953,123.58550712306722,136.49570031386168
2024-03-22 12:00:00,164,130.0,110.2206348363904,130.3902487905194,146.94161356047175
2024-03-22 13:00:00,164,121.0,129.24066388908716,154.0437214226674,176.99725908682385
2024-03-22 14:00:00,164,141.0,131.72521714991944,164.92382940039948,176.2070722592636
2024-03-22 15:00:00,164,159.0,129.2406463111837,150.76874384031865,175.32044444006394
2024-03-22 16:00:00,164,129.0,130.72610209315877,162.35902945331432,178.33556982646522
2024-03-22 17:00:00,164,169.0,135.49667542208965,190.57495689730993,215.7899473359862
2024-03-22 18:00:00,164,195.0,154.57360551700557,214.13251138148152,239.6704673440618
2024-03-22 19:00:00,164,235.0,144.56462248897225,188.1961590729536,231.2892998677524
2024-03-22 20:00:00,164,160.0,150.92921258119534,178.94542694636914,215.7032790716525
2024-03-22 21:00:00,164,156.0,163.35427882057212,236.40151715455454,294.66108049680713
2024-03-22 22:00:00,164,195.0,133.0007138007861,200.87583826602233,249.10343460728356
2024-03-22 23:00:00,164,232.0,110.28420484656984,161.62925672379887,208.23181527985238
2024-03-23 00:00:00,164,183.0,118.2227298346586,181.1272437659623,278.7289557292774
2024-03-23 01:00:00,164,125.0,76.68148896827077,137.34231078091383,205.058594226952
2024-03-23 02:00:00,164,72.0,57.18657187310082,94.66284659662338,101.38747965886722
2024-03-23 03:00:00,164,36.0,34.949658665841085,56.345737365490834,65.76930891309976
2024-03-23 04:00:00,164,50.0,17.85738217708968,29.36277306416072,45.15691073892883
2024-03-23 05:00:00,164,17.0,12.950048556674151,14.195848807529284,31.1875216392022
2024-03-23 06:00:00,164,12.0,18.21830990137572,25.287214506771743,44.304704973032656
2024-03-23 07:00:00,164,17.0,21.719103794691634,22.352738747040412,35.46586061455947
2024-03-23 08:00:00,164,40.0,36.511526506783596,39.94327344089058,48.0878578301149
2024-03-23 09:00:00,164,79.0,56.564340863976305,84.16278796815959,111.96354747690808
2024-03-23 10:00:00,164,102.0,68.37428122029935,100.99022146195,118.51435206287464
2024-03-23 11:00:00,164,125.0,82.68469241667282,117.70198804134594,139.2634902030656
2024-03-23 12:00:00,164,145.0,101.46179463509482,137.4209315093468,176.77403046377205
2024-03-23 13:00:00,164,162.0,115.00559611905257,148.45536650699202,194.93362804098803
2024-03-23 14:00:00,164,162.0,104.83915887100869,145.0631362888037,165.45609617906078
2024-03-23 15:00:00,164,166.0,116.59271275975782,143.29721803342593,174.80648530210996
2024-03-23 16:00:00,164,190.0,131.42350310938573,158.29168579269327,200.30881876657688
2024-03-23 17:00:00,164,150.0,125.8491615682802,181.86006355171054,215.68634894644237
2024-03-23 18:00:00,164,126.0,152.81445699066893,208.9420797538571,243.4328811802885
2024-03-23 19:00:00,164,158.0,127.5149628045803,189.5127444520746,219.3592381401991
2024-03-23 20:00:00,164,143.0,128.00939916919154,160.07874197198936,193.60756676698506
2024-03-23 21:00:00,164,130.0,126.50126690148649,171.2812600594373,216.42686243122222
2024-03-23 22:00:00,164,152.0,128.8563658553496,194.81229309606042,249.49597538983087
2024-03-23 23:00:00,164,260.0,111.42887151815275,188.32106791222046,227.89648848033042
2024-03-24 00:00:00,164,188.0,91.54363904698425,163.69905698350954,233.41161014418256
2024-03-24 01:00:00,164,107.0,93.91687485687082,165.7449091117827,246.64119113688957
2024-03-24 02:00:00,164,87.0,70.56918122805891,101.00554383648104,136.4683795875965
2024-03-24 03:00:00,164,49.0,38.06542637847711,63.23341609629684,76.74506044988648
2024-03-24 04:00:00,164,56.0,20.128521898714467,30.3548161917958,47.38177460369434
2024-03-24 05:00:00,164,37.0,11.938553322515515,14.347661876570678,35.3193171228047
2024-03-24 06:00:00,164,13.0,19.864659598335273,31.667763205923013,53.1348232256398
2024-03-24 07:00:00,164,18.0,22.800942886164695,36.19195238563524,46.47935774494086
2024-03-24 08:00:00,164,42.0,33.180261181302214,39.13750811798446,55.370891739168854
2024-03-24 09:00:00,164,54.0,46.43596412208586,67.34846250913604,96.64434048481733
2024-03-24 10:00:00,164,71.0,57.80849240558505,89.41380306466962,102.55048374600732
2024-03-24 11:00:00,164,123.0,72.21397602537877,98.84648714338911,119.67318240589006
2024-03-24 12:00:00,164,116.0,94.64438291846743,125.42709610684352,142.24226230275136
2024-03-24 13:00:00,164,123.0,110.59928560994523,130.43048415046064,167.04042615713678
2024-03-24 14:00:00,164,131.0,109.9866343071516,123.13466634855557,135.8005504474952
2024-03-24 15:00:00,164,98.0,110.2091429737063,123.75702299800598,150.21913639635162
2024-03-24 16:00:00,164,134.0,110.2199305807592,128.60241046140803,152.68593257712936
2024-03-24 17:00:00,164,82.0,106.92443273844208,128.27262962707528,140.87525995971006
2024-03-24 18:00:00,164,118.0,114.8373621221822,133.35190594829106,168.5624153516225
2024-03-24 19:00:00,164,113.0,79.05096396482256,100.03974396872064,126.0463366155894
2024-03-24 20:00:00,164,114.0,71.58295481949818,90.5871002007418,119.82963872650897
2024-03-24 21:00:00,164,99.0,72.93825633539173,94.67613962293998,124.83286982856794
2024-03-24 22:00:00,164,66.0,59.601539667105506,79.78794096919933,110.88687795232791
2024-03-24 23:00:00,164,37.0,25.969865144006754,44.09197577865655,92.38032601247987
2024-03-25 00:00:00,164,19.0,12.012734486543765,26.268254669512174,53.130225189579654
2024-03-25 01:00:00,164,12.0,0.22810468065508752,8.09300570918955,19.844659889075913
2024-03-25 02:00:00,164,8.0,2.7414399607434174,6.245186298273397,17.92104445374641
2024-03-25 03:00:00,164,5.0,0.25217832110562793,3.691836215593726,9.714237632648564
2024-03-25 04:00:00,164,5.0,3.3569520284661487,5.334264143996022,10.211557259620566
2024-03-25 05:00:00,164,11.0,4.8455430518430465,7.783735367568282,21.472164183708394
2024-03-25 06:00:00,164,14.0,16.93049795354027,25.00675142646269,39.19270228856602
2024-03-25 07:00:00,164,38.0,22.20403142261507,42.84058037593908,62.87742278947195
2024-03-25 08:00:00,164,80.0,39.40946470724085,63.77781065972872,99.06729604561347
2024-03-25 09:00:00,164,80.0,48.84929257308315,72.41989672268846,98.69585543803132
2024-03-25 10:00:00,164,93.0,60.23950670179103,86.7321949906848,103.05410712168239
2024-03-25 11:00:00,164,120.0,71.9445428129309,97.5120548978364,114.08178846254164
2024-03-25 12:00:00,164,113.0,96.45272561782205,123.00229784696528,136.0453103661603
2024-03-25 13:00:00,164,128.0,98.83601188859629,125.56052559735008,145.4690477219124
2024-03-25 14:00:00,164,125.0,107.9527943226376,134.1332898507118,154.715168631566
2024-03-25 15:00:00,164,143.0,105.53959221528221,133.1337551741208,163.22503121837136
2024-03-25 16:00:00,164,132.0,101.87632650460898,130.6195494435195,154.85899760351148
2024-03-25 17:00:00,164,176.0,114.99263939727604,163.87119471462213,191.79530306306592
2024-03-25 18:00:00,164,160.0,106.98666339937488,159.10193080068112,187.54751439946503
2024-03-25 19:00:00,164,141.0,107.53808931067084,151.1724901678418,188.53092524904147
2024-03-25 20:00:00,164,135.0,98.84335330611363,131.91668742845377,158.43573354414994
2024-03-25 21:00:00,164,158.0,99.87191981373739,144.53025215376422,169.28703603804516
2024-03-25 22:00:00,164,166.0,75.88573051161717,118.6924818826219,149.76438031275856
2024-03-25 23:00:00,164,64.0,51.057893099776585,71.7490426940735,109.34257453012444
2024-03-26 00:00:00,164,34.0,15.782732556649805,32.56533423302032,54.868910958414496
2024-03-26 01:00:00,164,13.0,9.327820277697544,14.621646139849263,27.55203301953741
2024-03-26 02:00:00,164,8.0,3.4099254274301427,7.9110012275095976,12.732955258354913
2024-03-26 03:00:00,164,3.0,1.6942232141400981,4.75793433556074,7.6161660866902965
2024-03-26 04:00:00,164,5.0,3.617135286991509,6.145018646332586,9.43366920413845
2024-03-26 05:00:00,164,6.0,4.85489762337907,7.4480142465839405,12.002895346808907
2024-03-26 06:00:00,164,18.0,12.34853840554329,19.1223019348019,28.748433879738595
2024-03-26 07:00:00,164,45.0,19.850640623793893,39.529860729500214,56.191709788580944
2024-03-26 08:00:00,164,69.0,42.177370231822884,89.42569523001134,104.35687674897466
2024-03-26 09:00:00,164,94.0,69.89411154683677,99.15651386871768,123.15809044051963
2024-03-26 10:00:00,164,115.0,87.39325333232391,112.70161227660023,137.87546781791076
2024-03-26 11:00:00,164,136.0,93.20216177757548,122.41677824532499,147.463277581539
2024-03-26 12:00:00,164,142.0,110.13591941717273,140.29919987657908,167.98919518475145
2024-03-26 13:00:00,164,155.0,104.74869516595388,141.83341030402698,167.71424083063613
2024-03-26 14:00:00,164,160.0,118.76778987215246,163.53824047473054,182.6323205953586
2024-03-26 15:00:00,164,178.0,122.45953592852149,152.77270428231736,185.38936416289317
2024-03-26 16:00:00,164,165.0,129.08615912046955,158.11783845665866,192.84948157891952
2024-03-26 17:00:00,164,212.0,133.14884435010256,207.5830407297593,248.92537623027582
2024-03-26 18:00:00,164,255.0,150.68815438483236,221.99011899308877,272.47034494914953
2024-03-26 19:00:00,164,215.0,145.6052055690138,196.636338322454,254.24539474039975
2024-03-26 20:00:00,164,227.0,121.19647225449519,188.13792870992773,245.70886220309612
2024-03-26 21:00:00,164,255.0,136.90785473265905,209.05700823098832,261.9394376658627
2024-03-26 22:00:00,164,240.0,166.77903324937242,217.802282636227,284.0207200561664
2024-03-26 23:00:00,164,86.0,104.8275018909823,154.2030812570169,231.383625189949
2024-03-27 00:00:00,164,39.0,27.1520429051924,50.955520825082935,89.98912667714556
2024-03-27 01:00:00,164,29.0,18.392047224405836,26.430838406323293,39.08306897458202
2024-03-27 02:00:00,164,17.0,6.009551723471715,11.010859388447399,15.949645597341522
2024-03-27 03:00:00,164,7.0,5.740338658225858,8.996327898760976,13.389385414439804
2024-03-27 04:00:00,164,6.0,3.816268208819909,7.3047861792558235,13.077930649804129
2024-03-27 05:00:00,164,4.0,5.140745443494228,8.071107490229245,12.525491898132689
2024-03-27 06:00:00,164,17.0,12.947505029536643,19.292811013415538,35.580347014051746
2024-03-27 07:00:00,164,58.0,24.891427816442143,50.29715953773401,63.86524642370339
2024-03-27 08:00:00,164,96.0,46.65609874641018,87.84989375961624,107.5850575887298
2024-03-27 09:00:00,164,109.0,70.01281902715984,104.94246694751483,127.05392282163658
2024-03-27 10:00:00,164,115.0,79.57243453226643,111.81088847360436,129.27573653678635
2024-03-27 11:00:00,164,156.0,101.22671233467963,129.0140007813198,146.95176208765122
2024-03-27 12:00:00,164,173.0,119.36477930216378,145.6523087547848,169.83987662344185
2024-03-27 13:00:00,164,147.0,127.470275559576,157.94734432781823,191.6844197047273
2024-03-27 14:00:00,164,153.0,141.1597783884825,179.57564376260743,205.06780597577654
2024-03-27 15:00:00,164,198.0,137.7874340386018,172.72311089061515,215.87377830836172
2024-03-27 16:00:00,164,210.0,135.91044000216596,175.61908968239308,202.27480096397377
2024-03-27 17:00:00,164,259.0,159.35395606064424,240.85077454677966,291.97746772350285
2024-03-27 18:00:00,164,253.0,196.67419577887438,276.46045901825676,336.4621436364269
2024-03-27 19:00:00,164,227.0,160.83592067274614,234.86528909459446,283.94323599723674
2024-03-27 20:00:00,164,256.0,147.21235333902266,215.77164273802074,251.1502048186092
2024-03-27 21:00:00,164,241.0,163.0243379823314,251.32080765617926,295.80852950528646
2024-03-27 22:00:00,164,238.0,176.78727562188195,256.4757511859673,316.7826242600083
2024-03-27 23:00:00,164,128.0,122.31067991332344,179.81129054768306,247.83959839672076
2024-03-28 00:00:00,164,64.0,34.827123442835116,67.62781818796526,98.84969393156655
2024-03-28 01:00:00,164,25.0,17.999868657078604,31.665048579066724,39.61401543454171
2024-03-28 02:00:00,164,11.0,6.503761596755878,13.83818397688039,23.05150886343612
2024-03-28 03:00:00,164,6.0,3.970319943735929,9.419798771135245,16.40396281585791
2024-03-28 04:00:00,164,9.0,5.299511424043782,7.675547110412185,16.207632853206697
2024-03-28 05:00:00,164,10.0,5.131712827808595,8.307826423879408,13.70177352702906
2024-03-28 06:00:00,164,23.0,12.671478718128945,20.972711681612083,34.858702156040536
2024-03-28 07:00:00,164,40.0,27.266625622257198,59.58152645920289,81.62087984232748
2024-03-28 08:00:00,164,78.0,60.02073555336251,108.0544182795269,129.73146256854042
2024-03-28 09:00:00,164,84.0,79.7620800048297,113.52300229995308,130.03799552728543
2024-03-28 10:00:00,164,113.0,91.44295171453916,118.98578247113359,136.79965974901256
2024-03-28 11:00:00,164,162.0,88.50613228977676,116.98425790225988,139.40932365957823
2024-03-28 12:00:00,164,141.0,127.56578161611712,155.70693285284995,177.56759146052445
2024-03-28 13:00:00,164,165.0,141.62004793028262,177.7335651095027,198.90727478235246
2024-03-28 14:00:00,164,137.0,130.8325685866955,176.1785928681219,205.81790441695782
2024-03-28 15:00:00,164,165.0,139.49434681411898,175.06932329658358,213.4141155336891
2024-03-28 16:00:00,164,202.0,135.4328939751569,178.18330331792598,205.0174657781406
2024-03-28 17:00:00,164,209.0,155.85926605548477,230.24640273890003,271.2850756030051
2024-03-28 18:00:00,164,277.0,195.1660241681377,270.7553842139878,324.1938477456821
2024-03-28 19:00:00,164,276.0,163.98423272837252,227.12859949317112,264.71082699642693
2024-03-28 20:00:00,164,268.0,157.23491803031314,234.63005287166192,259.28756626807996
2024-03-28 21:00:00,164,283.0,193.83254339595896,292.50151809150293,333.04767017207325
2024-03-28 22:00:00,164,260.0,184.18434616103522,266.0393697051226,332.1105149027846
2024-03-28 23:00:00,164,291.0,142.29204178136465,201.10936787539046,283.3452260705808
2024-03-29 00:00:00,164,171.0,77.75753397379805,116.32830006081738,182.62074014303403
2024-03-29 01:00:00,164,67.0,35.250412479624394,68.3236549749064,95.38034269031445
2024-03-29 02:00:00,164,21.0,21.148006648764767,29.91865218435159,44.08359185915623
2024-03-29 03:00:00,164,14.0,9.866841004231894,19.49003259405414,32.53210304392967
2024-03-29 04:00:00,164,24.0,5.075556117383792,9.290996293631384,17.52498782483286
2024-03-29 05:00:00,164,24.0,8.401956590892674,11.853962229753895,19.036370945871877
2024-03-29 06:00:00,164,17.0,13.810474851757244,18.411152107976186,33.96939525264618
2024-03-29 07:00:00,164,28.0,26.110814090619083,54.43278466320472,60.77382585847348
2024-03-29 08:00:00,164,66.0,46.62239238948479,72.55061495572778,80.85311883852232
2024-03-29 09:00:00,164,76.0,66.22766231994602,89.92670407078215,104.1429733196085
2024-03-29 10:00:00,164,91.0,75.33761959136986,102.5645574764591,118.5241283654529
2024-03-29 11:00:00,164,131.0,86.47543433195598,111.03187158956013,123.80398542040209
2024-03-29 12:00:00,164,141.0,112.36720071885782,132.94692932884013,145.40550607763691
2024-03-29 13:00:00,164,135.0,115.8563923214159,138.5528502441178,161.85422859343655
2024-03-29 14:00:00,164,140.0,119.55186310907699,150.64141486336877,162.1535885100764
2024-03-29 15:00:00,164,170.0,118.52989268104048,146.00339755603514,172.5977824454584
2024-03-29 16:00:00,164,157.0,131.53419097216735,162.84501060149722,184.7313085953554
2024-03-29 17:00:00,164,191.0,138.18788147907202,181.20359788811547,202.68021782253805
2024-03-29 18:00:00,164,162.0,147.2273902441859,208.0016160622525,224.1840791431864
2024-03-29 19:00:00,164,267.0,148.0147276120848,198.15387897431398,236.34589278125293
2024-03-29 20:00:00,164,194.0,146.118341535462,188.91121593564196,208.31823462120408
2024-03-29 21:00:00,164,175.0,148.42470575522606,200.39198509807846,261.54009277948285
2024-03-29 22:00:00,164,189.0,124.95869572151862,189.2629660979376,242.0992761906112
2024-03-29 23:00:00,164,195.0,114.7471405034879,162.86605988803083,213.0851960243662
2024-03-30 00:00:00,164,219.0,107.98996309337251,179.8280027528234,253.47942286091688
2024-03-30 01:00:00,164,96.0,78.16690030290567,134.18488028183904,182.97464715325683
2024-03-30 02:00:00,164,37.0,63.04513997330854,102.71493035911647,127.37413343885846
2024-03-30 03:00:00,164,45.0,26.156151653512268,43.35658632065234,53.191172704138175
2024-03-30 04:00:00,164,59.0,12.931346367766904,22.67953939559449,38.502192411988446
2024-03-30 05:00:00,164,21.0,14.040739676717918,15.922457645312061,31.54398268283235
2024-03-30 06:00:00,164,9.0,16.908486620305776,23.50994334937519,32.01634741088489
2024-03-30 07:00:00,164,21.0,21.58949206025838,23.11016619543102,38.248131907179605
2024-03-30 08:00:00,164,37.0,29.483147575937473,30.642453095726182,40.12515757501584
2024-03-30 09:00:00,164,72.0,47.0614302260741,69.47683434357539,79.0893563602306
2024-03-30 10:00:00,164,78.0,65.57791767868466,96.76734082846309,108.63391518404013
2024-03-30 11:00:00,164,105.0,82.32963088009053,116.56604312324578,142.7215469279847
2024-03-30 12:00:00,164,124.0,104.36541877145052,139.85391921597895,175.24782600879487
2024-03-30 13:00:00,164,120.0,114.80672677890536,142.67533266300708,181.99392342152623
2024-03-30 14:00:00,164,120.0,124.94572562766459,153.2634820319903,176.58039835934628
2024-03-30 15:00:00,164,126.0,124.22379416721087,148.19687056372712,177.60964922040134
2024-03-30 16:00:00,164,134.0,127.39921457777449,158.15501036029687,186.94073931247752
2024-03-30 17:00:00,164,140.0,136.80076177323025,179.01457549226674,206.6072874822468
2024-03-30 18:00:00,164,125.0,128.51071659084522,173.83533458047626,204.50184100160163
2024-03-30 19:00:00,164,145.0,99.0175905252882,145.11211936775902,179.07741419096251
2024-03-30 20:00:00,164,214.0,105.68651531265753,142.65269492623955,160.3794102691212
2024-03-30 21:00:00,164,171.0,112.6474404214575,146.3502460734764,186.29723166606144
2024-03-30 22:00:00,164,162.0,108.54255779843768,170.386617148789,225.73313199297795
2024-03-30 23:00:00,164,192.0,88.53856003614567,153.99455812642634,199.53920653203642
2024-03-31 00:00:00,164,271.0,96.27144604991767,167.80025745529338,263.14463707515415
2024-03-31 01:00:00,164,169.0,84.50262894813055,126.9573641440758,181.83388513138698
2024-03-31 02:00:00,164,69.0,51.86802040276444,87.20476707509117,106.40970582691763
2024-03-31 03:00:00,164,66.0,44.579912107865866,48.65770003122993,71.96131230639713
2024-03-31 04:00:00,164,73.0,16.845480037054216,28.15432576933231,46.7988788465608
2024-03-31 05:00:00,164,25.0,15.381314037949494,19.63131259832825,42.298435474225656
2024-03-31 06:00:00,164,15.0,19.864659598335273,38.903039651408534,58.16056770224724
2024-03-31 07:00:00,164,27.0,18.93623418811408,20.762385201152412,36.50711965546836
2024-03-31 08:00:00,164,30.0,29.370451423903987,29.369417674405735,41.69610702189819
2024-03-31 09:00:00,164,59.0,39.34178956544967,60.21181082922041,74.15283491687643
2024-03-31 10:00:00,164,81.0,52.12497131609125,76.06481312332174,91.33601614615777
2024-03-31 11:00:00,164,121.0,64.9309499247294,95.8207970022809,108.76100295802617
2024-03-31 12:00:00,164,118.0,91.91468543948089,123.59931809753985,141.49060466852015
2024-03-31 13:00:00,164,103.0,101.33331104015717,125.30181648231755,160.1226799945676
2024-03-31 14:00:00,164,96.0,101.35112261356268,127.80522640761934,143.35987820418012
2024-03-31 15:00:00,164,123.0,99.47320255605146,123.10133597912723,141.39756716072625
2024-03-31 16:00:00,164,115.0,84.55021028045394,103.14296012177634,124.15862315164136
2024-03-31 17:00:00,164,100.0,108.80127500267872,131.0336967225687,163.4586321039593
2024-03-31 18:00:00,164,88.0,90.49929593495486,106.77130402889802,134.09062290240925
2024-03-31 19:00:00,164,117.0,75.51952186674319,98.89818813628855,121.47301189293013
2024-03-31 20:00:00,164,99.0,73.00537475321659,88.2633035011749,116.14169397095714
2024-03-31 21:00:00,164,149.0,89.70490367454414,101.25324022301689,130.1595878358105
2024-03-31 22:00:00,164,162.0,51.643849326365725,80.7982800547656,111.3467395932191
2024-03-31 23:00:00,164,36.0,40.7540501505652,51.41413867028681,117.7962225843856
2024-03-18 00:00:00,170,18.0,10.214844582521541,23.408646870333865,46.12775519712225
2024-03-18 01:00:00,170,7.0,0.0,8.87838966854682,21.682994824263062
2024-03-18 02:00:00,170,4.0,0.0,6.309985206325385,11.55524097727643
2024-03-18 03:00:00,170,9.0,0.0,2.8892014876800682,8.009851676353565
2024-03-18 04:00:00,170,10.0,2.2712284577326547,5.870746667573149,9.826736632014129
2024-03-18 05:00:00,170,17.0,3.6289232156811257,9.343694818667757,20.15608580134692
2024-03-18 06:00:00,170,54.0,17.595492616314527,39.34667569580633,70.14057062522193
2024-03-18 07:00:00,170,76.0,31.41594055898371,78.62827208863577,130.04233347161784
2024-03-18 08:00:00,170,142.0,62.35492425844113,129.22159609931387,162.53231890667905
2024-03-18 09:00:00,170,176.0,89.35704252824756,133.59697709104358,158.26615158280094
2024-03-18 10:00:00,170,158.0,105.59846745726655,142.13671115778627,172.16470287785356
2024-03-18 11:00:00,170,161.0,130.38466479415587,170.7123670168406,190.93279452417664
2024-03-18 12:00:00,170,178.0,139.46417888380117,176.92229534256307,187.6386713099165
2024-03-18 13:00:00,170,155.0,130.04293899138395,162.80815361826706,189.564383066356
2024-03-18 14:00:00,170,210.0,149.2246461384391,195.9248248041695,210.5292241421596
2024-03-18 15:00:00,170,208.0,139.5796679888277,172.25846182353445,199.48561100763575
2024-03-18 16:00:00,170,196.0,145.95691491918512,187.78430217303293,220.75358286444109
2024-03-18 17:00:00,170,221.0,161.21764405920888,223.5975422030727,259.9272443861881
2024-03-18 18:00:00,170,220.0,141.28762235054893,207.78219926338213,259.7163584960798
2024-03-18 19:00:00,170,176.0,127.07550026942991,166.1882053896252,232.52481475518852
2024-03-18 20:00:00,170,194.0,103.90340356349044,159.6416765214633,201.25513409503503
2024-03-18 21:00:00,170,166.0,100.62294170047679,142.00824505645016,183.77364448805704
2024-03-18 22:00:00,170,87.0,92.34793264225878,132.58213868669995,179.150007944735
2024-03-18 23:00:00,170,51.0,42.14700993048141,61.93932161077944,87.53706449282555
2024-03-19 00:00:00,170,17.0,12.749393256241481,22.029718220598973,36.33183566961298
2024-03-19 01:00:00,170,9.0,2.2875870294127094,9.288247347353082,16.07547758288297
2024-03-19 02:00:00,170,6.0,1.57230455299605,4.092462233887059,7.851513039407532
2024-03-19 03:00:00,170,2.0,1.0187887872464412,3.833534589359321,7.994350976848954
2024-03-19 04:00:00,170,8.0,4.527620896558613,9.079786876356202,11.388657150126068
2024-03-19 05:00:00,170,9.0,4.267683158159066,12.577764722554416,18.47443326986879
2024-03-19 06:00:00,170,44.0,17.657642046045062,47.83007878408233,57.68608511442297
2024-03-19 07:00:00,170,75.0,36.90795749335094,101.87893232398827,130.99688913281256
2024-03-19 08:00:00,170,176.0,70.76745135629082,151.64227581442023,165.50597127900056
2024-03-19 09:00:00,170,228.0,110.64051558967698,164.9387178525273,192.05715448821059
2024-03-19 10:00:00,170,240.0,146.0498172130238,188.801017875763,224.72113845969747
2024-03-19 11:00:00,170,221.0,164.52379146573983,210.59693277729357,249.17852111573697
2024-03-19 12:00:00,170,202.0,170.41849292818355,230.24093969214763,280.6506647294989
2024-03-19 13:00:00,170,208.0,166.63392944578305,222.00695812726033,251.5665880659719
2024-03-19 14:00:00,170,250.0,160.05387486861025,221.4786502581757,248.21839966992127
2024-03-19 15:00:00,170,219.0,176.2425964130348,231.29321388685472,285.90979706348395
2024-03-19 16:00:00,170,233.0,172.89666602335825,232.0718716898133,263.21231594217886
2024-03-19 17:00:00,170,257.0,170.2969988338895,249.35538845949412,307.4957499375896
2024-03-19 18:00:00,170,293.0,186.11640413911167,274.5450892779467,352.99745048467446
2024-03-19 19:00:00,170,236.0,186.12458208186814,264.9261143999838,340.13885006071354
2024-03-19 20:00:00,170,236.0,152.46173102149154,220.87018297473318,295.9435551842402
2024-03-19 21:00:00,170,241.0,145.2956330394948,208.52641483591032,276.3463593732681
2024-03-19 22:00:00,170,160.0,138.83394120161014,192.44540187163307,258.50511735890905
2024-03-19 23:00:00,170,72.0,81.1149349539709,108.00187802331534,162.36628778309984
2024-03-20 00:00:00,170,29.0,20.870197041305644,33.64835351427129,50.30774747780809
2024-03-20 01:00:00,170,15.0,7.866110020934282,13.60344530148544,23.191166343097812
2024-03-20 02:00:00,170,8.0,4.241516222300025,8.803531780746617,12.25555831708359
2024-03-20 03:00:00,170,1.0,1.2971691851313667,4.694388633709036,7.723902688385231
2024-03-20 04:00:00,170,1.0,2.8180308957967197,5.393019412147684,10.713973251666534
2024-03-20 05:00:00,170,9.0,5.543620339826563,14.315923764994999,22.632436100114102
2024-03-20 06:00:00,170,52.0,14.313460165740453,37.53980512149271,42.766474141090754
2024-03-20 07:00:00,170,114.0,42.400647861319634,110.64275082809534,136.87078099143724
2024-03-20 08:00:00,170,198.0,85.71037977725474,160.19447906814932,186.69356109393192
2024-03-20 09:00:00,170,193.0,128.19220142958565,182.34306845414406,217.427656701653
2024-03-20 10:00:00,170,217.0,161.90141246067105,193.28609248311642,218.39829787085438
2024-03-20 11:00:00,170,200.0,171.93124219008754,209.10081245328692,240.92656552603947
2024-03-20 12:00:00,170,209.0,183.9371228475661,240.63403754912173,269.2880520647299
2024-03-20 13:00:00,170,221.0,166.31759830139046,224.51680852878118,248.0070829219429
2024-03-20 14:00:00,170,207.0,176.7583129918571,236.30846974971664,269.55139732612497
2024-03-20 15:00:00,170,211.0,204.52707494986768,261.8352659520197,295.59130497402003
2024-03-20 16:00:00,170,265.0,179.72673170977188,228.16035643019043,270.6701773748683
2024-03-20 17:00:00,170,350.0,182.497332823821,256.4638340382655,310.7465617415806
2024-03-20 18:00:00,170,316.0,213.2012129410623,304.50363739388865,379.40905690102016
2024-03-20 19:00:00,170,319.0,201.3092759468805,289.41291387039126,342.67396410171364
2024-03-20 20:00:00,170,292.0,188.8843126400298,248.59050186397155,269.28962039789263
2024-03-20 21:00:00,170,301.0,200.77864327183647,271.64907678476504,323.1905882196369
2024-03-20 22:00:00,170,197.0,180.56346198711134,233.23710426363715,294.7683978579473
2024-03-20 23:00:00,170,80.0,95.14049809337605,127.96658901142567,182.01594948500366
2024-03-21 00:00:00,170,36.0,37.714750669203745,63.50650782737542,95.56844842756996
2024-03-21 01:00:00,170,17.0,13.32899476866059,21.977473869858972,28.370394526250667
2024-03-21 02:00:00,170,7.0,10.280733244930028,14.88376588547036,23.177260715221124
2024-03-21 03:00:00,170,10.0,2.282660814086351,5.185132195635289,9.440985577918863
2024-03-21 04:00:00,170,6.0,2.2220061915463036,5.942497810928036,11.936566281028883
2024-03-21 05:00:00,170,17.0,4.652166000359508,12.222403818660736,17.44996715851323
2024-03-21 06:00:00,170,48.0,17.820359551184268,48.82983396230729,52.907784582943584
2024-03-21 07:00:00,170,112.0,46.50095596298343,119.52782783415707,138.25718602937806
2024-03-21 08:00:00,170,199.0,93.30234034131493,170.9392010443269,196.6454155183164
2024-03-21 09:00:00,170,208.0,129.74646911260967,182.92963464157654,210.59024435442456
2024-03-21 10:00:00,170,194.0,164.00356576545812,217.8590300748157,238.13628540339403
2024-03-21 11:00:00,170,211.0,180.1531058583673,214.36443440373986,249.62102907237025
2024-03-21 12:00:00,170,223.0,167.83549545190886,232.04292086927236,258.30472462859757
2024-03-21 13:00:00,170,228.0,180.81268848086907,234.61430159206407,256.7999576285875
2024-03-21 14:00:00,170,258.0,191.64467477879163,263.9104289724045,292.0724425846176
2024-03-21 15:00:00,170,249.0,186.25979819092186,253.22362546290412,288.9169104221635
2024-03-21 16:00:00,170,241.0,198.9024327561008,271.23468111686805,313.42828619948307
2024-03-21 17:00:00,170,322.0,213.96384634967217,305.4471196242995,367.13813137602335
2024-03-21 18:00:00,170,367.0,228.40833486792798,314.7569534274962,400.19679846621307
2024-03-21 19:00:00,170,349.0,215.99382724569472,297.7159643142338,359.2627506852258
2024-03-21 20:00:00,170,341.0,201.1983142551208,279.8897821354398,304.25845679610865
2024-03-21 21:00:00,170,299.0,217.12678607697228,319.6485281517944,359.42731878203006
2024-03-21 22:00:00,170,303.0,193.95144766721785,267.62542106363446,332.59238467736776
2024-03-21 23:00:00,170,192.0,110.51771232739272,179.63146053915798,211.37942468239586
2024-03-22 00:00:00,170,83.0,59.10916995487185,78.25178450281913,112.84254325829318
2024-03-22 01:00:00,170,31.0,19.702259668445837,30.543881103686445,56.18261190332883
2024-03-22 02:00:00,170,14.0,11.150127496195617,17.06225036142537,29.538361283909495
2024-03-22 03:00:00,170,12.0,4.225308412285284,8.485318480558787,15.693397774131467
2024-03-22 04:00:00,170,7.0,5.784261243992065,12.698306708068738,20.29278237965207
2024-03-22 05:00:00,170,22.0,7.2757064142739605,13.303777342339494,25.262516149607205
2024-03-22 06:00:00,170,54.0,21.118665881001494,50.41741547325047,70.56743209650358
2024-03-22 07:00:00,170,76.0,48.85945670976984,111.25239514996075,133.0751973834477
2024-03-22 08:00:00,170,146.0,85.8408573791005,145.5715671390666,178.2446301280006
2024-03-22 09:00:00,170,162.0,114.55095819663133,159.05013705822702,176.23480517657424
2024-03-22 10:00:00,170,161.0,141.2372702055606,168.1431742219757,190.55676350971606
2024-03-22 11:00:00,170,182.0,145.90213635860388,182.7556039780846,200.36452638982811
2024-03-22 12:00:00,170,172.0,164.33696851493357,214.13696526987758,240.48117595376965
2024-03-22 13:00:00,170,179.0,171.33940462211277,214.42962873488855,241.25747105208572
2024-03-22 14:00:00,170,222.0,171.99959020416503,213.20820109542097,245.88227817974314
2024-03-22 15:00:00,170,227.0,181.65996765967705,241.93156360284829,279.09438369609677
2024-03-22 16:00:00,170,213.0,188.79542874540027,232.473521178951,261.3575907752209
2024-03-22 17:00:00,170,245.0,190.24640201318005,246.96499047223142,291.1060275766617
2024-03-22 18:00:00,170,345.0,216.71025439835296,282.7372129037568,341.43918393775607
2024-03-22 19:00:00,170,365.0,205.16553595003154,271.6393523328189,334.60042939719204
2024-03-22 20:00:00,170,254.0,205.8353017181944,284.90430807413065,298.05594468216674
2024-03-22 21:00:00,170,180.0,194.79386756754346,243.98549971942873,312.8346646267591
2024-03-22 22:00:00,170,155.0,148.2279404416145,201.87258305571427,263.08595917866006
2024-03-22 23:00:00,170,98.0,94.64750652185538,139.8254359721096,179.5524153372045
2024-03-23 00:00:00,170,93.0,76.66851473637095,128.67489436686836,168.58296315906077
2024-03-23 01:00:00,170,54.0,39.39167998440267,72.10374647214961,105.2515078173025
2024-03-23 02:00:00,170,40.0,22.11788692734929,38.07668524317033,44.446648786557574
2024-03-23 03:00:00,170,25.0,16.854078906011555,26.112567766756086,30.476583956217965
2024-03-23 04:00:00,170,16.0,8.866929833827957,19.386221850208752,22.047278683988917
2024-03-23 05:00:00,170,20.0,8.694802679611662,8.075420295665761,19.6787021923367
2024-03-23 06:00:00,170,25.0,20.073444838006115,32.28863962604111,43.05565397822493
2024-03-23 07:00:00,170,21.0,31.111165081371624,43.98739658593729,45.53502077761642
2024-03-23 08:00:00,170,55.0,46.769968856230946,61.67649854440347,60.578584435871775
2024-03-23 09:00:00,170,103.0,81.535081562746,105.60217783230776,133.42846624276413
2024-03-23 10:00:00,170,139.0,102.96421727190443,145.01340685540927,170.72320022236465
2024-03-23 11:00:00,170,223.0,116.54533463494849,157.40349311597583,188.92695382780025
2024-03-23 12:00:00,170,228.0,141.33388458924574,189.62686295946702,237.96077860368806
2024-03-23 13:00:00,170,253.0,167.9015664812693,223.53331548484778,264.903688792038
2024-03-23 14:00:00,170,230.0,174.07203097817458,238.16697159660154,273.6511104323322
2024-03-23 15:00:00,170,180.0,182.7531753972211,225.21601509344575,272.20126446111044
2024-03-23 16:00:00,170,186.0,178.88899455545987,220.66145738620764,262.2881605489539
2024-03-23 17:00:00,170,201.0,158.117147900306,207.92761991728273,252.9940442980281
2024-03-23 18:00:00,170,185.0,178.3339436682244,232.28978341269266,280.7694941633377
2024-03-23 19:00:00,170,231.0,161.72671418381137,236.46359708652588,285.42145937326103
2024-03-23 20:00:00,170,167.0,154.0703534882802,205.66483041326393,221.37377320490393
2024-03-23 21:00:00,170,137.0,161.62779987320104,200.56007612449565,254.12447160082874
2024-03-23 22:00:00,170,131.0,132.16586146394548,190.29457026938547,236.19420259120366
2024-03-23 23:00:00,170,145.0,104.45707775986388,160.35811219488522,199.01461515369525
2024-03-24 00:00:00,170,84.0,63.973359489236444,114.4604553265213,146.2133724078088
2024-03-24 01:00:00,170,62.0,57.47642414922725,89.29838769121662,126.24288594021742
2024-03-24 02:00:00,170,30.0,30.826843422122206,47.107209468046186,64.31334159822254
2024-03-24 03:00:00,170,20.0,15.479276127163734,27.66652747051074,36.714799373222064
2024-03-24 04:00:00,170,32.0,9.460710439993823,19.507723676737488,24.11850634953448
2024-03-24 05:00:00,170,17.0,9.541843685845805,13.647524253570882,27.154020388612196
2024-03-24 06:00:00,170,18.0,16.69998265786151,29.55177663863584,35.254236182006466
2024-03-24 07:00:00,170,17.0,22.307083608839626,37.197498254550815,41.5985552851718
2024-03-24 08:00:00,170,34.0,37.91886422907913,61.391754214067454,93.94219780192779
2024-03-24 09:00:00,170,78.0,46.714552923630755,85.51601441967209,108.58348317221346
2024-03-24 10:00:00,170,118.0,69.10438437729228,115.22823763952883,128.89327609830084
2024-03-24 11:00:00,170,144.0,104.37475332174554,143.84373400944364,166.55993396782242
2024-03-24 12:00:00,170,150.0,134.76764558471893,167.51490679781608,188.8715796321057
2024-03-24 13:00:00,170,117.0,131.69168069024207,160.31210816913193,188.1787182433335
2024-03-24 14:00:00,170,149.0,141.19476467344964,178.65146875687742,190.05142033055594
2024-03-24 15:00:00,170,111.0,134.28056487253178,157.28154247373502,180.2241235352591
2024-03-24 16:00:00,170,128.0,119.90360968273218,144.85998673192864,172.33845238304968
2024-03-24 17:00:00,170,130.0,123.19805588119627,151.5229841415458,178.2760330041428
2024-03-24 18:00:00,170,105.0,115.08067231844576,142.5251727121988,174.506238347589
2024-03-24 19:00:00,170,119.0,85.07394299375022,103.0390352791755,137.42026381500645
2024-03-24 20:00:00,170,129.0,67.34017920759152,92.30397639987298,109.59279053172342
2024-03-24 21:00:00,170,83.0,80.6043670864875,95.6202094928059,115.84507168087654
2024-03-24 22:00:00,170,64.0,54.639711692961164,72.7513874017102,99.59041093982773
2024-03-24 23:00:00,170,28.0,17.84626663969607,34.68697505863321,74.71589495313992
2024-03-25 00:00:00,170,16.0,3.360063424756426,17.067321648265228,33.699535616648795
2024-03-25 01:00:00,170,11.0,1.0963564697791222,8.395852214611184,17.940671556772372
2024-03-25 02:00:00,170,8.0,0.0,4.110304285075356,10.655399850443748
2024-03-25 03:00:00,170,5.0,0.0,3.4003086003366154,8.088185140793051
2024-03-25 04:00:00,170,8.0,4.078421026405351,8.917332863537743,13.255836785988135
2024-03-25 05:00:00,170,11.0,5.096799218528786,13.43063423847133,22.423931349143114
2024-03-25 06:00:00,170,54.0,16.798060501714065,37.577848466284564,62.85750354448739
2024-03-25 07:00:00,170,78.0,34.150524462726196,77.62042669636662,128.50007558301405
2024-03-25 08:00:00,170,143.0,46.904047085656956,108.97214598644416,169.68198766755955
2024-03-25 09:00:00,170,136.0,80.96969629354872,125.40451309955289,164.62973620101937
2024-03-25 10:00:00,170,157.0,105.12468893612728,142.6686775403015,162.85593742215755
2024-03-25 11:00:00,170,162.0,114.46647314726538,151.2044928585496,171.55103469702271
2024-03-25 12:00:00,170,170.0,132.87120685972027,168.10638598428687,184.952190250508
2024-03-25 13:00:00,170,166.0,137.89463759827083,171.0048948353005,186.84229240405205
2024-03-25 14:00:00,170,188.0,129.0666533361407,169.98402855051881,199.98045373669842
2024-03-25 15:00:00,170,168.0,143.83002787599693,179.87028723604902,213.5249801295442
2024-03-25 16:00:00,170,178.0,139.02149564929405,186.0595080054261,215.84791173741712
2024-03-25 17:00:00,170,169.0,134.42470484406684,189.7688327916127,245.56240424953148
2024-03-25 18:00:00,170,229.0,143.29819285762744,207.638767590811,258.1421391650995
2024-03-25 19:00:00,170,169.0,113.22234028883906,155.76061777052124,202.17985843790737
2024-03-25 20:00:00,170,158.0,103.90340356349044,159.6416765214633,201.25513409503503
2024-03-25 21:00:00,170,108.0,119.23830564052679,152.84509257601735,205.38056453270258
2024-03-25 22:00:00,170,98.0,86.64372917719689,121.83550634517898,162.51373335371636
2024-03-25 23:00:00,170,50.0,31.405557274428684,52.11753489808558,79.0441458883466
2024-03-26 00:00:00,170,39.0,12.704427233446172,27.769598657873896,43.776422946827296
2024-03-26 01:00:00,170,4.0,2.6961846830535277,9.770328282461428,15.680452182921842
2024-03-26 02:00:00,170,5.0,2.3906377707104376,7.941408053078115,11.032541955235509
2024-03-26 03:00:00,170,2.0,1.002705473606886,3.9622870969393738,7.677191951626335
2024-03-26 04:00:00,170,5.0,2.6852044101432853,6.296087612718577,9.188113916250577
2024-03-26 05:00:00,170,11.0,5.2207715581879,13.972215292174777,20.408361515710723
2024-03-26 06:00:00,170,40.0,14.366413378402656,39.956486941851274,44.494227631732365
2024-03-26 07:00:00,170,112.0,36.90795749335094,103.4279044320634,130.16089908042068
2024-03-26 08:00:00,170,155.0,63.365389485701485,145.5635386713535,162.61031339136213
2024-03-26 09:00:00,170,203.0,117.72194045005396,168.3410199066722,203.6158158074987
2024-03-26 10:00:00,170,231.0,132.7303235739884,169.77141699510864,199.77310894277656
2024-03-26 11:00:00,170,199.0,164.09149506488347,224.15241767152804,258.9744147542691
2024-03-26 12:00:00,170,186.0,170.41849292818355,231.46076935100047,265.8312841573841
2024-03-26 13:00:00,170,206.0,160.41425512227354,212.01515210837883,243.35539318084358
2024-03-26 14:00:00,170,216.0,159.0890529644659,222.50967486240899,252.13112424691064
2024-03-26 15:00:00,170,209.0,169.99493785811214,237.02122982385077,283.16686868796313
2024-03-26 16:00:00,170,206.0,168.26352925933176,230.87489353089956,266.6949105050002
2024-03-26 17:00:00,170,253.0,169.46393979147024,246.0272431236189,310.5246397511846
2024-03-26 18:00:00,170,307.0,171.6065188671508,258.80326747535184,330.5973824245731
2024-03-26 19:00:00,170,243.0,182.73958645889218,259.8020482967555,335.31311999214273
2024-03-26 20:00:00,170,275.0,149.3689790086881,217.28880067577677,287.7484612205233
2024-03-26 21:00:00,170,299.0,147.17933469129397,201.20116652861492,279.3455840040223
2024-03-26 22:00:00,170,245.0,124.98302360324817,183.79101163718838,266.8560248347429
2024-03-26 23:00:00,170,86.0,65.05762238526113,100.73102611994246,158.09784449529477
2024-03-27 00:00:00,170,42.0,20.925147028588082,33.01723768780644,55.45191329843453
2024-03-27 01:00:00,170,19.0,10.125851943842752,19.084411168550577,27.142492726481663
2024-03-27 02:00:00,170,5.0,2.9979654238947337,7.14778314822481,13.458886977326191
2024-03-27 03:00:00,170,2.0,1.3083521959229218,4.940355349299073,8.552010686299836
2024-03-27 04:00:00,170,5.0,0.6602369404028767,5.319589625778395,10.52642001835895
2024-03-27 05:00:00,170,13.0,0.39189859230148755,13.018636144954359,19.192233837379483
2024-03-27 06:00:00,170,56.0,14.761837018443034,41.557660965810705,46.02919457918692
2024-03-27 07:00:00,170,102.0,42.85990648325703,111.5765924540106,136.43289256065225
2024-03-27 08:00:00,170,166.0,92.90192036536804,173.4887654383441,212.46890414000518
2024-03-27 09:00:00,170,206.0,126.52848429036278,182.74756564899337,218.8145272853851
2024-03-27 10:00:00,170,198.0,152.08882937367792,188.42307155755935,216.97938138733673
2024-03-27 11:00:00,170,225.0,179.6342402175519,226.2558234265995,244.6807745161487
2024-03-27 12:00:00,170,216.0,161.7274508425215,221.4319139673747,250.58235052256114
2024-03-27 13:00:00,170,222.0,168.3598708998538,228.97891590363267,248.55331163499756
2024-03-27 14:00:00,170,245.0,181.15464454350567,243.20488932877197,272.1533032497911
2024-03-27 15:00:00,170,287.0,179.04336354254005,228.2475251943964,265.759724770148
2024-03-27 16:00:00,170,273.0,177.94727585509384,235.59117406354864,267.5819508281655
2024-03-27 17:00:00,170,349.0,193.18316041771874,281.89986789687566,361.4384451140484
2024-03-27 18:00:00,170,365.0,226.97196994820453,322.1837710163046,387.6425801518802
2024-03-27 19:00:00,170,287.0,204.63394432454533,278.8466790850089,356.9246428644965
2024-03-27 20:00:00,170,307.0,194.93769387345856,266.2822100888159,302.99320214984516
2024-03-27 21:00:00,170,291.0,199.7528374205822,276.1286800511191,329.4477417573097
2024-03-27 22:00:00,170,216.0,187.8133044039892,258.5038811592399,323.5322827743584
2024-03-27 23:00:00,170,102.0,107.29003388271228,148.368356921249,201.31215729792498
2024-03-28 00:00:00,170,50.0,23.97558143035769,40.52051149544583,72.2887528026255
2024-03-28 01:00:00,170,26.0,10.503546118193489,22.230796889902404,35.78336399161135
2024-03-28 02:00:00,170,6.0,5.011056017893391,10.868068527963226,15.961233007630806
2024-03-28 03:00:00,170,7.0,1.4243503605986974,5.5708049375397275,10.688051148518399
2024-03-28 04:00:00,170,9.0,3.71738999372714,7.425210647420941,14.114367631021485
2024-03-28 05:00:00,170,13.0,5.833423736114163,14.782474748814215,23.347518900063008
2024-03-28 06:00:00,170,44.0,18.05242539936829,48.07340651153421,58.071226725737084
2024-03-28 07:00:00,170,112.0,46.23689167020331,113.34023201146789,136.12979534831055
2024-03-28 08:00:00,170,170.0,89.99756838816873,171.54369055987033,194.72826196088346
2024-03-28 09:00:00,170,194.0,135.47461636147742,188.87955346813655,223.77158019229705
2024-03-28 10:00:00,170,206.0,162.20346725509395,196.85530124573714,227.94116210812143
2024-03-28 11:00:00,170,205.0,163.0864118406135,215.0245445183275,226.695146328396
2024-03-28 12:00:00,170,208.0,182.0071919821326,233.61947429476498,267.18311858223007
2024-03-28 13:00:00,170,236.0,175.6294914650821,235.78741645162523,255.0715551648509
2024-03-28 14:00:00,170,209.0,184.80767286613732,248.03881797545557,282.151877526264
2024-03-28 15:00:00,170,240.0,195.79477331945063,267.6855552801747,304.1149555513033
2024-03-28 16:00:00,170,268.0,190.56615989735369,261.97054406303334,308.85872410724323
2024-03-28 17:00:00,170,251.0,192.95087819118362,277.6315746089711,356.4601497723435
2024-03-28 18:00:00,170,336.0,219.9108769417031,316.3232070484417,393.56894474915913
2024-03-28 19:00:00,170,391.0,205.16553595003154,281.08399702953596,340.32663281331924
2024-03-28 20:00:00,170,306.0,201.1983142551208,270.6349548744214,299.6719432232903
2024-03-28 21:00:00,170,318.0,203.74695336285401,297.7883696983652,357.5730445876487
2024-03-28 22:00:00,170,279.0,185.7933546110203,251.63688605663856,329.0248600712059
2024-03-28 23:00:00,170,229.0,134.77843842307908,198.664180016801,274.191157515317
2024-03-29 00:00:00,170,156.0,71.84829291616433,89.92357867304088,131.79242677661702
2024-03-29 01:00:00,170,61.0,25.76600718497935,33.56190461710705,60.18698342690637
2024-03-29 02:00:00,170,19.0,10.285798216655156,16.37081781701587,28.403765279932742
2024-03-29 03:00:00,170,10.0,3.9204769235443915,8.862909530593313,17.141320901538737
2024-03-29 04:00:00,170,22.0,5.325428791595923,9.489966657575183,18.11678133547791
2024-03-29 05:00:00,170,18.0,5.822634826424934,13.041890475255633,25.597439602985908
2024-03-29 06:00:00,170,31.0,19.438465816370005,44.198967842796506,60.221152979373485
2024-03-29 07:00:00,170,45.0,45.51417719619811,100.8007857379738,128.94972757523166
2024-03-29 08:00:00,170,86.0,75.96213492640601,129.32378772387446,158.16905791899836
2024-03-29 09:00:00,170,122.0,117.63915825492406,157.0800412398518,169.95655223397642
2024-03-29 10:00:00,170,164.0,124.69578592578526,168.00847579645657,178.69821946053446
2024-03-29 11:00:00,170,179.0,141.1866890936271,170.01380893909192,189.7061509647072
2024-03-29 12:00:00,170,159.0,153.84953418013512,193.06903037132713,213.3712538944757
2024-03-29 13:00:00,170,193.0,161.25802808874184,202.02058633044746,212.9580594479305
2024-03-29 14:00:00,170,168.0,156.5723965752717,193.33597234221577,215.21350172565866
2024-03-29 15:00:00,170,163.0,174.43961753135267,223.37811238735873,257.3461896549408
2024-03-29 16:00:00,170,172.0,168.2785614642073,209.4628484597139,243.7952418980086
2024-03-29 17:00:00,170,218.0,167.61185664104235,214.5827783075589,267.81614396532217
2024-03-29 18:00:00,170,251.0,180.63551436213638,243.49762258352237,293.0530943242821
2024-03-29 19:00:00,170,279.0,200.528548486958,258.624368086259,312.87988953461536
2024-03-29 20:00:00,170,247.0,192.68201026112317,258.48088892843583,286.6261166427289
2024-03-29 21:00:00,170,174.0,171.76011191533465,231.01758536608767,285.089059119977
2024-03-29 22:00:00,170,140.0,132.27460224376534,175.56469719626259,234.71414384733103
2024-03-29 23:00:00,170,112.0,92.14143628018795,135.51648574396557,176.42742746344723
2024-03-30 00:00:00,170,108.0,52.17547473544416,80.76986489718813,107.61281640903773
2024-03-30 01:00:00,170,68.0,35.905412564842976,69.10011569450337,98.7628829154281
2024-03-30 02:00:00,170,30.0,22.31406808171437,41.69505985452886,57.84412048711872
2024-03-30 03:00:00,170,22.0,13.702145727949025,26.01955566177195,31.17104268899237
2024-03-30 04:00:00,170,28.0,8.698894589007253,18.91709605098997,20.817901463993827
2024-03-30 05:00:00,170,8.0,8.008775258138124,10.734226280932347,18.066644617487754
2024-03-30 06:00:00,170,22.0,18.044166911145393,27.89478179562633,34.79224893120422
2024-03-30 07:00:00,170,30.0,25.696019168852047,39.212176444310366,47.12821531495439
2024-03-30 08:00:00,170,42.0,36.24825911648074,44.300371978356246,50.65569639063472
2024-03-30 09:00:00,170,100.0,59.81205112721948,96.94286994115001,121.522267647789
2024-03-30 10:00:00,170,137.0,83.11453561600992,135.41157743140135,155.3903505862421
2024-03-30 11:00:00,170,163.0,120.79750136859121,161.47148193727884,185.93056852492768
2024-03-30 12:00:00,170,158.0,143.79028177440648,195.6195679129969,251.65774346115452
2024-03-30 13:00:00,170,150.0,151.3704176707302,202.4015824171268,242.4430354800827
2024-03-30 14:00:00,170,122.0,157.4618010000304,220.264883148056,239.4141734077828
2024-03-30 15:00:00,170,122.0,148.21691356684315,189.72406891183067,229.35281751895653
2024-03-30 16:00:00,170,123.0,129.4116599621969,164.9219674936433,203.44976834465353
2024-03-30 17:00:00,170,164.0,134.0460105655218,176.99407975749804,215.6947941257923
2024-03-30 18:00:00,170,156.0,146.71810403259093,183.93863287403144,232.246679365419
2024-03-30 19:00:00,170,203.0,129.97901789368743,173.57237995532336,222.84227980543318
2024-03-30 20:00:00,170,258.0,139.96850905464981,180.1737754833104,196.36612695252867
2024-03-30 21:00:00,170,136.0,142.7686531792288,161.97358156172106,209.72803310256134
2024-03-30 22:00:00,170,134.0,110.95911638497097,147.52364382892665,200.17195271216625
2024-03-30 23:00:00,170,135.0,68.02725303849412,117.66067885194437,167.6091845667161
2024-03-31 00:00:00,170,148.0,48.48127431960384,93.89278709606266,120.78602527126121
2024-03-31 01:00:00,170,60.0,26.571656564451388,47.186863848351585,82.75596479321052
2024-03-31 02:00:00,170,39.0,19.663041143301943,37.214090816892075,55.09417081776382
2024-03-31 03:00:00,170,23.0,9.272011495536015,20.42060675997052,26.792065957393778
2024-03-31 04:00:00,170,40.0,7.4241213828968995,14.358394671550075,21.865732613807136
2024-03-31 05:00:00,170,17.0,9.047850875764125,17.46519907150979,28.225926187925282
2024-03-31 06:00:00,170,20.0,13.336808654022992,21.944346882660838,28.61074278912502
2024-03-31 07:00:00,170,19.0,22.307083608839626,34.84345546880826,40.24988915962256
2024-03-31 08:00:00,170,45.0,30.049725769342782,38.472346377381136,44.55756089246549
2024-03-31 09:00:00,170,72.0,36.50460850591484,63.284742865161654,73.66626907264678
2024-03-31 10:00:00,170,135.0,65.34369204978243,107.28805207753993,128.88558142070295
2024-03-31 11:00:00,170,167.0,98.05594794939788,137.97299954142827,156.8273929203709
2024-03-31 12:00:00,170,152.0,125.61251247050717,157.22362536478923,186.95001540012638
2024-03-31 13:00:00,170,155.0,135.82763380246922,162.61954551013562,190.72486647348134
2024-03-31 14:00:00,170,147.0,116.6755524272824,141.12295752914963,163.02647439808908
2024-03-31 15:00:00,170,111.0,116.59708698632926,150.1523255087827,179.8385480559632
2024-03-31 16:00:00,170,112.0,97.51359745382192,134.18600685965657,164.09562857758706
2024-03-31 17:00:00,170,149.0,105.73810546739097,139.8168990630707,173.39603791402834
2024-03-31 18:00:00,170,140.0,114.5849756515828,140.07727697099202,173.76487618190768
2024-03-31 19:00:00,170,138.0,73.31491614200208,89.92210233351034,126.3417375198912
2024-03-31 20:00:00,170,161.0,83.30470892076136,101.18515570523833,130.96748283198508
2024-03-31 21:00:00,170,150.0,99.93052353563333,110.92476045491766,140.43634875880215
2024-03-31 22:00:00,170,127.0,56.82229323930245,73.0346235919876,109.51716502838772
2024-03-31 23:00:00,170,36.0,31.824729567145873,45.65208500353264,105.48380813863116
2024-03-18 00:00:00,186,91.0,23.77118726368567,47.50239689183671,92.03204389267164
2024-03-18 01:00:00,186,22.0,14.361911620324555,39.34755462684638,71.42193839940684
2024-03-18 02:00:00,186,36.0,8.575163392167903,22.7654564085987,32.28516089302339
2024-03-18 03:00:00,186,25.0,3.3250821388124203,11.05219348473432,20.96398334488688
2024-03-18 04:00:00,186,27.0,4.084276059650472,11.809301595166854,28.24358737292379
2024-03-18 05:00:00,186,74.0,5.025056698133934,20.242160573359417,70.58410519376922
2024-03-18 06:00:00,186,120.0,28.936306805798115,78.23179615113948,149.91594659775075
2024-03-18 07:00:00,186,192.0,69.01976651636987,147.36581571345482,221.68723909560023
2024-03-18 08:00:00,186,228.0,100.93207976477076,171.9384683497164,270.7582159740545
2024-03-18 09:00:00,186,249.0,122.33088933642199,187.7983112647383,249.3637276716359
2024-03-18 10:00:00,186,184.0,138.81072643891142,194.06561667663274,248.02778643203104
2024-03-18 11:00:00,186,204.0,135.2213847631747,186.30926232037817,230.65126389328026
2024-03-18 12:00:00,186,190.0,146.2748531922788,190.52955252058942,219.56984898407575
2024-03-18 13:00:00,186,225.0,150.27970449910993,189.92045277241692,230.29142502915818
2024-03-18 14:00:00,186,188.0,159.14188317766374,213.37183609066741,259.2672870760618
2024-03-18 15:00:00,186,160.0,156.9785525258783,201.0038700292016,229.9817795638506
2024-03-18 16:00:00,186,189.0,156.14072064649164,184.60144787934254,238.79365099662343
2024-03-18 17:00:00,186,204.0,131.6827021728111,181.1184732146703,232.09340784420706
2024-03-18 18:00:00,186,181.0,157.6420603164953,210.08941738264932,276.39814365124215
2024-03-18 19:00:00,186,179.0,121.26404664600135,159.05047632509493,221.57867134711228
2024-03-18 20:00:00,186,139.0,120.8020836192562,156.53350045071562,211.67793592397794
2024-03-18 21:00:00,186,183.0,132.63704434821605,172.53004866637153,287.61547391471925
2024-03-18 22:00:00,186,85.0,121.81845100136567,176.55345968865626,264.47379631400327
2024-03-18 23:00:00,186,111.0,77.17841038300871,105.9150102661285,179.96759317859392
2024-03-19 00:00:00,186,33.0,26.390567474639635,44.390209887570904,93.79125857768398
2024-03-19 01:00:00,186,31.0,17.062707310443656,32.92054821655422,46.61061346499388
2024-03-19 02:00:00,186,12.0,8.027572379742711,12.827051029481735,23.139451035883187
2024-03-19 03:00:00,186,6.0,2.7016398386931297,11.179026747773154,24.152828142128005
2024-03-19 04:00:00,186,9.0,3.3085150450024052,10.682032426027664,23.25299408249907
2024-03-19 05:00:00,186,61.0,5.161759653208339,35.642795422908094,72.83888169150865
2024-03-19 06:00:00,186,107.0,37.77245377109581,112.6929861028156,136.78079205109393
2024-03-19 07:00:00,186,232.0,72.75966014730896,171.01051734079368,227.27729727506954
2024-03-19 08:00:00,186,312.0,122.00553653756226,216.09264671063207,291.62257783188227
2024-03-19 09:00:00,186,306.0,195.10422763294767,258.27579897982594,321.33149330108057
2024-03-19 10:00:00,186,287.0,208.34712633487533,266.6042811832925,303.06424522642965
2024-03-19 11:00:00,186,215.0,172.59284755124605,215.25698168974466,280.7097231707209
2024-03-19 12:00:00,186,238.0,177.53507618621356,226.47969632559412,277.7510321361826
2024-03-19 13:00:00,186,184.0,153.7925502155341,197.7377313389894,241.53446625111908
2024-03-19 14:00:00,186,179.0,171.1171233306582,221.55421374330305,274.8561386134716
2024-03-19 15:00:00,186,176.0,145.7761443225507,181.68529627414975,222.88891397179165
2024-03-19 16:00:00,186,146.0,143.2458186458776,188.3297620324888,246.91021879295178
2024-03-19 17:00:00,186,224.0,145.64015762426948,215.28587381944706,268.16156308280443
2024-03-19 18:00:00,186,211.0,136.75754691272243,203.1976586700328,270.51431345136393
2024-03-19 19:00:00,186,180.0,139.60136511555012,175.38967949426785,265.7832730696714
2024-03-19 20:00:00,186,166.0,122.34961526958902,161.88040478185746,225.3678126027212
2024-03-19 21:00:00,186,232.0,127.81511633166485,179.77143708168435,312.4146574386541
2024-03-19 22:00:00,186,168.0,133.08967321681132,184.5946196491798,291.87606624414354
2024-03-19 23:00:00,186,92.0,71.90106325590699,102.1966001911736,187.67010107888308
2024-03-20 00:00:00,186,63.0,40.93451431966081,69.28269470836946,110.6911955676442
2024-03-20 01:00:00,186,21.0,17.354994369437236,26.75088308760275,39.33961157239137
2024-03-20 02:00:00,186,15.0,7.3879908298412635,15.342202572909665,26.022812224487414
2024-03-20 03:00:00,186,2.0,3.4050701347921577,10.575593072415193,14.112062353468794
2024-03-20 04:00:00,186,9.0,2.3977900661067086,8.551804104008578,21.62927359980707
2024-03-20 05:00:00,186,52.0,5.889315763471143,36.54102923137635,70.06870945305877
2024-03-20 06:00:00,186,124.0,43.058708894245285,115.4201412856346,149.2938032305587
2024-03-20 07:00:00,186,235.0,77.51003607533428,172.96328845757975,228.89455867283763
2024-03-20 08:00:00,186,301.0,140.43215003133082,233.0036521847466,295.8339161821174
2024-03-20 09:00:00,186,311.0,195.73680524349976,257.0744698176478,308.61556143460854
2024-03-20 10:00:00,186,235.0,201.50819954088794,242.6795610477349,265.50062008648337
2024-03-20 11:00:00,186,228.0,189.95348751291664,226.32326852680006,268.8556224759379
2024-03-20 12:00:00,186,175.0,171.96394378429866,225.43949338700372,263.74842960491316
2024-03-20 13:00:00,186,195.0,164.8113647129897,204.13786982355438,245.68954175839244
2024-03-20 14:00:00,186,153.0,146.75091723465923,197.0670519360725,243.42608950782815
2024-03-20 15:00:00,186,170.0,150.18738001116418,191.75759886966534,226.20382315273312
2024-03-20 16:00:00,186,223.0,127.04493714282765,168.75205208705057,220.05983892616678
2024-03-20 17:00:00,186,235.0,143.6840491299847,212.48618743642655,262.5366072990369
2024-03-20 18:00:00,186,246.0,171.31535939792872,234.00015796361814,298.40263534953203
2024-03-20 19:00:00,186,165.0,155.88076511618337,205.52293745615222,273.7712733019906
2024-03-20 20:00:00,186,215.0,146.04597378099774,190.91886220090174,248.11076984241078
2024-03-20 21:00:00,186,221.0,136.34596362752782,185.63484545011733,310.8938923076347
2024-03-20 22:00:00,186,127.0,151.83761552596482,203.09353296489675,309.07096715972
2024-03-20 23:00:00,186,91.0,106.10821859840483,141.55372092522583,221.86675139129923
2024-03-21 00:00:00,186,83.0,71.18966402711622,108.75404368901685,157.5815287306633
2024-03-21 01:00:00,186,40.0,21.92505802596124,34.07918100422516,56.395514579138215
2024-03-21 02:00:00,186,18.0,9.706701607712175,15.38332336622273,25.912301797765075
2024-03-21 03:00:00,186,10.0,5.851194774351158,12.973307099181042,17.95849692033487
2024-03-21 04:00:00,186,11.0,3.0096704917479884,9.219915998732118,22.902021728541158
2024-03-21 05:00:00,186,74.0,6.752399162955153,36.69491718673189,74.69485760501144
2024-03-21 06:00:00,186,142.0,39.8842055326057,109.71242497333026,151.33982530203008
2024-03-21 07:00:00,186,231.0,81.79396451942355,180.4967217021342,228.79307580350064
2024-03-21 08:00:00,186,321.0,141.35441844095783,223.9848942061272,317.07013773242943
2024-03-21 09:00:00,186,281.0,177.72604793730852,247.7305611325667,289.9162969778843
2024-03-21 10:00:00,186,216.0,211.4286979719931,273.2991096884617,295.1618127002531
2024-03-21 11:00:00,186,202.0,188.45545328294102,225.12593488575217,258.33347854001937
2024-03-21 12:00:00,186,220.0,179.82371230405013,227.36731674739906,276.4978713471229
2024-03-21 13:00:00,186,237.0,161.01932570142444,202.6928270450005,239.41798406645725
2024-03-21 14:00:00,186,194.0,165.08027294690663,221.6172421876987,246.4608658569256
2024-03-21 15:00:00,186,187.0,164.20795899562663,215.21742938658218,253.4201837851958
2024-03-21 16:00:00,186,174.0,161.1820116635451,205.8135976640227,251.04702108316994
2024-03-21 17:00:00,186,232.0,190.95977156227573,249.36000195065557,304.1638288083757
2024-03-21 18:00:00,186,242.0,189.44380034475557,242.11541028543965,315.9166670233004
2024-03-21 19:00:00,186,252.0,185.17507968690023,230.78443437166985,289.3172231445691
2024-03-21 20:00:00,186,216.0,146.46860534497952,196.50252855523968,237.15320192509373
2024-03-21 21:00:00,186,244.0,159.4893553487638,220.88132654017414,341.1118966807593
2024-03-21 22:00:00,186,186.0,152.90553539614737,205.66534282215753,314.76457772476766
2024-03-21 23:00:00,186,151.0,80.20885916135485,115.94206207177133,198.93025339359022
2024-03-22 00:00:00,186,111.0,68.68393876881166,91.81513120032639,131.29065359764556
2024-03-22 01:00:00,186,48.0,111.75509605246788,164.3415652550208,255.211497195715
2024-03-22 02:00:00,186,12.0,36.6041595157226,54.616787863749266,68.63869192259102
2024-03-22 03:00:00,186,17.0,13.741964143181198,24.39227869833344,28.79785837085947
2024-03-22 04:00:00,186,10.0,5.013189678904274,13.3788504258586,22.061703296621744
2024-03-22 05:00:00,186,52.0,7.839177606514205,32.67821837268256,63.90932316620648
2024-03-22 06:00:00,186,111.0,46.27082727317184,117.52197054138217,154.94144502508416
2024-03-22 07:00:00,186,128.0,82.29505671223342,153.70916101132838,198.9445919282475
2024-03-22 08:00:00,186,146.0,115.46278489944429,167.03335537222944,231.90926879651474
2024-03-22 09:00:00,186,194.0,136.55013045239448,187.21735676447875,212.69630122434327
2024-03-22 10:00:00,186,153.0,138.21648532535008,175.90571679994608,224.363370619294
2024-03-22 11:00:00,186,206.0,162.80970014873841,197.99786534521766,229.3325684728675
2024-03-22 12:00:00,186,208.0,145.26027496710248,196.25034053518036,234.17973934131706
2024-03-22 13:00:00,186,240.0,174.24189585723073,212.01625520901368,245.08134455400005
2024-03-22 14:00:00,186,226.0,179.23853100700967,224.9682286756066,268.26341389484014
2024-03-22 15:00:00,186,204.0,163.91234929224703,215.37108043729933,251.64245821817315
2024-03-22 16:00:00,186,164.0,159.64378232245343,209.22791036290462,244.65417919427122
2024-03-22 17:00:00,186,263.0,151.99934080492665,207.90932995764834,252.72546488521917
2024-03-22 18:00:00,186,281.0,159.1270444649457,225.226450264374,264.15373760854914
2024-03-22 19:00:00,186,283.0,176.2823211369008,220.6992294873131,278.8135652957741
2024-03-22 20:00:00,186,176.0,182.82774678058232,207.54738246550835,237.09465461178098
2024-03-22 21:00:00,186,167.0,166.11513623644777,211.78052250837996,303.1546106854918
2024-03-22 22:00:00,186,147.0,147.84902261736465,209.71718510584597,301.5722550279797
2024-03-22 23:00:00,186,263.0,113.42457858977497,162.6362181935859,224.2895670152563
2024-03-23 00:00:00,186,165.0,92.45226501853796,144.73198226193642,208.69339390351232
2024-03-23 01:00:00,186,95.0,77.59230066934789,124.106252770731,183.86722629606385
2024-03-23 02:00:00,186,46.0,58.687160205122446,90.92325252996895,92.76658364807085
2024-03-23 03:00:00,186,28.0,14.4060212378685,34.30870028969908,39.994389949938366
2024-03-23 04:00:00,186,22.0,13.711706019943508,27.52429373146849,31.665699369987074
2024-03-23 05:00:00,186,26.0,9.754417811988331,18.454392366926147,42.93245026209212
2024-03-23 06:00:00,186,67.0,27.66755103302489,52.93926728574503,68.44347024848726
2024-03-23 07:00:00,186,44.0,48.671176963928254,85.41010984543487,127.71218138731943
2024-03-23 08:00:00,186,65.0,63.2188376175424,95.30444218149742,153.29894138712265
2024-03-23 09:00:00,186,135.0,88.09967875253086,133.407561992284,168.5291180999357
2024-03-23 10:00:00,186,178.0,110.19224987570523,170.7973819802883,212.48118648663865
2024-03-23 11:00:00,186,228.0,125.9316385939821,178.56504680239462,234.17126351185487
2024-03-23 12:00:00,186,250.0,155.75230340354565,209.69567093835482,277.25244564784833
2024-03-23 13:00:00,186,270.0,175.40194899327435,229.18928815568273,292.7434641411169
2024-03-23 14:00:00,186,272.0,181.76948887286147,240.95394159469154,283.58097868824814
2024-03-23 15:00:00,186,336.0,177.68298755748057,218.57671411211308,272.262657599164
2024-03-23 16:00:00,186,261.0,164.72900016465383,210.35350334303143,271.9430742925283
2024-03-23 17:00:00,186,249.0,169.3589635018209,231.55244314838987,268.9057553298816
2024-03-23 18:00:00,186,185.0,167.69122669868966,219.22569420824757,259.8393947647748
2024-03-23 19:00:00,186,180.0,142.43218354207045,183.9743168033631,259.3553833735831
2024-03-23 20:00:00,186,119.0,133.61062209395,163.04861756541655,214.36542077144833
2024-03-23 21:00:00,186,158.0,150.64844968134602,199.02745262775144,296.9215616674927
2024-03-23 22:00:00,186,164.0,116.87192468207026,178.8738727093892,264.86859209091074
2024-03-23 23:00:00,186,274.0,108.49091507283651,162.84589172743708,250.05135362491413
2024-03-24 00:00:00,186,195.0,69.64117515472553,113.94473608951338,173.3047909455806
2024-03-24 01:00:00,186,104.0,70.6402645409446,104.71355430982547,158.6474669862041
2024-03-24 02:00:00,186,39.0,40.598542076441746,71.11239578292269,98.12250391805786
2024-03-24 03:00:00,186,32.0,15.42394317900493,33.96796557509009,43.12148276910125
2024-03-24 04:00:00,186,27.0,11.399561258701496,23.91880525598683,29.30427527431231
2024-03-24 05:00:00,186,16.0,11.29966226008959,15.534588262473433,31.08023129053836
2024-03-24 06:00:00,186,28.0,19.023067040678725,39.494451662446096,46.38608577313592
2024-03-24 07:00:00,186,34.0,33.612416336160756,66.01753640420569,79.11734091580793
2024-03-24 08:00:00,186,57.0,38.57510435748386,68.32219111137748,91.64740963785302
2024-03-24 09:00:00,186,79.0,49.95416447724229,92.8010120793222,129.1145845923096
2024-03-24 10:00:00,186,127.0,81.67780890470154,134.41851450186377,184.54269480892032
2024-03-24 11:00:00,186,172.0,91.81153451730624,133.77790277864656,188.6670672213741
2024-03-24 12:00:00,186,223.0,133.8097657842873,175.95340426899173,223.2063858497232
2024-03-24 13:00:00,186,213.0,151.3407083647201,187.09006164608994,238.67262258168088
2024-03-24 14:00:00,186,243.0,163.81962941138084,207.93782503628353,256.6576969919292
2024-03-24 15:00:00,186,177.0,167.28944437859718,202.44566587219646,246.83477894722444
2024-03-24 16:00:00,186,162.0,190.7138975761794,236.04629904905266,297.5062248125193
2024-03-24 17:00:00,186,221.0,162.55207902814934,213.81175296436584,261.03928795671123
2024-03-24 18:00:00,186,183.0,156.65564025809348,206.1297567131923,250.27646150568762
2024-03-24 19:00:00,186,219.0,123.36976905040696,149.042111007173,214.1872596493765
2024-03-24 20:00:00,186,213.0,132.75974495748346,160.49538659082006,219.06135481387236
2024-03-24 21:00:00,186,215.0,127.8824230197704,166.81928800330684,251.25502260127357
2024-03-24 22:00:00,186,146.0,137.5112211483128,171.75278502441395,262.30234463599953
2024-03-24 23:00:00,186,75.0,62.4863966004763,79.7366541280081,162.17599324870403
2024-03-25 00:00:00,186,96.0,44.4040288194904,60.08467681030857,108.86568993672569
2024-03-25 01:00:00,186,24.0,24.26138457363254,43.821248310253104,78.66109780521543
2024-03-25 02:00:00,186,6.0,7.503355796672497,20.18758897589377,36.57545845008487
2024-03-25 03:00:00,186,7.0,9.262053190275749,19.644298428278482,30.950015402356488
2024-03-25 04:00:00,186,7.0,7.784569599225258,21.925009341183845,23.087363561027246
2024-03-25 05:00:00,186,58.0,9.221266049039464,38.908381210373534,65.43739935140253
2024-03-25 06:00:00,186,123.0,34.315261070593415,89.03679188564577,150.49262715911289
2024-03-25 07:00:00,186,170.0,61.1492156983908,141.59478733845785,215.8590383503743
2024-03-25 08:00:00,186,210.0,96.00587789602397,168.35802303933264,264.7623773898722
2024-03-25 09:00:00,186,236.0,121.41787526268139,185.13095282814857,234.60812868655367
2024-03-25 10:00:00,186,196.0,134.95146743199155,181.70435632650074,237.17750298635423
2024-03-25 11:00:00,186,197.0,138.18165293087648,184.13430670886427,230.85844243339542
2024-03-25 12:00:00,186,201.0,156.0354639653931,203.3158747865474,242.4125172631637
2024-03-25 13:00:00,186,213.0,163.862047881032,196.7720405570947,241.54066173841517
2024-03-25 14:00:00,186,150.0,166.33501137320985,215.9493156456796,258.1355486447834
2024-03-25 15:00:00,186,174.0,164.5102454873443,201.54500129115277,238.01060902354777
2024-03-25 16:00:00,186,134.0,130.79625146365493,174.24682391499647,222.2557981005097
2024-03-25 17:00:00,186,199.0,148.4971691670311,209.31440831297587,266.3825901389142
2024-03-25 18:00:00,186,154.0,138.51015945104123,200.34559864876064,262.12364877194074
2024-03-25 19:00:00,186,138.0,121.26404664600135,158.02202510333518,232.743579424286
2024-03-25 20:00:00,186,159.0,114.57962849903805,153.80451656090565,210.58693961676158
2024-03-25 21:00:00,186,284.0,113.29338549631059,139.82263344698524,252.66634633656844
2024-03-25 22:00:00,186,214.0,113.98560035415349,154.23297156306606,251.40687318444103
2024-03-25 23:00:00,186,100.0,48.70371540847708,64.10753076997851,139.94638513611162
2024-03-26 00:00:00,186,29.0,35.94040838069526,58.83457368399182,97.16417982079597
2024-03-26 01:00:00,186,32.0,12.11262198664293,28.854659744992237,40.27993535731723
2024-03-26 02:00:00,186,11.0,9.223082062062602,14.710281005007392,24.16184561474604
2024-03-26 03:00:00,186,6.0,2.8498654618942254,7.176619160596381,17.152908306290886
2024-03-26 04:00:00,186,3.0,3.265442690339913,10.29144353261023,21.108777244072616
2024-03-26 05:00:00,186,52.0,6.03676149559382,34.03690562192175,68.49321771042709
2024-03-26 06:00:00,186,112.0,39.43701107989017,116.38275249312545,153.59689977633278
2024-03-26 07:00:00,186,217.0,70.74645829488298,163.384012335911,223.34022626248506
2024-03-26 08:00:00,186,261.0,128.10096161684967,210.5130486131197,291.955324281208
2024-03-26 09:00:00,186,310.0,195.52500756741276,260.91841781072605,317.8220335115324
2024-03-26 10:00:00,186,210.0,200.98385316175626,254.35560153659856,294.0096629135457
2024-03-26 11:00:00,186,215.0,194.0760047329713,250.40886798829322,300.39508909888764
2024-03-26 12:00:00,186,197.0,163.90236814430028,214.35745516949356,262.37719396725146
2024-03-26 13:00:00,186,204.0,166.16728667789388,212.91771512171402,269.2500552400496
2024-03-26 14:00:00,186,167.0,157.2337410979139,200.47619768420842,254.69473166518932
2024-03-26 15:00:00,186,166.0,147.37064607509623,186.9956372605718,236.6254446220864
2024-03-26 16:00:00,186,174.0,137.03214212678287,178.33563898700658,237.9751834164458
2024-03-26 17:00:00,186,193.0,119.516127861664,188.63168877011267,253.3585890979771
2024-03-26 18:00:00,186,233.0,155.1537574712318,226.73121252022372,295.04768005409795
2024-03-26 19:00:00,186,179.0,135.5034389972365,180.92475633423928,251.23921583862355
2024-03-26 20:00:00,186,186.0,114.36739157366114,164.03733806265402,245.08151171320674
2024-03-26 21:00:00,186,233.0,129.57921220862335,182.46096345295862,326.86572577844834
2024-03-26 22:00:00,186,199.0,148.45640955461343,209.32263558312437,319.7357598727898
2024-03-26 23:00:00,186,114.0,92.886077935342,125.59926547577693,233.19138371040228
2024-03-27 00:00:00,186,44.0,32.2088167444202,54.22137840751663,92.24782858343109
2024-03-27 01:00:00,186,29.0,18.359520223148753,26.75279997120848,39.088319523259266
2024-03-27 02:00:00,186,13.0,6.3719937114185825,14.515102600336352,27.46524098272897
2024-03-27 03:00:00,186,6.0,4.206084337913051,11.002697902942588,14.274112068239244
2024-03-27 04:00:00,186,10.0,2.4878180751073535,8.951919557383604,20.698633129641397
2024-03-27 05:00:00,186,64.0,5.544485042981137,35.99195483853874,57.07471895331366
2024-03-27 06:00:00,186,147.0,36.509841422684026,108.69603603177022,149.34812204272416
2024-03-27 07:00:00,186,239.0,79.06643370273738,177.31872528038505,229.3712093738918
2024-03-27 08:00:00,186,277.0,144.40077707003417,231.0980490157554,305.2324309976627
2024-03-27 09:00:00,186,275.0,201.30489541583435,271.21688064877986,309.16386080813953
2024-03-27 10:00:00,186,256.0,207.64039919350373,267.1912198200401,286.82243677361095
2024-03-27 11:00:00,186,221.0,175.0016781610633,218.71525710474612,260.0677935187355
2024-03-27 12:00:00,186,191.0,175.2886121619635,227.34351591503847,269.07529574270524
2024-03-27 13:00:00,186,224.0,158.09476827950894,198.25330787428666,232.8243585121832
2024-03-27 14:00:00,186,190.0,166.50817710556132,211.71050872972634,254.87232219295387
2024-03-27 15:00:00,186,184.0,155.46611747528073,193.6874726514188,223.89901676889727
2024-03-27 16:00:00,186,148.0,151.63555414523262,192.38089986638002,238.51261511393318
2024-03-27 17:00:00,186,254.0,162.21195683379028,229.88226231516393,276.94783650052455
2024-03-27 18:00:00,186,265.0,144.52757468356495,218.64025123541296,279.3872836833779
2024-03-27 19:00:00,186,224.0,159.85734063205388,210.43509255736433,281.7902867206779
2024-03-27 20:00:00,186,183.0,128.6315942470409,166.3067762354408,226.1259088987733
2024-03-27 21:00:00,186,150.0,150.2349215522034,203.2662285227185,317.7324368790297
2024-03-27 22:00:00,186,274.0,139.52326167445554,199.81704346511478,299.8356807841767
2024-03-27 23:00:00,186,171.0,71.28322082704481,105.35544389431944,188.2716135092725
2024-03-28 00:00:00,186,55.0,37.75983732031248,55.90969957105809,102.43238991124329
2024-03-28 01:00:00,186,37.0,24.766495925739452,35.42458981801185,54.16684069046316
2024-03-28 02:00:00,186,13.0,13.389006626420382,25.2523521908801,27.4945312703441
2024-03-28 03:00:00,186,7.0,5.673794024713929,11.858851030728514,16.9519217223235
2024-03-28 04:00:00,186,9.0,4.30127063863778,10.726060217374934,22.32867815551546
2024-03-28 05:00:00,186,68.0,7.175678905124141,40.03815679198448,71.65100504632406
2024-03-28 06:00:00,186,123.0,50.54761868839031,126.04146447367773,165.37788529026184
2024-03-28 07:00:00,186,173.0,93.815153043563,184.34924390887514,234.09490704691828
2024-03-28 08:00:00,186,269.0,143.81615824944313,234.98076376614307,305.63544309689604
2024-03-28 09:00:00,186,254.0,195.4045676898224,246.5621571653179,288.54171299278653
2024-03-28 10:00:00,186,214.0,199.7710007772499,243.22803016016996,282.1092219912053
2024-03-28 11:00:00,186,213.0,177.74874804460376,212.4353264941597,246.86034867977838
2024-03-28 12:00:00,186,228.0,175.424598608498,219.71755936670584,253.4330906647463
2024-03-28 13:00:00,186,212.0,167.22749578716918,211.78831371624617,250.3318283102922
2024-03-28 14:00:00,186,204.0,179.81845509018515,229.44801763352413,281.04768757106535
2024-03-28 15:00:00,186,212.0,164.43121493306242,208.3563435867905,234.18661697540892
2024-03-28 16:00:00,186,188.0,155.01212408594188,196.72035817928307,242.24102195133605
2024-03-28 17:00:00,186,240.0,153.66998192116029,221.2900820425698,259.37759448656
2024-03-28 18:00:00,186,260.0,177.14800434837255,241.94466148802616,313.3730638488237
2024-03-28 19:00:00,186,278.0,162.65764496936615,214.32637493372533,281.44384802668895
2024-03-28 20:00:00,186,223.0,155.61926050234055,212.0559007227656,251.19489509892927
2024-03-28 21:00:00,186,197.0,156.91279634244583,207.0196159659793,329.575926383776
2024-03-28 22:00:00,186,196.0,140.91964002692052,187.99780261597266,295.14000335277177
2024-03-28 23:00:00,186,201.0,103.02296055533202,141.83022551374498,224.85006726948072
2024-03-29 00:00:00,186,175.0,66.25582914265647,96.27014174371428,136.78730672620236
2024-03-29 01:00:00,186,104.0,37.27297271236823,61.13354326162908,76.11144223642945
2024-03-29 02:00:00,186,26.0,18.90401141652915,31.166372718651054,37.05008447517
2024-03-29 03:00:00,186,9.0,3.4720246168288913,12.535600193971478,25.238167700717558
2024-03-29 04:00:00,186,13.0,6.561765886855476,13.192839989716411,20.362541857987917
2024-03-29 05:00:00,186,46.0,6.825209032234758,36.6932546448265,71.64476204991848
2024-03-29 06:00:00,186,74.0,40.666501790533495,104.03647166705791,148.076029238862
2024-03-29 07:00:00,186,76.0,78.4999000557465,153.68996338504002,196.08075129996575
2024-03-29 08:00:00,186,108.0,106.1438335488884,170.04550726695308,231.66135769906225
2024-03-29 09:00:00,186,141.0,119.69657566006742,168.33990794505107,192.16245830910856
2024-03-29 10:00:00,186,211.0,135.85886170169996,175.6286693941378,212.60249126547635
2024-03-29 11:00:00,186,177.0,139.0312146620688,165.677303150657,201.22138600058108
2024-03-29 12:00:00,186,182.0,172.46038291998713,212.63851990014516,246.61213254282137
2024-03-29 13:00:00,186,210.0,165.1127592002191,199.66175155116113,238.39978550897638
2024-03-29 14:00:00,186,208.0,165.96297367953855,216.38692300865773,267.11452471975025
2024-03-29 15:00:00,186,181.0,169.93249522432433,211.02631793992717,244.5598948007994
2024-03-29 16:00:00,186,194.0,167.37584981612147,204.46549992056856,248.85617362311464
2024-03-29 17:00:00,186,230.0,145.8973754102927,206.87454178100754,252.74065631402988
2024-03-29 18:00:00,186,209.0,177.43617023886998,236.47825015919463,287.6011751147733
2024-03-29 19:00:00,186,222.0,177.70420606438316,224.22957816864462,276.9921763877861
2024-03-29 20:00:00,186,179.0,176.91200575704167,200.80910352327473,238.68015543685814
2024-03-29 21:00:00,186,125.0,143.7697205287353,174.288677909511,267.2939061666516
2024-03-29 22:00:00,186,136.0,117.97711716223012,171.3178082008059,253.24743375406413
2024-03-29 23:00:00,186,152.0,73.42555641818359,126.15060767299416,200.08044507914371
2024-03-30 00:00:00,186,163.0,95.26426553062261,167.247558053545,236.34203025856374
2024-03-30 01:00:00,186,58.0,73.56799574264994,122.78867084490938,159.5932766684607
2024-03-30 02:00:00,186,31.0,39.33282538997096,78.55777196141004,113.30773599868358
2024-03-30 03:00:00,186,43.0,17.650035771322052,32.58258991308108,37.9306336443886
2024-03-30 04:00:00,186,29.0,8.908694863865628,20.170633324635155,24.94683006482245
2024-03-30 05:00:00,186,20.0,8.70778617072901,17.126936551982457,50.7658008404731
2024-03-30 06:00:00,186,39.0,23.0518012348771,44.53682156239231,51.45651983392444
2024-03-30 07:00:00,186,26.0,51.007225210925974,87.77080057051433,137.222653973713
2024-03-30 08:00:00,186,79.0,50.15843707178096,81.03643298973105,104.84425610340526
2024-03-30 09:00:00,186,125.0,61.80489403630041,105.39362960028531,146.25158030846546
2024-03-30 10:00:00,186,167.0,103.40167998777933,163.00469221660396,208.0861348481276
2024-03-30 11:00:00,186,233.0,134.53520106666667,179.8719653564223,244.43263087935193
2024-03-30 12:00:00,186,183.0,149.65134103209152,207.77845107049595,280.8916069824662
2024-03-30 13:00:00,186,228.0,166.32094050053004,219.00750341663357,293.68775752923926
2024-03-30 14:00:00,186,161.0,181.1194919336836,223.64777329553442,281.05863890882523
2024-03-30 15:00:00,186,146.0,189.11248354610777,229.06997987339446,269.07926428019783
2024-03-30 16:00:00,186,165.0,173.74837327864026,215.37454072908753,276.2805332222768
2024-03-30 17:00:00,186,174.0,143.7508361601121,209.25486881513052,253.97858439906398
2024-03-30 18:00:00,186,181.0,159.6753101091235,218.66150758719724,267.44926482825844
2024-03-30 19:00:00,186,141.0,131.0726125911599,179.70167028234414,237.72788873289662
2024-03-30 20:00:00,186,153.0,125.43196730181988,154.6542104337642,213.95274730613562
2024-03-30 21:00:00,186,98.0,99.75448014391478,132.15245877719636,227.54432855788622
2024-03-30 22:00:00,186,111.0,100.6148876241126,157.51426428972144,249.73724388741954
2024-03-30 23:00:00,186,138.0,68.90649477276952,133.80943077796374,216.54529918590663
2024-03-31 00:00:00,186,184.0,90.22110666431082,141.40643054231836,207.69799919814918
2024-03-31 01:00:00,186,99.0,81.36568268966344,117.46565281219969,161.895394161612
2024-03-31 02:00:00,186,40.0,38.98772514114032,63.472206570797745,81.64913362044257
2024-03-31 03:00:00,186,53.0,12.438232536237411,30.134467103335627,38.025637037599246
2024-03-31 04:00:00,186,14.0,12.633435159295367,25.233968242207695,35.80436217936358
2024-03-31 05:00:00,186,13.0,9.505928792791877,18.29979085750708,49.37537098888432
2024-03-31 06:00:00,186,17.0,15.889345911271732,29.596313628274068,37.35914568690262
2024-03-31 07:00:00,186,31.0,25.021674210099007,46.08460390396195,57.523126575362575
2024-03-31 08:00:00,186,39.0,31.530979729422423,45.100022909969915,65.37532832547808
2024-03-31 09:00:00,186,87.0,51.96587679181153,93.95142025368739,128.1706775759263
2024-03-31 10:00:00,186,157.0,68.67092873292937,112.08971580892656,153.54736113222032
2024-03-31 11:00:00,186,163.0,107.46591947157064,149.45516270577605,201.21379289047158
2024-03-31 12:00:00,186,158.0,141.40132354723204,187.23748381494673,230.8394808694638
2024-03-31 13:00:00,186,201.0,147.25893319668907,185.34583367884395,232.07971269153504
2024-03-31 14:00:00,186,198.0,152.5795374948066,186.69677690061167,239.24622850130544
2024-03-31 15:00:00,186,127.0,162.3296651899282,195.66203123338508,242.942080004874
2024-03-31 16:00:00,186,198.0,141.9776306877463,177.49079586006695,225.6042231332547
2024-03-31 17:00:00,186,282.0,127.90157566314988,166.34565521646815,202.71447493702664
2024-03-31 18:00:00,186,221.0,158.84377638490466,202.25119917356807,255.69320845406992
2024-03-31 19:00:00,186,299.0,133.96372278529688,158.69875271690643,233.59666695463895
2024-03-31 20:00:00,186,376.0,131.76180134242998,156.8243074911696,218.60715825556073
2024-03-31 21:00:00,186,375.0,151.7099018673339,183.61894246698654,262.9420069946059
2024-03-31 22:00:00,186,349.0,130.1353028526254,172.23295790912334,240.9256488576331
2024-03-31 23:00:00,186,145.0,62.092757262590474,102.54559165720632,169.50708995757915
2024-03-18 00:00:00,230,36.0,27.64005379211738,50.46089923708664,83.48191220646959
2024-03-18 01:00:00,230,35.0,11.950324370199183,23.828249577003245,34.41197787641809
2024-03-18 02:00:00,230,23.0,2.488144326886883,12.186362772273508,22.3807221633918
2024-03-18 03:00:00,230,29.0,2.277773873250862,13.74924040874623,19.192949553060327
2024-03-18 04:00:00,230,32.0,3.598853136739717,12.268638521040579,17.90981509870528
2024-03-18 05:00:00,230,30.0,7.761413541156971,18.75348979956623,29.214258728912114
2024-03-18 06:00:00,230,36.0,27.011055135783224,44.7567916625947,66.60682566848457
2024-03-18 07:00:00,230,60.0,30.461921300919297,58.30873231604003,86.43619095675487
2024-03-18 08:00:00,230,94.0,58.60445948137917,103.69601676387919,138.25139888341434
2024-03-18 09:00:00,230,145.0,72.060043686725,117.1524068233591,148.57332353401625
2024-03-18 10:00:00,230,165.0,90.4126195638787,131.42090309908625,166.2502593762582
2024-03-18 11:00:00,230,179.0,112.96786418853154,152.1394286143399,189.60003553000158
2024-03-18 12:00:00,230,160.0,127.09351038532849,166.17781742393618,202.65003263104475
2024-03-18 13:00:00,230,169.0,130.46345593339458,173.08157110050556,212.12815602495806
2024-03-18 14:00:00,230,150.0,118.81780756033386,159.5424068032973,200.45597977286292
2024-03-18 15:00:00,230,183.0,150.04027327767827,178.40916445086197,207.79321591898974
2024-03-18 16:00:00,230,207.0,137.73720754453504,183.59879440388602,231.79469805410542
2024-03-18 17:00:00,230,295.0,151.1084532976363,216.2428071324305,258.29618926406505
2024-03-18 18:00:00,230,292.0,199.4865644354355,268.54382232586954,326.6036522152324
2024-03-18 19:00:00,230,253.0,177.26676880865995,269.3588787771085,336.9626171850504
2024-03-18 20:00:00,230,284.0,146.61887172305137,228.80759638990173,284.54614216139345
2024-03-18 21:00:00,230,380.0,136.64892795683764,257.74912568943984,359.2182856916462
2024-03-18 22:00:00,230,263.0,171.50729691844072,263.8445969368859,357.3188543705513
2024-03-18 23:00:00,230,126.0,81.24061625059537,115.39414060427141,161.38792908131532
2024-03-19 00:00:00,230,57.0,29.60274777875661,39.88722647718086,82.38934863430957
2024-03-19 01:00:00,230,33.0,14.524860973355798,26.360950370019733,37.24313222481757
2024-03-19 02:00:00,230,16.0,11.489505524958808,21.972842103549464,32.45239547234724
2024-03-19 03:00:00,230,11.0,6.761523812442598,15.072660463719233,22.00671616197779
2024-03-19 04:00:00,230,17.0,5.561483644681196,15.703893125101434,26.92191779000331
2024-03-19 05:00:00,230,15.0,8.204335738388814,18.36204563535408,29.978600452510896
2024-03-19 06:00:00,230,33.0,18.24722505242762,29.1226169865707,39.1688172767621
2024-03-19 07:00:00,230,74.0,31.650117146368654,64.3389970148806,88.20050973798317
2024-03-19 08:00:00,230,112.0,57.472914342980665,110.76772848090431,145.43194702525338
2024-03-19 09:00:00,230,141.0,79.98700486277426,130.72200205354847,180.27628537935374
2024-03-19 10:00:00,230,162.0,119.1325987820362,157.89574141055178,200.47585455271573
2024-03-19 11:00:00,230,181.0,132.72530059642472,172.89552163024328,209.33287057301536
2024-03-19 12:00:00,230,181.0,143.84555982777104,185.71255664778892,219.8977117748422
2024-03-19 13:00:00,230,194.0,148.48233850844537,191.74310343967556,229.43858090409287
2024-03-19 14:00:00,230,192.0,157.75281863006336,211.96395425840416,261.27928180455757
2024-03-19 15:00:00,230,219.0,158.50589472718815,208.4624801733541,252.88849636054377
2024-03-19 16:00:00,230,235.0,153.3409961981116,214.19754351982692,289.7623843489044
2024-03-19 17:00:00,230,324.0,179.96639531197405,263.2044946183444,324.6442620844234
2024-03-19 18:00:00,230,399.0,216.58488172498704,324.1605721952603,386.52512649882414
2024-03-19 19:00:00,230,349.0,201.4693550173386,289.31901013770783,362.70066585022
2024-03-19 20:00:00,230,375.0,192.20158900196012,287.682651204142,384.7039650102801
2024-03-19 21:00:00,230,383.0,206.22106033630283,354.29929290119594,470.1494555773379
2024-03-19 22:00:00,230,393.0,205.43393285062777,349.3960672435258,443.0067235636971
2024-03-19 23:00:00,230,261.0,141.54568774484744,216.26687416678536,318.8389069406805
2024-03-20 00:00:00,230,101.0,61.510592306643204,77.57842365185387,133.21305034824252
2024-03-20 01:00:00,230,53.0,25.757984814798814,37.57794329473859,58.51038277007586
2024-03-20 02:00:00,230,21.0,7.655377651264584,19.243430096306692,26.76964227625435
2024-03-20 03:00:00,230,15.0,6.9510204163437495,15.119397377208344,24.47025445274118
2024-03-20 04:00:00,230,21.0,8.384650715540067,19.90053299773507,30.070864325412526
2024-03-20 05:00:00,230,31.0,9.592738583054766,22.97564776431724,35.554128525752894
2024-03-20 06:00:00,230,43.0,25.234188428125492,46.158685222672,72.95964062250599
2024-03-20 07:00:00,230,101.0,42.88317166055813,93.9359224348455,116.69589826502516
2024-03-20 08:00:00,230,140.0,65.63628544951679,123.08629652927881,151.27132479479374
2024-03-20 09:00:00,230,183.0,103.00073945159045,151.70706127087433,181.81653499543722
2024-03-20 10:00:00,230,156.0,130.92148811259352,170.1971436291906,206.91972757951532
2024-03-20 11:00:00,230,201.0,155.02119759446003,196.63441472028777,236.97270351823997
2024-03-20 12:00:00,230,180.0,148.9045775146536,186.8196210631992,220.67384050376148
2024-03-20 13:00:00,230,222.0,164.72790252577147,204.41512006489583,254.02937603547244
2024-03-20 14:00:00,230,270.0,165.64788718987586,225.6655941052545,276.3019073193084
2024-03-20 15:00:00,230,280.0,167.668187210435,216.84971106707258,247.70282283139667
2024-03-20 16:00:00,230,378.0,193.69344102284165,288.47169119952787,383.84173173033054
2024-03-20 17:00:00,230,405.0,218.13908961847326,321.97763921730717,392.94593181808295
2024-03-20 18:00:00,230,391.0,244.98015073304518,389.99679866176206,478.8900539182341
2024-03-20 19:00:00,230,378.0,219.4620545364119,330.8047201922351,401.43728953478154
2024-03-20 20:00:00,230,420.0,199.95058852991383,309.1979231833153,366.7777893750477
2024-03-20 21:00:00,230,478.0,216.19177676932662,388.77504766168386,473.2712992811695
2024-03-20 22:00:00,230,613.0,208.34355627715016,368.5731556583917,444.7866656618368
2024-03-20 23:00:00,230,303.0,157.6077801142995,280.3048080013861,369.20143817406756
2024-03-21 00:00:00,230,107.0,101.34165410287848,146.07931486566827,206.29405871590612
2024-03-21 01:00:00,230,58.0,33.67663010093496,52.31203935661152,81.35206811936987
2024-03-21 02:00:00,230,28.0,15.4963347207748,28.534901534244906,37.618042286107496
2024-03-21 03:00:00,230,12.0,7.166897275183332,15.468519574727955,25.188445475246287
2024-03-21 04:00:00,230,18.0,6.768203268442319,21.10467332688267,33.45742234791605
2024-03-21 05:00:00,230,27.0,11.196211456592659,22.848684721004723,35.5717162728033
2024-03-21 06:00:00,230,43.0,25.05741925511789,46.763462521032984,71.38645380162032
2024-03-21 07:00:00,230,97.0,39.08702588520463,82.39156173283921,104.34717854012112
2024-03-21 08:00:00,230,139.0,85.0959966963572,144.03429746210145,175.21676259225677
2024-03-21 09:00:00,230,211.0,117.46637477125154,160.51245128836717,189.73498028245484
2024-03-21 10:00:00,230,182.0,138.50271959332002,180.20299090446466,228.1440393224426
2024-03-21 11:00:00,230,201.0,170.2273129901312,212.27922985846521,242.90142788951027
2024-03-21 12:00:00,230,231.0,164.66300296296444,221.3450391875062,249.29582518870237
2024-03-21 13:00:00,230,205.0,161.44851288705937,206.73188911662461,247.16708557449076
2024-03-21 14:00:00,230,198.0,191.92179798299298,271.2571968641244,342.4996307980046
2024-03-21 15:00:00,230,235.0,183.64200028872153,239.39222457099604,289.1515997644412
2024-03-21 16:00:00,230,251.0,176.8020789114669,247.81934668961637,324.0166044003855
2024-03-21 17:00:00,230,322.0,198.958514798891,320.751767294865,393.5025905364154
2024-03-21 18:00:00,230,362.0,222.56995577022906,358.2879068239683,424.77494176843595
2024-03-21 19:00:00,230,322.0,219.12385698798627,342.7614285945833,384.5442665704609
2024-03-21 20:00:00,230,460.0,199.15011590507464,320.3185763945637,358.84438551759837
2024-03-21 21:00:00,230,458.0,220.02829160756102,400.93136988742305,461.637011878768
2024-03-21 22:00:00,230,490.0,204.17058473239706,345.1568949650202,424.1214930393297
2024-03-21 23:00:00,230,301.0,148.90118906544436,232.950942585106,325.58803029440423
2024-03-22 00:00:00,230,129.0,133.92808368620518,189.23550851965183,265.5965294390674
2024-03-22 01:00:00,230,56.0,54.205322652528686,72.0158274612811,103.08216730181206
2024-03-22 02:00:00,230,34.0,27.831725585975814,40.78025161261277,48.17464185652324
2024-03-22 03:00:00,230,19.0,19.726999238588384,33.55978566854621,37.846835729978196
2024-03-22 04:00:00,230,21.0,11.755509805018061,23.724563422337468,36.91566018588807
2024-03-22 05:00:00,230,26.0,14.186856122871697,19.581743011526807,40.60348329075158
2024-03-22 06:00:00,230,37.0,30.204708760866467,59.70879001176621,84.49285128122361
2024-03-22 07:00:00,230,67.0,45.77470492217198,84.99807471102447,122.9026842853553
2024-03-22 08:00:00,230,109.0,83.98372969806688,123.22937872684646,162.35916915925668
2024-03-22 09:00:00,230,134.0,117.07540255707744,146.3816948731622,172.56109162201946
2024-03-22 10:00:00,230,173.0,143.709147997779,178.27055481037166,222.7675582694845
2024-03-22 11:00:00,230,188.0,144.60559786002148,177.76409549219497,219.1518179511622
2024-03-22 12:00:00,230,191.0,158.33607819215365,198.51837276382713,225.18864352105672
2024-03-22 13:00:00,230,165.0,171.54664041803838,198.3980347799309,243.98652797839304
2024-03-22 14:00:00,230,171.0,166.59564722553876,209.86475518249966,247.93036530846825
2024-03-22 15:00:00,230,167.0,156.63158765803522,200.28741920941758,247.48540444175325
2024-03-22 16:00:00,230,202.0,173.9378382463562,216.7711096567404,283.92369735189465
2024-03-22 17:00:00,230,281.0,168.1518310326239,230.48059308264303,263.410766153849
2024-03-22 18:00:00,230,235.0,193.65847339878383,291.02905214852115,339.5621641822345
2024-03-22 19:00:00,230,245.0,200.94943570675701,303.62309338560215,351.26257686368854
2024-03-22 20:00:00,230,194.0,161.32971729241848,230.7260509705093,261.68364936129285
2024-03-22 21:00:00,230,345.0,169.43904894986497,294.2124395286791,397.03078852796455
2024-03-22 22:00:00,230,514.0,171.3024641561843,290.9108487271585,425.75753066905145
2024-03-22 23:00:00,230,280.0,162.93994584035826,289.156555022205,367.4580984265541
2024-03-23 00:00:00,230,212.0,137.82743968872228,214.31149660675035,298.58814896299214
2024-03-23 01:00:00,230,82.0,77.39549738182377,121.73736339060791,167.70785929746077
2024-03-23 02:00:00,230,66.0,63.59705248590813,82.09543926296317,96.77097455885982
2024-03-23 03:00:00,230,31.0,36.62888403945003,55.68698349467008,61.589052184928605
2024-03-23 04:00:00,230,47.0,17.69047204567961,32.512307880342206,54.00187960030452
2024-03-23 05:00:00,230,19.0,14.049484086010686,18.47170853932382,34.12860301863043
2024-03-23 06:00:00,230,31.0,26.27549721309811,48.80416691554478,72.07417870897207
2024-03-23 07:00:00,230,46.0,43.33744393538974,64.99324635761805,116.46878516138737
2024-03-23 08:00:00,230,60.0,68.39320668046318,102.4095463073595,142.08540593861102
2024-03-23 09:00:00,230,151.0,103.71681059570876,147.09460245399316,182.81974237392424
2024-03-23 10:00:00,230,224.0,122.41367506990197,165.79669348397417,219.05151543437825
2024-03-23 11:00:00,230,258.0,149.27578674401988,196.7714431398109,256.87211810278615
2024-03-23 12:00:00,230,247.0,167.9115445297353,220.88453984426886,281.7386051597348
2024-03-23 13:00:00,230,237.0,176.3426102996446,235.84098967653946,307.9912878748171
2024-03-23 14:00:00,230,236.0,176.675502115566,235.0411121474031,292.7201131134817
2024-03-23 15:00:00,230,211.0,166.34560302955862,216.37162349544317,259.8611149434533
2024-03-23 16:00:00,230,401.0,165.34285035929952,235.6515438513621,324.11254319798695
2024-03-23 17:00:00,230,303.0,179.00299272447543,247.8505263960288,309.82127717645733
2024-03-23 18:00:00,230,245.0,210.3147012121342,317.99488786981004,383.4076735534566
2024-03-23 19:00:00,230,208.0,175.40957208694496,253.56439012979607,309.8060175075833
2024-03-23 20:00:00,230,170.0,154.94587713354642,206.77018240288174,254.3547120715066
2024-03-23 21:00:00,230,234.0,149.39983733067785,247.93074647557225,345.9802936636956
2024-03-23 22:00:00,230,535.0,153.87185083192887,285.6718216061092,424.0683685698865
2024-03-23 23:00:00,230,311.0,165.53185175773982,290.2841579136612,400.07686740604987
2024-03-24 00:00:00,230,170.0,130.30750734071282,234.50449734722648,306.993739697216
2024-03-24 01:00:00,230,140.0,97.35500451474006,193.22547548373134,245.57393568413192
2024-03-24 02:00:00,230,87.0,54.364170942819754,74.58313348780312,100.34940370225914
2024-03-24 03:00:00,230,62.0,42.19229156320301,65.14923481572224,88.43017633968162
2024-03-24 04:00:00,230,62.0,20.552180099257658,36.68847352228605,57.20728225261712
2024-03-24 05:00:00,230,32.0,22.895791423945543,30.890423000555803,43.90007674832076
2024-03-24 06:00:00,230,42.0,28.66948919944522,55.993659231290344,110.55687270188764
2024-03-24 07:00:00,230,52.0,36.550821773941706,66.15150306575113,90.18321553963052
2024-03-24 08:00:00,230,76.0,47.02017176927981,79.28235429400898,113.6861307557605
2024-03-24 09:00:00,230,151.0,66.36553007594907,110.94416441932927,150.7601408359731
2024-03-24 10:00:00,230,183.0,89.60093697230046,123.67011322872808,170.55352504942266
2024-03-24 11:00:00,230,195.0,111.85897958933877,123.98938249299796,191.79474233325814
2024-03-24 12:00:00,230,210.0,144.7267663036412,172.9644950830776,212.9922595579354
2024-03-24 13:00:00,230,144.0,144.4830248486757,168.39893223623213,226.47739215539065
2024-03-24 14:00:00,230,161.0,138.36061699268402,142.3447535735981,219.23758856489474
2024-03-24 15:00:00,230,180.0,143.39396624027384,170.69029673658298,212.22375986507444
2024-03-24 16:00:00,230,194.0,149.399237006654,193.53211876053737,268.16513414416397
2024-03-24 17:00:00,230,283.0,170.46229718961922,227.96007223834653,271.85764000623146
2024-03-24 18:00:00,230,219.0,183.1956817114942,242.35294031722677,304.78232570370557
2024-03-24 19:00:00,230,190.0,151.75405688384157,192.19005935197092,246.16772439602155
2024-03-24 20:00:00,230,164.0,111.50200848134757,135.44400693929185,182.06159662376874
2024-03-24 21:00:00,230,174.0,120.05364295161071,172.27899538836,253.9556410784942
2024-03-24 22:00:00,230,119.0,103.34668769833372,166.93419871268878,256.7292819968029
2024-03-24 23:00:00,230,50.0,50.89270235854684,64.46611760027612,149.19150968166466
2024-03-25 00:00:00,230,41.0,30.427277631652355,46.88523988376982,90.73371288472073
2024-03-25 01:00:00,230,16.0,4.062035109143533,17.65061705421858,34.46780430227229
2024-03-25 02:00:00,230,14.0,7.164598653570145,18.3185587142581,37.20103487399806
2024-03-25 03:00:00,230,15.0,4.607111595074565,14.391461159556396,23.760391076427553
2024-03-25 04:00:00,230,20.0,10.66787935536363,21.515276058391056,35.303909989877226
2024-03-25 05:00:00,230,27.0,11.039319569591491,22.22833347197889,39.87061966354231
2024-03-25 06:00:00,230,29.0,25.486433467329135,47.80749334513827,72.47393172898425
2024-03-25 07:00:00,230,57.0,34.69875279341609,75.64223269556682,110.32298496631203
2024-03-25 08:00:00,230,103.0,54.06086954937184,91.61084339604818,140.53263026007997
2024-03-25 09:00:00,230,137.0,74.61009390400305,123.09875719814974,159.89009564496504
2024-03-25 10:00:00,230,153.0,112.30744413076567,149.05777861424923,181.36478191533092
2024-03-25 11:00:00,230,159.0,135.25507566744528,174.29617405277324,204.600862400839
2024-03-25 12:00:00,230,161.0,140.89206687366158,180.6067112005822,219.35755922113688
2024-03-25 13:00:00,230,142.0,148.95319943645765,179.53287260440214,219.2293961400591
2024-03-25 14:00:00,230,136.0,136.5017997859766,173.82319473501838,217.57763800760316
2024-03-25 15:00:00,230,157.0,131.62622394306962,159.08617445621567,199.18667017633553
2024-03-25 16:00:00,230,158.0,134.5640512307353,177.8223850229735,234.7160203162992
2024-03-25 17:00:00,230,230.0,146.71412189535926,209.9385957688307,259.0998684214977
2024-03-25 18:00:00,230,253.0,190.54004669682666,259.2231503515273,327.6704827493884
2024-03-25 19:00:00,230,203.0,174.88058115027886,253.58373519995556,305.4837643130389
2024-03-25 20:00:00,230,236.0,141.49474732375782,238.3948890387469,281.2501747179336
2024-03-25 21:00:00,230,323.0,162.96761718398164,272.9325447771932,360.7993713018421
2024-03-25 22:00:00,230,318.0,173.28016343371516,281.1525104911796,363.61521883328913
2024-03-25 23:00:00,230,119.0,90.6594298108779,149.04832006362312,232.5821466333976
2024-03-26 00:00:00,230,61.0,41.53845786699324,53.53397735684072,81.20195740190091
2024-03-26 01:00:00,230,21.0,17.615024245839102,28.36195067062706,37.356455208869434
2024-03-26 02:00:00,230,17.0,11.168922050283484,16.753617467829585,25.526879954446493
2024-03-26 03:00:00,230,10.0,4.892162594020537,12.180173936426133,18.609172564048517
2024-03-26 04:00:00,230,7.0,5.942414486422433,13.710048370318855,21.993396634138364
2024-03-26 05:00:00,230,9.0,9.494732614579261,18.463587228131253,27.849402764410847
2024-03-26 06:00:00,230,27.0,20.53607061382452,34.527259503405055,48.48491515043256
2024-03-26 07:00:00,230,66.0,32.18838091170942,64.53656876262974,79.22233436305953
2024-03-26 08:00:00,230,95.0,64.52301381833247,116.60569865281356,159.06428852412202
2024-03-26 09:00:00,230,148.0,87.1369332617938,135.39961817666892,180.2391464314594
2024-03-26 10:00:00,230,167.0,108.47822193108632,147.5753921355982,190.80220654558144
2024-03-26 11:00:00,230,170.0,132.02674274027592,175.8309194046968,217.36637259738256
2024-03-26 12:00:00,230,169.0,144.55493930783797,184.56413599611835,235.11190798236638
2024-03-26 13:00:00,230,148.0,151.12051119541627,183.30515056480937,238.06661370762495
2024-03-26 14:00:00,230,161.0,150.1730442309815,190.44132467726433,243.1966883561814
2024-03-26 15:00:00,230,181.0,132.2332052729976,175.82982376069458,224.33940720032462
2024-03-26 16:00:00,230,202.0,150.95762771410276,207.22235891011343,294.10588877510844
2024-03-26 17:00:00,230,268.0,161.63204929070764,240.84423097154345,319.31340845605047
2024-03-26 18:00:00,230,325.0,205.22136435480434,304.2154460235605,370.30231534178563
2024-03-26 19:00:00,230,267.0,203.5794650287366,314.3315237477157,368.40826769196207
2024-03-26 20:00:00,230,387.0,192.1914958632911,282.81896698886254,350.64752690629615
2024-03-26 21:00:00,230,384.0,204.56238763184413,370.72796877688353,435.96290737314143
2024-03-26 22:00:00,230,420.0,205.82374508851706,354.6312844522012,433.9151984077251
2024-03-26 23:00:00,230,254.0,155.6488921116148,271.05680986032377,352.9557929893092
2024-03-27 00:00:00,230,92.0,80.09174401619403,126.44845143963292,217.7493866309693
2024-03-27 01:00:00,230,30.0,28.702895279189914,44.834154153844096,74.80551566815774
2024-03-27 02:00:00,230,20.0,15.521515576608014,25.05344374018327,37.69297148187161
2024-03-27 03:00:00,230,7.0,6.737989719656303,14.362849427395174,22.237859653395336
2024-03-27 04:00:00,230,22.0,7.079618397437888,18.44822298382069,29.29588179437429
2024-03-27 05:00:00,230,27.0,10.488265510149404,19.133388392846562,30.465245547537187
2024-03-27 06:00:00,230,36.0,23.11098941596036,41.00595252331286,69.90484676346682
2024-03-27 07:00:00,230,78.0,39.76523182569167,86.43339299855595,111.98159834523985
2024-03-27 08:00:00,230,105.0,79.35492497968188,134.78829793753175,179.7505190530961
2024-03-27 09:00:00,230,164.0,106.43991393108689,151.17503327749168,186.67941438621833
2024-03-27 10:00:00,230,180.0,123.09603144549789,166.1301755131383,202.76960548365454
2024-03-27 11:00:00,230,211.0,145.57453564044306,179.41001147709935,219.10229120996257
2024-03-27 12:00:00,230,213.0,163.31383047989465,208.95087350302455,249.3514893730847
2024-03-27 13:00:00,230,182.0,166.63170990284632,205.84250032104978,256.65214162063387
2024-03-27 14:00:00,230,228.0,172.13909752241955,227.76473039213494,286.99332198011723
2024-03-27 15:00:00,230,221.0,183.49185869006322,236.19806118408422,300.11802450296653
2024-03-27 16:00:00,230,328.0,194.91885138783638,278.04186708838216,370.57541519902935
2024-03-27 17:00:00,230,394.0,217.25765535947033,339.0793524842906,381.3223936535053
2024-03-27 18:00:00,230,395.0,244.98015073304518,390.82824000006593,449.28226316791273
2024-03-27 19:00:00,230,333.0,219.4620545364119,332.35435788005077,393.91774537433173
2024-03-27 20:00:00,230,345.0,211.64866899948885,364.13617753087357,388.3856796982508
2024-03-27 21:00:00,230,387.0,220.8287642324002,408.0689799929141,476.22322613452735
2024-03-27 22:00:00,230,536.0,208.34355627715016,408.69854349915744,483.5700594022557
2024-03-27 23:00:00,230,253.0,157.6077801142995,409.5020026079761,479.75129183753575
2024-03-28 00:00:00,230,109.0,132.36740543771367,210.30857738226956,300.64822420796304
2024-03-28 01:00:00,230,54.0,36.10334707139549,54.13200713349284,75.58454598194523
2024-03-28 02:00:00,230,16.0,18.156557434387175,29.017607061732402,35.34868682457765
2024-03-28 03:00:00,230,11.0,9.794240626974718,19.44404716903092,28.837009484991253
2024-03-28 04:00:00,230,21.0,5.906486376786861,14.240809892966208,26.896421645990493
2024-03-28 05:00:00,230,21.0,11.385131217801579,22.452402426251773,33.6423634115111
2024-03-28 06:00:00,230,43.0,25.71813081263074,48.607108249012775,66.9580846623086
2024-03-28 07:00:00,230,72.0,40.541979852147676,85.20237333904124,96.97322928402573
2024-03-28 08:00:00,230,93.0,81.27278046632891,139.4099768198284,165.29633826633764
2024-03-28 09:00:00,230,157.0,105.31902131786538,152.11981713952883,178.35213624547364
2024-03-28 10:00:00,230,212.0,131.89335395417538,167.8281693982322,218.95517752604002
2024-03-28 11:00:00,230,188.0,146.93886940002977,185.70302792883723,215.57791177511203
2024-03-28 12:00:00,230,187.0,182.0194431905002,226.9170447963671,256.2755553340717
2024-03-28 13:00:00,230,136.0,177.54798738778592,224.49597303419023,287.2761753858822
2024-03-28 14:00:00,230,158.0,166.12294173393164,221.42012220018506,263.58179225046007
2024-03-28 15:00:00,230,180.0,156.50163815366614,194.0302351507841,232.1577654531723
2024-03-28 16:00:00,230,222.0,168.1505381124441,233.45638509090108,319.836724916268
2024-03-28 17:00:00,230,168.0,188.3252153568556,299.09602234411193,362.8464455648758
2024-03-28 18:00:00,230,204.0,222.56995577022906,338.09493145054626,396.1898072962178
2024-03-28 19:00:00,230,227.0,195.43657064773546,275.06145259896743,330.8052426288188
2024-03-28 20:00:00,230,194.0,184.3400557438002,259.52977879012496,306.54588574934854
2024-03-28 21:00:00,230,302.0,206.7657242884599,398.4662169475606,466.3932801675644
2024-03-28 22:00:00,230,284.0,191.31618949926434,363.8820896222905,442.51993319787255
2024-03-28 23:00:00,230,410.0,163.49119933286684,320.767188360092,418.72726670335055
2024-03-29 00:00:00,230,212.0,136.987796374108,196.24140788731506,276.51669974495326
2024-03-29 01:00:00,230,72.0,53.4372109332913,81.44524568838926,108.69351675523434
2024-03-29 02:00:00,230,43.0,30.78971166186194,32.90901577597568,47.29035382426108
2024-03-29 03:00:00,230,25.0,12.434484037337246,20.497067449176225,33.26558460373583
2024-03-29 04:00:00,230,20.0,8.92989410375262,20.108462081299955,31.12069708871122
2024-03-29 05:00:00,230,30.0,11.389021325872267,20.360625533129202,31.50670003339655
2024-03-29 06:00:00,230,31.0,24.568670141855428,38.18280426390448,53.93676472467947
2024-03-29 07:00:00,230,43.0,40.020540201731386,75.86462113700365,88.37148571246657
2024-03-29 08:00:00,230,90.0,68.08050037068101,105.52906451499561,137.96817397288942
2024-03-29 09:00:00,230,146.0,93.72413178757351,124.66249031877707,153.01186101830268
2024-03-29 10:00:00,230,114.0,117.22517314222311,146.65453325374472,176.4713472151645
2024-03-29 11:00:00,230,109.0,146.22757189401335,174.4116297592279,206.06260176524367
2024-03-29 12:00:00,230,151.0,137.88830757850556,167.68289288395624,199.06539016247802
2024-03-29 13:00:00,230,148.0,136.60947286378084,166.06410297978485,203.0387803949938
2024-03-29 14:00:00,230,163.0,133.33098066303572,173.23196810868504,215.0793011988949
2024-03-29 15:00:00,230,204.0,139.03676170785965,176.05321379684904,204.36629187239933
2024-03-29 16:00:00,230,198.0,144.20958694098354,192.48071901832452,246.98926399119506
2024-03-29 17:00:00,230,222.0,177.16749264232777,231.4191494866911,274.59930954267935
2024-03-29 18:00:00,230,255.0,186.14730088613652,262.0565365814939,321.0131947032933
2024-03-29 19:00:00,230,236.0,153.63805035195693,216.22711020336143,250.98923887267523
2024-03-29 20:00:00,230,197.0,152.21952348362998,220.36024309901353,249.38396229530343
2024-03-29 21:00:00,230,349.0,143.28179433901232,253.50475792252126,317.0747509336855
2024-03-29 22:00:00,230,568.0,187.70645519588558,302.5389983046251,398.05799129704724
2024-03-29 23:00:00,230,341.0,163.32975807824755,323.7308680886777,415.13852863874934
2024-03-30 00:00:00,230,207.0,133.68123444387015,208.6711693455017,292.66426724066105
2024-03-30 01:00:00,230,116.0,96.97415143926177,155.8613393524786,221.29136396015235
2024-03-30 02:00:00,230,50.0,37.375285151842625,55.07277980624751,75.27979252405392
2024-03-30 03:00:00,230,34.0,29.933210562348123,50.34796712456592,50.56503509288365
2024-03-30 04:00:00,230,66.0,13.6288020047285,28.785359460829643,42.56156827125937
2024-03-30 05:00:00,230,22.0,16.055778700121788,20.099144624587325,39.68877147386362
2024-03-30 06:00:00,230,44.0,22.694375141426868,29.97310078540635,39.703066898477864
2024-03-30 07:00:00,230,35.0,33.92838337047609,47.95336225223642,65.42421208133732
2024-03-30 08:00:00,230,91.0,51.20238096348223,79.41503700453208,112.27495077096822
2024-03-30 09:00:00,230,107.0,69.44797930566259,99.06286212594954,132.6932272702743
2024-03-30 10:00:00,230,200.0,120.58757461405764,169.6562879742723,203.90061951359056
2024-03-30 11:00:00,230,196.0,128.13422758926558,175.1386846473291,224.11811802784865
2024-03-30 12:00:00,230,163.0,157.38444565095523,225.5594424518114,302.82991450016124
2024-03-30 13:00:00,230,156.0,168.60847905532611,230.48282227262985,305.9698442883788
2024-03-30 14:00:00,230,149.0,154.98522750294984,200.1352394607801,271.6896475091494
2024-03-30 15:00:00,230,169.0,156.4665968699068,198.75762334617778,261.360923897971
2024-03-30 16:00:00,230,272.0,151.3961871383733,211.4260707417981,319.5990264160407
2024-03-30 17:00:00,230,208.0,204.32681314431164,294.96328729062037,341.2498472886666
2024-03-30 18:00:00,230,182.0,215.10012770112175,312.82648753290266,368.9855635424259
2024-03-30 19:00:00,230,178.0,166.234895433556,246.75029670544492,284.2059387019295
2024-03-30 20:00:00,230,185.0,144.55804345910852,188.25896930978288,232.87035801188114
2024-03-30 21:00:00,230,229.0,132.30896526803386,221.713504945849,310.21678211192034
2024-03-30 22:00:00,230,454.0,150.88062314510768,267.2716626585438,420.219024317144
2024-03-30 23:00:00,230,293.0,163.85009951319654,336.1867447784314,478.0118918875455
2024-03-31 00:00:00,230,256.0,132.01075071914528,221.3551608597781,286.9888468160399
2024-03-31 01:00:00,230,126.0,72.61852925197137,116.7504690098263,164.48980627880616
2024-03-31 02:00:00,230,50.0,72.03771960033907,96.98747001061473,114.04056546108453
2024-03-31 03:00:00,230,48.0,38.21487150939625,58.42898304265981,61.087379096114645
2024-03-31 04:00:00,230,60.0,20.754089355340504,33.75247686970551,51.966147700271755
2024-03-31 05:00:00,230,50.0,16.13513982706088,25.952325406694975,54.48054285816838
2024-03-31 06:00:00,230,61.0,24.744923831552843,37.419556395620944,55.54942702587321
2024-03-31 07:00:00,230,60.0,38.51270382206072,72.61356786595717,96.42253332852343
2024-03-31 08:00:00,230,97.0,48.57408416045975,80.71834719123194,147.00190949996903
2024-03-31 09:00:00,230,163.0,72.46579938052606,113.6084904621897,159.6209228554272
2024-03-31 10:00:00,230,174.0,106.85275452438205,149.43557285509104,193.4946146497331
2024-03-31 11:00:00,230,251.0,145.89726816316414,185.520882956289,228.9024231173912
2024-03-31 12:00:00,230,218.0,160.94841428942607,203.8693056719013,247.24300068724335
2024-03-31 13:00:00,230,179.0,171.1473227319543,222.24104177751855,263.0273999962445
2024-03-31 14:00:00,230,214.0,157.1564642071516,185.27667292102188,224.93292696534752
2024-03-31 15:00:00,230,179.0,148.34063827609305,186.86277189377088,213.7115907961718
2024-03-31 16:00:00,230,187.0,163.1605276553068,216.87404967630582,283.30526018112914
2024-03-31 17:00:00,230,274.0,170.9844736135103,222.6890736988475,270.2563812497875
2024-03-31 18:00:00,230,208.0,195.7752668427028,256.66923521996586,314.61928162460174
2024-03-31 19:00:00,230,140.0,147.5459947539669,204.2245719408368,248.74638509997183
2024-03-31 20:00:00,230,138.0,128.77781444562135,158.031417059526,193.88580886916378
2024-03-31 21:00:00,230,120.0,113.96425364493219,175.41946940444325,248.64101353464537
2024-03-31 22:00:00,230,93.0,98.59032923850553,159.13793001223758,251.91573178127078
2024-03-31 23:00:00,230,63.0,51.53580697540938,85.51681648581365,177.66031224843852
2024-03-18 00:00:00,234,21.0,13.009872538020677,32.49461117875828,59.55764881436251
2024-03-18 01:00:00,234,7.0,4.110994695125995,10.591568028913095,22.071957823840513
2024-03-18 02:00:00,234,8.0,0.0,2.5386222596298462,8.760012067941876
2024-03-18 03:00:00,234,3.0,0.0,1.5955323162781165,5.957444282617177
2024-03-18 04:00:00,234,2.0,0.8631431391152704,2.6455422535226987,5.929050064418342
2024-03-18 05:00:00,234,4.0,2.6711627971212537,4.437191616986515,20.478286224092905
2024-03-18 06:00:00,234,37.0,9.718796752022937,21.65067973618031,34.250669702475925
2024-03-18 07:00:00,234,59.0,18.475447426921104,39.193283300141616,73.4838309136833
2024-03-18 08:00:00,234,59.0,35.19648323131067,76.82472825188361,121.99810665689533
2024-03-18 09:00:00,234,82.0,54.2433955995034,90.50205170328479,131.01372192532293
2024-03-18 10:00:00,234,107.0,55.706163140272466,90.57181994049245,112.38876440591275
2024-03-18 11:00:00,234,113.0,73.66312462587,110.55206194355439,128.62425974836432
2024-03-18 12:00:00,234,116.0,82.87110653170461,117.38895502016986,146.5636784165806
2024-03-18 13:00:00,234,130.0,103.4974188102156,138.45686398577806,165.65066042946336
2024-03-18 14:00:00,234,138.0,116.83340402923396,146.79357793335296,165.70174503962102
2024-03-18 15:00:00,234,152.0,103.34750268617316,144.6642108472764,168.78974726523666
2024-03-18 16:00:00,234,159.0,116.82577685189071,153.08440288940434,174.0966646859724
2024-03-18 17:00:00,234,205.0,119.73190506908188,156.70589103902407,194.43375638574597
2024-03-18 18:00:00,234,202.0,135.4202785959892,182.82752132906074,223.41308521094842
2024-03-18 19:00:00,234,215.0,137.50131182343495,187.67388596057089,214.9026973934604
2024-03-18 20:00:00,234,165.0,120.13082861287462,170.08619745792882,215.71576815102756
2024-03-18 21:00:00,234,213.0,118.6270741916621,184.39886109289887,230.1004622169986
2024-03-18 22:00:00,234,116.0,103.22214839286605,146.85435252534234,192.0563966043359
2024-03-18 23:00:00,234,54.0,61.73064746637039,91.58184726271074,126.58513745575635
2024-03-19 00:00:00,234,22.0,12.734995908242649,27.942465437852917,42.796795342336345
2024-03-19 01:00:00,234,15.0,7.470521873791194,12.115139940945387,20.327172656602965
2024-03-19 02:00:00,234,5.0,1.9243237040671426,3.288355349616115,9.178427819259932
2024-03-19 03:00:00,234,3.0,0.0,2.3944760432860193,4.8015243418554965
2024-03-19 04:00:00,234,2.0,1.5978819792484429,3.0080861547899067,6.874441088074671
2024-03-19 05:00:00,234,2.0,2.7795892437807637,3.354920911797726,9.46520034039171
2024-03-19 06:00:00,234,18.0,7.216233162382439,18.653215707601188,27.70324484295483
2024-03-19 07:00:00,234,42.0,17.5581777720437,43.08540495236667,69.2188812053853
2024-03-19 08:00:00,234,85.0,40.05786273690172,86.59918038844036,121.26719757369695
2024-03-19 09:00:00,234,163.0,74.32246675195346,111.4763824096924,145.70930409984447
2024-03-19 10:00:00,234,159.0,70.23958833923578,111.27999713388797,136.28633483808377
2024-03-19 11:00:00,234,118.0,102.19831672736055,144.40928007075846,183.12062331865684
2024-03-19 12:00:00,234,144.0,111.15694613455948,156.89316858731502,197.03462524087814
2024-03-19 13:00:00,234,155.0,104.52168221708673,146.58380661642508,184.7628879709363
2024-03-19 14:00:00,234,193.0,119.60301273159108,167.88953013976658,204.69366344659645
2024-03-19 15:00:00,234,193.0,130.08743494520726,173.1666913093271,212.91964896492894
2024-03-19 16:00:00,234,215.0,147.7549437787461,198.99326761712334,241.1381793333229
2024-03-19 17:00:00,234,281.0,152.16177268529307,216.53107177131912,277.56158226765797
2024-03-19 18:00:00,234,269.0,174.37025337280906,247.3102901034109,317.68242075949274
2024-03-19 19:00:00,234,253.0,160.74366706116407,248.2443483641311,344.70215784034076
2024-03-19 20:00:00,234,267.0,150.01239985613236,230.8112558289579,298.54168415478927
2024-03-19 21:00:00,234,293.0,149.86115102027728,240.59348870464564,300.3861655516487
2024-03-19 22:00:00,234,236.0,169.877440387247,245.930819058733,310.76431902108163
2024-03-19 23:00:00,234,113.0,89.45542708403555,142.778411640163,226.9469232055942
2024-03-20 00:00:00,234,38.0,37.23919934716421,58.2315890466603,93.63299233361248
2024-03-20 01:00:00,234,12.0,11.809317308975599,16.233566651267328,27.849657239066865
2024-03-20 02:00:00,234,5.0,5.743289300137868,8.846771612572715,13.275295854723371
2024-03-20 03:00:00,234,5.0,0.8246804175916362,3.2806857047719027,8.633737810053066
2024-03-20 04:00:00,234,2.0,1.906570298760845,3.3535663200460246,7.846181785180382
2024-03-20 05:00:00,234,5.0,3.0960186236336877,3.4992219976194128,10.81451316479829
2024-03-20 06:00:00,234,19.0,7.548809194126201,16.303422935050882,26.841229597227642
2024-03-20 07:00:00,234,53.0,21.561548245443905,51.80438485495043,76.5649456227584
2024-03-20 08:00:00,234,104.0,56.26853955531322,103.85407493536677,136.01276678001005
2024-03-20 09:00:00,234,100.0,78.97193311903337,120.83758515188455,155.89671472934438
2024-03-20 10:00:00,234,129.0,95.97279416604187,128.84368568938802,149.51688711266718
2024-03-20 11:00:00,234,159.0,107.27575949267343,135.24817732144504,164.6827811839728
2024-03-20 12:00:00,234,154.0,114.1044148617923,159.60110121414579,193.30610525641336
2024-03-20 13:00:00,234,145.0,134.7918433975972,180.67816072570196,214.37869524412628
2024-03-20 14:00:00,234,216.0,140.14791049236482,191.96078353369364,225.6069662231192
2024-03-20 15:00:00,234,190.0,137.50264625285723,180.6341112949039,213.82873425998338
2024-03-20 16:00:00,234,268.0,158.88301534741638,214.40067251071918,246.18610654113095
2024-03-20 17:00:00,234,335.0,162.11195326714108,222.53337916828133,288.2991477236296
2024-03-20 18:00:00,234,285.0,192.6382799850859,284.1318818150616,372.6540531191273
2024-03-20 19:00:00,234,292.0,191.66905467112093,263.70531204380217,325.47247946025385
2024-03-20 20:00:00,234,349.0,168.0607311020951,249.9401085129321,275.84974803474387
2024-03-20 21:00:00,234,364.0,196.93112190267667,293.24642191087173,338.0015094087467
2024-03-20 22:00:00,234,309.0,195.79441613942691,265.96724461164723,326.5697059020119
2024-03-20 23:00:00,234,152.0,120.52265178268304,198.1746418710941,276.1115172999524
2024-03-21 00:00:00,234,47.0,59.084359049605155,85.68189771716291,125.7340211107524
2024-03-21 01:00:00,234,19.0,18.798223364175957,27.111282674604695,34.290996842731886
2024-03-21 02:00:00,234,7.0,4.860271954214097,9.615153480832886,13.941902928232784
2024-03-21 03:00:00,234,2.0,0.8246804175916362,4.224096041384598,10.492507079714764
2024-03-21 04:00:00,234,2.0,1.9438513574130047,4.427037736319826,7.783623053306163
2024-03-21 05:00:00,234,6.0,3.2640627761138923,5.233223331715796,12.511662349687672
2024-03-21 06:00:00,234,40.0,9.214020602844808,23.608456036014825,35.86808624034519
2024-03-21 07:00:00,234,70.0,21.694754420698533,57.784657462317924,72.95829822175942
2024-03-21 08:00:00,234,117.0,53.59909560341338,107.43333882598951,144.5576568834718
2024-03-21 09:00:00,234,124.0,81.44277743949564,130.4573842371446,158.12224299515117
2024-03-21 10:00:00,234,112.0,90.83100890927048,135.51070091343786,150.53718747276875
2024-03-21 11:00:00,234,160.0,105.30593209614935,147.07896249086787,169.77360027982675
2024-03-21 12:00:00,234,144.0,125.61482665138682,159.8902939269857,183.0727343099806
2024-03-21 13:00:00,234,195.0,140.49290020910257,189.78592606149837,211.53621519717157
2024-03-21 14:00:00,234,236.0,132.21932038895375,184.61506685782288,221.53461255799078
2024-03-21 15:00:00,234,218.0,165.0627809459037,204.58993920324653,229.36082694109635
2024-03-21 16:00:00,234,243.0,171.78091955225057,240.76793738547025,272.6206372491005
2024-03-21 17:00:00,234,275.0,190.58361765588415,265.27688133833635,322.15833841284694
2024-03-21 18:00:00,234,309.0,212.06913824436035,305.2889777997971,384.40946808625904
2024-03-21 19:00:00,234,335.0,192.65095687382083,286.0137229014042,319.81275057334557
2024-03-21 20:00:00,234,387.0,188.0928579550397,266.0871505253669,301.0756926315213
2024-03-21 21:00:00,234,360.0,205.93165846715658,308.6342786685584,353.1919230281103
2024-03-21 22:00:00,234,370.0,195.066406353112,271.44949524320117,337.76464243088003
2024-03-21 23:00:00,234,248.0,141.35540752007324,207.287485691702,283.84123902544235
2024-03-22 00:00:00,234,112.0,89.06545201679594,119.43214884180213,156.09765363892592
2024-03-22 01:00:00,234,42.0,37.83134642972058,59.166106252177116,68.41360814856341
2024-03-22 02:00:00,234,9.0,12.619480082992066,17.37963727404892,30.102570191843203
2024-03-22 03:00:00,234,6.0,5.087077429755963,7.878831569270218,14.339159767368368
2024-03-22 04:00:00,234,10.0,2.6561976315819535,4.883310810702671,9.402550989026327
2024-03-22 05:00:00,234,9.0,4.456527885967277,5.378394585922592,18.933224587117465
2024-03-22 06:00:00,234,23.0,14.04940434195926,28.38245292738732,47.43395726770389
2024-03-22 07:00:00,234,37.0,27.721526677066155,53.888799929176095,64.52377481044556
2024-03-22 08:00:00,234,74.0,51.70306760341379,83.00668087077045,108.4565845442163
2024-03-22 09:00:00,234,86.0,75.42956821168833,102.77210546165986,128.70549127198302
2024-03-22 10:00:00,234,110.0,77.92134519680165,107.26045120736693,124.37015429607433
2024-03-22 11:00:00,234,119.0,90.31519355786193,125.25750831720372,140.23659105342583
2024-03-22 12:00:00,234,143.0,126.22560896492372,152.6021001007779,172.14422472415004
2024-03-22 13:00:00,234,148.0,132.3366313982205,164.86929459560207,187.85520892679165
2024-03-22 14:00:00,234,211.0,140.33718385008575,185.37016272897992,204.61416990450823
2024-03-22 15:00:00,234,170.0,149.6488105762693,189.85432121114727,208.94038514949554
2024-03-22 16:00:00,234,161.0,181.41584682069256,217.9999583710118,242.518680432647
2024-03-22 17:00:00,234,261.0,165.48758753611483,200.9122619598356,235.00208764970793
2024-03-22 18:00:00,234,241.0,183.73361552582966,239.88941645416696,278.0478177098885
2024-03-22 19:00:00,234,287.0,165.53480807533523,253.92946661497922,288.36301897338467
2024-03-22 20:00:00,234,220.0,180.31551020421884,223.34547557245017,265.17541688713266
2024-03-22 21:00:00,234,239.0,173.31646300655112,253.82678124853155,299.6349432923115
2024-03-22 22:00:00,234,263.0,148.61881557122638,214.68986707093765,259.7771325874274
2024-03-22 23:00:00,234,265.0,142.50847648222953,210.2634908873284,292.9442158420457
2024-03-23 00:00:00,234,264.0,128.2829106214665,199.1110517874015,283.52028530382006
2024-03-23 01:00:00,234,166.0,83.91173890139112,172.1473320420435,272.8148927251076
2024-03-23 02:00:00,234,59.0,63.73415487349794,96.02937405942758,90.78848105650933
2024-03-23 03:00:00,234,26.0,28.486964939387597,37.58635096963338,40.96091382775038
2024-03-23 04:00:00,234,29.0,10.01529879147713,15.102066009802263,28.61986967454314
2024-03-23 05:00:00,234,5.0,6.519576103678974,7.723651468792761,13.462080147425093
2024-03-23 06:00:00,234,7.0,11.477995215509196,16.957763857226126,30.35226806760309
2024-03-23 07:00:00,234,17.0,17.414738685983863,20.502817516892758,30.05175228447433
2024-03-23 08:00:00,234,38.0,29.12211491112859,30.201756311768328,42.60205454047977
2024-03-23 09:00:00,234,63.0,45.79268012019417,74.36759747341902,89.92296683878835
2024-03-23 10:00:00,234,86.0,53.43574358356761,93.16248818767325,105.76792984332285
2024-03-23 11:00:00,234,136.0,84.95791243150121,134.3119668049139,161.46807448607098
2024-03-23 12:00:00,234,192.0,103.3588701244185,152.2507274417332,199.27955496919844
2024-03-23 13:00:00,234,200.0,130.51423198521354,178.84133460069887,231.23731063966315
2024-03-23 14:00:00,234,220.0,152.89338446076954,204.96031683574066,237.69181421703792
2024-03-23 15:00:00,234,231.0,154.48675327638398,191.43650713030843,230.10366159104262
2024-03-23 16:00:00,234,214.0,167.99794675600123,231.50243936997038,274.23023559753074
2024-03-23 17:00:00,234,156.0,171.77653464647682,234.41479182015044,276.459730716367
2024-03-23 18:00:00,234,157.0,178.68266086116486,230.5178899587949,269.1380854634251
2024-03-23 19:00:00,234,199.0,144.9499786239287,218.2579204725322,248.47667310504315
2024-03-23 20:00:00,234,177.0,144.29495933287853,205.571812933873,248.17636563108186
2024-03-23 21:00:00,234,200.0,161.88752234556998,236.3022292377905,286.3085045717275
2024-03-23 22:00:00,234,241.0,149.87834946312574,233.72695293140978,285.21893882303885
2024-03-23 23:00:00,234,256.0,149.7273336197147,215.94454237994162,314.24646654284027
2024-03-24 00:00:00,234,215.0,127.21825936067005,198.85457831229604,306.9122191163114
2024-03-24 01:00:00,234,128.0,123.20910287448329,223.00925392978016,342.0797711396498
2024-03-24 02:00:00,234,78.0,98.64668034295568,135.09814838126348,164.56526561538064
2024-03-24 03:00:00,234,40.0,29.926419235674704,44.37031183800062,49.69135887626799
2024-03-24 04:00:00,234,35.0,14.672675125824576,20.412847062608186,32.303599296824714
2024-03-24 05:00:00,234,18.0,6.169072546996507,7.838942343455362,31.775696086261522
2024-03-24 06:00:00,234,9.0,9.852097307440566,19.24934383689813,27.527111105335187
2024-03-24 07:00:00,234,14.0,16.12012966558212,20.855641449666777,38.75052149864566
2024-03-24 08:00:00,234,29.0,28.382636987220113,41.43732523664069,45.92321549948293
2024-03-24 09:00:00,234,51.0,33.10762996996198,57.43520770521817,67.86798366173474
2024-03-24 10:00:00,234,77.0,49.40313795531692,81.94104931638607,110.08114850935061
2024-03-24 11:00:00,234,104.0,65.19217625940124,106.11785524663361,130.31102162614292
2024-03-24 12:00:00,234,172.0,98.24967467945399,136.98858312651697,159.96020213356343
2024-03-24 13:00:00,234,141.0,111.29319044036504,146.47822343404766,168.2918074834212
2024-03-24 14:00:00,234,159.0,140.78424338484285,175.3797037083384,190.71765599692782
2024-03-24 15:00:00,234,150.0,117.79695975944513,145.2360029177722,157.48889434797505
2024-03-24 16:00:00,234,158.0,136.40605761783155,165.58865383329444,182.65648973553903
2024-03-24 17:00:00,234,160.0,137.98154959712332,174.62970490060235,196.34682595439043
2024-03-24 18:00:00,234,137.0,131.82538837809506,164.75585078304937,198.23353340284098
2024-03-24 19:00:00,234,151.0,105.3383774565481,137.04414220980308,167.2098755074578
2024-03-24 20:00:00,234,128.0,88.89844794072137,110.47639997474639,142.96757760313687
2024-03-24 21:00:00,234,158.0,101.65922886685033,126.45774528598437,157.32110056048725
2024-03-24 22:00:00,234,92.0,60.81787070140284,88.27789750441407,126.7299825735479
2024-03-24 23:00:00,234,29.0,47.119032700461496,58.43690838082724,126.72813580351337
2024-03-25 00:00:00,234,22.0,13.212941562284357,30.92996883761077,44.68946624188819
2024-03-25 01:00:00,234,5.0,0.0,5.386688929951352,17.830440434539796
2024-03-25 02:00:00,234,4.0,0.0,2.711974945972345,8.594269180433189
2024-03-25 03:00:00,234,3.0,0.0,2.6264534945938744,7.8945715347633145
2024-03-25 04:00:00,234,3.0,0.8631431391152704,2.42448307835121,6.41794767330812
2024-03-25 05:00:00,234,5.0,1.858266168684503,3.3847818487125862,19.896608697321156
2024-03-25 06:00:00,234,23.0,9.975737279096823,22.246448250229697,33.579466107498185
2024-03-25 07:00:00,234,48.0,21.73866450439697,51.05986919637106,87.20296309293607
2024-03-25 08:00:00,234,69.0,38.68241358756781,73.80323302837115,128.7936447481023
2024-03-25 09:00:00,234,84.0,40.72735674217151,74.89945255473114,123.58407152510797
2024-03-25 10:00:00,234,94.0,56.261137097419635,98.22349513296074,108.93861900634393
2024-03-25 11:00:00,234,92.0,78.45748839316872,115.49116762901384,138.387902425212
2024-03-25 12:00:00,234,110.0,88.0307777135499,128.15849444839643,148.65828006690592
2024-03-25 13:00:00,234,128.0,103.78898090505517,134.78672544425666,150.8734170565719
2024-03-25 14:00:00,234,136.0,108.51655783693059,141.27553451806492,164.08576699412137
2024-03-25 15:00:00,234,145.0,122.72878338102801,153.99622482504049,174.67363812758077
2024-03-25 16:00:00,234,142.0,124.46296527403997,162.1878794348873,175.46178349181193
2024-03-25 17:00:00,234,177.0,130.14542423806026,174.79733673829568,208.68655123042504
2024-03-25 18:00:00,234,181.0,137.08968481738057,177.6675108653339,224.8981329208113
2024-03-25 19:00:00,234,173.0,122.57466458340767,167.14525915369643,204.51667302692297
2024-03-25 20:00:00,234,171.0,133.2810051257259,181.96613293303503,197.7149058421271
2024-03-25 21:00:00,234,165.0,113.61610076817014,168.95751216428445,200.94660901456558
2024-03-25 22:00:00,234,125.0,128.81497067487769,171.75479268917917,211.07976145123106
2024-03-25 23:00:00,234,63.0,50.87696015728904,78.44917429839056,116.52883176433053
2024-03-26 00:00:00,234,31.0,14.88528365816834,29.151845061063995,42.64163957657668
2024-03-26 01:00:00,234,7.0,4.3579138000969,9.454873705577818,16.616477608321198
2024-03-26 02:00:00,234,3.0,2.608605897227815,5.278607017027309,11.419388602189546
2024-03-26 03:00:00,234,1.0,0.5958573014144983,3.013631220358641,5.792308334186375
2024-03-26 04:00:00,234,1.0,1.2726694119986695,2.906441658369472,7.55391716961461
2024-03-26 05:00:00,234,4.0,2.940034596930724,4.1888378881186705,10.709037716551583
2024-03-26 06:00:00,234,21.0,7.453479370593985,17.23093523595965,25.670003444934647
2024-03-26 07:00:00,234,37.0,20.672433197733163,49.655546549675265,71.62439826616857
2024-03-26 08:00:00,234,85.0,40.55992088153162,86.54157377941387,121.35178953455788
2024-03-26 09:00:00,234,103.0,62.74903999880943,100.50970110659136,130.8823324456346
2024-03-26 10:00:00,234,99.0,98.24975193673747,132.77608491338412,172.86300219309413
2024-03-26 11:00:00,234,121.0,103.08503755258207,135.49972172770816,181.10837792453052
2024-03-26 12:00:00,234,162.0,91.57834401336903,133.34046086432375,167.50111977712695
2024-03-26 13:00:00,234,176.0,110.09230241421983,151.36688789803716,184.40392729327297
2024-03-26 14:00:00,234,153.0,124.20826403695243,172.54135666671996,203.09727082820928
2024-03-26 15:00:00,234,178.0,143.09398950755073,185.65060279430347,230.21448389784075
2024-03-26 16:00:00,234,199.0,134.18711073228505,175.5228507839672,214.13257273464933
2024-03-26 17:00:00,234,257.0,150.9493390565016,210.52441271089614,269.30660437770354
2024-03-26 18:00:00,234,303.0,182.9716677752388,256.10725756985346,321.7982805195829
2024-03-26 19:00:00,234,290.0,167.31814586956304,240.09585552065067,326.79301094243687
2024-03-26 20:00:00,234,311.0,155.17830705713817,238.6360098012297,321.02203392911076
2024-03-26 21:00:00,234,334.0,174.27683554690677,252.5931413528068,311.28269197015027
2024-03-26 22:00:00,234,277.0,178.0649791905087,236.10394905281228,315.2953573263185
2024-03-26 23:00:00,234,118.0,90.5566769265014,144.80549885584136,228.5577135410686
2024-03-27 00:00:00,234,39.0,37.50697723363891,55.477455685300875,91.88595434128528
2024-03-27 01:00:00,234,12.0,11.872260574362612,22.521663880442222,28.68636822878796
2024-03-27 02:00:00,234,8.0,2.341712785629529,4.238613721054653,11.437446757041315
2024-03-27 03:00:00,234,2.0,0.7972238482476364,3.1237013852485704,9.275803385856122
2024-03-27 04:00:00,234,3.0,2.204706211551851,3.2910227340355784,8.357204222322446
2024-03-27 05:00:00,234,6.0,3.039435473713893,3.515000462928832,9.982307542851933
2024-03-27 06:00:00,234,17.0,8.70582090031278,22.528082544365382,30.520196413497988
2024-03-27 07:00:00,234,55.0,22.03323084849274,57.49556223632135,77.0807260579374
2024-03-27 08:00:00,234,80.0,46.9432205218693,90.0698750369278,130.60740166981387
2024-03-27 09:00:00,234,121.0,75.86424942496082,121.45989987125208,158.90006760773207
2024-03-27 10:00:00,234,125.0,79.20573672571345,126.43980846254672,140.93522085131283
2024-03-27 11:00:00,234,152.0,102.4656445959182,143.68413431519878,178.43320483310663
2024-03-27 12:00:00,234,184.0,119.73379849450224,161.68558108867938,202.7186571850587
2024-03-27 13:00:00,234,162.0,137.00115447063786,178.8812275072721,211.85634166392427
2024-03-27 14:00:00,234,185.0,146.29876606969194,195.26290890147115,222.30255134198123
2024-03-27 15:00:00,234,217.0,149.65007277068614,194.34722222123946,234.8783754560313
2024-03-27 16:00:00,234,255.0,157.95968725819836,206.85506912239936,238.76072487504382
2024-03-27 17:00:00,234,335.0,186.7442930903457,273.0132670847021,331.0801360484455
2024-03-27 18:00:00,234,419.0,212.12946548967147,314.851655860759,379.80062119861014
2024-03-27 19:00:00,234,286.0,197.23714484345552,277.5040173356302,334.5727935156321
2024-03-27 20:00:00,234,309.0,191.9846757685572,274.3316007306437,315.8433271447201
2024-03-27 21:00:00,234,356.0,207.37721053215407,303.73191762401007,343.65510282076696
2024-03-27 22:00:00,234,302.0,204.40115142032363,295.5330162814475,349.14971081254805
2024-03-27 23:00:00,234,140.0,145.12403397632337,209.27246754075333,304.6539460565363
2024-03-28 00:00:00,234,83.0,59.084359049605155,83.60801720115305,119.76223383536657
2024-03-28 01:00:00,234,18.0,16.16255108345596,25.71351452437928,29.972472533522303
2024-03-28 02:00:00,234,8.0,4.391675075013993,9.640591417484947,14.422941589175661
2024-03-28 03:00:00,234,4.0,0.7275288823392829,4.1998596293227,10.714421049311275
2024-03-28 04:00:00,234,7.0,1.8126991153602,3.6658344910310277,7.4734848779569765
2024-03-28 05:00:00,234,13.0,3.496438599580559,5.6560699034290245,13.753108492590972
2024-03-28 06:00:00,234,16.0,10.637629446141847,24.304749438348185,37.079603497684424
2024-03-28 07:00:00,234,54.0,29.437055464982873,77.1495101110841,109.39405421531758
2024-03-28 08:00:00,234,92.0,62.74970379600892,109.92395848283886,138.09098267393892
2024-03-28 09:00:00,234,117.0,86.98780307788554,125.18355720980318,148.1976397931241
2024-03-28 10:00:00,234,115.0,99.41203521449891,139.64771664277853,152.66755305595652
2024-03-28 11:00:00,234,142.0,106.12755207836005,141.84827556386094,158.7291324090874
2024-03-28 12:00:00,234,170.0,133.56264593390586,167.90812402080036,188.66277493882967
2024-03-28 13:00:00,234,173.0,132.88211571583005,173.58067064483646,200.5351849331547
2024-03-28 14:00:00,234,225.0,160.66669665910533,205.3749825734402,238.23835772028502
2024-03-28 15:00:00,234,185.0,164.405600048385,213.4729608610181,243.5513634441142
2024-03-28 16:00:00,234,266.0,184.221649557542,242.1856275420676,266.1133053590753
2024-03-28 17:00:00,234,344.0,184.61539287021878,263.8487098026174,313.9396056925101
2024-03-28 18:00:00,234,371.0,209.7016706153759,296.77359044292524,384.30659577789555
2024-03-28 19:00:00,234,383.0,203.6086112956707,289.3926989915289,333.39270042133427
2024-03-28 20:00:00,234,376.0,196.853797284266,289.6306351061721,306.7548378614943
2024-03-28 21:00:00,234,330.0,217.6297389367316,337.32367628116225,378.6036655741974
2024-03-28 22:00:00,234,290.0,206.76448682268702,305.8996182379239,363.25759674295097
2024-03-28 23:00:00,234,222.0,162.00657378495882,260.89765760041723,328.7096114504813
2024-03-29 00:00:00,234,145.0,88.52759303236286,130.4367621828122,181.04424837944637
2024-03-29 01:00:00,234,42.0,39.82539466686976,62.126255055934166,74.98941437081558
2024-03-29 02:00:00,234,11.0,12.936521553296716,19.017561380543935,29.775553409025232
2024-03-29 03:00:00,234,8.0,2.6124487509706644,5.372603574247515,10.095781531698176
2024-03-29 04:00:00,234,14.0,2.8371722116764895,5.455349742080906,9.761196751948825
2024-03-29 05:00:00,234,16.0,5.443229784877812,6.229043652479631,20.216263984613924
2024-03-29 06:00:00,234,10.0,13.45986368175901,24.505183040217286,49.14444442059835
2024-03-29 07:00:00,234,18.0,24.170345033572758,52.65279557595968,72.4533497217598
2024-03-29 08:00:00,234,37.0,40.77612053535326,70.46135530287094,97.51122376359797
2024-03-29 09:00:00,234,86.0,70.90358634430495,96.02644048669009,125.19763898174746
2024-03-29 10:00:00,234,115.0,82.37351974693543,112.87533405584529,128.6121293986992
2024-03-29 11:00:00,234,127.0,99.59471069969031,135.63787866979305,146.67419416607999
2024-03-29 12:00:00,234,148.0,115.36498356658898,144.80721661755425,163.50603103867178
2024-03-29 13:00:00,234,136.0,130.80876247430118,166.18688868898727,181.24059150263201
2024-03-29 14:00:00,234,176.0,133.5423052215312,178.73755818807555,195.61897770600893
2024-03-29 15:00:00,234,162.0,153.06613438493758,189.12444812589553,220.18717277595636
2024-03-29 16:00:00,234,201.0,151.7857508406142,198.5144454521074,205.0016965978051
2024-03-29 17:00:00,234,230.0,155.53478122790432,198.09282417393135,228.44738999686794
2024-03-29 18:00:00,234,258.0,184.2544604259488,256.29861261708015,302.17279653459923
2024-03-29 19:00:00,234,292.0,163.55322128183266,243.82098755186078,272.7063188271527
2024-03-29 20:00:00,234,267.0,180.31551020421884,227.22284688953383,273.8651387589442
2024-03-29 21:00:00,234,245.0,170.52536140803502,241.99162547725535,272.1903673693687
2024-03-29 22:00:00,234,267.0,162.56113303096652,246.25559751495206,300.88589877113867
2024-03-29 23:00:00,234,334.0,128.84322779529828,210.4764395973797,284.813272504904
2024-03-30 00:00:00,234,254.0,110.0331581289536,195.02549689310203,282.0277126641115
2024-03-30 01:00:00,234,119.0,94.99522221141544,179.00026595470473,286.851365145506
2024-03-30 02:00:00,234,42.0,75.36559200805587,114.18771552728587,104.84313958398079
2024-03-30 03:00:00,234,29.0,19.400573677069197,32.506645695476564,39.58715604422522
2024-03-30 04:00:00,234,27.0,7.572957335291691,15.183914058079178,19.766939876780118
2024-03-30 05:00:00,234,10.0,9.498080634436459,10.93000381551743,23.83095110401647
2024-03-30 06:00:00,234,4.0,10.694206265964304,13.918412529334535,24.55524380671822
2024-03-30 07:00:00,234,15.0,15.589526640492394,17.931230687250142,29.856122376688326
2024-03-30 08:00:00,234,26.0,25.74967810857992,29.763693412208582,39.90846153185516
2024-03-30 09:00:00,234,57.0,38.469218252945595,66.1850203993228,83.2853800010583
2024-03-30 10:00:00,234,100.0,61.092688143226304,96.67437911641187,121.8406755264096
2024-03-30 11:00:00,234,142.0,82.28614242201347,126.7594831124121,156.1463528669077
2024-03-30 12:00:00,234,170.0,110.94091616425746,156.35294566431995,204.2981648425557
2024-03-30 13:00:00,234,181.0,135.99729064136602,189.01544497130232,247.57929708974737
2024-03-30 14:00:00,234,173.0,145.0871681270393,188.87045674587588,232.89260105865284
2024-03-30 15:00:00,234,183.0,158.95295071967107,215.61162744433253,254.426214889731
2024-03-30 16:00:00,234,189.0,159.13066883900945,213.87776856418765,263.7792251983066
2024-03-30 17:00:00,234,189.0,161.0430326136634,219.05532963913046,264.15820426922704
2024-03-30 18:00:00,234,182.0,162.321443343664,198.3209696664715,242.14366064495664
2024-03-30 19:00:00,234,197.0,128.04569365769186,183.39683249052058,218.49213917601378
2024-03-30 20:00:00,234,277.0,142.15816236526416,184.30019954789907,230.22863252336623
2024-03-30 21:00:00,234,206.0,144.49089167600215,196.55981950231646,235.51169963934873
2024-03-30 22:00:00,234,228.0,151.15827411994272,224.03539921283752,281.27081085766474
2024-03-30 23:00:00,234,237.0,126.79924203254932,206.30449871370473,278.0087658501908
2024-03-31 00:00:00,234,267.0,101.81486696306621,182.36178778658135,252.43251800726773
2024-03-31 01:00:00,234,176.0,94.92539273276496,153.7824516493988,197.39415666132513
2024-03-31 02:00:00,234,81.0,68.1500902251265,97.67951822673776,115.10468999895679
2024-03-31 03:00:00,234,54.0,34.355640630733895,36.43674404949211,44.58560743508555
2024-03-31 04:00:00,234,29.0,12.541223468128484,21.67238435615482,32.12657349086379
2024-03-31 05:00:00,234,7.0,7.125394374879446,12.135397037114176,28.466367281864844
2024-03-31 06:00:00,234,13.0,11.622941488996098,22.037434241436788,30.757832766235914
2024-03-31 07:00:00,234,11.0,13.566021152081165,17.10217803035385,31.404341708613273
2024-03-31 08:00:00,234,30.0,25.085104028871317,28.36583241190972,40.91446981586694
2024-03-31 09:00:00,234,47.0,30.185846865010458,47.95868480140709,58.45626161756976
2024-03-31 10:00:00,234,79.0,44.34537675112866,81.19049211760601,101.22735660669997
2024-03-31 11:00:00,234,130.0,67.08465427559135,106.11785524663361,130.80554664918094
2024-03-31 12:00:00,234,103.0,90.22331246736806,128.93610550854626,154.95435853620023
2024-03-31 13:00:00,234,144.0,131.83231386647333,172.3104181537877,192.49776809584776
2024-03-31 14:00:00,234,142.0,116.35542870224738,148.72685551255023,157.3201122675774
2024-03-31 15:00:00,234,125.0,131.75926276919128,170.9144108434633,193.03026560130866
2024-03-31 16:00:00,234,137.0,125.96993484216634,162.3216167198024,186.46788074909216
2024-03-31 17:00:00,234,118.0,126.13879358521768,160.13815068162032,181.14083556792198
2024-03-31 18:00:00,234,90.0,132.42293854048228,169.642230460241,198.31631861235587
2024-03-31 19:00:00,234,109.0,86.74650968832776,114.10255447615242,143.55816134429818
2024-03-31 20:00:00,234,127.0,81.94741054441462,113.18050791310702,134.73283046793736
2024-03-31 21:00:00,234,116.0,91.41841954976671,113.01807937530516,155.49892826065388
2024-03-31 22:00:00,234,76.0,91.38293383513148,137.57669499477035,164.52466263040398
2024-03-31 23:00:00,234,33.0,37.282376864387956,63.08145728162203,104.61183744945018
2024-03-18 00:00:00,236,12.0,3.8595698973117276,16.572734340298453,32.764513392483586
2024-03-18 01:00:00,236,8.0,0.30852159322247863,8.661665172793395,11.13465529315135
2024-03-18 02:00:00,236,2.0,0.0,1.7611936879111236,8.2016122883343
2024-03-18 03:00:00,236,0.0,0.0,2.0164105286847813,2.39753536917528
2024-03-18 04:00:00,236,4.0,0.3211606798384576,3.129848241711688,7.20032969910562
2024-03-18 05:00:00,236,26.0,3.147283625538924,16.29613101387656,32.87125411978774
2024-03-18 06:00:00,236,75.0,15.173227566713605,54.18959090240472,106.60397066418949
2024-03-18 07:00:00,236,190.0,37.03949234555726,130.6169262113675,278.985822254544
2024-03-18 08:00:00,236,272.0,128.9469286636508,213.2958030799271,367.7501756828477
2024-03-18 09:00:00,236,294.0,175.92864042399881,267.56247394465726,348.1682748485043
2024-03-18 10:00:00,236,236.0,208.1909820254461,300.7900393524404,335.5127772168918
2024-03-18 11:00:00,236,298.0,217.6986776938923,305.034725418568,360.16535093370055
2024-03-18 12:00:00,236,279.0,211.72352791938076,287.4809333647082,336.58306870603644
2024-03-18 13:00:00,236,306.0,223.8142614405877,314.36524139000926,338.0621265477778
2024-03-18 14:00:00,236,334.0,227.79294945938494,319.68678221765884,376.47218062378886
2024-03-18 15:00:00,236,283.0,231.08251657380342,321.4327563873624,446.5545620390636
2024-03-18 16:00:00,236,285.0,235.69944987880598,352.71502031932624,390.68090168292986
2024-03-18 17:00:00,236,312.0,222.38417531985894,323.87876335355935,385.43574507630876
2024-03-18 18:00:00,236,275.0,218.9349717660871,327.68924936821696,404.16976609961296
2024-03-18 19:00:00,236,188.0,196.4083164281256,270.99169333841826,338.81819082768646
2024-03-18 20:00:00,236,160.0,133.39454149524346,182.63370199140883,247.2219125741314
2024-03-18 21:00:00,236,143.0,99.65536879179457,152.44987804407324,223.7454092349419
2024-03-18 22:00:00,236,55.0,66.10382782337258,95.43071129200845,138.44701698673228
2024-03-18 23:00:00,236,20.0,18.873123573729025,45.03017073309181,68.28914452523169
2024-03-19 00:00:00,236,8.0,4.350211143470196,11.147719517978217,19.334448859899524
2024-03-19 01:00:00,236,3.0,0.0,5.191585101665365,5.381760714842407
2024-03-19 02:00:00,236,2.0,0.0,1.6120417522676318,2.213901174464387
2024-03-19 03:00:00,236,0.0,0.0,1.4378142115969763,4.217313440225281
2024-03-19 04:00:00,236,3.0,0.19486015591488146,3.5739280142165955,5.874063168114418
2024-03-19 05:00:00,236,17.0,5.169838447509889,21.932215937472186,25.204344140022187
2024-03-19 06:00:00,236,68.0,17.36474078675108,68.63077401733989,98.24749367291143
2024-03-19 07:00:00,236,207.0,67.1726149756532,174.5937915423214,299.1599090188792
2024-03-19 08:00:00,236,322.0,153.36494000575973,255.14722144592935,370.8790256087846
2024-03-19 09:00:00,236,311.0,227.39724008645751,306.2233750869173,362.780369367688
2024-03-19 10:00:00,236,365.0,240.32523930230835,331.844186559729,373.4389266451473
2024-03-19 11:00:00,236,343.0,228.38367432248805,308.8178258623918,370.63715019538296
2024-03-19 12:00:00,236,358.0,241.27249144526542,346.97878591174504,401.8042326192467
2024-03-19 13:00:00,236,271.0,245.25217866816882,344.7121372393668,375.41679661388946
2024-03-19 14:00:00,236,334.0,233.8565909595753,345.21856605572685,401.8223157915454
2024-03-19 15:00:00,236,331.0,237.74068671814396,350.7619397743598,440.06872959892695
2024-03-19 16:00:00,236,294.0,244.15609098058871,356.66192003952995,405.68344703807753
2024-03-19 17:00:00,236,281.0,245.909478908339,362.89700414703213,443.003285456402
2024-03-19 18:00:00,236,320.0,237.2813365468934,338.5940431438938,424.0357048306969
2024-03-19 19:00:00,236,238.0,214.4166175676323,326.2828530085181,410.06764706989065
2024-03-19 20:00:00,236,206.0,174.8649752665109,231.32072091112246,318.57176007324944
2024-03-19 21:00:00,236,251.0,139.29507991462816,177.56509038851772,262.6286794948208
2024-03-19 22:00:00,236,94.0,116.43253472388929,149.16674260445697,202.25119546155958
2024-03-19 23:00:00,236,34.0,59.861083119748386,87.0282344261422,143.95469935789416
2024-03-20 00:00:00,236,11.0,11.305263133896084,16.681305231905636,31.90926782153934
2024-03-20 01:00:00,236,4.0,1.909264672340265,4.472720622822651,10.387880224160236
2024-03-20 02:00:00,236,1.0,0.9094923003353419,3.2359192139115835,9.305256613650014
2024-03-20 03:00:00,236,1.0,0.0,1.486789714731053,3.7655352435818945
2024-03-20 04:00:00,236,5.0,0.231973916193715,3.673017611045918,6.19941351450733
2024-03-20 05:00:00,236,20.0,5.576625490658855,23.077112248761782,26.06301110987576
2024-03-20 06:00:00,236,70.0,18.300930078546507,67.50358184881327,103.7665573571411
2024-03-20 07:00:00,236,214.0,58.55059970011821,169.9741778035762,320.0453318952559
2024-03-20 08:00:00,236,293.0,165.3773730303805,278.11935861879203,403.4821708928982
2024-03-20 09:00:00,236,309.0,232.38500921061598,339.8481084278653,381.2858017887366
2024-03-20 10:00:00,236,285.0,239.75913893381264,349.20421081031833,368.2710356923131
2024-03-20 11:00:00,236,340.0,230.21667270617618,330.98116134831525,365.8782949948607
2024-03-20 12:00:00,236,332.0,243.76063283984067,356.2316348427145,396.62280959476425
2024-03-20 13:00:00,236,296.0,246.1946777883488,358.3904046489712,381.29477402391024
2024-03-20 14:00:00,236,313.0,246.4971705493303,351.6604313685712,410.79699899988464
2024-03-20 15:00:00,236,290.0,243.10333259953663,364.4696202080688,470.6473344170223
2024-03-20 16:00:00,236,337.0,245.0985901007687,357.2922362120303,401.26628531928753
2024-03-20 17:00:00,236,404.0,243.76063283984067,355.44684781815255,425.54963576980646
2024-03-20 18:00:00,236,272.0,245.95216831882527,360.5745537012095,458.4835091986844
2024-03-20 19:00:00,236,224.0,220.26559858075154,340.2344071333305,397.32480140333377
2024-03-20 20:00:00,236,213.0,187.98081927614564,263.55279370993134,318.1410838538641
2024-03-20 21:00:00,236,160.0,152.82099525508735,211.69161027002554,298.8511933040117
2024-03-20 22:00:00,236,62.0,147.69878163123624,187.22890836644748,238.89168223616417
2024-03-20 23:00:00,236,30.0,49.22851807724891,75.00617113387115,114.23006093839174
2024-03-21 00:00:00,236,19.0,12.728935827341807,19.131845452493835,28.20494716155159
2024-03-21 01:00:00,236,7.0,0.7455286213212307,5.52689786017028,7.942300054141244
2024-03-21 02:00:00,236,1.0,5.766194742341423,11.582584337307399,21.074289215871403
2024-03-21 03:00:00,236,0.0,0.35878349477552796,2.373293940405081,4.328778280809119
2024-03-21 04:00:00,236,6.0,0.23686014521239204,4.03155789847471,6.123693573728297
2024-03-21 05:00:00,236,17.0,5.580914962127017,22.92050983918586,31.744469526495234
2024-03-21 06:00:00,236,86.0,19.255981616296395,66.59157776577055,108.69525885556604
2024-03-21 07:00:00,236,211.0,67.61679661973437,176.37521934805258,309.0370652999868
2024-03-21 08:00:00,236,364.0,169.3160034451574,280.9083571643818,394.4019271359839
2024-03-21 09:00:00,236,350.0,231.71121085173252,328.7022075904361,365.54854475810555
2024-03-21 10:00:00,236,369.0,242.5122865740653,364.418409750382,384.3278965776842
2024-03-21 11:00:00,236,319.0,233.3080178948545,353.80874476060455,377.86562922668685
2024-03-21 12:00:00,236,364.0,246.85197802851897,373.48488169127114,414.90831170427504
2024-03-21 13:00:00,236,334.0,246.1946777883488,352.32937521043766,370.62418620683724
2024-03-21 14:00:00,236,367.0,234.82659923184036,369.5872318382569,424.95681056986524
2024-03-21 15:00:00,236,351.0,246.19467778821493,376.9980770657435,490.6043832856588
2024-03-21 16:00:00,236,340.0,245.0985901007687,399.80034936464557,432.28832868885667
2024-03-21 17:00:00,236,382.0,246.85197802851897,409.45373493302213,485.31652792666785
2024-03-21 18:00:00,236,344.0,245.95216831882527,474.5941659413928,518.7558485385123
2024-03-21 19:00:00,236,234.0,219.92740103232592,356.82260040747923,430.9208639933068
2024-03-21 20:00:00,236,191.0,203.2684009885554,303.9717859898049,336.6289581017635
2024-03-21 21:00:00,236,184.0,181.48256015283255,257.5960728852981,331.7457386085141
2024-03-21 22:00:00,236,154.0,132.96518257716767,188.28485115963667,258.087794084629
2024-03-21 23:00:00,236,26.0,52.45472539155379,83.21847979252658,107.00866509496002
2024-03-22 00:00:00,236,9.0,15.323055861507243,21.94020718791495,45.270099864174
2024-03-22 01:00:00,236,11.0,7.57022798829831,12.813906131312983,21.657964144854443
2024-03-22 02:00:00,236,1.0,3.2746106503112564,4.821895156179741,14.172830274782534
2024-03-22 03:00:00,236,3.0,0.2726603749182427,1.8068350724288473,4.934526074024584
2024-03-22 04:00:00,236,8.0,2.4605397716923503,5.472430122850705,9.62858537274911
2024-03-22 05:00:00,236,23.0,5.453405430633657,20.215552359585917,31.59588282598183
2024-03-22 06:00:00,236,60.0,18.300930078546507,62.17532545113387,101.8880580826412
2024-03-22 07:00:00,236,158.0,58.936235330538636,153.59879246739493,289.4454541296067
2024-03-22 08:00:00,236,237.0,141.9036870177329,257.5268143691123,366.19352191239216
2024-03-22 09:00:00,236,285.0,206.87958554863496,291.76690476778333,362.5765106946248
2024-03-22 10:00:00,236,244.0,220.10209161124922,307.666966689365,343.98711170537763
2024-03-22 11:00:00,236,272.0,230.21667270617618,329.56886033193257,353.9461712132274
2024-03-22 12:00:00,236,313.0,224.44999026042967,319.06883059432175,364.5685697644983
2024-03-22 13:00:00,236,304.0,238.6831858384578,367.5459165500938,381.725312231817
2024-03-22 14:00:00,236,324.0,246.52467970141538,349.59486017528985,393.53083158717163
2024-03-22 15:00:00,236,348.0,243.10333259953663,352.19048107439147,443.00460395358874
2024-03-22 16:00:00,236,294.0,245.0985901007687,370.50481191347046,400.12599123663125
2024-03-22 17:00:00,236,334.0,235.15389755894395,345.84002246041484,398.4604293683306
2024-03-22 18:00:00,236,351.0,242.86082313014697,352.83240719671574,423.948530107937
2024-03-22 19:00:00,236,296.0,219.07191405261025,352.826228849064,403.1266345763581
2024-03-22 20:00:00,236,172.0,203.2684009885554,283.91257870766856,325.6443644327919
2024-03-22 21:00:00,236,164.0,175.24925223141585,231.69376063095214,302.91784150298116
2024-03-22 22:00:00,236,107.0,127.21881390846407,171.76149019663006,213.0189071155378
2024-03-22 23:00:00,236,60.0,70.16109597182536,105.21404160921473,139.63418477967542
2024-03-23 00:00:00,236,25.0,15.992040657895972,24.471461027769458,39.84491251466734
2024-03-23 01:00:00,236,16.0,6.532983605763375,15.019693559635966,19.901483064027374
2024-03-23 02:00:00,236,7.0,5.423496040110131,9.534292456686677,12.022373829099056
2024-03-23 03:00:00,236,3.0,1.0239658603146775,4.317136488510132,7.688130690914337
2024-03-23 04:00:00,236,3.0,2.9005276427639037,6.2133654888604735,7.489122893008008
2024-03-23 05:00:00,236,7.0,4.297687453722246,9.650629219293863,17.990106787333485
2024-03-23 06:00:00,236,18.0,16.666375264947327,28.606363019859078,48.458769722379344
2024-03-23 07:00:00,236,44.0,36.0552097854583,65.03828168630746,81.84167811457424
2024-03-23 08:00:00,236,80.0,75.54895237578651,116.0261835987211,197.64235621204165
2024-03-23 09:00:00,236,148.0,106.40304046167711,162.34506450431073,218.2548706840969
2024-03-23 10:00:00,236,189.0,131.8620748895597,183.58512054884204,254.62949779470623
2024-03-23 11:00:00,236,207.0,161.59792573242265,219.38419377592885,296.14091985910983
2024-03-23 12:00:00,236,292.0,187.16107413131087,248.88503426287426,353.6858660736431
2024-03-23 13:00:00,236,280.0,219.21805616128296,283.63575897006865,332.3567213019509
2024-03-23 14:00:00,236,438.0,229.77794079521854,313.34626522384184,346.8086784767427
2024-03-23 15:00:00,236,339.0,233.1843635108547,310.79232524301176,378.17336799644494
2024-03-23 16:00:00,236,335.0,243.14127685282517,360.05296750404995,419.45555444220844
2024-03-23 17:00:00,236,280.0,240.25767731750187,323.4355747116953,386.47172535997794
2024-03-23 18:00:00,236,285.0,243.99485507088175,331.28836162224223,399.41502753273056
2024-03-23 19:00:00,236,276.0,201.97740599971954,265.85103117270467,325.4708096719371
2024-03-23 20:00:00,236,246.0,192.70782725890874,223.31505360871105,279.5939251611693
2024-03-23 21:00:00,236,233.0,148.13347357117814,199.81739466919493,272.50711792386664
2024-03-23 22:00:00,236,163.0,128.83581159470918,167.14768321337382,229.68484765177243
2024-03-23 23:00:00,236,76.0,36.19342180822526,72.11897441376689,120.70655832322937
2024-03-24 00:00:00,236,31.0,21.33083497873716,50.63434456301649,74.34992044573522
2024-03-24 01:00:00,236,11.0,8.078191084400856,15.37545585847539,22.50411592518538
2024-03-24 02:00:00,236,8.0,3.8043944982514546,8.062639842868322,12.430651108443481
2024-03-24 03:00:00,236,4.0,0.0,2.7790287973600005,4.238958062112503
2024-03-24 04:00:00,236,4.0,1.1871929807863904,4.228990507260345,5.961111126445563
2024-03-24 05:00:00,236,8.0,3.4254370968687966,9.250535905029148,19.85157948786654
2024-03-24 06:00:00,236,15.0,11.750273605520176,21.417219865790486,37.442262388641474
2024-03-24 07:00:00,236,45.0,26.51533450395324,57.04882225956295,67.62187173054242
2024-03-24 08:00:00,236,62.0,45.47411924723301,102.58311339739377,175.84843257119095
2024-03-24 09:00:00,236,138.0,70.61257894359363,140.9394209036044,191.02082260840888
2024-03-24 10:00:00,236,186.0,109.12897375743474,161.7944248457804,233.89631288801667
2024-03-24 11:00:00,236,251.0,143.3909055611658,201.30863387554393,270.5689140782004
2024-03-24 12:00:00,236,284.0,170.63503174536345,232.61585316240226,312.3793149050434
2024-03-24 13:00:00,236,280.0,212.16028288280165,281.59662782068136,329.6100504225999
2024-03-24 14:00:00,236,254.0,199.20732601406468,275.4134741610074,321.7432630979759
2024-03-24 15:00:00,236,185.0,214.03431830353338,277.19026605917895,347.4840183836899
2024-03-24 16:00:00,236,207.0,187.30694139337723,246.39217441826443,312.1803224572034
2024-03-24 17:00:00,236,222.0,168.68498131577252,223.80051543794883,272.94465921570514
2024-03-24 18:00:00,236,166.0,171.94786484357195,221.97944894426092,292.041122982086
2024-03-24 19:00:00,236,178.0,149.39371118247504,198.80883306366002,250.82899637542207
2024-03-24 20:00:00,236,135.0,107.73804961353056,133.7127227933574,183.79805550987666
2024-03-24 21:00:00,236,80.0,101.73309390293367,110.67783406313899,159.7240460417868
2024-03-24 22:00:00,236,38.0,44.53042081955767,59.12043277671547,96.48885381299328
2024-03-24 23:00:00,236,17.0,8.977387574337042,29.01804602442676,74.24606723046873
2024-03-25 00:00:00,236,8.0,1.1503296434713484,11.710814727231357,23.517715830097657
2024-03-25 01:00:00,236,4.0,0.0,5.84697345018741,14.857580553875694
2024-03-25 02:00:00,236,0.0,0.6046849336147567,2.598291957252981,6.3684426760659525
2024-03-25 03:00:00,236,3.0,0.0,2.0304187157067064,1.979721457259423
2024-03-25 04:00:00,236,10.0,0.3211028066179501,3.0590606205195168,7.736721165491163
2024-03-25 05:00:00,236,22.0,3.4394201936112707,16.144077440715833,25.173011334708782
2024-03-25 06:00:00,236,67.0,14.565597320181864,54.394629361425594,110.66217855842419
2024-03-25 07:00:00,236,176.0,40.23072106533147,128.88947454275674,289.79257722015717
2024-03-25 08:00:00,236,277.0,92.51138321832622,187.83669225362542,349.3620192013851
2024-03-25 09:00:00,236,295.0,144.36406136269852,227.0109271835339,313.27245933530804
2024-03-25 10:00:00,236,269.0,181.84404188419026,271.0532044672342,323.44537034272963
2024-03-25 11:00:00,236,260.0,176.1908745552635,241.9779787243811,336.42127520204673
2024-03-25 12:00:00,236,314.0,214.6428372610216,300.7829015435802,357.27949814538704
2024-03-25 13:00:00,236,279.0,208.25071718686556,284.05421964488926,319.2729699814411
2024-03-25 14:00:00,236,316.0,227.19174608128137,313.2736637235667,378.2737077414814
2024-03-25 15:00:00,236,282.0,220.65287912758242,318.98047468050277,412.5109060123051
2024-03-25 16:00:00,236,263.0,203.77401400654045,278.64930426193484,357.1496597571786
2024-03-25 17:00:00,236,274.0,208.65580605444617,297.7294819753992,373.7402284602699
2024-03-25 18:00:00,236,267.0,210.33867050248006,299.2336509464929,390.6309395895274
2024-03-25 19:00:00,236,202.0,162.46631617744347,216.0117453030913,294.6193405395851
2024-03-25 20:00:00,236,154.0,122.93013410252661,152.62182929795776,236.31194547300393
2024-03-25 21:00:00,236,120.0,107.31424480140463,154.98175456220213,223.6015173168344
2024-03-25 22:00:00,236,59.0,65.34857341993755,94.56378921753434,137.77191233125123
2024-03-25 23:00:00,236,12.0,9.630302260045278,23.071262365269504,57.13748260350017
2024-03-26 00:00:00,236,16.0,2.3897189190819605,9.054825243087619,17.067268033223975
2024-03-26 01:00:00,236,2.0,0.0,2.4725260697542426,3.9440607534971392
2024-03-26 02:00:00,236,0.0,0.0,2.049595072055197,4.079036344536396
2024-03-26 03:00:00,236,1.0,0.0,1.1762944190978106,5.043902038737083
2024-03-26 04:00:00,236,2.0,0.19594216798494568,3.260685115477128,6.694118220326454
2024-03-26 05:00:00,236,11.0,3.6898030069666454,20.138668829981086,27.213710076210944
2024-03-26 06:00:00,236,89.0,16.501266745192435,63.74604721245113,98.17400038538091
2024-03-26 07:00:00,236,218.0,49.26750963096286,152.65106302615177,284.2119935235478
2024-03-26 08:00:00,236,324.0,123.59392713819535,220.95669486849312,357.8005467624003
2024-03-26 09:00:00,236,327.0,218.12552961800444,300.8888661999044,349.3830710487373
2024-03-26 10:00:00,236,288.0,228.62715883273336,308.0661774048716,356.46831366764064
2024-03-26 11:00:00,236,317.0,242.4808535442469,321.0906082574178,384.3456576099039
2024-03-26 12:00:00,236,330.0,227.42298934623932,318.3511907972472,372.3355773305122
2024-03-26 13:00:00,236,318.0,243.57042642362555,324.11444086509334,356.07455823582393
2024-03-26 14:00:00,236,348.0,222.80498580852355,302.41273393152363,375.37918965629405
2024-03-26 15:00:00,236,332.0,233.55409819845994,340.49925854446207,442.56510187939364
2024-03-26 16:00:00,236,306.0,232.45801051101373,341.1179084588805,384.7477812089224
2024-03-26 17:00:00,236,357.0,228.81109115648493,330.8863355532971,413.8784215001285
2024-03-26 18:00:00,236,330.0,222.27227556136586,309.4266522936124,409.4946388209597
2024-03-26 19:00:00,236,203.0,207.33964692919744,282.5324031795785,368.39016425106547
2024-03-26 20:00:00,236,173.0,152.04807623514233,204.0819430370175,298.77051284548475
2024-03-26 21:00:00,236,132.0,132.8750881841775,172.9100528312959,247.9573119230414
2024-03-26 22:00:00,236,72.0,109.29722339055935,160.72558232270583,235.1942960191411
2024-03-26 23:00:00,236,28.0,24.400808514804254,43.80742065803933,68.30083719362875
2024-03-27 00:00:00,236,7.0,5.25107345121921,10.463417240488388,23.476727189340806
2024-03-27 01:00:00,236,9.0,0.48469580339137547,5.270176792871924,7.17303050322437
2024-03-27 02:00:00,236,2.0,0.0,1.162843681930835,4.5330511352193055
2024-03-27 03:00:00,236,1.0,0.0,1.6699288349717432,3.960347435291747
2024-03-27 04:00:00,236,7.0,0.2369180184328995,4.182047177219862,5.9173544442425445
2024-03-27 05:00:00,236,19.0,5.32428885065886,22.409454415388947,20.671715079681775
2024-03-27 06:00:00,236,95.0,16.86613939766169,63.50854028222566,98.08548238937063
2024-03-27 07:00:00,236,215.0,62.20773281262923,170.57380497552523,320.24314362542475
2024-03-27 08:00:00,236,321.0,141.61449302650487,244.33636287352638,374.9104611582115
2024-03-27 09:00:00,236,334.0,217.301933118065,318.27838704790133,360.06970515555867
2024-03-27 10:00:00,236,330.0,231.15240365291595,321.6488138214795,350.48460443129034
2024-03-27 11:00:00,236,331.0,229.92302227187852,317.0974883857026,374.5380485701081
2024-03-27 12:00:00,236,390.0,235.15389755894395,350.6119404579546,398.1957598848248
2024-03-27 13:00:00,236,328.0,234.49659731877378,342.25938461395674,370.1951326628119
2024-03-27 14:00:00,236,354.0,231.4140944567793,357.7797203604622,408.39935827140533
2024-03-27 15:00:00,236,463.0,234.4965973186399,344.7562754739581,463.9400208501915
2024-03-27 16:00:00,236,303.0,230.01551400821774,343.4497072263053,398.39154677296256
2024-03-27 17:00:00,236,340.0,235.15389755894395,383.82328475408355,448.3897135658543
2024-03-27 18:00:00,236,383.0,242.86082313014697,369.12058400793074,450.7041925401162
2024-03-27 19:00:00,236,218.0,199.4008369638118,250.30116726616805,320.95315218799357
2024-03-27 20:00:00,236,171.0,155.66529010354347,208.56096874270307,263.2174870331717
2024-03-27 21:00:00,236,151.0,144.41666558211213,178.49063158067787,244.48129547671863
2024-03-27 22:00:00,236,71.0,88.92232039169303,129.34444835737455,163.81868972724814
2024-03-27 23:00:00,236,40.0,12.64832235461585,29.2268567084716,74.01552005535297
2024-03-28 00:00:00,236,16.0,6.689491683033309,14.08408446836974,22.25963261891954
2024-03-28 01:00:00,236,3.0,2.4439245509581458,5.28033859560244,10.069479727036963
2024-03-28 02:00:00,236,3.0,0.9063342724149422,3.54470755709895,6.949842530967955
2024-03-28 03:00:00,236,0.0,0.0,1.6497786728944122,3.494886118955677
2024-03-28 04:00:00,236,4.0,0.20287525371554735,3.7244194018750107,6.225519366647341
2024-03-28 05:00:00,236,21.0,4.837408199971714,22.78968411960988,36.321829492120884
2024-03-28 06:00:00,236,87.0,17.781687176093833,66.43945760388294,104.06755173795601
2024-03-28 07:00:00,236,217.0,70.49984145172436,181.56639820403288,325.37620073395624
2024-03-28 08:00:00,236,305.0,136.4155281878428,244.05507597865665,368.4694766751127
2024-03-28 09:00:00,236,345.0,232.74768815945507,339.5463330147415,381.42633725176904
2024-03-28 10:00:00,236,312.0,234.78395392231346,338.990162452741,362.7581507714701
2024-03-28 11:00:00,236,361.0,245.0060983644295,362.5862860207635,391.07535346553624
2024-03-28 12:00:00,236,397.0,235.15389755894395,341.9094119204993,395.2551023338895
2024-03-28 13:00:00,236,396.0,246.1946777883488,361.36323871136256,386.3908106910834
2024-03-28 14:00:00,236,389.0,234.82659923184036,375.3933989283481,418.3660752425815
2024-03-28 15:00:00,236,389.0,246.19467778821493,390.7817036723733,503.1929310589286
2024-03-28 16:00:00,236,420.0,240.46160263769514,369.93643004030207,425.03637337300887
2024-03-28 17:00:00,236,388.0,235.15389755894395,374.88292510183715,451.9843393923742
2024-03-28 18:00:00,236,407.0,245.95216831882527,402.4438072486495,490.31156040699705
2024-03-28 19:00:00,236,280.0,208.2293205627509,304.1296090148367,352.57879378277585
2024-03-28 20:00:00,236,242.0,164.1207363554928,224.79891617192976,262.0301553676208
2024-03-28 21:00:00,236,188.0,146.42548279508253,173.08625309932938,232.22885284478804
2024-03-28 22:00:00,236,119.0,110.35063954359416,147.35166189623914,177.12938460505325
2024-03-28 23:00:00,236,46.0,49.38657627418497,77.428171580617,112.22833432793537
2024-03-29 00:00:00,236,19.0,2.740667129345084,12.823752657854287,25.035898993663544
2024-03-29 01:00:00,236,9.0,1.445593210722755,7.475450407922137,8.825374400542001
2024-03-29 02:00:00,236,7.0,1.7146591986506858,4.900447454323251,10.551558568879399
2024-03-29 03:00:00,236,1.0,0.0,2.1289987736213853,3.6700991627211033
2024-03-29 04:00:00,236,5.0,1.5717210239428647,4.54969002327721,6.810436396396872
2024-03-29 05:00:00,236,16.0,5.653724831406623,20.853160377625947,26.96337551564585
2024-03-29 06:00:00,236,53.0,19.255981616296395,65.90424992824387,103.0113438718966
2024-03-29 07:00:00,236,94.0,55.06459299982697,144.0643905409824,259.28465798765495
2024-03-29 08:00:00,236,177.0,125.04255926785554,212.99203889132582,303.33643734996167
2024-03-29 09:00:00,236,238.0,152.7877314020259,228.95664764767292,298.8420026597463
2024-03-29 10:00:00,236,241.0,204.28844606202847,284.4428378940571,354.5025555307698
2024-03-29 11:00:00,236,276.0,196.7783181020517,277.48642578066404,327.25849735099683
2024-03-29 12:00:00,236,334.0,215.28330911306494,302.0111936939146,359.41995468321903
2024-03-29 13:00:00,236,307.0,226.9851053688828,324.1531656992993,358.65421704949824
2024-03-29 14:00:00,236,324.0,231.4416036088644,344.2460495560655,391.42679971523603
2024-03-29 15:00:00,236,349.0,231.4052521299616,334.7008472613561,428.1947413201165
2024-03-29 16:00:00,236,293.0,240.46160263769514,343.82383269778586,383.8761246010315
2024-03-29 17:00:00,236,332.0,231.768901935968,337.11483502886273,398.62218080759396
2024-03-29 18:00:00,236,362.0,231.16274266057195,330.5317325384441,396.4866441525591
2024-03-29 19:00:00,236,307.0,214.43492658953667,290.85358518304344,343.8849142357765
2024-03-29 20:00:00,236,248.0,195.01381501811645,250.06001778967618,300.7848269116709
2024-03-29 21:00:00,236,167.0,152.94288364295818,178.94385223870563,227.06874887504569
2024-03-29 22:00:00,236,123.0,106.61090514659425,149.91964446591223,195.66594410863704
2024-03-29 23:00:00,236,56.0,38.068648646372864,64.79125308632774,97.55893166868479
2024-03-30 00:00:00,236,32.0,12.678845736399126,28.84918423611242,40.610505584901006
2024-03-30 01:00:00,236,19.0,5.8016991125775315,15.037365584829747,13.36013952331747
2024-03-30 02:00:00,236,7.0,4.723336160512465,9.310919874758152,10.476746502516763
2024-03-30 03:00:00,236,4.0,1.6750093502908432,5.084759542050402,6.810322648601595
2024-03-30 04:00:00,236,3.0,1.4761912193884985,3.8878156008437865,7.131485274274786
2024-03-30 05:00:00,236,7.0,4.083418505067354,7.734405889317697,11.850574594759419
2024-03-30 06:00:00,236,13.0,13.519743500563488,21.582374707631004,33.78742107533242
2024-03-30 07:00:00,236,50.0,30.74764024476926,53.31436939859995,67.47318761871803
2024-03-30 08:00:00,236,89.0,51.854290312129535,93.32158784591458,131.16932852343103
2024-03-30 09:00:00,236,117.0,84.48922175227207,140.03698958711144,197.7955185976368
2024-03-30 10:00:00,236,186.0,129.3749448253744,182.25889640759786,250.36087612084168
2024-03-30 11:00:00,236,230.0,147.66535164129456,191.61415987940137,257.0011988257236
2024-03-30 12:00:00,236,253.0,179.92080650865987,237.7112563727366,341.7124860983543
2024-03-30 13:00:00,236,257.0,218.25943053942893,281.49378149461813,339.8570249934226
2024-03-30 14:00:00,236,228.0,214.2325217584439,287.9806509669235,334.7804700313824
2024-03-30 15:00:00,236,249.0,233.30479704931162,330.4400077600192,389.32125288039686
2024-03-30 16:00:00,236,228.0,217.22367009715998,284.4899117892191,328.11158037722976
2024-03-30 17:00:00,236,288.0,219.05170757039403,295.1768143136428,340.4373506034129
2024-03-30 18:00:00,236,321.0,210.29474251279973,280.8279778774241,344.6258907966776
2024-03-30 19:00:00,236,251.0,195.26774199907874,258.42540829724004,312.4753774982683
2024-03-30 20:00:00,236,254.0,184.3478927826503,207.83711727104438,261.10416429095386
2024-03-30 21:00:00,236,147.0,161.56272116328572,208.3351922389859,281.55792435360144
2024-03-30 22:00:00,236,129.0,136.4891839161463,181.65852109052233,248.91563451421925
2024-03-30 23:00:00,236,62.0,71.04598584428963,111.34513688616516,162.59724190994544
2024-03-31 00:00:00,236,36.0,12.996738815580882,31.22300521450168,46.004163090204784
2024-03-31 01:00:00,236,16.0,5.437910478539024,14.00019585219287,20.258219310951276
2024-03-31 02:00:00,236,5.0,2.4659208873043186,7.0329566653978395,10.82358285769093
2024-03-31 03:00:00,236,5.0,0.33111322230074897,4.939700814516413,6.891653380251376
2024-03-31 04:00:00,236,7.0,1.2807523396391955,4.449501030595868,7.350381002447164
2024-03-31 05:00:00,236,3.0,2.638012872308488,7.223848768499844,13.049431016086277
2024-03-31 06:00:00,236,20.0,9.644720647656653,19.458230151581336,32.57072716693848
2024-03-31 07:00:00,236,37.0,19.051195160763122,33.2877103630683,59.23156416786987
2024-03-31 08:00:00,236,86.0,38.8545901877599,86.06442266061096,140.81259817203772
2024-03-31 09:00:00,236,135.0,53.049463124202234,113.95536583346042,169.05719842726782
2024-03-31 10:00:00,236,207.0,98.09114916414264,156.3030959953767,237.31987166870553
2024-03-31 11:00:00,236,285.0,129.03263964325882,183.18453025509956,252.57175230080003
2024-03-31 12:00:00,236,321.0,181.0794146620556,257.84530053970167,315.39974099585027
2024-03-31 13:00:00,236,295.0,214.4720334233837,286.66790460365223,338.43252328783086
2024-03-31 14:00:00,236,261.0,213.2865457080272,287.6478032110243,331.9145351993567
2024-03-31 15:00:00,236,196.0,190.65694243353005,259.44839745108914,328.3832940166073
2024-03-31 16:00:00,236,248.0,165.14821862352846,219.07607073860308,281.0798862622924
2024-03-31 17:00:00,236,214.0,167.37630468460654,224.01005421415078,285.2552080171048
2024-03-31 18:00:00,236,209.0,181.58034537346384,247.285512132425,306.4435286319177
2024-03-31 19:00:00,236,136.0,122.31068199673123,147.14865647482202,195.74804630984897
2024-03-31 20:00:00,236,143.0,113.75013269581287,131.43417704990665,190.5133834480582
2024-03-31 21:00:00,236,86.0,95.98962786643574,118.67704807640902,162.46299851991446
2024-03-31 22:00:00,236,45.0,44.83828304962818,58.44987938573163,90.19521201582523
2024-03-31 23:00:00,236,13.0,6.030232262722344,21.37121850957597,61.318232074925746
2024-03-18 00:00:00,237,24.0,2.283137046926743,16.48993366462078,36.17608320638582
2024-03-18 01:00:00,237,5.0,0.5901225054716379,5.377233489043559,16.493579545698115
2024-03-18 02:00:00,237,2.0,0.24252123688840427,1.9272205295765117,6.986045729806309
2024-03-18 03:00:00,237,4.0,1.189534613810954,3.222337370209587,8.29965830001856
2024-03-18 04:00:00,237,6.0,1.1346673834340313,4.249520662855571,7.984440630690927
2024-03-18 05:00:00,237,11.0,4.258718422364545,11.178379298931281,19.849959465129466
2024-03-18 06:00:00,237,45.0,15.0216196748391,36.7841048482013,68.98727434995408
2024-03-18 07:00:00,237,116.0,28.421777339146118,94.69682218984616,197.55617068605085
2024-03-18 08:00:00,237,195.0,85.35162386149939,176.6612594512922,276.44627455444004
2024-03-18 09:00:00,237,243.0,133.18139859221142,208.71592381462813,281.6250002023051
2024-03-18 10:00:00,237,242.0,171.00146086999226,250.53448038140533,312.71659168503624
2024-03-18 11:00:00,237,303.0,193.7986202234327,287.0340154646889,320.7785788137357
2024-03-18 12:00:00,237,343.0,215.22349632178293,300.66160479716524,341.5008094911252
2024-03-18 13:00:00,237,340.0,235.88088409429926,334.9737940375233,363.2905970487117
2024-03-18 14:00:00,237,324.0,227.5602882654179,351.3045560237313,413.4067305767145
2024-03-18 15:00:00,237,344.0,229.39856089994507,342.99971859332936,401.7812347076362
2024-03-18 16:00:00,237,311.0,228.30247321249885,329.69060335626926,373.9404021242665
2024-03-18 17:00:00,237,329.0,227.20166435070752,355.2397193691313,399.6027024794291
2024-03-18 18:00:00,237,304.0,227.90793832845583,338.3843739137912,389.9845704263359
2024-03-18 19:00:00,237,255.0,194.7007172622688,294.3578590636879,361.2335450213479
2024-03-18 20:00:00,237,319.0,169.85640370094538,247.79051786838227,328.3684982092817
2024-03-18 21:00:00,237,293.0,151.9193042302831,237.49748051847052,304.5513147203283
2024-03-18 22:00:00,237,108.0,160.40862988463374,243.40918092047428,310.30419074589287
2024-03-18 23:00:00,237,35.0,39.22904693187406,70.32269260350016,111.86836479020141
2024-03-19 00:00:00,237,21.0,9.118943305752431,18.653092545932957,37.463207707974696
2024-03-19 01:00:00,237,4.0,8.297509757570301,13.205796255520342,23.542588762924158
2024-03-19 02:00:00,237,3.0,2.520318848529732,3.8006147376171535,8.01647038249794
2024-03-19 03:00:00,237,1.0,0.0,2.037039994916181,6.551596773548905
2024-03-19 04:00:00,237,5.0,2.779364011757973,6.003226196787941,9.893186974699086
2024-03-19 05:00:00,237,6.0,5.201599895593281,12.974562414547911,16.41104030577332
2024-03-19 06:00:00,237,43.0,15.893828322560571,45.854020554568415,62.96630837338143
2024-03-19 07:00:00,237,129.0,32.334750527132464,112.71936846510808,185.02307744686786
2024-03-19 08:00:00,237,220.0,104.515567466993,209.62508013547762,293.878326312889
2024-03-19 09:00:00,237,304.0,170.77417421451568,259.2359072985718,316.9694155320445
2024-03-19 10:00:00,237,351.0,217.24001247419997,307.05097294091274,345.55989465634815
2024-03-19 11:00:00,237,338.0,227.72641065537033,347.51415407185823,381.964943996611
2024-03-19 12:00:00,237,364.0,234.57994062290052,369.9266697615389,414.1624710420165
2024-03-19 13:00:00,237,344.0,245.62072085230537,366.921872523324,410.7536641322368
2024-03-19 14:00:00,237,371.0,245.92321361328686,394.62850202109,449.9375122394427
2024-03-19 15:00:00,237,378.0,245.6207208521715,393.2668111088313,445.125821019819
2024-03-19 16:00:00,237,380.0,244.52463316472526,418.03170269862306,444.9092239393002
2024-03-19 17:00:00,237,416.0,246.27802109247554,412.22510161764245,473.2474989322055
2024-03-19 18:00:00,237,399.0,245.37821138278184,433.0120534433195,503.85077170885415
2024-03-19 19:00:00,237,303.0,218.47771456178177,381.0456834744771,496.6973643679819
2024-03-19 20:00:00,237,325.0,194.5887075195816,310.07246155823736,407.5436658729499
2024-03-19 21:00:00,237,418.0,202.4064999207482,314.572828346096,393.60167132617687
2024-03-19 22:00:00,237,155.0,202.9236796096616,319.7402508600657,396.86815517871605
2024-03-19 23:00:00,237,71.0,72.52085829797211,139.6352851311709,227.42251764572916
2024-03-20 00:00:00,237,31.0,17.33842817776882,25.956387558866485,60.784361545824
2024-03-20 01:00:00,237,7.0,8.948836924178366,11.880843985870788,25.03393221224656
2024-03-20 02:00:00,237,2.0,3.3591085681983195,4.391871160437078,12.443014443803337
2024-03-20 03:00:00,237,0.0,1.1237441229229206,3.489612815010662,7.743873579689807
2024-03-20 04:00:00,237,6.0,1.8841680131970315,4.297383570436273,9.485008399877378
2024-03-20 05:00:00,237,8.0,5.474171320431044,14.280968742952151,16.571091061330822
2024-03-20 06:00:00,237,41.0,12.410800858307118,41.91974646819826,44.92327499842124
2024-03-20 07:00:00,237,137.0,36.32689033371853,114.5528703954082,184.7591849299391
2024-03-20 08:00:00,237,211.0,117.03102826500718,220.11491014213334,309.14290918188266
2024-03-20 09:00:00,237,295.0,180.76951618415222,278.17252163726306,344.0990218487497
2024-03-20 10:00:00,237,291.0,219.09849185431156,319.88725506213154,353.05409757791256
2024-03-20 11:00:00,237,348.0,230.58521304035054,359.2827816737083,383.4078524944119
2024-03-20 12:00:00,237,349.0,232.43109270444,352.05334252641757,407.59847394553435
2024-03-20 13:00:00,237,324.0,246.56321812252315,374.133395056389,418.79909252352815
2024-03-20 14:00:00,237,380.0,246.86571088350465,404.83851154886656,467.010474585058
2024-03-20 15:00:00,237,372.0,246.5632181223893,394.8630936310884,451.4143963400332
2024-03-20 16:00:00,237,434.0,245.46713043494304,407.75433031026563,451.3266167134331
2024-03-20 17:00:00,237,521.0,247.22051836269333,414.23750792505325,480.1509421581514
2024-03-20 18:00:00,237,371.0,246.32070865299963,427.9988274687477,509.116242430519
2024-03-20 19:00:00,237,315.0,219.70558389379863,391.9819239319793,460.6966243107303
2024-03-20 20:00:00,237,317.0,208.9690377996289,347.94070797508977,375.1076170575478
2024-03-20 21:00:00,237,400.0,218.4237949110184,355.23944892882594,418.902693065594
2024-03-20 22:00:00,237,192.0,204.15154894167847,347.73335863361046,437.93156739766613
2024-03-20 23:00:00,237,84.0,116.83903257973112,172.64435497281545,258.3792065969498
2024-03-21 00:00:00,237,31.0,20.415723373456938,43.001058962612284,69.47596250548204
2024-03-21 01:00:00,237,10.0,13.777763572833845,19.795733770380647,26.939795994085923
2024-03-21 02:00:00,237,7.0,5.677473313132942,5.603558309488897,12.031117549665739
2024-03-21 03:00:00,237,2.0,1.6618926215979093,3.404483988144723,13.203263465546845
2024-03-21 04:00:00,237,3.0,1.8851152989447735,4.814497724363753,9.362507246605698
2024-03-21 05:00:00,237,10.0,6.378921516796652,16.066393008156286,19.657276712800904
2024-03-21 06:00:00,237,37.0,14.789547783760474,43.861657768538116,60.12218291895522
2024-03-21 07:00:00,237,126.0,47.653975008070894,137.48982833873833,224.4423539815238
2024-03-21 08:00:00,237,245.0,117.91687305018006,216.44282968865951,297.3110980636355
2024-03-21 09:00:00,237,391.0,170.64991360342856,260.192430892586,315.4645408738116
2024-03-21 10:00:00,237,374.0,220.4976481108732,328.57610881372165,360.4084114851634
2024-03-21 11:00:00,237,397.0,233.67655822902884,372.39967959930686,396.21365282696024
2024-03-21 12:00:00,237,390.0,247.22051836269333,401.8208427992501,443.15508924350803
2024-03-21 13:00:00,237,358.0,246.56321812252315,396.03677121835636,433.16321052949473
2024-03-21 14:00:00,237,430.0,246.89322003558974,418.3704543207148,483.721302630054
2024-03-21 15:00:00,237,376.0,246.5632181223893,406.7009057846602,464.1020537270089
2024-03-21 16:00:00,237,384.0,245.46713043494304,440.8882196135337,463.4576578142484
2024-03-21 17:00:00,237,374.0,247.22051836269333,447.41112205639934,515.913541881618
2024-03-21 18:00:00,237,431.0,246.32070865299963,513.7542787878964,545.6185659451193
2024-03-21 19:00:00,237,355.0,219.367386345373,399.990339817568,462.0307726840458
2024-03-21 20:00:00,237,364.0,208.1685651747897,399.5980231648424,448.3850451437655
2024-03-21 21:00:00,237,436.0,219.15308692864105,388.68344232539965,447.5478339773307
2024-03-21 22:00:00,237,303.0,206.14532950246078,449.1447751971287,483.0298053629251
2024-03-21 23:00:00,237,181.0,135.4107093176824,253.67909182068377,311.22396442625745
2024-03-22 00:00:00,237,85.0,50.203365946548566,72.63760407812349,111.69765485767198
2024-03-22 01:00:00,237,29.0,5.902770437255408,23.75632051534184,36.90171989763222
2024-03-22 02:00:00,237,8.0,7.413682058447078,11.578666101730622,14.376030537054254
2024-03-22 03:00:00,237,7.0,2.6379921913633075,5.4050251507871705,7.764023061148342
2024-03-22 04:00:00,237,4.0,2.576293771090667,4.940966287294239,8.616178674731431
2024-03-22 05:00:00,237,11.0,6.5346217822020725,12.273851570119778,17.497872899152046
2024-03-22 06:00:00,237,36.0,17.701811251862743,49.84576217974585,60.04109424440106
2024-03-22 07:00:00,237,90.0,35.34838797304186,105.38742704209956,140.03179721178117
2024-03-22 08:00:00,237,182.0,110.76441571998087,195.90380919112664,266.34833387135376
2024-03-22 09:00:00,237,231.0,149.6846657355526,228.8560016323112,276.2588566542535
2024-03-22 10:00:00,237,276.0,182.2409261462481,278.5584189405071,328.7877465834707
2024-03-22 11:00:00,237,322.0,199.32287759936955,302.7787662217311,324.18928984453294
2024-03-22 12:00:00,237,330.0,224.62884022310618,345.8913069747641,390.2046946764424
2024-03-22 13:00:00,237,307.0,246.56321812252315,367.80055910601203,390.0138137803639
2024-03-22 14:00:00,237,380.0,235.19513956601472,368.3459738511917,419.0293998632266
2024-03-22 15:00:00,237,416.0,243.47187293371098,383.3736976998881,429.8698128213176
2024-03-22 16:00:00,237,341.0,245.46713043494304,394.50146207610055,426.8939963640534
2024-03-22 17:00:00,237,350.0,247.22051836269333,407.12051539234596,457.62989545350143
2024-03-22 18:00:00,237,316.0,246.32070865299963,421.0816239883195,476.9306857641308
2024-03-22 19:00:00,237,308.0,219.367386345373,372.68003519477844,436.6922181478387
2024-03-22 20:00:00,237,253.0,207.31307819507404,312.83142708491005,365.6058283133516
2024-03-22 21:00:00,237,280.0,203.50817429067206,305.6736002563497,368.9602885686955
2024-03-22 22:00:00,237,213.0,183.2156486432992,262.6624945179555,345.22515210318596
2024-03-22 23:00:00,237,107.0,120.42365260652063,200.93861215226417,254.25296788009805
2024-03-23 00:00:00,237,53.0,51.287182999999345,90.7334444297557,130.30482376495686
2024-03-23 01:00:00,237,35.0,34.87460911444006,54.22792109058265,84.54609165356206
2024-03-23 02:00:00,237,17.0,17.709087845473274,24.461712231023103,29.297175591484244
2024-03-23 03:00:00,237,10.0,5.400895853419216,9.181280636443187,13.719265173092278
2024-03-23 04:00:00,237,5.0,3.106785958639335,6.706389554904441,10.995708647792414
2024-03-23 05:00:00,237,5.0,6.187118191778852,7.089850122935437,11.09318019210426
2024-03-23 06:00:00,237,16.0,14.236536248292035,18.38809914568063,29.7883178260894
2024-03-23 07:00:00,237,19.0,27.950072037550605,45.09596950998573,55.740555222686055
2024-03-23 08:00:00,237,60.0,57.27875031235067,99.95317360915125,156.84414647780045
2024-03-23 09:00:00,237,100.0,95.27871281898636,145.16833657594526,202.4989820983146
2024-03-23 10:00:00,237,145.0,126.70752456045243,177.40813814280835,246.9609842248634
2024-03-23 11:00:00,237,239.0,142.32138416482638,200.77103525575293,258.1569557691488
2024-03-23 12:00:00,237,287.0,165.94727090957758,242.63453818821137,329.47280713085127
2024-03-23 13:00:00,237,265.0,220.30972496810875,312.67636900417244,357.53246321983715
2024-03-23 14:00:00,237,306.0,231.82823522389836,336.5684232340633,369.49459357338594
2024-03-23 15:00:00,237,343.0,238.5918683241955,350.72968198593975,383.30733576741613
2024-03-23 16:00:00,237,284.0,240.4184738482834,341.43057231376906,378.86956408207783
2024-03-23 17:00:00,237,242.0,245.263206964712,364.47224101919335,410.2205999823243
2024-03-23 18:00:00,237,241.0,241.27205206634,345.0038167444016,382.5576243909148
2024-03-23 19:00:00,237,268.0,204.5934871937567,280.21107822146035,337.53687519909266
2024-03-23 20:00:00,237,180.0,182.227228686543,227.71172397770707,289.29581536413656
2024-03-23 21:00:00,237,266.0,167.37763586708593,218.23851591853924,274.08025275604814
2024-03-23 22:00:00,237,244.0,149.68174916225465,236.00544921651408,287.31531998664735
2024-03-23 23:00:00,237,178.0,104.85416834222885,180.8669381664683,238.3655613269783
2024-03-24 00:00:00,237,67.0,53.92897315673671,95.32302224080955,152.16201015532158
2024-03-24 01:00:00,237,30.0,14.489881983920844,43.068023184270515,53.428423730449026
2024-03-24 02:00:00,237,16.0,13.711650558192176,22.071595971722605,33.159426663013875
2024-03-24 03:00:00,237,9.0,5.3673864039976,10.381798980178583,15.37350547556053
2024-03-24 04:00:00,237,10.0,4.223849727878177,10.76266599558055,16.43341398760121
2024-03-24 05:00:00,237,10.0,5.354355507738675,6.9886370731138285,14.716193018071639
2024-03-24 06:00:00,237,16.0,12.306867867742715,17.687236844396157,29.73060033330681
2024-03-24 07:00:00,237,27.0,23.546056938372242,45.502531768738145,48.95076729109669
2024-03-24 08:00:00,237,72.0,35.00360029962163,76.46110204903657,132.37539272544393
2024-03-24 09:00:00,237,102.0,58.933945252859544,119.86100586504563,176.3317002505038
2024-03-24 10:00:00,237,166.0,96.6376088695569,160.24623417330014,233.01601440338425
2024-03-24 11:00:00,237,208.0,122.91848535926574,180.45232007036788,237.81904114519756
2024-03-24 12:00:00,237,253.0,170.26409577529307,252.6315047150798,298.9390852070933
2024-03-24 13:00:00,237,251.0,210.10245506581626,278.03512161660547,310.58408165925846
2024-03-24 14:00:00,237,239.0,204.81768547897278,277.5584674911654,312.37330815085744
2024-03-24 15:00:00,237,260.0,185.40919330476072,251.0128645294252,302.80710348076116
2024-03-24 16:00:00,237,235.0,182.68092550645022,244.06174131779096,313.0631399520464
2024-03-24 17:00:00,237,241.0,178.30242874615553,237.6732889030942,297.0565746724499
2024-03-24 18:00:00,237,215.0,182.7146308109969,256.61673200642724,304.81226479458604
2024-03-24 19:00:00,237,185.0,134.83841166346144,163.6056644081973,247.82235239966676
2024-03-24 20:00:00,237,146.0,123.80007802810063,143.3161663279248,213.7880634057925
2024-03-24 21:00:00,237,125.0,101.73730020845629,124.45808497107295,188.178301543141
2024-03-24 22:00:00,237,42.0,67.33750487417602,90.28321028271816,154.7328222174808
2024-03-24 23:00:00,237,26.0,18.3116739970299,35.449097179444536,100.94666800890568
2024-03-25 00:00:00,237,16.0,0.0,13.713964032328537,26.264402989360576
2024-03-25 01:00:00,237,2.0,3.820507547918916,10.609813150941081,19.741583292629446
2024-03-25 02:00:00,237,2.0,0.9239434551719866,3.7295028478722805,7.273688603950606
2024-03-25 03:00:00,237,3.0,0.28938423082592474,2.197856718446908,6.276591951978823
2024-03-25 04:00:00,237,3.0,1.2631883657353333,4.1060096197604095,8.327216433567648
2024-03-25 05:00:00,237,6.0,4.266256526785711,11.533175814785025,20.706935471830054
2024-03-25 06:00:00,237,36.0,13.864472553569469,33.467302783143,66.39420417753938
2024-03-25 07:00:00,237,107.0,31.277852065352985,96.73592285067492,210.55434510138915
2024-03-25 08:00:00,237,198.0,67.58224634652929,150.11156868147023,260.45269485342124
2024-03-25 09:00:00,237,235.0,105.76447511321614,178.81889604957422,264.0397359588439
2024-03-25 10:00:00,237,286.0,137.28511732487448,228.61778440131172,298.68989783670173
2024-03-25 11:00:00,237,260.0,170.9453695140411,259.20991015498964,314.40125896289373
2024-03-25 12:00:00,237,335.0,209.02724306947823,310.05142769678474,355.36113701787116
2024-03-25 13:00:00,237,282.0,214.55191569072514,319.4247745116321,340.2956711451186
2024-03-25 14:00:00,237,336.0,225.54497660611483,350.82317843113344,408.08807823099016
2024-03-25 15:00:00,237,356.0,222.37465409213544,318.89012787409854,368.54444505554414
2024-03-25 16:00:00,237,287.0,224.36991159336753,340.72566437188505,384.207002834574
2024-03-25 17:00:00,237,312.0,225.51599699242274,346.08515031565435,404.1911948695728
2024-03-25 18:00:00,237,271.0,221.4919247621127,336.18729051801625,382.6697798132012
2024-03-25 19:00:00,237,248.0,182.4508948568687,271.826542906818,350.07153047985935
2024-03-25 20:00:00,237,291.0,140.74194003678392,209.69522360757242,285.0509762162613
2024-03-25 21:00:00,237,261.0,165.60532185999588,247.9354239171636,313.107793197566
2024-03-25 22:00:00,237,108.0,145.18089541669613,198.27650216242293,278.13392809016585
2024-03-25 23:00:00,237,37.0,22.287277051714327,45.32605483874855,92.63953400963602
2024-03-26 00:00:00,237,37.0,6.12532560328894,14.137773675662135,30.76585347462911
2024-03-26 01:00:00,237,3.0,4.129593843775199,7.223377111764601,13.052269804296383
2024-03-26 02:00:00,237,2.0,0.2512360805732853,2.6540491190441773,8.84395760896479
2024-03-26 03:00:00,237,3.0,0.0,1.902972745430226,6.9708471916983346
2024-03-26 04:00:00,237,6.0,0.1920289424566378,3.710195483402872,8.733068685588744
2024-03-26 05:00:00,237,10.0,5.780785116052626,14.727690782380469,16.177870485004167
2024-03-26 06:00:00,237,38.0,12.10192296310644,40.72888056674713,43.93166295982577
2024-03-26 07:00:00,237,118.0,34.735050583889425,119.30078963997833,215.84592241877908
2024-03-26 08:00:00,237,217.0,91.75097445728404,192.7645249788301,276.8777892205045
2024-03-26 09:00:00,237,282.0,139.09117799413633,223.63265071610616,284.8820820960873
2024-03-26 10:00:00,237,291.0,213.47122975834324,299.70473265026794,347.76697126245546
2024-03-26 11:00:00,237,334.0,236.80281532117485,344.9220610337097,377.4360262936427
2024-03-26 12:00:00,237,334.0,229.47328377491914,343.01178411877623,385.69412671872186
2024-03-26 13:00:00,237,354.0,245.62072085230537,355.18766393237325,398.2288285142013
2024-03-26 14:00:00,237,393.0,234.22513314371184,360.811072893655,424.94287999656325
2024-03-26 15:00:00,237,429.0,245.6207208521715,376.1071360904807,434.57946399073734
2024-03-26 16:00:00,237,361.0,244.52463316472526,398.5047560936141,432.19213682922395
2024-03-26 17:00:00,237,400.0,246.27802109247554,420.5678569477988,472.93704419696286
2024-03-26 18:00:00,237,401.0,245.37821138278184,403.1008263812211,478.05993870280594
2024-03-26 19:00:00,237,354.0,218.47771456178177,340.8225977129688,442.48981690528893
2024-03-26 20:00:00,237,318.0,191.20371189660563,293.6045325176233,403.17646000693446
2024-03-26 21:00:00,237,396.0,207.02760975188832,311.98029896068726,401.3446789083859
2024-03-26 22:00:00,237,225.0,200.90836795035852,313.5474291517083,393.17952177579764
2024-03-26 23:00:00,237,70.0,45.964006218260074,88.11714313673077,150.54665356095472
2024-03-27 00:00:00,237,28.0,5.497276875722133,22.786561695060144,44.92094135646229
2024-03-27 01:00:00,237,13.0,9.571626663115612,14.256639749380161,24.02857483438763
2024-03-27 02:00:00,237,1.0,1.8162547731009289,4.1657972513990895,9.351161405261148
2024-03-27 03:00:00,237,1.0,0.1361544436831508,2.673926386401369,6.2791687608954225
2024-03-27 04:00:00,237,3.0,0.23171062725234817,3.765497382682225,9.877173656502858
2024-03-27 05:00:00,237,13.0,6.416710426781652,15.975082571539916,19.630556064848093
2024-03-27 06:00:00,237,41.0,14.534332351934397,43.098906281649626,54.07618464693495
2024-03-27 07:00:00,237,131.0,40.60443878463844,129.2655668508565,230.53849161670567
2024-03-27 08:00:00,237,233.0,104.0389160592171,208.94387834173875,287.8319582916999
2024-03-27 09:00:00,237,294.0,150.07191778302607,233.69406747724625,284.7460449675737
2024-03-27 10:00:00,237,316.0,216.74997353905815,318.21890702794906,359.86860129038934
2024-03-27 11:00:00,237,340.0,227.20021741737457,343.079742232832,384.58747208639795
2024-03-27 12:00:00,237,387.0,242.58353089961975,363.1064246468378,420.14957648489076
2024-03-27 13:00:00,237,381.0,241.92623065944957,367.21859733820264,415.1492432458784
2024-03-27 14:00:00,237,394.0,235.16763041392963,387.60438834291404,453.34425138736856
2024-03-27 15:00:00,237,532.0,246.5632181223893,407.4037937417444,471.8725685503731
2024-03-27 16:00:00,237,396.0,245.46713043494304,404.6122794383035,445.06884120102575
2024-03-27 17:00:00,237,473.0,247.22051836269333,435.0663735218766,503.0540932172851
2024-03-27 18:00:00,237,445.0,246.32070865299963,454.24208372357646,537.4748732497364
2024-03-27 19:00:00,237,336.0,219.70558389379863,335.79345021986046,416.05777438222776
2024-03-27 20:00:00,237,339.0,197.27095733005388,300.13001134205416,362.4593688147203
2024-03-27 21:00:00,237,306.0,208.25547908390521,305.7650111097826,388.33316602804894
2024-03-27 22:00:00,237,152.0,205.6813135841403,317.16725039828884,391.4171858423725
2024-03-27 23:00:00,237,77.0,89.97438309453905,129.94269067730986,201.53250439154712
2024-03-28 00:00:00,237,40.0,19.714483130196705,32.98118405629691,58.67307336782046
2024-03-28 01:00:00,237,13.0,8.345117039824448,14.14042521238498,20.65595519255034
2024-03-28 02:00:00,237,8.0,3.709945992550154,7.232478042313833,10.629797206260594
2024-03-28 03:00:00,237,1.0,1.293244093541247,3.3842228383593116,9.18567685016428
2024-03-28 04:00:00,237,6.0,1.8851152989447735,4.781822159309296,8.76967266090874
2024-03-28 05:00:00,237,13.0,5.394439360868803,14.175219618877454,16.43336724678462
2024-03-28 06:00:00,237,48.0,16.38972356118861,46.53035173452139,61.64781189871141
2024-03-28 07:00:00,237,108.0,37.115350553554975,126.74714046042746,209.04957344573288
2024-03-28 08:00:00,237,213.0,101.69292252945787,206.8365903011534,281.7569052058903
2024-03-28 09:00:00,237,286.0,152.15182597420176,248.39452989533734,309.18423668869656
2024-03-28 10:00:00,237,282.0,232.1957285804482,330.9326348140634,359.707995551842
2024-03-28 11:00:00,237,340.0,242.28329350992556,367.0562478221477,387.82392990981464
2024-03-28 12:00:00,237,407.0,244.12917317401502,376.18839152195915,419.2634503040724
2024-03-28 13:00:00,237,330.0,246.56321812252315,379.26808371015426,417.26479728679533
2024-03-28 14:00:00,237,377.0,246.89322003558974,414.2050539058027,471.9516725909359
2024-03-28 15:00:00,237,383.0,246.5632181223893,397.2233753365495,453.2247332234965
2024-03-28 16:00:00,237,400.0,245.46713043494304,408.70177751303504,450.77392033085476
2024-03-28 17:00:00,237,446.0,247.22051836269333,420.867344182453,482.7195277537977
2024-03-28 18:00:00,237,430.0,246.32070865299963,421.194888768496,498.81033919137394
2024-03-28 19:00:00,237,389.0,219.367386345373,360.901893232268,432.1078649784953
2024-03-28 20:00:00,237,381.0,208.1685651747897,321.4966359356037,361.31809431397596
2024-03-28 21:00:00,237,363.0,219.15308692864105,345.5182383847653,421.1244969055767
2024-03-28 22:00:00,237,266.0,206.14532950246078,338.97804007678127,413.9952816910572
2024-03-28 23:00:00,237,123.0,117.97726047276193,174.23858396533197,249.84881477272162
2024-03-29 00:00:00,237,55.0,46.20887236261898,68.73285076669337,113.6515014150996
2024-03-29 01:00:00,237,28.0,23.18850350213533,28.903031618770843,45.341660090439184
2024-03-29 02:00:00,237,12.0,10.704397861693208,12.492600806827877,19.766526640829436
2024-03-29 03:00:00,237,6.0,2.969675555786043,5.4050251507871705,8.173892082589175
2024-03-29 04:00:00,237,9.0,3.2909904094848703,6.174942510899601,11.532527662489912
2024-03-29 05:00:00,237,8.0,5.358953815723006,11.0414411881517,17.58439221335793
2024-03-29 06:00:00,237,28.0,16.79509554301261,42.15492095455164,58.939997418149964
2024-03-29 07:00:00,237,73.0,38.51474932523802,112.0145272774462,175.35556958642516
2024-03-29 08:00:00,237,141.0,79.95760330031557,164.99282869902575,245.2041876961716
2024-03-29 09:00:00,237,206.0,131.71713827210783,199.2081996083436,246.63670270146932
2024-03-29 10:00:00,237,265.0,163.48304887632136,237.71465970959537,292.639719357766
2024-03-29 11:00:00,237,308.0,211.58498793935524,301.02850988038654,329.9724997165053
2024-03-29 12:00:00,237,315.0,228.01383584608215,340.57941905545783,386.75650162640886
2024-03-29 13:00:00,237,325.0,231.77379246426983,348.7496137766513,377.6544969179507
2024-03-29 14:00:00,237,324.0,235.19513956601472,354.22333608204286,403.7940358203905
2024-03-29 15:00:00,237,343.0,246.5632181223893,383.4124025363184,428.3944303512988
2024-03-29 16:00:00,237,380.0,245.46713043494304,380.0395993192038,411.1978325227025
2024-03-29 17:00:00,237,415.0,235.5224378931183,366.1326267599618,421.95415844343887
2024-03-29 18:00:00,237,416.0,241.68372118992605,373.40871987591976,438.0948079400109
2024-03-29 19:00:00,237,291.0,207.66930587579802,302.9848015649252,376.2479329082663
2024-03-29 20:00:00,237,226.0,196.4704847052147,271.6437743586275,351.55283923334775
2024-03-29 21:00:00,237,195.0,179.3457745096288,255.30526139225134,330.58570950039353
2024-03-29 22:00:00,237,200.0,175.684447775471,251.06386814569296,317.0913308533533
2024-03-29 23:00:00,237,104.0,112.62376162885404,168.2121205613858,220.78676630856208
2024-03-30 00:00:00,237,56.0,30.287704548050996,65.74244082913306,94.48161485276796
2024-03-30 01:00:00,237,27.0,17.910221639828578,31.15465209329346,39.152849747094315
2024-03-30 02:00:00,237,11.0,12.398588686962915,20.153723512454476,25.42306845753916
2024-03-30 03:00:00,237,8.0,5.915920351915742,10.761174320173835,13.517506582250526
2024-03-30 04:00:00,237,9.0,4.812323242857432,6.348044265434813,11.699412910252335
2024-03-30 05:00:00,237,5.0,5.15140522183951,7.242292273538008,13.251602327610817
2024-03-30 06:00:00,237,11.0,11.813716728966307,17.28117296526139,25.950350695317468
2024-03-30 07:00:00,237,23.0,25.66155527620076,37.45022179263404,50.84229389598867
2024-03-30 08:00:00,237,88.0,39.11427534165495,62.41601617816634,65.77251736263018
2024-03-30 09:00:00,237,124.0,74.4029146834017,115.11443518473997,163.8968027077218
2024-03-30 10:00:00,237,173.0,105.14874048748108,165.0825551357564,225.61960296837287
2024-03-30 11:00:00,237,241.0,139.23494191489675,198.5657437053541,245.18526236970513
2024-03-30 12:00:00,237,247.0,186.2738852772429,273.67058554148235,338.4993918982333
2024-03-30 13:00:00,237,249.0,220.30972496810875,312.67636900417244,362.9976833276052
2024-03-30 14:00:00,237,273.0,200.3860462705879,297.80067034420557,336.54606372936126
2024-03-30 15:00:00,237,319.0,221.97525876387314,305.49474012736783,343.5120502447637
2024-03-30 16:00:00,237,310.0,224.15365750516543,325.2415154724652,362.4245305402535
2024-03-30 17:00:00,237,300.0,230.18013087216102,319.4549225999155,363.210538683462
2024-03-30 18:00:00,237,311.0,203.96998164925748,283.17638849190797,336.5208939066062
2024-03-30 19:00:00,237,258.0,175.58932112434854,236.0908045625514,312.0452329816364
2024-03-30 20:00:00,237,296.0,183.31850194784306,217.87758463601836,275.9014522771858
2024-03-30 21:00:00,237,226.0,141.45079057778884,178.74969015297313,253.95674104249088
2024-03-30 22:00:00,237,205.0,159.76198287600002,231.89346552917414,286.55979834012794
2024-03-30 23:00:00,237,126.0,98.844285560892,171.41672167852323,224.662638518516
2024-03-31 00:00:00,237,63.0,39.91831872015601,89.80342143912071,129.69727086807606
2024-03-31 01:00:00,237,20.0,14.788884463688504,31.06022449616476,38.76165661728042
2024-03-31 02:00:00,237,5.0,8.927920487761961,15.360349001814516,20.467241708998074
2024-03-31 03:00:00,237,5.0,3.561330415856981,11.01150458525698,13.465925402309704
2024-03-31 04:00:00,237,11.0,2.97061694625409,5.594878861208823,11.265979042951171
2024-03-31 05:00:00,237,4.0,4.650325902222068,9.58864524336762,17.414708910799494
2024-03-31 06:00:00,237,14.0,12.306867867742715,17.699112741203695,29.711480534010835
2024-03-31 07:00:00,237,37.0,21.86151372838218,34.43071185089762,46.86349031905033
2024-03-31 08:00:00,237,61.0,28.733190521893153,59.820687615369536,70.34995541324002
2024-03-31 09:00:00,237,119.0,65.14591271699118,129.97459505844643,176.05593240987153
2024-03-31 10:00:00,237,196.0,81.86204625164392,147.50888421164223,209.60445262439168
2024-03-31 11:00:00,237,228.0,131.7852525557968,186.63297109440185,238.76559658572612
2024-03-31 12:00:00,237,271.0,173.19597223948006,235.77128014337856,317.3143073525646
2024-03-31 13:00:00,237,318.0,189.62268650933282,264.6715461165995,309.54845742361937
2024-03-31 14:00:00,237,357.0,193.14849271040706,274.0252051625359,324.21410966244883
2024-03-31 15:00:00,237,295.0,200.62581225048913,271.88516593621216,336.69177205631047
2024-03-31 16:00:00,237,260.0,201.49214837413223,291.90715227849495,354.28197042600317
2024-03-31 17:00:00,237,240.0,196.8570866469997,260.13345121697864,317.02557040066637
2024-03-31 18:00:00,237,220.0,188.05461084796482,264.93005703390963,315.812263259395
2024-03-31 19:00:00,237,179.0,148.9958520546787,182.93315035039237,273.1057191388341
2024-03-31 20:00:00,237,185.0,121.2510531150116,142.3572326159888,210.10669464317786
2024-03-31 21:00:00,237,105.0,117.47625906851799,146.00016248545623,221.85205531190329
2024-03-31 22:00:00,237,63.0,88.05971474561129,110.93053838980575,172.86518849607424
2024-03-31 23:00:00,237,28.0,6.698869580709542,23.922922216527265,69.34212210659686
2024-03-18 00:00:00,239,20.0,17.97316421354602,46.42557607144352,85.28645293842295
2024-03-18 01:00:00,239,5.0,0.9818311269852942,10.066650416012097,16.450475029651457
2024-03-18 02:00:00,239,5.0,0.9773891073458557,5.006181633715954,7.110175139474197
2024-03-18 03:00:00,239,2.0,0.0,3.3926769825094407,5.317846301278793
2024-03-18 04:00:00,239,6.0,1.6017476838286948,6.637181514872382,8.062997019630258
2024-03-18 05:00:00,239,24.0,4.996234411100931,14.500343244986935,22.060916254351937
2024-03-18 06:00:00,239,71.0,16.544664102114602,45.1730321177232,64.71743714385114
2024-03-18 07:00:00,239,111.0,39.982357401787155,113.27939054276256,185.47104245690608
2024-03-18 08:00:00,239,188.0,87.1482994194601,151.64037496474396,224.83441010253716
2024-03-18 09:00:00,239,160.0,110.68487361534845,153.02805481844754,199.92575942105785
2024-03-18 10:00:00,239,142.0,141.55105368709167,169.1739109352858,212.45017718200538
2024-03-18 11:00:00,239,178.0,140.7674247918674,174.58792173449822,196.92072220470274
2024-03-18 12:00:00,239,170.0,138.09562076464968,178.64765745448682,217.003370701118
2024-03-18 13:00:00,239,186.0,167.9327723937028,195.52267000941387,223.20799789081155
2024-03-18 14:00:00,239,172.0,168.30778520487294,199.434613000168,231.47427705641516
2024-03-18 15:00:00,239,193.0,166.12352747747468,191.67048819609764,225.11742643774116
2024-03-18 16:00:00,239,171.0,156.5487402889477,179.19647988016123,200.55500546442502
2024-03-18 17:00:00,239,178.0,169.06736703693167,205.45326002736056,257.3879370614258
2024-03-18 18:00:00,239,147.0,158.22969273076566,206.0027109451112,254.35116208446095
2024-03-18 19:00:00,239,126.0,126.92075616634936,170.47526601425176,211.3494739417456
2024-03-18 20:00:00,239,135.0,89.44893901158052,117.00047148011254,146.56626840562032
2024-03-18 21:00:00,239,112.0,67.80680782186045,97.51842570050096,139.33280137253956
2024-03-18 22:00:00,239,66.0,47.189479057372054,76.18520307404627,118.18059124047079
2024-03-18 23:00:00,239,33.0,21.138341784515156,35.26922276424618,62.131278032589115
2024-03-19 00:00:00,239,15.0,4.023397020531375,11.190195707860394,24.69453940711528
2024-03-19 01:00:00,239,3.0,1.3675662889264826,6.443371838820055,12.627208267425639
2024-03-19 02:00:00,239,1.0,0.9101347027069195,3.4700954582694474,6.758009571191786
2024-03-19 03:00:00,239,2.0,0.0,2.587896119335459,6.135594560276992
2024-03-19 04:00:00,239,3.0,0.28572769478998084,3.361402740903244,9.428733132595656
2024-03-19 05:00:00,239,18.0,5.165693727950362,16.601971565729002,19.482728504592167
2024-03-19 06:00:00,239,44.0,17.628574859436256,54.18224126380167,70.47214258681777
2024-03-19 07:00:00,239,152.0,43.402605615048465,135.9639613470188,186.02609290413068
2024-03-19 08:00:00,239,227.0,107.39689346246192,189.2014023591616,241.0686090706886
2024-03-19 09:00:00,239,197.0,142.13892376694818,194.43857303786098,230.37728883026227
2024-03-19 10:00:00,239,171.0,165.41694237627755,187.24498421448789,227.74675171575765
2024-03-19 11:00:00,239,168.0,146.68489567766957,173.84213228028966,222.0662729225397
2024-03-19 12:00:00,239,180.0,151.9171860718878,188.7309409656038,221.89972853107884
2024-03-19 13:00:00,239,202.0,143.25965641053577,174.01643273633942,209.01778828878054
2024-03-19 14:00:00,239,216.0,152.39867836434362,194.19006492203158,219.5996571631345
2024-03-19 15:00:00,239,178.0,163.69761233109176,201.11847284586227,250.5591555705192
2024-03-19 16:00:00,239,154.0,168.46398423270253,202.7512663811147,244.1137956762785
2024-03-19 17:00:00,239,183.0,158.949186928162,208.56713808837472,263.17228549452295
2024-03-19 18:00:00,239,198.0,146.22813233419376,199.35436637422407,264.87120512266443
2024-03-19 19:00:00,239,189.0,127.81445019478156,164.5274475190705,231.16354300025347
2024-03-19 20:00:00,239,153.0,100.91489932891986,132.38695158892403,189.2070315353655
2024-03-19 21:00:00,239,215.0,114.86399649330174,165.66749964441868,239.16208304947594
2024-03-19 22:00:00,239,182.0,87.54466236438755,131.77802512413876,187.4163628330009
2024-03-19 23:00:00,239,74.0,57.68792648720462,89.46668770547282,137.6435581508044
2024-03-20 00:00:00,239,20.0,10.526943840354187,20.621510570630146,42.724827559130084
2024-03-20 01:00:00,239,10.0,5.688648075021613,11.30565442683965,16.21340996237992
2024-03-20 02:00:00,239,4.0,1.6108674650592167,3.8639044485756537,9.303529225555447
2024-03-20 03:00:00,239,2.0,0.01222557212418992,2.0721633018764654,6.841285252689322
2024-03-20 04:00:00,239,7.0,0.6602771523292019,4.207736733889315,9.07695697856824
2024-03-20 05:00:00,239,14.0,6.1832263180567555,17.546088020637175,21.818201331174482
2024-03-20 06:00:00,239,50.0,20.79224969135783,61.41678526883093,78.73091441895133
2024-03-20 07:00:00,239,156.0,49.40265986818429,141.01727615261606,193.35190262852026
2024-03-20 08:00:00,239,240.0,120.52903700203487,203.9780411065841,264.50463616360435
2024-03-20 09:00:00,239,173.0,160.45787665798667,206.98790832437172,244.89730720691554
2024-03-20 10:00:00,239,179.0,160.18633091797207,187.22398177198468,218.97057946041977
2024-03-20 11:00:00,239,185.0,152.66931372188625,181.21039111476978,210.87971313997764
2024-03-20 12:00:00,239,203.0,153.80845165675262,194.64460367666294,225.60472018144802
2024-03-20 13:00:00,239,184.0,157.11124127462568,191.39674100856007,225.67691869612707
2024-03-20 14:00:00,239,199.0,160.7736106665186,201.95521987940515,235.54266859295325
2024-03-20 15:00:00,239,187.0,170.79698981952615,208.69902289731556,244.13942468025843
2024-03-20 16:00:00,239,220.0,159.41629209798268,191.65483869143645,232.21351404860923
2024-03-20 17:00:00,239,252.0,154.45599857502245,204.81833147153506,263.5336630996699
2024-03-20 18:00:00,239,189.0,171.40071863928236,222.2652976759967,293.3335196617772
2024-03-20 19:00:00,239,227.0,146.11289589694277,199.6048104237804,255.2777936537003
2024-03-20 20:00:00,239,173.0,130.0351299305285,174.6608148482157,209.65360251446023
2024-03-20 21:00:00,239,220.0,128.82445787150124,179.96037198080046,241.74430016743227
2024-03-20 22:00:00,239,169.0,126.23916694147285,166.75954011876885,238.03872107042295
2024-03-20 23:00:00,239,63.0,66.84367425966254,95.18398771251168,152.45353956966733
2024-03-21 00:00:00,239,20.0,12.872234584011677,23.903686350217427,46.36816794560954
2024-03-21 01:00:00,239,6.0,4.894565049413576,9.129276185505471,16.177835051668144
2024-03-21 02:00:00,239,5.0,3.26207472652309,6.868469209753649,8.670864801557862
2024-03-21 03:00:00,239,1.0,0.0,2.1296031166899665,7.035774135895485
2024-03-21 04:00:00,239,9.0,3.3651496677074224,6.542137018987191,10.414787402823256
2024-03-21 05:00:00,239,19.0,5.517698041260535,17.583902387198876,26.457502376296127
2024-03-21 06:00:00,239,62.0,20.180399331155787,62.335400918482804,85.34419394808555
2024-03-21 07:00:00,239,166.0,46.976421218079665,137.84184739936433,197.09421163731466
2024-03-21 08:00:00,239,236.0,121.03819246241031,202.38572989519474,248.51006199083113
2024-03-21 09:00:00,239,200.0,166.37438026561748,216.89054298714692,249.82885391048922
2024-03-21 10:00:00,239,179.0,170.21235897149617,200.04470174579498,227.2927011250976
2024-03-21 11:00:00,239,178.0,157.9080495905663,186.38061006191649,213.56857775458818
2024-03-21 12:00:00,239,171.0,160.41734367830287,202.24608041208975,228.9106919572355
2024-03-21 13:00:00,239,202.0,166.18893486370166,199.76376414935137,232.43930984003663
2024-03-21 14:00:00,239,195.0,159.99553330864666,202.3096147749489,229.45936294164014
2024-03-21 15:00:00,239,198.0,159.09662901435172,202.23509924153038,237.87898718564657
2024-03-21 16:00:00,239,180.0,162.78037693873645,205.87586051270608,242.78999685970774
2024-03-21 17:00:00,239,196.0,170.62347795208072,212.0378421935529,267.02688626310703
2024-03-21 18:00:00,239,223.0,180.44626795759234,232.1144210215022,297.4195981229142
2024-03-21 19:00:00,239,186.0,167.87388649631635,229.93571150990184,272.2035659110741
2024-03-21 20:00:00,239,164.0,165.29750533783766,207.45826776236586,235.26665070920032
2024-03-21 21:00:00,239,204.0,137.7954259305083,183.6665421982896,244.30053781720292
2024-03-21 22:00:00,239,130.0,135.56157686468802,197.04662307510662,254.58398244153437
2024-03-21 23:00:00,239,56.0,105.08882013442815,154.91193368290064,197.7575430771992
2024-03-22 00:00:00,239,31.0,28.835390916158243,38.71535620543629,63.79520971342358
2024-03-22 01:00:00,239,6.0,10.425951011091147,15.107536589133398,25.799881252108182
2024-03-22 02:00:00,239,5.0,2.2963083065738386,5.552318593799471,9.227225476109659
2024-03-22 03:00:00,239,4.0,1.8072345549601134,4.229186715275682,9.08052484440986
2024-03-22 04:00:00,239,7.0,3.2599615021317403,6.745787004225469,11.504156031625385
2024-03-22 05:00:00,239,20.0,5.440690169799158,16.395356099146124,25.451982028375603
2024-03-22 06:00:00,239,58.0,19.498244717859365,55.306153025758725,68.08572548933113
2024-03-22 07:00:00,239,115.0,52.3132488859559,124.64067199496877,172.79464397506973
2024-03-22 08:00:00,239,177.0,113.0637151710985,174.17341315674275,222.86495173774233
2024-03-22 09:00:00,239,175.0,147.27233061356188,182.89046781966567,204.1278718982706
2024-03-22 10:00:00,239,174.0,155.83125445608465,186.30942236180422,218.2025847895722
2024-03-22 11:00:00,239,186.0,152.66931372188625,184.15357237157284,210.5686547202007
2024-03-22 12:00:00,239,208.0,160.41734367830287,200.22143733971023,225.8883423726206
2024-03-22 13:00:00,239,185.0,167.8372797409886,202.336730643506,245.267104401041
2024-03-22 14:00:00,239,208.0,173.7271516486515,219.20246835763206,250.90411865951583
2024-03-22 15:00:00,239,208.0,166.24396878215205,209.84609033661047,245.85774048127865
2024-03-22 16:00:00,239,199.0,170.56935842250078,206.4194394396303,241.63233848443983
2024-03-22 17:00:00,239,208.0,169.76087144828688,217.66118752606442,267.38382246424493
2024-03-22 18:00:00,239,225.0,172.39747896415466,225.47661039208745,291.3103645673995
2024-03-22 19:00:00,239,205.0,156.3997078609755,197.5910115191261,240.91787900829007
2024-03-22 20:00:00,239,160.0,136.34679245339882,163.98355746815147,205.89341253789618
2024-03-22 21:00:00,239,206.0,125.33236503268807,158.0792269716249,213.413470188163
2024-03-22 22:00:00,239,139.0,112.25524246379507,156.75352906747324,216.19767257822255
2024-03-22 23:00:00,239,109.0,83.58796824739399,118.71786076700609,177.08108145301668
2024-03-23 00:00:00,239,66.0,54.689474781223964,94.91146082750818,123.41995075323648
2024-03-23 01:00:00,239,28.0,20.077491158080857,37.211315199430025,44.07876525055246
2024-03-23 02:00:00,239,19.0,12.270371571090712,16.892055711407863,27.611965550478363
2024-03-23 03:00:00,239,11.0,5.1342718830729215,8.738701403965816,14.453509018791983
2024-03-23 04:00:00,239,12.0,4.752475496333662,9.173957794840307,15.451509231089569
2024-03-23 05:00:00,239,10.0,6.394749072492106,7.27607257301606,17.11717807168051
2024-03-23 06:00:00,239,22.0,18.966000155541746,30.930882233745987,39.748858701055546
2024-03-23 07:00:00,239,32.0,35.55333432599246,50.721087275340984,58.670946730016475
2024-03-23 08:00:00,239,73.0,60.76820330135717,85.9352574377097,116.71224412500972
2024-03-23 09:00:00,239,119.0,86.61160121195292,122.42310982927448,162.5882709808206
2024-03-23 10:00:00,239,177.0,117.53173964081846,166.83135960528116,205.09469740986532
2024-03-23 11:00:00,239,238.0,135.5590462960543,179.2575089403658,217.57676663372476
2024-03-23 12:00:00,239,272.0,154.0113932871315,204.4898865077967,271.5083930382918
2024-03-23 13:00:00,239,307.0,172.21682269363413,212.5723234016894,283.0673484620572
2024-03-23 14:00:00,239,321.0,174.23241592845577,224.809006135624,262.586800083283
2024-03-23 15:00:00,239,384.0,189.15306292090756,232.89031153723806,310.5039151134787
2024-03-23 16:00:00,239,310.0,188.3425176852902,230.7984879324927,310.6999390803913
2024-03-23 17:00:00,239,303.0,188.24736075366994,252.85425257929668,328.0985256743552
2024-03-23 18:00:00,239,202.0,188.9105534515179,236.17540819826215,301.18664249185287
2024-03-23 19:00:00,239,222.0,166.41349012378433,226.63943920019662,299.62578571929186
2024-03-23 20:00:00,239,262.0,138.6253626528471,174.30785070420023,220.23476723741678
2024-03-23 21:00:00,239,221.0,132.88474485491452,179.33798987941472,243.63454101470208
2024-03-23 22:00:00,239,194.0,133.98484649128193,193.36858507075613,278.7158180707043
2024-03-23 23:00:00,239,150.0,109.39580369881536,158.26214511762595,247.57272615682416
2024-03-24 00:00:00,239,104.0,61.507934732787284,105.8630963796111,158.2051146854284
2024-03-24 01:00:00,239,54.0,24.472307783571488,45.07760743267345,61.55643757392104
2024-03-24 02:00:00,239,10.0,11.965858265150546,21.75980030660612,30.969900453637784
2024-03-24 03:00:00,239,8.0,6.36836837708769,14.291543182393907,19.39092628455932
2024-03-24 04:00:00,239,10.0,3.9798918108640104,11.650344286039086,16.356895183534718
2024-03-24 05:00:00,239,9.0,4.4529355700326665,7.902014382585376,17.19170755829816
2024-03-24 06:00:00,239,28.0,15.318355653543955,21.67132163470383,33.95458404824063
2024-03-24 07:00:00,239,33.0,29.248140109262145,54.107379692293314,64.14733594835636
2024-03-24 08:00:00,239,57.0,37.72472979299903,67.52710469276514,88.26334896519498
2024-03-24 09:00:00,239,129.0,61.39769674233654,113.45408894318588,153.18532432749723
2024-03-24 10:00:00,239,187.0,99.30833002415902,148.44953809878118,191.57919759703915
2024-03-24 11:00:00,239,218.0,133.72016505077028,167.13269233294048,211.93246453028988
2024-03-24 12:00:00,239,241.0,172.92575078488036,210.15603152310078,270.20474300983557
2024-03-24 13:00:00,239,243.0,186.480791467312,225.98400279135922,278.95578869942904
2024-03-24 14:00:00,239,233.0,189.85575675595663,233.38578197505743,295.0880813261395
2024-03-24 15:00:00,239,236.0,192.553500898096,234.66002383394647,297.9470104406473
2024-03-24 16:00:00,239,209.0,182.5089641619305,214.677703084223,276.5306688825149
2024-03-24 17:00:00,239,205.0,184.95317028260814,231.08545175000728,288.4804283131166
2024-03-24 18:00:00,239,159.0,174.4759648782955,212.91306181069262,262.81637230224817
2024-03-24 19:00:00,239,165.0,110.80668690001498,148.2793115359083,201.4694201240619
2024-03-24 20:00:00,239,129.0,100.35590076330539,123.95219439860274,152.64150288527193
2024-03-24 21:00:00,239,108.0,103.25534387451853,122.44659872465948,184.18662791189584
2024-03-24 22:00:00,239,42.0,57.45738624903284,77.77881126867912,142.95249055464402
2024-03-24 23:00:00,239,23.0,11.69538159478673,30.023901511977233,79.08244115649411
2024-03-25 00:00:00,239,19.0,1.1287428249924758,14.46646607394841,33.530310488755276
2024-03-25 01:00:00,239,6.0,0.9981843924427768,9.412737285804054,15.534275858527552
2024-03-25 02:00:00,239,4.0,0.7934489398844198,4.576350631087227,6.7257045960478505
2024-03-25 03:00:00,239,2.0,1.0393045025765708,3.1538895892216754,4.8999857655673535
2024-03-25 04:00:00,239,10.0,1.8518818223125797,6.484957502037495,7.339773457032984
2024-03-25 05:00:00,239,18.0,4.995711567739627,14.503234110650794,22.71744611744758
2024-03-25 06:00:00,239,46.0,16.80576237363973,48.75509395090611,72.81948537298683
2024-03-25 07:00:00,239,135.0,44.51615614970727,121.9210689841204,187.86347306058013
2024-03-25 08:00:00,239,208.0,72.40734799417517,140.35905643321266,213.37281913020752
2024-03-25 09:00:00,239,170.0,108.03342936403438,163.5843912697098,194.6375063621102
2024-03-25 10:00:00,239,154.0,140.28469721200975,168.43195212684577,209.488433775497
2024-03-25 11:00:00,239,172.0,143.9629279320319,165.52174869508485,197.99092795696757
2024-03-25 12:00:00,239,192.0,149.37218894050267,184.07772136661453,217.3346754137296
2024-03-25 13:00:00,239,179.0,161.69183107919199,187.4030611826801,214.252080851646
2024-03-25 14:00:00,239,170.0,167.03861760349758,204.51098756224306,233.92184138373494
2024-03-25 15:00:00,239,164.0,161.77530016707186,188.2485586949525,214.66459303424645
2024-03-25 16:00:00,239,158.0,166.223866772499,181.66459231936489,210.0241984833757
2024-03-25 17:00:00,239,195.0,150.96962084972844,193.2604359443916,230.40261732436335
2024-03-25 18:00:00,239,148.0,149.43644417981776,195.15118381384033,241.658332855549
2024-03-25 19:00:00,239,110.0,104.86176567103107,133.60130938955024,188.6545662744862
2024-03-25 20:00:00,239,121.0,83.37255932889681,110.92505999526513,144.8261154932717
2024-03-25 21:00:00,239,128.0,82.41805729467161,125.43449635858771,160.66848417323806
2024-03-25 22:00:00,239,58.0,56.300952962863555,79.50100567836913,133.13456922792068
2024-03-25 23:00:00,239,33.0,19.685704227487616,32.21674575417882,58.19055793073412
2024-03-26 00:00:00,239,9.0,8.557508002731407,14.362417458628398,30.028752998955483
2024-03-26 01:00:00,239,7.0,2.819479745074216,7.429735552656675,13.885071351207463
2024-03-26 02:00:00,239,1.0,0.0,2.207131014728996,4.693326771034344
2024-03-26 03:00:00,239,1.0,0.0,2.5593274404863067,5.580211558282796
2024-03-26 04:00:00,239,8.0,2.2580203503281413,4.987015349399464,9.308292636101898
2024-03-26 05:00:00,239,20.0,4.432786438316231,16.352093975150474,17.757554240025417
2024-03-26 06:00:00,239,42.0,18.77376278903062,57.32672259210984,65.81428820671634
2024-03-26 07:00:00,239,105.0,37.409412081553356,124.3982145611088,180.74210627812346
2024-03-26 08:00:00,239,221.0,110.201444224054,189.12169914670963,237.20098915270108
2024-03-26 09:00:00,239,204.0,137.07863608763043,177.81047862855655,210.59613917693747
2024-03-26 10:00:00,239,167.0,165.41694237627755,187.17759625549985,227.67023411327628
2024-03-26 11:00:00,239,162.0,153.25205600675093,180.8270047091563,220.35326557042643
2024-03-26 12:00:00,239,187.0,146.5482896486446,183.70178911118927,221.47380370400637
2024-03-26 13:00:00,239,164.0,144.9944539614816,178.94997112902465,216.46358009639772
2024-03-26 14:00:00,239,212.0,162.01760725520202,201.46975132553138,233.66869425678374
2024-03-26 15:00:00,239,212.0,154.4042804768081,188.32937762092106,222.77326225336762
2024-03-26 16:00:00,239,192.0,161.7233294512395,190.2418501274357,231.74081887041322
2024-03-26 17:00:00,239,184.0,160.51179100469474,201.01156868667204,246.9307062808457
2024-03-26 18:00:00,239,190.0,156.6901773378567,205.44161004564825,273.20725374656314
2024-03-26 19:00:00,239,132.0,128.62748703125186,164.5274475190705,220.68215747532662
2024-03-26 20:00:00,239,155.0,108.29888550709771,141.61122954132733,193.12491029209673
2024-03-26 21:00:00,239,151.0,94.35448791439893,142.28001581606426,196.02221862677234
2024-03-26 22:00:00,239,112.0,105.86263624306353,142.14438081538782,214.0547032144877
2024-03-26 23:00:00,239,34.0,61.7351538311176,87.2402104307908,127.63826316315821
2024-03-27 00:00:00,239,13.0,19.299923270206488,25.202350970726386,51.70554492546821
2024-03-27 01:00:00,239,4.0,4.041364465190608,7.766055341820691,13.07269875025551
2024-03-27 02:00:00,239,11.0,2.6443227135038962,3.6255124897601205,9.090568454123462
2024-03-27 03:00:00,239,2.0,0.0,1.738022516709751,7.590457807047149
2024-03-27 04:00:00,239,5.0,2.2281181436168684,5.88131483362556,9.291098609598546
2024-03-27 05:00:00,239,14.0,5.555608341063692,17.696699736251524,24.47919405421573
2024-03-27 06:00:00,239,55.0,18.275191661331004,54.093243464076025,72.23372644631628
2024-03-27 07:00:00,239,131.0,41.74571530852559,131.2786716689618,192.40903806610564
2024-03-27 08:00:00,239,227.0,106.24738095241634,186.66320470172428,252.9032876199185
2024-03-27 09:00:00,239,202.0,154.28556921165688,198.21244224898436,235.50597175283934
2024-03-27 10:00:00,239,176.0,166.54766259950992,184.23840815351957,213.83113765151688
2024-03-27 11:00:00,239,182.0,157.9080495905663,184.53925022826783,222.99355052504177
2024-03-27 12:00:00,239,189.0,154.63502183651008,196.28519176139397,230.92951658277786
2024-03-27 13:00:00,239,179.0,160.18481791661634,196.7667865215212,231.02988176899632
2024-03-27 14:00:00,239,218.0,157.41662393846198,199.2902059372906,231.93500688049738
2024-03-27 15:00:00,239,195.0,167.543641690706,201.9996430730387,239.05040909797856
2024-03-27 16:00:00,239,282.0,173.35200493016825,202.48756995080856,237.1807361781739
2024-03-27 17:00:00,239,270.0,167.4132980723005,224.44415898534012,282.31351046528914
2024-03-27 18:00:00,239,251.0,186.23792259222697,233.06732611523324,333.64920145750125
2024-03-27 19:00:00,239,161.0,140.0654190315152,174.95697357373433,237.25194781476918
2024-03-27 20:00:00,239,148.0,122.46909945507176,168.4878813735618,225.4468400170745
2024-03-27 21:00:00,239,135.0,118.76529309973819,168.25632848649695,224.36117879428627
2024-03-27 22:00:00,239,85.0,112.46429575487345,158.59478794614088,223.28263325691972
2024-03-27 23:00:00,239,36.0,69.52164052181323,96.54306899135045,144.97050826930084
2024-03-28 00:00:00,239,22.0,19.600061686847805,23.525461268444033,44.162082085691246
2024-03-28 01:00:00,239,10.0,4.208426115265874,8.157316319598971,13.74943345185653
2024-03-28 02:00:00,239,6.0,1.268406620889827,4.355117557889961,7.693513732078853
2024-03-28 03:00:00,239,2.0,1.4979699423901343,3.5016946312225294,5.850482165704516
2024-03-28 04:00:00,239,9.0,0.6649807027662282,4.85276979798602,9.132683507438538
2024-03-28 05:00:00,239,19.0,7.1928238013802215,17.779700030049547,26.703760229224535
2024-03-28 06:00:00,239,71.0,18.38224124967771,55.7341075413703,64.91416087257979
2024-03-28 07:00:00,239,150.0,52.34695524288129,147.0475720624505,200.7675552397138
2024-03-28 08:00:00,239,246.0,115.04284664445605,197.91036551845832,244.55067303861668
2024-03-28 09:00:00,239,236.0,158.20611289435624,206.3586927703928,239.50710773090307
2024-03-28 10:00:00,239,201.0,168.66126363647092,201.84891719326555,226.17201112771804
2024-03-28 11:00:00,239,185.0,164.1277239140758,190.216024932981,224.8564738155717
2024-03-28 12:00:00,239,266.0,159.85133120006319,198.2373214255989,234.73557423806238
2024-03-28 13:00:00,239,267.0,157.11124127462568,190.4069190104901,217.88200985988973
2024-03-28 14:00:00,239,294.0,175.1767424680774,223.9960550989142,257.660094739089
2024-03-28 15:00:00,239,264.0,186.92736592286107,221.52969151044286,274.10928225425016
2024-03-28 16:00:00,239,324.0,177.81069499133608,221.91041043821872,261.0284482823421
2024-03-28 17:00:00,239,327.0,180.04512706504,222.16284360777118,290.1914537149369
2024-03-28 18:00:00,239,298.0,196.29764351896543,242.9820151233063,320.38250785253285
2024-03-28 19:00:00,239,244.0,170.46559525141078,216.6817473605315,265.0742055082769
2024-03-28 20:00:00,239,211.0,130.56649380838869,170.3396037173554,216.0510182461737
2024-03-28 21:00:00,239,210.0,129.83631119034777,184.10714892429633,234.55987944751
2024-03-28 22:00:00,239,164.0,119.04394111965412,154.9772781595267,228.76395993713754
2024-03-28 23:00:00,239,72.0,49.21252187050877,77.4860191016897,124.23893880002458
2024-03-29 00:00:00,239,47.0,17.193210127851245,24.506885604265573,45.88352315531297
2024-03-29 01:00:00,239,17.0,9.328259535355649,13.156902528098152,25.52471166518815
2024-03-29 02:00:00,239,3.0,3.100668026603474,6.016033886462373,9.961064289490134
2024-03-29 03:00:00,239,3.0,1.8686553802645338,4.8889804466944895,9.944472116312646
2024-03-29 04:00:00,239,13.0,2.5116167538054612,6.625350398786886,13.382426540858768
2024-03-29 05:00:00,239,25.0,5.896261407624812,18.440539259416965,29.06629044051935
2024-03-29 06:00:00,239,52.0,20.48040172406924,56.542354379637544,74.87800052842202
2024-03-29 07:00:00,239,73.0,54.83473394820189,128.25808838563205,177.13429643207812
2024-03-29 08:00:00,239,137.0,105.89115775686105,166.8725130246952,212.16477040686928
2024-03-29 09:00:00,239,139.0,136.70168892538604,175.08722798079833,194.74113836088236
2024-03-29 10:00:00,239,171.0,148.65421477861085,173.93244594282828,199.23574736969488
2024-03-29 11:00:00,239,204.0,144.01890167981932,173.39771454239008,197.88779622542782
2024-03-29 12:00:00,239,212.0,157.93726370904798,198.82331720802557,225.89192062128163
2024-03-29 13:00:00,239,232.0,182.46764384609847,210.9137979616925,248.39026177453482
2024-03-29 14:00:00,239,257.0,179.83400554035845,213.31881810804876,245.7157460902106
2024-03-29 15:00:00,239,235.0,187.37796145111236,226.42886172611068,275.71314135535096
2024-03-29 16:00:00,239,257.0,184.26656210436306,223.40847121289622,261.71108959043823
2024-03-29 17:00:00,239,237.0,186.37205183585078,228.53953006871194,284.25889973942714
2024-03-29 18:00:00,239,229.0,187.1354519817227,232.57366009318244,302.2487777499365
2024-03-29 19:00:00,239,222.0,160.90009183615604,209.89940602183214,248.37846272097974
2024-03-29 20:00:00,239,193.0,140.3160368316215,157.11719109960544,204.49208833780443
2024-03-29 21:00:00,239,249.0,137.12042477020663,173.69617962090845,227.04056107390957
2024-03-29 22:00:00,239,172.0,133.5836147715605,177.2529923748157,249.44403551872665
2024-03-29 23:00:00,239,123.0,72.10338526977682,102.06841426654715,158.6908427119422
2024-03-30 00:00:00,239,86.0,35.29497728482035,64.63646412121277,100.72193140900139
2024-03-30 01:00:00,239,31.0,22.57945369538104,39.522594206866266,46.93423534963552
2024-03-30 02:00:00,239,19.0,9.345499467486967,17.44062208946591,21.68605350625838
2024-03-30 03:00:00,239,9.0,3.92348589659484,8.903681542980044,14.467245280872868
2024-03-30 04:00:00,239,20.0,4.049594437681498,8.899030802806097,15.613244514471646
2024-03-30 05:00:00,239,7.0,6.280231037471118,10.832860283203168,19.533182575335097
2024-03-30 06:00:00,239,14.0,16.87159593566611,23.190733409737888,37.57877807180394
2024-03-30 07:00:00,239,25.0,32.238373927499445,46.390224635338264,58.43467998361585
2024-03-30 08:00:00,239,67.0,47.28967635670683,68.40529925232983,84.45862909192608
2024-03-30 09:00:00,239,113.0,80.28054710989224,120.77427047852557,162.6171357455421
2024-03-30 10:00:00,239,159.0,101.52860439203755,154.83971568322264,200.2920973217848
2024-03-30 11:00:00,239,158.0,132.43246749157356,178.7325408829731,222.87539027029817
2024-03-30 12:00:00,239,184.0,163.9222291723238,212.5535505700702,293.2135833733728
2024-03-30 13:00:00,239,227.0,181.1825186537789,220.31231297510035,285.1793723353326
2024-03-30 14:00:00,239,195.0,205.3045114099298,246.305671520886,285.7901754046471
2024-03-30 15:00:00,239,223.0,216.26750346207965,264.8676786192681,297.6502412705768
2024-03-30 16:00:00,239,203.0,219.11386998582526,269.68932149044576,306.12291943977925
2024-03-30 17:00:00,239,235.0,217.0371628304019,263.8643411525957,309.58787912822123
2024-03-30 18:00:00,239,207.0,206.4203240462045,253.10809800777182,310.66819380406184
2024-03-30 19:00:00,239,201.0,150.1870394080453,193.922096221533,250.64483183181022
2024-03-30 20:00:00,239,243.0,145.1755057143887,178.63140340874565,216.217175759401
2024-03-30 21:00:00,239,258.0,146.59500300489483,206.364537542186,268.64436938942646
2024-03-30 22:00:00,239,146.0,149.92605891141997,216.8507804679041,265.36280204444773
2024-03-30 23:00:00,239,123.0,94.98201952265697,145.5514606829727,213.84175757901306
2024-03-31 00:00:00,239,84.0,49.78178392633347,86.02921117397479,121.58096749820636
2024-03-31 01:00:00,239,39.0,27.612290104559214,50.31533969269799,78.63134581559194
2024-03-31 02:00:00,239,12.0,15.379426483619405,23.747461642021104,34.901955945950746
2024-03-31 03:00:00,239,8.0,2.5547216174968423,8.547572358282578,13.929313930724526
2024-03-31 04:00:00,239,9.0,2.1356034079335102,6.684421746123156,11.818953343415108
2024-03-31 05:00:00,239,7.0,4.468635853805386,9.655439939574926,17.857564408121945
2024-03-31 06:00:00,239,18.0,12.866397960112023,18.623283943172012,28.858452264728083
2024-03-31 07:00:00,239,26.0,24.56069466500961,45.281071585360436,55.02841995046153
2024-03-31 08:00:00,239,62.0,34.77231848946801,59.41611990954527,80.11208469080171
2024-03-31 09:00:00,239,79.0,52.49635220545985,99.74753023977175,136.99546759787563
2024-03-31 10:00:00,239,176.0,95.98366164649413,144.94360127926564,182.29629786038183
2024-03-31 11:00:00,239,181.0,123.96821097308691,163.00959683597318,207.63650868091293
2024-03-31 12:00:00,239,235.0,160.6588663257863,202.5440572569498,258.7860058840545
2024-03-31 13:00:00,239,227.0,163.7273745922067,201.70017962111967,270.6378089853179
2024-03-31 14:00:00,239,218.0,182.4984105509195,225.6913186143821,268.11562970541326
2024-03-31 15:00:00,239,215.0,173.64110410691262,213.24268975401262,263.5250192895514
2024-03-31 16:00:00,239,199.0,180.2092904160165,211.2135922113962,271.5321948818499
2024-03-31 17:00:00,239,177.0,172.40750297563628,217.5202438003675,269.0041099679339
2024-03-31 18:00:00,239,155.0,168.92518579731416,206.09077843043661,263.31037898188293
2024-03-31 19:00:00,239,132.0,108.5610827775595,142.31247422372823,188.55371687146115
2024-03-31 20:00:00,239,137.0,102.17902245144842,130.15169060525992,168.47999796878855
2024-03-31 21:00:00,239,91.0,93.94177282302061,112.3309589362842,162.8442214045696
2024-03-31 22:00:00,239,45.0,69.33296115279198,85.08134841962053,151.5743612245998
2024-03-31 23:00:00,239,18.0,7.342725614523157,23.869642981996627,68.43445940183607
2024-03-18 00:00:00,249,48.0,37.820741096635025,66.86483065708256,127.71488661510953
2024-03-18 01:00:00,249,35.0,10.949864164561479,31.85672882770082,47.193924751205905
2024-03-18 02:00:00,249,24.0,6.883658478934673,21.342302882274108,37.173177574011966
2024-03-18 03:00:00,249,11.0,1.415735511330302,11.455041640411258,22.323665403440693
2024-03-18 04:00:00,249,13.0,0.0,5.480116044936145,13.435792079053966
2024-03-18 05:00:00,249,12.0,1.9184781609882082,5.853866056122034,33.4833927415431
2024-03-18 06:00:00,249,26.0,7.435284668696052,15.739265647787528,29.952424789058632
2024-03-18 07:00:00,249,50.0,17.22121507435258,44.20461193373323,65.05181104295383
2024-03-18 08:00:00,249,68.0,33.56230632786539,67.75603579126147,104.14808911023441
2024-03-18 09:00:00,249,56.0,45.67725167641375,68.68793458520246,98.67408567692317
2024-03-18 10:00:00,249,56.0,50.26127618119448,77.69921622870146,78.15708225774043
2024-03-18 11:00:00,249,57.0,42.23690521952271,61.68864364184754,76.38113589542021
2024-03-18 12:00:00,249,58.0,46.54977499027741,72.07748770305514,80.47371713805954
2024-03-18 13:00:00,249,63.0,47.60095899123862,69.45127115930828,76.60214137143173
2024-03-18 14:00:00,249,56.0,55.58120718772324,76.20699722630343,89.30121535039329
2024-03-18 15:00:00,249,45.0,52.03778250483828,69.23861659274118,90.8817267258057
2024-03-18 16:00:00,249,58.0,56.618936156234156,69.7616546321435,87.13042220336808
2024-03-18 17:00:00,249,72.0,54.714287783572225,70.24067716632322,92.98690260797196
2024-03-18 18:00:00,249,52.0,49.73087219649355,76.57075631474082,102.31797828504546
2024-03-18 19:00:00,249,99.0,46.66259120920236,73.26795422343223,89.77508920266668
2024-03-18 20:00:00,249,117.0,47.409253988132,72.02675281088455,91.64152732555385
2024-03-18 21:00:00,249,179.0,79.2859892904525,125.09508192571334,160.86142817886721
2024-03-18 22:00:00,249,119.0,78.18073947399047,131.2776887065106,173.5689424565011
2024-03-18 23:00:00,249,83.0,61.60403074315983,109.91784830737744,164.45477719907169
2024-03-19 00:00:00,249,50.0,27.4340428066274,56.08658616900066,89.64570626629057
2024-03-19 01:00:00,249,30.0,15.59025041262776,29.842789589442326,43.56227772739483
2024-03-19 02:00:00,249,16.0,10.304351722387393,19.85033406424961,29.172420288629258
2024-03-19 03:00:00,249,7.0,7.406597447263789,14.015287334303268,19.469664540360004
2024-03-19 04:00:00,249,4.0,2.8692295483613504,6.626151293701556,12.119303233625747
2024-03-19 05:00:00,249,5.0,1.609948389908431,4.192582177721183,18.423702704560842
2024-03-19 06:00:00,249,31.0,9.041337691498633,21.678960362248663,31.05070640185836
2024-03-19 07:00:00,249,66.0,17.92283237987363,45.19226189957283,61.6971143976611
2024-03-19 08:00:00,249,77.0,36.47924739658749,82.24156467081657,104.50417557100377
2024-03-19 09:00:00,249,77.0,65.75890471783134,92.0495995435459,116.31475600613467
2024-03-19 10:00:00,249,53.0,52.04470497217897,74.93005994168897,83.90087583264393
2024-03-19 11:00:00,249,48.0,55.09531416800602,79.00413356107066,89.29456455989933
2024-03-19 12:00:00,249,72.0,45.298265051918456,65.17867360650415,79.08611243267188
2024-03-19 13:00:00,249,63.0,45.037021716154264,64.27019040093043,81.32792269075601
2024-03-19 14:00:00,249,63.0,47.38384899943494,72.46326276473978,92.07015666308249
2024-03-19 15:00:00,249,55.0,49.016204780718624,68.39833327429074,89.55631062906265
2024-03-19 16:00:00,249,58.0,46.233391184366916,67.29131349657307,85.68674777306984
2024-03-19 17:00:00,249,74.0,43.853298097364515,72.77240509791605,98.74919905040889
2024-03-19 18:00:00,249,122.0,50.40081876245812,92.22558198693987,133.66198673987404
2024-03-19 19:00:00,249,120.0,58.91896338964123,94.50494116778437,142.9372859534895
2024-03-19 20:00:00,249,193.0,73.5516696847314,140.0343421141465,191.1522731814727
2024-03-19 21:00:00,249,223.0,99.59067256969793,183.37885737720163,235.40704689077702
2024-03-19 22:00:00,249,177.0,138.00790475981944,259.2014819125159,320.6933712880172
2024-03-19 23:00:00,249,125.0,92.22588224730661,179.78717250007762,260.1633209972727
2024-03-20 00:00:00,249,64.0,60.53044139781387,110.87472525196037,147.9312100051954
2024-03-20 01:00:00,249,30.0,28.35727249805951,42.96483224372712,73.30728837063586
2024-03-20 02:00:00,249,18.0,17.636031306604373,26.938055619405542,35.287163832694844
2024-03-20 03:00:00,249,11.0,8.452901581036338,14.049726459478103,22.234393558616265
2024-03-20 04:00:00,249,8.0,2.0876036594901812,5.409876421989214,11.471191980356405
2024-03-20 05:00:00,249,3.0,1.6526909842797353,5.188783135813549,12.950345509219224
2024-03-20 06:00:00,249,19.0,9.556631931875604,21.36460842748961,38.80063874698574
2024-03-20 07:00:00,249,58.0,20.252183996979685,51.22078472499719,69.81525141406034
2024-03-20 08:00:00,249,85.0,51.70297310767758,93.38261998662344,122.40829124001257
2024-03-20 09:00:00,249,84.0,64.95532421939262,86.45903515801324,108.64058230009285
2024-03-20 10:00:00,249,64.0,66.44207202623895,92.5760723831704,104.02873171958763
2024-03-20 11:00:00,249,68.0,56.21351915669602,75.70429348033723,95.79551445779578
2024-03-20 12:00:00,249,79.0,51.062194820651804,70.91543677209312,88.03186454015335
2024-03-20 13:00:00,249,56.0,52.4799905266351,72.5003729984616,89.1101513752727
2024-03-20 14:00:00,249,63.0,55.744609703942224,75.39166880414703,101.29395422007224
2024-03-20 15:00:00,249,58.0,53.53182849559995,67.64973527326654,94.32817987365397
2024-03-20 16:00:00,249,80.0,49.14606744155333,66.68901437757168,89.64522138342339
2024-03-20 17:00:00,249,109.0,63.48368243499429,95.23116440140699,119.05712405152015
2024-03-20 18:00:00,249,97.0,70.45630760555889,114.09800709802096,157.72847285059143
2024-03-20 19:00:00,249,155.0,80.42006533164279,138.8152947515557,186.04374507450558
2024-03-20 20:00:00,249,206.0,88.48521937396008,154.57151259490325,190.44972938684361
2024-03-20 21:00:00,249,282.0,127.86731522261225,238.55378787854005,275.8979549323149
2024-03-20 22:00:00,249,298.0,168.85704910256675,288.3327201362224,350.679274314495
2024-03-20 23:00:00,249,211.0,125.1427829671326,226.1903079096864,375.5560749249747
2024-03-21 00:00:00,249,110.0,80.43243254906844,147.83335447170998,207.71070852464527
2024-03-21 01:00:00,249,36.0,32.551863967050494,70.04728553249856,85.11492998084903
2024-03-21 02:00:00,249,22.0,18.993026822979502,36.885907188333455,41.05256199161726
2024-03-21 03:00:00,249,12.0,11.223461903285143,16.07012344938238,26.519062759607635
2024-03-21 04:00:00,249,6.0,3.5323714932444013,8.49443518979482,14.22762237931089
2024-03-21 05:00:00,249,13.0,2.515374042780501,6.052752751089069,16.30192830690877
2024-03-21 06:00:00,249,25.0,7.719876856218863,17.34709523021235,29.097103444242553
2024-03-21 07:00:00,249,64.0,23.307063777485844,60.01748533010277,85.09529528751783
2024-03-21 08:00:00,249,121.0,53.72955466389921,103.72714240390927,119.67658611450226
2024-03-21 09:00:00,249,111.0,71.83394045033371,100.26927063847815,128.01738717322672
2024-03-21 10:00:00,249,70.0,72.53523960834187,112.19559964991019,131.59259481904422
2024-03-21 11:00:00,249,50.0,61.71124860315432,90.76668799169438,104.16272003709051
2024-03-21 12:00:00,249,80.0,54.876614058293484,79.61013486785096,86.84447057070109
2024-03-21 13:00:00,249,73.0,64.97447036730091,85.81998466901179,92.01014678674734
2024-03-21 14:00:00,249,71.0,69.82374752288516,92.43603724847821,113.22557254673117
2024-03-21 15:00:00,249,78.0,66.44037323359133,88.90225240735971,102.7967094603203
2024-03-21 16:00:00,249,72.0,65.21843768662612,89.25935071308736,99.64404929589358
2024-03-21 17:00:00,249,90.0,64.30914464940483,102.46531069921375,129.42704176315604
2024-03-21 18:00:00,249,154.0,78.15478469546856,126.10024925105292,162.43016769141096
2024-03-21 19:00:00,249,146.0,91.42987741930796,151.56305089295634,189.58304456049416
2024-03-21 20:00:00,249,242.0,124.70509629039053,216.1741787953689,234.70146544561285
2024-03-21 21:00:00,249,324.0,136.74577757471818,275.3535102128298,316.67817266796317
2024-03-21 22:00:00,249,343.0,178.621590532454,336.30058118072935,397.27572764227295
2024-03-21 23:00:00,249,420.0,144.64708808939002,281.55398886221826,420.53860120734845
2024-03-22 00:00:00,249,240.0,130.1573613413495,237.81571333737833,401.5869809158528
2024-03-22 01:00:00,249,128.0,101.11024390706754,199.03133195012953,312.17745955414006
2024-03-22 02:00:00,249,77.0,65.20183648092997,96.9163068077879,89.96700229282987
2024-03-22 03:00:00,249,37.0,22.17661102328074,31.694998760682306,39.79102069649222
2024-03-22 04:00:00,249,16.0,11.95809127327573,21.161039224129652,32.5271634018413
2024-03-22 05:00:00,249,4.0,5.554900901343859,6.487894646884305,17.41585636569179
2024-03-22 06:00:00,249,30.0,12.255830056881738,26.606685412382205,46.56975921822184
2024-03-22 07:00:00,249,47.0,23.108399982615424,51.877245175815034,80.5983117983454
2024-03-22 08:00:00,249,60.0,50.00425672795053,82.29705543673491,104.29956218682364
2024-03-22 09:00:00,249,51.0,65.39554786546587,85.58906840403561,101.1399278011804
2024-03-22 10:00:00,249,71.0,58.24448190399988,77.22885989966323,89.79361171628385
2024-03-22 11:00:00,249,42.0,57.64188739690571,80.5065739964873,86.93089189346857
2024-03-22 12:00:00,249,57.0,47.375075032068125,70.55377450110467,84.72429486915635
2024-03-22 13:00:00,249,66.0,57.35979248802976,74.65836062274259,84.38250889343479
2024-03-22 14:00:00,249,62.0,60.144853069951175,83.97433713589894,90.9526052584087
2024-03-22 15:00:00,249,85.0,63.25392149262039,92.25569259848486,94.96936311472173
2024-03-22 16:00:00,249,103.0,68.82411909450066,90.7592139018596,101.55634740486722
2024-03-22 17:00:00,249,109.0,70.79648650669427,113.7969302309174,128.4642591843849
2024-03-22 18:00:00,249,106.0,80.19877186082613,133.6385057598531,172.14124833360677
2024-03-22 19:00:00,249,188.0,87.42350792834009,153.32628244630698,189.8229259334847
2024-03-22 20:00:00,249,185.0,103.27610761350951,176.47813826727992,211.31816757602792
2024-03-22 21:00:00,249,292.0,152.70924966626478,279.82248567675157,330.3831475507772
2024-03-22 22:00:00,249,371.0,172.9196069553111,323.5191778401602,381.9298963376927
2024-03-22 23:00:00,249,515.0,160.76423661519877,357.7913460412714,481.3518412400524
2024-03-23 00:00:00,249,642.0,148.027981909505,416.8378493130596,536.0655685951253
2024-03-23 01:00:00,249,584.0,146.7291284500367,464.52548783478335,527.3874985790301
2024-03-23 02:00:00,249,358.0,150.65346529163023,379.884254259938,414.54877369488884
2024-03-23 03:00:00,249,194.0,144.2108975122942,192.42004390372568,309.3789187429991
2024-03-23 04:00:00,249,72.0,53.36444241146672,69.92177899713947,99.04692981869678
2024-03-23 05:00:00,249,20.0,3.098201767198646,7.564315147985787,28.172234021928883
2024-03-23 06:00:00,249,6.0,8.571784143278405,9.712286808091157,26.41359468894156
2024-03-23 07:00:00,249,11.0,18.720154887831306,23.147754351723993,37.14120074857482
2024-03-23 08:00:00,249,24.0,28.98848411100827,36.56012682911008,46.63926764423894
2024-03-23 09:00:00,249,34.0,44.40891810575661,62.39377802603629,79.84412078790963
2024-03-23 10:00:00,249,62.0,45.79297409993182,73.47028840526251,84.4273418110662
2024-03-23 11:00:00,249,77.0,57.77792800285383,88.88142285487578,101.87266347015616
2024-03-23 12:00:00,249,121.0,52.70264461531816,87.50858806414351,121.55292623071493
2024-03-23 13:00:00,249,131.0,75.66596117377733,114.9364197289614,157.2675586664401
2024-03-23 14:00:00,249,158.0,96.951935870381,144.32133689376846,179.76481067121955
2024-03-23 15:00:00,249,175.0,86.80824919616487,142.38810257606562,164.27714417614757
2024-03-23 16:00:00,249,173.0,109.08365009049426,197.42144182758392,245.3252307850579
2024-03-23 17:00:00,249,155.0,124.48535868469328,221.0256936442804,255.70101307823538
2024-03-23 18:00:00,249,184.0,140.93308240815264,255.64530129815745,296.4404515217105
2024-03-23 19:00:00,249,199.0,138.46073079091195,240.37547872387614,279.4098528655795
2024-03-23 20:00:00,249,248.0,169.56899073429236,278.28889388736303,329.2856212177386
2024-03-23 21:00:00,249,328.0,188.07601605280456,343.3966558692999,376.92994358731823
2024-03-23 22:00:00,249,412.0,195.03327956893446,404.53789645040973,461.0150078513955
2024-03-23 23:00:00,249,483.0,161.19239716026578,393.1466748609202,534.9267417288108
2024-03-24 00:00:00,249,589.0,145.51042714884935,385.5544527055654,521.6193614729216
2024-03-24 01:00:00,249,491.0,143.50654613681243,468.07486224480846,561.5572114822584
2024-03-24 02:00:00,249,322.0,169.47992285407494,432.28985378192795,478.92876921861074
2024-03-24 03:00:00,249,214.0,165.37049408112236,235.8341631130405,336.98311782705196
2024-03-24 04:00:00,249,75.0,57.89746141646941,92.00647632475865,151.4146997109651
2024-03-24 05:00:00,249,19.0,5.8856337853718514,9.667422452657906,45.90170370341285
2024-03-24 06:00:00,249,6.0,10.758365378370684,17.333240054539733,32.05494455483226
2024-03-24 07:00:00,249,16.0,14.141595509105809,17.232628151916384,36.90207006019922
2024-03-24 08:00:00,249,13.0,18.906025609758125,30.333224140179315,37.02110096618277
2024-03-24 09:00:00,249,34.0,25.0066590956456,41.49648069343833,46.94915360410279
2024-03-24 10:00:00,249,65.0,34.40205649284742,57.05401789841125,76.27589393624127
2024-03-24 11:00:00,249,65.0,46.49414876893794,72.14118909144233,83.78269664423307
2024-03-24 12:00:00,249,95.0,59.78504695435371,90.7727451766399,101.81493792992448
2024-03-24 13:00:00,249,110.0,66.94382792481532,89.52577989835211,111.90810694995203
2024-03-24 14:00:00,249,137.0,81.82566261508978,110.20993692099593,134.39746250438
2024-03-24 15:00:00,249,110.0,93.43481864488461,113.87347549536537,137.65542674389067
2024-03-24 16:00:00,249,128.0,107.32183749400208,141.35155018758576,184.4599058829639
2024-03-24 17:00:00,249,131.0,102.9440710369923,131.7802121333466,165.9817091025869
2024-03-24 18:00:00,249,143.0,106.08421197745916,133.9551485283144,175.8132804064194
2024-03-24 19:00:00,249,183.0,90.68522539193972,126.41481341300924,167.5839566741198
2024-03-24 20:00:00,249,196.0,109.67007392956218,166.1738802253242,232.4361343836083
2024-03-24 21:00:00,249,215.0,145.1878047190427,230.67165110567913,289.7315795367944
2024-03-24 22:00:00,249,169.0,135.29071621022982,230.38020176223793,330.98518652116417
2024-03-24 23:00:00,249,92.0,79.92027542606974,162.75181479515075,241.723109277198
2024-03-25 00:00:00,249,44.0,48.54220712358416,82.55847755335115,137.20533616126536
2024-03-25 01:00:00,249,31.0,14.583215613782922,37.239478263767616,55.51800761879189
2024-03-25 02:00:00,249,17.0,6.404465791288262,21.608958535639903,40.93979551512364
2024-03-25 03:00:00,249,11.0,3.076837357300059,13.570689718010156,22.637451689518805
2024-03-25 04:00:00,249,6.0,0.30139391407097793,5.560074908372408,18.75955226828155
2024-03-25 05:00:00,249,4.0,1.462843334933098,5.786881202660572,33.915778318101395
2024-03-25 06:00:00,249,20.0,10.895725956031937,25.312516853877817,48.823811479327446
2024-03-25 07:00:00,249,41.0,15.511120798106573,38.58779189338939,60.677148278652155
2024-03-25 08:00:00,249,60.0,29.108662488191325,67.28897475052166,88.47467451602378
2024-03-25 09:00:00,249,50.0,34.57748901580108,57.64471663560212,83.38122034426404
2024-03-25 10:00:00,249,59.0,36.63307300588966,55.57387012938787,72.86564869143373
2024-03-25 11:00:00,249,50.0,45.65551870412402,63.96925299269981,78.62766394246218
2024-03-25 12:00:00,249,58.0,46.06310134089416,70.06634393954336,79.9344614850883
2024-03-25 13:00:00,249,60.0,52.19286123152608,68.56551653857075,75.71713912289673
2024-03-25 14:00:00,249,63.0,58.28887141224224,75.40133000200805,91.95970551658877
2024-03-25 15:00:00,249,54.0,61.5223485145438,69.03103442371008,86.80687640069377
2024-03-25 16:00:00,249,51.0,48.53493041740944,59.123149633102805,74.23990650027086
2024-03-25 17:00:00,249,63.0,57.51242666731739,70.46101870055011,93.73259257935125
2024-03-25 18:00:00,249,68.0,63.525475982834784,88.43317365070955,112.8926227364074
2024-03-25 19:00:00,249,86.0,40.590584769201996,63.591513841814695,75.63048857399488
2024-03-25 20:00:00,249,105.0,58.34370128727787,94.01562709870906,120.05921982726261
2024-03-25 21:00:00,249,147.0,79.34320436190556,123.24598715222812,157.65375825651697
2024-03-25 22:00:00,249,128.0,83.83606314055241,142.90600348445741,183.67403260522244
2024-03-25 23:00:00,249,99.0,65.22533148081894,104.84745810459468,171.31644236812548
2024-03-26 00:00:00,249,48.0,30.846071642170724,61.50163299400944,101.2413242130682
2024-03-26 01:00:00,249,27.0,15.016240038354336,33.26757947694188,44.619777760999725
2024-03-26 02:00:00,249,12.0,10.160356902445539,19.69104823025277,25.212392936325873
2024-03-26 03:00:00,249,5.0,4.334861103748679,9.25997946681048,15.484037523647688
2024-03-26 04:00:00,249,6.0,1.8960640893321694,4.024690620660158,9.596356460765683
2024-03-26 05:00:00,249,1.0,1.5370234572550945,4.764469559415887,12.693898189850009
2024-03-26 06:00:00,249,13.0,7.108556915084597,18.84601171385651,26.473528965561727
2024-03-26 07:00:00,249,45.0,19.102906248979547,46.25882944034669,74.23044875074467
2024-03-26 08:00:00,249,70.0,41.135765531183445,76.63133902642943,103.80805822799601
2024-03-26 09:00:00,249,88.0,49.113143129596466,68.8808739161266,87.5124535101066
2024-03-26 10:00:00,249,66.0,46.60605353338173,65.9970864954598,74.97237899220576
2024-03-26 11:00:00,249,44.0,45.614937385367114,67.52781512734055,83.94973014241938
2024-03-26 12:00:00,249,62.0,38.0350147704905,60.309269802793466,84.89506285149685
2024-03-26 13:00:00,249,64.0,51.93533851342599,66.866154287836,82.88287769773241
2024-03-26 14:00:00,249,77.0,47.90644256119057,66.04852005538362,88.62594571957548
2024-03-26 15:00:00,249,69.0,47.84908211584402,64.73059230864814,89.52859527239154
2024-03-26 16:00:00,249,79.0,42.585200982740695,63.37022391667462,85.09650442260819
2024-03-26 17:00:00,249,84.0,42.53281845105104,73.29850229245004,102.46440564691618
2024-03-26 18:00:00,249,113.0,55.28930983079645,102.4257472962597,152.9846378783134
2024-03-26 19:00:00,249,131.0,65.22678361705218,112.039214577055,159.7398632731732
2024-03-26 20:00:00,249,151.0,71.17331705831825,136.1365044350074,181.18155780445437
2024-03-26 21:00:00,249,247.0,102.82553808998244,197.53101808305732,237.71151552586318
2024-03-26 22:00:00,249,214.0,122.22147090708306,228.80464720396094,257.6839974227723
2024-03-26 23:00:00,249,186.0,78.88513075567197,154.25823977077002,243.33477189420648
2024-03-27 00:00:00,249,67.0,43.80435214379538,100.0515577927602,129.3655268881514
2024-03-27 01:00:00,249,36.0,21.237147225295463,48.60076677199141,50.795871637954924
2024-03-27 02:00:00,249,21.0,11.577194270057785,20.1544106104092,28.473223335769138
2024-03-27 03:00:00,249,19.0,6.036266357632176,10.404799472351746,15.791777036287396
2024-03-27 04:00:00,249,8.0,3.4661630765949543,5.7987315468391305,14.560519093281716
2024-03-27 05:00:00,249,6.0,2.5532236476745784,5.886137030533248,15.67178312445653
2024-03-27 06:00:00,249,22.0,5.8541802432365255,13.351432254275046,23.715065371238232
2024-03-27 07:00:00,249,64.0,17.18914298785764,47.58115416737711,59.466863637447794
2024-03-27 08:00:00,249,71.0,43.619548010063454,83.35659666760212,109.2953550990767
2024-03-27 09:00:00,249,89.0,59.56474765233138,90.67308797546552,104.7147932856119
2024-03-27 10:00:00,249,54.0,64.06110509371668,89.45179380932139,101.66232648070489
2024-03-27 11:00:00,249,63.0,54.557622621981835,80.72299902579027,92.97386642384367
2024-03-27 12:00:00,249,69.0,48.73950571045122,70.99804372306895,87.41056043727143
2024-03-27 13:00:00,249,67.0,57.41812180674514,77.94776700350369,91.72286022043892
2024-03-27 14:00:00,249,86.0,50.843595692032416,70.12441253422317,85.85662036970717
2024-03-27 15:00:00,249,85.0,56.33435810498375,75.20922814705285,97.00631733067806
2024-03-27 16:00:00,249,91.0,51.72268572109737,78.03239421988224,97.68584342915888
2024-03-27 17:00:00,249,134.0,63.5759740116642,108.30857844756582,132.2229020464057
2024-03-27 18:00:00,249,189.0,82.27535807688169,132.82139154804088,184.01941473941937
2024-03-27 19:00:00,249,137.0,70.03839100121944,135.63725989973108,176.76583482637682
2024-03-27 20:00:00,249,179.0,107.36670328364202,189.95239522765877,241.65867183286377
2024-03-27 21:00:00,249,297.0,122.9351487207694,230.85123326435362,275.44721491545783
2024-03-27 22:00:00,249,318.0,165.45344131816194,292.7935839955577,355.7093383881905
2024-03-27 23:00:00,249,227.0,133.77894361808484,259.8919831249551,416.72873540597993
2024-03-28 00:00:00,249,120.0,89.55165240412416,169.60001880367685,233.78933948757327
2024-03-28 01:00:00,249,67.0,38.30080895654414,80.44046636183879,88.34496674419456
2024-03-28 02:00:00,249,22.0,13.185729472640265,31.014793736651075,41.530315980899346
2024-03-28 03:00:00,249,11.0,7.8277101033096095,12.856779194590327,23.447195305774997
2024-03-28 04:00:00,249,7.0,3.8905213169193607,8.262246741291934,17.357156494795408
2024-03-28 05:00:00,249,5.0,2.515374042780501,6.012819730918405,16.427548375966026
2024-03-28 06:00:00,249,33.0,9.679846521291406,21.94828878821639,42.79264669929774
2024-03-28 07:00:00,249,78.0,20.240129087671423,52.57827955346363,72.28283211011728
2024-03-28 08:00:00,249,90.0,52.48733106205151,104.08241100559283,124.24117631178456
2024-03-28 09:00:00,249,95.0,76.13745462338612,111.58475259595856,140.52067510270808
2024-03-28 10:00:00,249,64.0,79.51255177294972,109.61068294900369,135.60391849018072
2024-03-28 11:00:00,249,73.0,57.19002726863448,81.21712807981164,95.77099972074383
2024-03-28 12:00:00,249,83.0,46.237821469468074,68.77441240519946,82.96410101572523
2024-03-28 13:00:00,249,82.0,59.017055009002775,82.12025331364325,93.73152521385663
2024-03-28 14:00:00,249,99.0,61.237351981425014,89.53608050048783,105.56057790481968
2024-03-28 15:00:00,249,102.0,65.64604209708459,91.74427231007743,102.9381716090447
2024-03-28 16:00:00,249,84.0,65.32154052271004,98.93156781439856,117.94073505545715
2024-03-28 17:00:00,249,141.0,68.4317417650144,114.36395284001101,135.53179407460212
2024-03-28 18:00:00,249,183.0,84.5253326648088,136.0486845794756,173.81676495138018
2024-03-28 19:00:00,249,196.0,107.6126656336087,193.00370389228206,212.84762747041555
2024-03-28 20:00:00,249,271.0,103.3984978704342,188.47223611054622,226.99404482814552
2024-03-28 21:00:00,249,330.0,146.69148436492026,292.7299721514106,349.66739472825657
2024-03-28 22:00:00,249,307.0,185.2018914069081,343.4993179472221,402.5345789871267
2024-03-28 23:00:00,249,270.0,148.032083712366,302.223490383174,419.8665164943839
2024-03-29 00:00:00,249,301.0,145.61853168096084,360.54318908029944,458.75220110830867
2024-03-29 01:00:00,249,168.0,81.51447296017443,182.88389887542948,254.85792186122902
2024-03-29 02:00:00,249,83.0,70.50377100229903,110.22412869482386,110.5594924733687
2024-03-29 03:00:00,249,53.0,34.23941834417202,34.68882197600798,62.98984235416717
2024-03-29 04:00:00,249,21.0,10.471227828088127,16.857150407809307,30.99175442584197
2024-03-29 05:00:00,249,19.0,4.458603866326219,6.949324297918527,18.413581790746836
2024-03-29 06:00:00,249,16.0,6.6569153411466395,17.354142962906195,26.030732188810788
2024-03-29 07:00:00,249,22.0,25.245163375143267,58.515637431205576,82.06306011251489
2024-03-29 08:00:00,249,50.0,46.54902691559853,74.72920112471898,86.53243275995246
2024-03-29 09:00:00,249,47.0,52.86661082945798,66.71702070014328,83.09293800680393
2024-03-29 10:00:00,249,79.0,49.68311310076993,68.07845405515754,76.43692162380896
2024-03-29 11:00:00,249,68.0,57.42827541032538,78.0677512603175,86.72161942217122
2024-03-29 12:00:00,249,70.0,48.88474333779925,69.7751552933412,75.27473156451929
2024-03-29 13:00:00,249,79.0,56.40386958630561,73.01719449837749,81.5067471889526
2024-03-29 14:00:00,249,93.0,57.84713070133868,81.62523742493322,92.4554912066783
2024-03-29 15:00:00,249,96.0,60.39116187605898,83.9321781818517,100.43311812190886
2024-03-29 16:00:00,249,116.0,72.5138996599665,109.49874403528035,116.19192431264139
2024-03-29 17:00:00,249,118.0,76.03702384719195,123.5925938556288,155.08226981333812
2024-03-29 18:00:00,249,157.0,100.93612390971492,151.34400016947538,180.8506764975156
2024-03-29 19:00:00,249,234.0,75.95445352729118,146.3301891850523,176.45030532002897
2024-03-29 20:00:00,249,226.0,121.40571617946674,196.88090534912172,247.11289398713495
2024-03-29 21:00:00,249,299.0,142.8725264765059,274.5405172254815,315.5723768601229
2024-03-29 22:00:00,249,435.0,178.85679677908556,338.9054532084254,400.72886115416503
2024-03-29 23:00:00,249,489.0,160.76423661519877,346.6354720975167,462.1793294727859
2024-03-30 00:00:00,249,529.0,148.027981909505,438.0595137441328,565.994251716945
2024-03-30 01:00:00,249,471.0,146.7291284500367,524.3744188666806,547.4881020670801
2024-03-30 02:00:00,249,296.0,164.2447989694572,462.630524089836,463.2177038942534
2024-03-30 03:00:00,249,189.0,150.06807164951763,203.10530154309401,300.76752459584515
2024-03-30 04:00:00,249,68.0,56.16187675882307,81.05156308862976,121.87165576863067
2024-03-30 05:00:00,249,15.0,6.701822802567257,10.970989723418864,37.87815729403423
2024-03-30 06:00:00,249,5.0,13.927104390003615,24.978052853327625,34.06817878829149
2024-03-30 07:00:00,249,13.0,15.56786822281736,18.459652345271763,30.97557851390876
2024-03-30 08:00:00,249,21.0,19.482566050790034,23.749657730563978,37.30348065383911
2024-03-30 09:00:00,249,42.0,32.6018280065058,46.78070121596817,60.95418860075161
2024-03-30 10:00:00,249,58.0,35.72871780877168,55.64884647400698,76.70304524866071
2024-03-30 11:00:00,249,74.0,56.61582774158067,89.54943213516009,99.89144448998421
2024-03-30 12:00:00,249,93.0,61.254677743473835,98.85074808676534,128.49580909720154
2024-03-30 13:00:00,249,107.0,81.59941845989822,124.28802471483144,162.80869358335121
2024-03-30 14:00:00,249,102.0,89.99152109773739,131.18347237705308,160.32810918002397
2024-03-30 15:00:00,249,128.0,100.57577851944637,150.61522406716998,182.95483702347457
2024-03-30 16:00:00,249,128.0,101.75361776435606,165.86340724134482,207.54041768024734
2024-03-30 17:00:00,249,136.0,114.2376877159928,192.80788257465443,221.89352455953951
2024-03-30 18:00:00,249,174.0,110.33219707804805,183.19120321425777,224.90233032391552
2024-03-30 19:00:00,249,191.0,117.46731136398492,211.082378908469,252.8304067978765
2024-03-30 20:00:00,249,285.0,139.8509910744767,232.98121179139446,273.3440769955291
2024-03-30 21:00:00,249,321.0,157.77353835514074,299.9320786099316,368.5460164090152
2024-03-30 22:00:00,249,331.0,191.10177185615717,374.2408865749854,437.2162584457713
2024-03-30 23:00:00,249,468.0,161.19239716026578,383.61298053625785,525.8059014610609
2024-03-31 00:00:00,249,418.0,145.51042714884935,441.89381144816133,589.3518612843967
2024-03-31 01:00:00,249,360.0,143.50654613681243,539.5533715231811,569.4286032605149
2024-03-31 02:00:00,249,288.0,167.79817060953167,412.0072628694204,459.3648035591001
2024-03-31 03:00:00,249,187.0,163.68874183657908,222.89324106081656,334.1459635799175
2024-03-31 04:00:00,249,69.0,75.80341437100176,119.16722270488941,195.99324564861664
2024-03-31 05:00:00,249,19.0,8.676648292445813,13.823391623672995,52.145802667630065
2024-03-31 06:00:00,249,6.0,11.743528195807343,22.796394907252914,30.554346421462036
2024-03-31 07:00:00,249,12.0,11.84486507323752,14.44697955953134,29.604309118061998
2024-03-31 08:00:00,249,20.0,18.389435483274383,24.739409841990188,37.60842023279803
2024-03-31 09:00:00,249,27.0,21.975181576340834,29.700145168520656,39.803278844853615
2024-03-31 10:00:00,249,45.0,30.811725931001572,49.42656975100471,65.50486707467745
2024-03-31 11:00:00,249,73.0,51.952193295733935,77.03662277447182,89.47564051310299
2024-03-31 12:00:00,249,75.0,55.68516099950294,83.56346330414323,92.93474838168811
2024-03-31 13:00:00,249,105.0,71.2422610048133,103.99704030909118,123.74152876720476
2024-03-31 14:00:00,249,82.0,83.66793248237853,110.80972960172198,130.42653425192833
2024-03-31 15:00:00,249,107.0,94.64301118662407,130.48448530362202,154.0671610649711
2024-03-31 16:00:00,249,100.0,86.50266002901766,118.40971243948653,134.7607374210961
2024-03-31 17:00:00,249,103.0,97.32036593947,134.26419770466578,155.66041400676332
2024-03-31 18:00:00,249,108.0,99.55826001962274,131.07043486402256,159.04138475529774
2024-03-31 19:00:00,249,117.0,84.3492268249306,124.1952680388336,159.36577138311804
2024-03-31 20:00:00,249,137.0,97.23361067657395,142.9031074049157,194.85105249187873
2024-03-31 21:00:00,249,173.0,116.79340181090463,177.98139112530473,232.06711877152355
2024-03-31 22:00:00,249,117.0,123.58459350913563,208.76277359051394,291.6942080376515
2024-03-31 23:00:00,249,76.0,91.63869678239867,158.33049423673128,240.91110981027967
