target_timestamp,zone_id,target,baseline,prediction,horizon_hours
2024-03-28 00:00:00,33,1.0,0.0,1.0428931265976351,1
2024-03-20 07:00:00,165,1.0,1.0,0.5911334011754009,1
2024-03-24 19:00:00,177,0.0,0.0,0.4241082324184941,1
2024-03-25 17:00:00,199,0.0,0.0,0.004418545505314734,1
2024-03-20 19:00:00,176,0.0,0.0,0.0038886133925262563,1
2024-03-21 20:00:00,230,460.0,373.0,308.3574243452048,1
2024-03-26 22:00:00,181,1.0,13.0,4.671101159867828,1
2024-03-21 22:00:00,124,0.0,0.0,0.1667682141621347,1
2024-03-25 05:00:00,185,0.0,0.0,0.19855102034501104,1
2024-03-22 14:00:00,161,379.0,397.0,367.73264911354454,1
2024-03-29 02:00:00,254,0.0,0.0,0.06144414920983676,1
2024-03-21 20:00:00,251,0.0,0.0,0.005249382120092568,1
2024-03-21 10:00:00,38,0.0,0.0,0.4569354990442768,1
2024-03-22 12:00:00,140,155.0,165.0,161.14937693627328,1
2024-03-19 00:00:00,83,0.0,0.0,0.17565646506901408,1
2024-03-21 18:00:00,52,1.0,1.0,1.9456628039992936,1
2024-03-21 08:00:00,5,0.0,0.0,0.004082884787997481,1
2024-03-24 22:00:00,126,0.0,0.0,0.1875628898627247,1
2024-03-26 01:00:00,64,0.0,0.0,0.039545552489739164,1
2024-03-19 03:00:00,134,0.0,0.0,0.0896048641225768,1
2024-03-27 01:00:00,38,0.0,0.0,0.053377282958703934,1
2024-03-23 03:00:00,224,0.0,4.0,3.05706280638894,1
2024-03-18 16:00:00,101,0.0,0.0,0.08173649639171901,1
2024-03-31 20:00:00,133,1.0,0.0,0.16759391300355228,1
2024-03-18 18:00:00,193,2.0,14.0,6.694887536023043,1
2024-03-26 00:00:00,114,45.0,29.0,62.111484574802866,1
2024-03-30 14:00:00,221,0.0,0.0,0.007035976434735583,1
2024-03-27 10:00:00,38,1.0,0.0,0.37060175053142186,1
2024-03-23 10:00:00,124,0.0,0.0,0.24952311252361298,1
2024-03-23 05:00:00,147,0.0,0.0,0.15697953810953644,1
2024-03-28 05:00:00,109,0.0,0.0,0.003881180782742509,1
2024-03-25 00:00:00,54,0.0,0.0,0.07926388373675915,1
2024-03-19 22:00:00,189,1.0,3.0,0.7666188097347177,1
2024-03-22 18:00:00,16,0.0,0.0,0.09652706030460148,1
2024-03-22 08:00:00,220,0.0,0.0,0.44647384275647317,1
2024-03-24 18:00:00,80,5.0,1.0,1.8900481835717613,1
2024-03-21 17:00:00,81,0.0,0.0,0.27953485935080546,1
2024-03-24 11:00:00,100,69.0,74.0,70.89729034516397,1
2024-03-22 08:00:00,115,0.0,0.0,0.006057771356916349,1
2024-03-28 05:00:00,172,0.0,0.0,0.014109081933947488,1
2024-03-18 05:00:00,189,0.0,0.0,0.33785765673039014,1
2024-03-31 17:00:00,162,224.0,175.0,189.04381728321417,1
2024-03-21 07:00:00,199,0.0,0.0,0.004427667076417359,1
2024-03-19 17:00:00,12,7.0,0.0,2.7528335859507433,1
2024-03-21 09:00:00,101,0.0,0.0,0.12156740287513591,1
2024-03-23 22:00:00,164,152.0,251.0,199.9699817533664,1
2024-03-25 09:00:00,191,1.0,2.0,0.7012751213751638,1
2024-03-26 12:00:00,246,94.0,66.0,123.47650317399105,1
2024-03-18 06:00:00,255,0.0,1.0,1.6158043866219503,1
2024-03-22 03:00:00,67,0.0,0.0,0.03806276469263811,1
2024-03-28 14:00:00,226,8.0,5.0,5.366532255328394,1
2024-03-31 23:00:00,212,0.0,0.0,0.15124281384767477,1
2024-03-29 23:00:00,227,1.0,0.0,0.11982298814790512,1
2024-03-21 16:00:00,38,0.0,0.0,0.2177633021165913,1
2024-03-18 05:00:00,234,4.0,4.0,6.004585811838975,1
2024-03-20 15:00:00,33,2.0,2.0,3.7910003269862047,1
2024-03-25 11:00:00,49,1.0,1.0,1.1019721483661422,1
2024-03-22 05:00:00,194,0.0,0.0,0.18355739749157754,1
2024-03-22 14:00:00,95,3.0,0.0,1.1615062816024821,1
2024-03-23 22:00:00,145,5.0,4.0,6.875705334643804,1
2024-03-19 19:00:00,19,0.0,0.0,0.16530348322678096,1
2024-03-31 11:00:00,132,158.0,132.0,146.89096138052608,1
2024-03-31 03:00:00,27,0.0,0.0,0.007966618912698299,1
2024-03-26 03:00:00,207,0.0,0.0,0.029517294807139535,1
2024-03-20 23:00:00,173,0.0,0.0,0.06613285028736782,1
2024-03-19 23:00:00,229,35.0,57.0,61.712741502525745,1
2024-03-22 04:00:00,23,0.0,0.0,0.008698491143092017,1
2024-03-21 23:00:00,85,0.0,0.0,0.2814284367189425,1
2024-03-25 19:00:00,117,1.0,0.0,0.1402362217464351,1
2024-03-25 04:00:00,45,0.0,2.0,0.6873981850689842,1
2024-03-26 17:00:00,201,0.0,0.0,0.13118601958075288,1
2024-03-18 04:00:00,60,0.0,0.0,0.14392626753821014,1
2024-03-25 13:00:00,75,36.0,35.0,41.26029051619452,1
2024-03-18 20:00:00,252,0.0,0.0,0.08993513260423364,1
2024-03-24 00:00:00,196,1.0,0.0,0.22413333002335753,1
2024-03-27 12:00:00,72,2.0,3.0,2.1216243065777007,1
2024-03-22 11:00:00,38,1.0,0.0,0.36713214907328706,1
2024-03-27 01:00:00,187,0.0,0.0,0.006868442724260114,1
2024-03-18 07:00:00,194,1.0,0.0,0.3450238572291183,1
2024-03-28 04:00:00,226,1.0,0.0,1.940314275267717,1
2024-03-25 06:00:00,56,0.0,1.0,0.775769686872703,1
2024-03-18 00:00:00,65,0.0,0.0,1.5846874558133757,1
2024-03-25 15:00:00,99,0.0,0.0,0.003996511477236982,1
2024-03-19 12:00:00,181,5.0,3.0,1.9727856534012183,1
2024-03-29 13:00:00,32,1.0,1.0,0.4450372591480697,1
2024-03-29 12:00:00,140,133.0,155.0,174.59919144270458,1
2024-03-21 13:00:00,252,0.0,0.0,0.2531311944616281,1
2024-03-24 09:00:00,206,0.0,0.0,0.004738994349406545,1
2024-03-29 14:00:00,212,1.0,1.0,0.4261165536488329,1
2024-03-19 19:00:00,204,0.0,0.0,0.003957526446273775,1
2024-03-24 04:00:00,52,0.0,0.0,0.2376535315969721,1
2024-03-28 08:00:00,12,1.0,0.0,1.0200969406290992,1
2024-03-26 10:00:00,200,1.0,1.0,0.28516880360048036,1
2024-03-31 07:00:00,2,0.0,0.0,0.004044535392289516,1
2024-03-31 09:00:00,108,0.0,0.0,0.24661471484280909,1
2024-03-25 02:00:00,47,0.0,0.0,0.03984499716547954,1
2024-03-18 02:00:00,255,1.0,0.0,0.6308727006658519,1
2024-03-20 04:00:00,77,0.0,0.0,0.1918255195612008,1
2024-03-21 10:00:00,259,0.0,0.0,0.529303241540401,1
2024-03-25 09:00:00,52,4.0,4.0,1.9942920703844838,1
2024-03-19 08:00:00,107,145.0,135.0,120.58404025555976,1
2024-03-26 04:00:00,60,0.0,0.0,0.20323646235745976,1
2024-03-22 17:00:00,24,26.0,18.0,19.728919556965415,1
2024-03-22 11:00:00,233,77.0,98.0,86.75544776016513,1
2024-03-30 01:00:00,154,0.0,2.0,0.06443228095134143,1
2024-03-23 19:00:00,30,0.0,0.0,0.009645537604743825,1
2024-03-18 15:00:00,176,0.0,0.0,0.003996511477236982,1
2024-03-18 20:00:00,208,0.0,1.0,0.14276957250831435,1
2024-03-30 11:00:00,20,0.0,0.0,0.19193977173088603,1
2024-03-25 15:00:00,89,3.0,5.0,2.000477710972859,1
2024-03-30 04:00:00,63,0.0,0.0,0.16720603728899386,1
2024-03-30 10:00:00,170,137.0,139.0,130.93637862900835,1
2024-03-19 20:00:00,75,22.0,22.0,26.098572071039573,1
2024-03-22 07:00:00,26,0.0,0.0,0.617595537053659,1
2024-03-23 11:00:00,55,1.0,1.0,0.6155572792602675,1
2024-03-23 13:00:00,230,237.0,223.0,252.8857361874942,1
2024-03-28 09:00:00,212,2.0,2.0,0.8688392260344167,1
2024-03-22 12:00:00,192,1.0,0.0,0.164801179108618,1
2024-03-30 20:00:00,160,0.0,0.0,0.15222097239348048,1
2024-03-31 11:00:00,108,0.0,1.0,0.23080168332607284,1
2024-03-24 21:00:00,28,1.0,1.0,0.9610478676557194,1
2024-03-29 18:00:00,60,0.0,0.0,0.15711603257127574,1
2024-03-21 16:00:00,106,1.0,1.0,0.4713674974862507,1
2024-03-19 14:00:00,233,118.0,132.0,100.88485680743325,1
2024-03-21 09:00:00,27,0.0,0.0,0.00994535580990261,1
2024-03-29 06:00:00,210,0.0,0.0,0.7824375469499381,1
2024-03-24 18:00:00,210,0.0,0.0,0.22068893690623748,1
2024-03-21 18:00:00,160,0.0,0.0,0.19475115964074996,1
2024-03-23 16:00:00,220,0.0,0.0,0.2577938855404791,1
2024-03-24 07:00:00,171,0.0,0.0,0.23623874135157052,1
2024-03-23 06:00:00,173,0.0,0.0,0.12453578722055657,1
2024-03-27 22:00:00,128,0.0,0.0,0.053315153000762894,1
2024-03-27 17:00:00,26,1.0,0.0,0.6184808290077752,1
2024-03-21 07:00:00,165,0.0,1.0,0.6907241726962854,1
2024-03-30 03:00:00,170,22.0,25.0,25.152300877524805,1
2024-03-24 09:00:00,238,99.0,122.0,106.42023022818306,1
2024-03-20 01:00:00,87,2.0,1.0,1.7604890326758715,1
2024-03-22 13:00:00,156,0.0,0.0,0.004100950397777949,1
2024-03-30 10:00:00,211,20.0,18.0,17.65771314007691,1
2024-03-24 01:00:00,221,0.0,0.0,0.0062854245494632964,1
2024-03-28 20:00:00,128,0.0,0.0,0.054550206695376996,1
2024-03-29 06:00:00,182,2.0,1.0,1.6362213093231368,1
2024-03-31 14:00:00,39,4.0,4.0,1.0015426488263235,1
2024-03-31 02:00:00,230,50.0,87.0,81.28203486754713,1
2024-03-27 18:00:00,246,284.0,185.0,187.40870588017196,1
2024-03-20 19:00:00,18,0.0,0.0,0.18236942577324539,1
2024-03-28 17:00:00,43,125.0,126.0,175.2063923299641,1
2024-03-24 16:00:00,143,58.0,42.0,68.23336198184651,1
2024-03-18 23:00:00,189,0.0,0.0,0.7245686420304125,1
2024-03-27 19:00:00,87,61.0,55.0,67.32454188006788,1
2024-03-24 19:00:00,165,1.0,0.0,0.16280492875618388,1
2024-03-21 22:00:00,260,1.0,0.0,0.7490672027259891,1
2024-03-18 02:00:00,211,4.0,0.0,2.220573018029424,1
2024-03-21 06:00:00,89,2.0,4.0,1.343421493303609,1
2024-03-28 16:00:00,144,88.0,54.0,66.67801244024066,1
2024-03-23 19:00:00,160,2.0,0.0,0.18568018326465693,1
2024-03-26 17:00:00,225,2.0,0.0,1.1911618952157956,1
2024-03-22 01:00:00,46,0.0,0.0,0.017792638722732824,1
2024-03-29 02:00:00,131,0.0,0.0,0.0717929388586798,1
2024-03-25 15:00:00,145,8.0,20.0,7.813061294019012,1
2024-03-31 19:00:00,136,0.0,0.0,0.1393322277937993,1
2024-03-25 02:00:00,107,5.0,9.0,5.944749771473026,1
2024-03-28 17:00:00,265,4.0,1.0,3.774714436554705,1
2024-03-29 13:00:00,214,0.0,0.0,0.012438839194975964,1
2024-03-22 11:00:00,44,0.0,0.0,0.004455384055040617,1
2024-03-18 10:00:00,167,0.0,0.0,0.7909278950487235,1
2024-03-22 18:00:00,126,0.0,0.0,0.309253001289877,1
2024-03-20 19:00:00,85,1.0,2.0,0.21313912738711285,1
2024-03-22 04:00:00,263,13.0,15.0,11.592746905428452,1
2024-03-22 19:00:00,79,199.0,194.0,194.3663549075041,1
2024-03-25 05:00:00,68,10.0,15.0,13.969327120537022,1
2024-03-22 08:00:00,202,1.0,2.0,0.5419520985421176,1
2024-03-23 09:00:00,198,2.0,1.0,0.3962932283503612,1
2024-03-24 18:00:00,47,0.0,1.0,0.3148820456334174,1
2024-03-21 04:00:00,134,2.0,0.0,0.25139185526889324,1
2024-03-26 16:00:00,242,0.0,0.0,0.5810150533873553,1
2024-03-20 19:00:00,175,0.0,0.0,0.14654041747344554,1
2024-03-23 09:00:00,162,106.0,118.0,118.19945432760201,1
2024-03-23 14:00:00,108,0.0,0.0,0.184488522034395,1
2024-03-23 08:00:00,249,24.0,46.0,36.435994131899065,1
2024-03-20 16:00:00,225,2.0,0.0,1.5704413654902416,1
2024-03-18 04:00:00,12,0.0,0.0,0.15108938931409113,1
2024-03-31 13:00:00,174,1.0,0.0,0.3496139580309179,1
2024-03-31 10:00:00,126,0.0,1.0,0.4906773424869218,1
2024-03-29 04:00:00,30,0.0,0.0,0.005723339554887786,1
2024-03-24 16:00:00,34,1.0,0.0,0.2142154128178777,1
2024-03-28 03:00:00,218,0.0,0.0,0.09783012894117853,1
2024-03-29 04:00:00,213,0.0,0.0,0.47620313571004025,1
2024-03-21 05:00:00,150,0.0,0.0,0.16017397339067044,1
2024-03-26 00:00:00,100,17.0,24.0,30.63572363332957,1
2024-03-30 23:00:00,72,0.0,0.0,0.44869121238445553,1
2024-03-26 00:00:00,8,0.0,0.0,0.012141580417141373,1
2024-03-20 20:00:00,187,0.0,0.0,0.008207088038748176,1
2024-03-29 20:00:00,152,13.0,6.0,9.234784168492059,1
2024-03-26 10:00:00,260,3.0,4.0,1.361053025421461,1
2024-03-26 18:00:00,234,303.0,269.0,274.21560542115736,1
2024-03-18 10:00:00,44,0.0,0.0,0.004712496110447255,1
2024-03-20 07:00:00,175,0.0,0.0,0.15394802499567295,1
2024-03-20 12:00:00,137,75.0,67.0,73.09167150770784,1
2024-03-24 19:00:00,262,49.0,41.0,38.82940938814714,1
2024-03-24 04:00:00,53,0.0,0.0,0.048847937719861616,1
2024-03-24 02:00:00,265,6.0,6.0,3.376771567700133,1
2024-03-27 22:00:00,37,1.0,0.0,0.5530730764988879,1
2024-03-21 14:00:00,5,0.0,0.0,0.004070518313392225,1
2024-03-24 14:00:00,10,3.0,3.0,2.175205927946382,1
2024-03-20 10:00:00,138,275.0,275.0,180.2757752996173,1
2024-03-28 11:00:00,113,85.0,83.0,74.00558672953186,1
2024-03-18 22:00:00,128,0.0,0.0,0.042005452863247125,1
2024-03-18 05:00:00,127,1.0,0.0,0.3877206810999761,1
2024-03-18 19:00:00,76,1.0,0.0,1.9664072997588515,1
2024-03-29 22:00:00,97,15.0,8.0,5.8499252776328,1
2024-03-31 20:00:00,69,1.0,2.0,0.5158274754391695,1
2024-03-23 13:00:00,168,1.0,1.0,2.4139990208931295,1
2024-03-28 22:00:00,128,1.0,0.0,0.05992138914085771,1
2024-03-27 07:00:00,52,3.0,2.0,2.2304973762641014,1
2024-03-30 04:00:00,224,12.0,4.0,1.57681461394424,1
2024-03-20 14:00:00,73,0.0,0.0,0.08743188181825795,1
2024-03-28 06:00:00,214,0.0,0.0,0.011978552383780147,1
2024-03-22 05:00:00,34,0.0,0.0,0.19097080283553752,1
2024-03-29 21:00:00,61,2.0,1.0,2.140122627434152,1
2024-03-31 18:00:00,60,0.0,2.0,0.1378829133626059,1
2024-03-28 06:00:00,56,0.0,0.0,0.7892758560101409,1
2024-03-29 10:00:00,67,1.0,0.0,0.31303111005365186,1
2024-03-31 14:00:00,31,0.0,0.0,0.09046601771575453,1
2024-03-31 11:00:00,180,0.0,0.0,0.13342338068263318,1
2024-03-27 20:00:00,156,0.0,0.0,0.0038684842916803723,1
2024-03-24 15:00:00,46,0.0,0.0,0.02237254571080076,1
2024-03-22 18:00:00,4,9.0,9.0,8.567843866716546,1
2024-03-25 14:00:00,41,10.0,9.0,15.016509415853672,1
2024-03-22 16:00:00,232,4.0,5.0,7.426986975716733,1
2024-03-19 21:00:00,157,0.0,0.0,0.47347284672280643,1
2024-03-25 12:00:00,61,1.0,4.0,4.895667314924609,1
2024-03-19 11:00:00,77,1.0,0.0,0.6713417618337739,1
2024-03-24 13:00:00,4,11.0,2.0,15.424897515784421,1
2024-03-27 22:00:00,179,0.0,0.0,0.43705180053981885,1
2024-03-23 18:00:00,85,0.0,0.0,0.4268652116032697,1
2024-03-20 18:00:00,189,2.0,0.0,0.8348918245776316,1
2024-03-20 12:00:00,144,27.0,25.0,33.21781995999499,1
2024-03-22 01:00:00,17,0.0,0.0,0.5085143077678983,1
2024-03-19 12:00:00,3,0.0,0.0,0.3040402397230853,1
2024-03-30 04:00:00,199,0.0,0.0,0.003935282663672299,1
2024-03-21 03:00:00,95,0.0,0.0,0.1337834387760063,1
2024-03-25 15:00:00,228,3.0,1.0,0.5074280417194847,1
2024-03-30 16:00:00,208,0.0,0.0,0.186244930058495,1
2024-03-19 09:00:00,158,19.0,28.0,33.042357526261945,1
2024-03-25 12:00:00,72,4.0,3.0,1.7890528107048467,1
2024-03-23 09:00:00,16,0.0,1.0,0.10591263433242469,1
2024-03-26 12:00:00,217,1.0,0.0,0.3666838226840632,1
2024-03-25 04:00:00,62,1.0,2.0,0.4188429936683244,1
2024-03-21 23:00:00,157,0.0,0.0,0.5157617836051523,1
2024-03-31 11:00:00,253,0.0,0.0,0.015151822307460133,1
2024-03-18 01:00:00,216,2.0,1.0,0.8073554487067226,1
2024-03-24 18:00:00,107,97.0,113.0,107.14754536609641,1
2024-03-28 22:00:00,211,85.0,88.0,95.77083137017199,1
2024-03-24 12:00:00,246,100.0,114.0,87.86240531841261,1
2024-03-29 16:00:00,191,1.0,2.0,1.0490506827697375,1
2024-03-18 01:00:00,257,0.0,0.0,0.05323149723384851,1
2024-03-31 17:00:00,215,1.0,0.0,1.3604675740734904,1
2024-03-20 11:00:00,35,1.0,4.0,1.6953721320146096,1
2024-03-27 08:00:00,75,54.0,50.0,51.19365598813028,1
2024-03-27 05:00:00,203,1.0,2.0,0.9330406266748335,1
2024-03-29 14:00:00,226,6.0,5.0,4.304637215567379,1
2024-03-29 02:00:00,209,4.0,3.0,2.0651271909244455,1
2024-03-18 07:00:00,45,1.0,1.0,1.799405238664885,1
2024-03-21 06:00:00,70,1.0,0.0,1.9193898118769674,1
2024-03-20 18:00:00,146,2.0,3.0,3.509249650514616,1
2024-03-19 04:00:00,137,2.0,5.0,4.033495213652418,1
2024-03-20 13:00:00,106,1.0,1.0,0.5078108157657997,1
2024-03-27 03:00:00,197,1.0,0.0,0.2557227469757418,1
2024-03-22 03:00:00,211,1.0,5.0,9.912914359197345,1
2024-03-28 15:00:00,49,3.0,2.0,1.84859128092952,1
2024-03-22 14:00:00,149,0.0,0.0,0.32103358127596054,1
2024-03-24 15:00:00,141,129.0,154.0,164.42888874431605,1
2024-03-18 19:00:00,14,0.0,1.0,0.6869879948253349,1
2024-03-27 13:00:00,140,156.0,178.0,165.5438476552285,1
2024-03-25 23:00:00,57,0.0,0.0,0.017609867296660493,1
2024-03-27 16:00:00,226,5.0,7.0,6.707424388532726,1
2024-03-24 17:00:00,94,0.0,0.0,0.14024554722695895,1
2024-03-29 07:00:00,87,0.0,7.0,17.688384477489414,1
2024-03-26 22:00:00,77,0.0,0.0,0.12054426287021015,1
2024-03-19 11:00:00,237,338.0,336.0,367.50969382615335,1
2024-03-24 12:00:00,257,1.0,0.0,0.19897457717216815,1
2024-03-29 00:00:00,23,0.0,0.0,0.011498575594604508,1
2024-03-28 04:00:00,60,0.0,0.0,0.2125019765345213,1
2024-03-30 10:00:00,64,0.0,0.0,0.08896036001101168,1
2024-03-20 10:00:00,215,1.0,0.0,1.1022504655087844,1
2024-03-23 01:00:00,260,0.0,1.0,1.1914279681427622,1
2024-03-27 22:00:00,161,451.0,431.0,453.05773333216683,1
2024-03-30 17:00:00,61,2.0,1.0,2.9029861814152964,1
2024-03-27 17:00:00,244,18.0,8.0,5.143546669052651,1
2024-03-21 03:00:00,209,0.0,1.0,0.3224894452821835,1
2024-03-24 11:00:00,2,0.0,0.0,0.007703446953148221,1
2024-03-26 09:00:00,30,0.0,0.0,0.006197800325414343,1
2024-03-19 13:00:00,43,102.0,136.0,127.5202275724881,1
2024-03-19 02:00:00,215,0.0,0.0,0.2234332561351235,1
2024-03-24 07:00:00,109,0.0,0.0,0.0038080925347949673,1
2024-03-26 16:00:00,95,3.0,0.0,1.299329803076782,1
2024-03-31 07:00:00,145,4.0,4.0,3.826923915441554,1
2024-03-22 03:00:00,71,0.0,0.0,0.0837796347500351,1
2024-03-31 11:00:00,31,0.0,0.0,0.10820315363471182,1
2024-03-19 19:00:00,140,108.0,123.0,160.99158493410388,1
2024-03-26 00:00:00,236,16.0,8.0,9.78179417060755,1
2024-03-26 06:00:00,63,1.0,0.0,0.7086976767864953,1
2024-03-24 08:00:00,71,1.0,0.0,1.2895741128167062,1
2024-03-24 03:00:00,32,0.0,0.0,0.04123260100550187,1
2024-03-29 01:00:00,1,0.0,0.0,0.10094825122764213,1
2024-03-19 08:00:00,47,0.0,0.0,0.6603976824091485,1
2024-03-26 20:00:00,15,0.0,0.0,0.0491855822222363,1
2024-03-23 00:00:00,204,0.0,0.0,0.003740669196576159,1
2024-03-21 21:00:00,137,125.0,105.0,89.1856880752661,1
2024-03-19 00:00:00,160,0.0,0.0,0.11508117673548167,1
2024-03-22 16:00:00,58,0.0,0.0,0.014581622356746959,1
2024-03-20 12:00:00,102,0.0,0.0,0.28093518601280715,1
2024-03-19 08:00:00,49,6.0,2.0,1.7617752613308406,1
2024-03-21 08:00:00,119,0.0,1.0,1.1508854081512037,1
2024-03-20 19:00:00,230,378.0,317.0,369.88820862358614,1
2024-03-31 15:00:00,127,0.0,0.0,0.7044754989150991,1
2024-03-25 19:00:00,62,1.0,0.0,0.4137872961535606,1
2024-03-31 08:00:00,117,1.0,1.0,0.6402918454066562,1
2024-03-29 16:00:00,82,1.0,0.0,0.8115090771588752,1
2024-03-19 22:00:00,40,1.0,1.0,0.7191688030939523,1
2024-03-25 04:00:00,69,0.0,0.0,0.21777462635161668,1
2024-03-28 14:00:00,41,22.0,12.0,18.085088966169298,1
2024-03-24 22:00:00,227,1.0,0.0,0.09753347211739363,1
2024-03-31 00:00:00,203,0.0,0.0,0.09139460560742231,1
2024-03-25 13:00:00,161,315.0,299.0,297.4084196087549,1
2024-03-30 17:00:00,105,0.0,0.0,0.004030813695050343,1
2024-03-22 07:00:00,76,10.0,2.0,5.795428014574626,1
2024-03-18 03:00:00,83,0.0,0.0,0.08943434509076742,1
2024-03-22 13:00:00,69,3.0,2.0,1.1606930432548206,1
2024-03-25 09:00:00,223,2.0,3.0,1.5376666716332335,1
2024-03-18 09:00:00,215,1.0,0.0,2.0147417923096436,1
2024-03-31 03:00:00,63,0.0,0.0,0.10109467115157805,1
2024-03-30 02:00:00,205,0.0,0.0,0.11654636943900594,1
2024-03-25 21:00:00,60,0.0,0.0,0.07515989731695913,1
2024-03-24 14:00:00,227,0.0,0.0,0.2436602308907193,1
2024-03-24 07:00:00,70,3.0,0.0,3.4110600629000896,1
2024-03-21 02:00:00,186,18.0,21.0,18.111582591034352,1
2024-03-19 19:00:00,125,42.0,46.0,41.779029455275214,1
2024-03-24 03:00:00,163,12.0,24.0,17.832522529001366,1
2024-03-25 02:00:00,130,1.0,0.0,0.7777996418548304,1
2024-03-24 15:00:00,185,1.0,2.0,0.24223523598086097,1
2024-03-28 06:00:00,248,2.0,1.0,0.6278592862354454,1
2024-03-29 04:00:00,223,0.0,1.0,0.6216412542809536,1
2024-03-18 18:00:00,74,12.0,22.0,17.342620590075555,1
2024-03-21 03:00:00,15,0.0,0.0,0.030245118640949534,1
2024-03-24 21:00:00,101,0.0,0.0,0.06617836057876648,1
2024-03-31 11:00:00,152,5.0,3.0,4.04893661493265,1
2024-03-23 07:00:00,213,0.0,0.0,0.6992152551575103,1
2024-03-25 22:00:00,67,0.0,0.0,0.0529361798560281,1
2024-03-22 10:00:00,169,0.0,0.0,0.667119754022063,1
2024-03-24 10:00:00,218,0.0,2.0,0.7396947506018615,1
2024-03-23 15:00:00,250,0.0,1.0,0.32857425372303617,1
2024-03-19 20:00:00,179,1.0,1.0,0.9051328996027567,1
2024-03-30 03:00:00,86,0.0,0.0,0.05129967393230438,1
2024-03-31 18:00:00,165,0.0,1.0,0.21231923087785604,1
2024-03-29 09:00:00,159,2.0,0.0,1.0384621353111652,1
2024-03-25 16:00:00,120,0.0,0.0,0.06618835893467134,1
2024-03-31 10:00:00,206,0.0,0.0,0.00549187274059887,1
2024-03-19 09:00:00,167,1.0,0.0,0.884031080449812,1
2024-03-28 23:00:00,95,0.0,0.0,0.8888143890071101,1
2024-03-29 16:00:00,113,126.0,109.0,98.23227306328266,1
2024-03-18 23:00:00,188,1.0,1.0,0.5717731907297502,1
2024-03-19 01:00:00,116,0.0,1.0,0.5379593211784621,1
2024-03-22 12:00:00,115,0.0,0.0,0.0061263676864924755,1
2024-03-28 23:00:00,24,16.0,6.0,8.167719258304661,1
2024-03-29 08:00:00,48,90.0,101.0,121.2731748695269,1
2024-03-25 02:00:00,64,0.0,0.0,0.03185403639863342,1
2024-03-21 14:00:00,218,1.0,1.0,0.5144466377940062,1
2024-03-21 23:00:00,221,0.0,0.0,0.007212227053250726,1
2024-03-27 21:00:00,87,64.0,51.0,49.786906142682156,1
2024-03-31 14:00:00,219,0.0,0.0,0.7703373851468808,1
2024-03-20 06:00:00,143,22.0,26.0,26.61878650251719,1
2024-03-26 22:00:00,100,127.0,126.0,107.21787710337463,1
2024-03-19 03:00:00,181,0.0,2.0,0.20391864294588644,1
2024-03-28 09:00:00,170,194.0,208.0,191.97047546475093,1
2024-03-22 05:00:00,74,7.0,10.0,7.052548922082228,1
2024-03-21 06:00:00,218,5.0,1.0,2.230248388911866,1
2024-03-26 19:00:00,86,0.0,0.0,0.1324098720237013,1
2024-03-22 11:00:00,101,1.0,0.0,0.10799892619489009,1
2024-03-27 06:00:00,184,0.0,0.0,0.08363499543939235,1
2024-03-21 03:00:00,146,1.0,0.0,0.42657562072644534,1
2024-03-20 11:00:00,86,0.0,0.0,0.7476014389487622,1
2024-03-22 11:00:00,20,0.0,1.0,0.4240860339317248,1
2024-03-20 15:00:00,97,1.0,3.0,2.9802187832874805,1
2024-03-21 10:00:00,100,65.0,101.0,84.91806119838965,1
2024-03-21 02:00:00,193,0.0,0.0,0.09595810111608312,1
2024-03-26 09:00:00,234,103.0,163.0,91.47834530862292,1
2024-03-22 23:00:00,39,0.0,0.0,0.6409806567428677,1
2024-03-18 17:00:00,48,119.0,111.0,128.0906838355249,1
2024-03-24 11:00:00,188,4.0,2.0,2.2210548693849512,1
2024-03-26 05:00:00,65,0.0,2.0,0.6940803210464817,1
2024-03-29 21:00:00,188,0.0,0.0,1.4886745182801322,1
2024-03-20 03:00:00,203,0.0,0.0,0.04946945085328275,1
2024-03-30 00:00:00,237,56.0,53.0,67.13196216752053,1
2024-03-21 14:00:00,131,0.0,0.0,0.4289300891130169,1
2024-03-18 07:00:00,87,8.0,8.0,8.912652570535183,1
2024-03-23 04:00:00,227,0.0,0.0,0.07673290064702785,1
2024-03-19 10:00:00,42,5.0,2.0,7.30313243152547,1
2024-03-26 08:00:00,243,5.0,2.0,2.4740495322067733,1
2024-03-19 21:00:00,14,0.0,2.0,0.3665674361904499,1
2024-03-21 08:00:00,224,12.0,17.0,17.73688055449928,1
2024-03-24 15:00:00,75,33.0,21.0,40.86145315325779,1
2024-03-28 22:00:00,165,1.0,2.0,0.17113787661635324,1
2024-03-27 23:00:00,237,77.0,84.0,113.7210490247954,1
2024-03-23 19:00:00,41,25.0,26.0,24.059849302011425,1
2024-03-22 05:00:00,253,0.0,0.0,0.08934768674617806,1
2024-03-31 08:00:00,92,1.0,0.0,0.49047236542305084,1
2024-03-23 07:00:00,181,0.0,1.0,1.557044474294104,1
2024-03-31 03:00:00,173,0.0,2.0,0.09204980745678348,1
2024-03-29 00:00:00,173,0.0,0.0,0.06940340322725852,1
2024-03-21 19:00:00,179,0.0,0.0,0.8839776340848525,1
2024-03-25 11:00:00,205,0.0,1.0,0.8808979615929907,1
2024-03-31 01:00:00,16,1.0,0.0,0.049062093758345686,1
2024-03-28 12:00:00,176,0.0,0.0,0.004082222295652976,1
2024-03-29 13:00:00,22,1.0,3.0,0.6019594395582094,1
2024-03-22 05:00:00,26,0.0,1.0,0.2546011766174071,1
2024-03-31 16:00:00,210,0.0,1.0,0.21696402552748456,1
2024-03-27 15:00:00,133,1.0,0.0,0.3062604943009781,1
2024-03-21 06:00:00,74,10.0,14.0,15.474651014987348,1
2024-03-22 11:00:00,62,0.0,2.0,1.1755420145254978,1
2024-03-28 00:00:00,72,1.0,0.0,0.2979537897616603,1
2024-03-29 14:00:00,223,1.0,3.0,1.4432615742736932,1
2024-03-18 14:00:00,162,229.0,215.0,243.62500357266748,1
2024-03-26 02:00:00,163,6.0,4.0,5.86208485126062,1
2024-03-29 15:00:00,185,0.0,0.0,0.2700769999895896,1
2024-03-20 17:00:00,174,0.0,1.0,0.29898849553318035,1
2024-03-27 17:00:00,220,1.0,0.0,0.24446902935642875,1
2024-03-24 05:00:00,42,6.0,4.0,3.196601227047881,1
2024-03-26 20:00:00,239,155.0,153.0,152.10623744923038,1
2024-03-27 07:00:00,150,0.0,0.0,0.2209654877441438,1
2024-03-20 12:00:00,117,0.0,0.0,0.8150877494974641,1
2024-03-27 17:00:00,172,0.0,0.0,0.007595307270300191,1
2024-03-22 12:00:00,5,0.0,0.0,0.004112572885115814,1
2024-03-22 03:00:00,155,0.0,0.0,0.06783818999568429,1
2024-03-27 05:00:00,58,0.0,0.0,0.013550336647198498,1
2024-03-19 05:00:00,164,8.0,4.0,8.864227521285134,1
2024-03-31 11:00:00,133,1.0,0.0,0.3446744958707955,1
2024-03-19 03:00:00,199,0.0,0.0,0.003823243999544147,1
2024-03-30 19:00:00,83,1.0,0.0,0.4001115182765155,1
2024-03-30 17:00:00,189,0.0,1.0,1.0319782214747237,1
2024-03-29 05:00:00,122,0.0,0.0,0.2342982302147237,1
2024-03-27 23:00:00,179,0.0,1.0,0.537650870680476,1
2024-03-25 17:00:00,149,0.0,1.0,0.18639185621703772,1
2024-03-23 05:00:00,189,0.0,0.0,0.37610641882616097,1
2024-03-20 23:00:00,16,0.0,0.0,0.0847769920425454,1
2024-03-24 22:00:00,192,0.0,0.0,0.08630533304220007,1
2024-03-25 01:00:00,192,0.0,0.0,0.04121075631068621,1
2024-03-23 11:00:00,93,1.0,0.0,0.7934709565028103,1
2024-03-23 14:00:00,24,16.0,27.0,20.547403053315843,1
2024-03-19 12:00:00,59,0.0,0.0,0.005678959428041479,1
2024-03-18 22:00:00,33,1.0,2.0,2.1437577927594633,1
2024-03-26 18:00:00,250,0.0,1.0,0.23992284286379248,1
2024-03-18 17:00:00,78,1.0,0.0,0.42588671633720343,1
2024-03-21 02:00:00,212,0.0,0.0,0.04911136526788321,1
2024-03-22 11:00:00,60,0.0,0.0,0.5054470683572914,1
2024-03-31 15:00:00,31,0.0,0.0,0.08661082238280425,1
2024-03-30 02:00:00,206,0.0,0.0,0.004253991173860701,1
2024-03-30 19:00:00,153,0.0,0.0,0.09016864163501265,1
2024-03-18 21:00:00,111,0.0,0.0,0.00542596556931988,1
2024-03-30 19:00:00,22,0.0,0.0,0.1337107710317169,1
2024-03-22 23:00:00,191,1.0,0.0,0.37982315360012514,1
2024-03-30 08:00:00,5,0.0,0.0,0.003898393835875985,1
2024-03-26 07:00:00,5,0.0,0.0,0.004024604182103449,1
2024-03-18 19:00:00,63,1.0,0.0,0.1199342978140186,1
2024-03-21 19:00:00,196,0.0,0.0,0.38866436761841167,1
2024-03-29 14:00:00,1,1.0,0.0,1.0397331868915087,1
2024-03-30 12:00:00,208,0.0,0.0,0.2879425169713642,1
2024-03-30 12:00:00,183,0.0,0.0,0.13488869184063526,1
2024-03-22 00:00:00,192,1.0,0.0,0.06814707498993237,1
2024-03-29 00:00:00,129,1.0,0.0,0.9168829742580945,1
2024-03-22 06:00:00,259,0.0,2.0,0.8641676299544515,1
2024-03-31 21:00:00,229,50.0,73.0,57.03836730911722,1
2024-03-27 10:00:00,200,1.0,1.0,0.3202189069468644,1
2024-03-20 09:00:00,232,11.0,6.0,7.440702492532719,1
2024-03-24 22:00:00,119,1.0,0.0,0.19863851832540988,1
2024-03-28 21:00:00,149,0.0,0.0,0.048713410500946235,1
2024-03-20 18:00:00,253,0.0,0.0,0.08645624622264397,1
2024-03-24 15:00:00,223,2.0,1.0,1.346473924793417,1
2024-03-29 09:00:00,82,0.0,0.0,1.026770855954075,1
2024-03-28 03:00:00,250,0.0,0.0,0.05938355293912203,1
2024-03-18 23:00:00,24,2.0,0.0,3.655823664940488,1
2024-03-21 03:00:00,147,0.0,0.0,0.04299902714689386,1
2024-03-24 14:00:00,200,0.0,0.0,0.21384370245203022,1
2024-03-22 02:00:00,158,29.0,26.0,33.982687714772744,1
2024-03-23 18:00:00,261,51.0,50.0,61.78476547437958,1
2024-03-25 08:00:00,219,1.0,2.0,1.0648348976166662,1
2024-03-28 06:00:00,162,91.0,81.0,82.98019596136032,1
2024-03-25 21:00:00,124,0.0,0.0,0.1511860106612622,1
2024-03-28 04:00:00,145,0.0,2.0,1.0503719921527261,1
2024-03-22 10:00:00,90,75.0,66.0,77.64631155033489,1
2024-03-20 21:00:00,223,2.0,1.0,1.0418116618880513,1
2024-03-31 17:00:00,45,10.0,12.0,12.053966927475551,1
2024-03-27 08:00:00,208,0.0,0.0,0.5639805214095436,1
2024-03-29 06:00:00,78,0.0,2.0,0.6344981706554222,1
2024-03-19 02:00:00,222,0.0,0.0,0.04387969477980391,1
2024-03-28 11:00:00,138,182.0,225.0,188.94244893621686,1
2024-03-27 00:00:00,137,22.0,15.0,24.064364709235132,1
2024-03-29 22:00:00,57,0.0,0.0,0.02283529618499664,1
2024-03-26 18:00:00,236,330.0,320.0,365.67246583471643,1
2024-03-30 11:00:00,196,2.0,0.0,0.5756123356793115,1
2024-03-26 04:00:00,44,0.0,0.0,0.003676885352996797,1
2024-03-20 11:00:00,79,53.0,48.0,59.63619130385407,1
2024-03-31 17:00:00,33,7.0,5.0,4.38722519913415,1
2024-03-30 22:00:00,218,0.0,0.0,0.27861576593680326,1
2024-03-29 15:00:00,250,0.0,1.0,0.45360289269240117,1
2024-03-22 17:00:00,239,208.0,252.0,237.6826329556376,1
2024-03-30 18:00:00,58,0.0,0.0,0.012960280974847763,1
2024-03-29 09:00:00,114,21.0,17.0,22.813933194041404,1
2024-03-27 09:00:00,209,8.0,16.0,6.782375690962162,1
2024-03-29 08:00:00,118,0.0,0.0,0.007324101058003186,1
2024-03-25 12:00:00,91,2.0,0.0,1.0290018300696064,1
2024-03-21 04:00:00,50,4.0,3.0,3.434329071534458,1
2024-03-22 01:00:00,117,0.0,0.0,0.06719217046542722,1
2024-03-27 05:00:00,194,0.0,0.0,0.2101421466143913,1
2024-03-25 18:00:00,37,0.0,1.0,1.1373412254677342,1
2024-03-19 12:00:00,123,0.0,2.0,0.7989671170676252,1
2024-03-20 23:00:00,203,0.0,0.0,0.1338768218948045,1
2024-03-29 12:00:00,154,0.0,0.0,0.10569337909243932,1
2024-03-20 00:00:00,85,0.0,0.0,0.10922493726715782,1
2024-03-25 19:00:00,151,39.0,46.0,37.063900368056494,1
2024-03-30 11:00:00,19,0.0,1.0,0.18441886319106734,1
2024-03-30 17:00:00,130,4.0,0.0,2.0481090425327446,1
2024-03-25 21:00:00,210,0.0,0.0,0.15374862108216483,1
2024-03-28 04:00:00,112,1.0,0.0,0.646346907864622,1
2024-03-27 18:00:00,167,0.0,0.0,0.35954127891904203,1
2024-03-25 14:00:00,157,2.0,4.0,0.58001642928739,1
2024-03-26 14:00:00,228,1.0,1.0,0.4679379838742309,1
2024-03-23 19:00:00,149,0.0,0.0,0.07616700556683449,1
2024-03-23 06:00:00,226,4.0,3.0,3.6538156463864992,1
2024-03-18 12:00:00,149,1.0,0.0,0.31811306407077644,1
2024-03-19 07:00:00,235,0.0,4.0,1.189538820510279,1
2024-03-19 18:00:00,233,146.0,186.0,172.71862692962196,1
2024-03-26 07:00:00,148,9.0,14.0,14.767872713621546,1
2024-03-18 01:00:00,132,93.0,164.0,172.3682667864198,1
2024-03-24 19:00:00,217,1.0,2.0,0.3607766159939134,1
2024-03-18 00:00:00,43,7.0,4.0,3.4957025554176875,1
2024-03-24 19:00:00,69,1.0,1.0,0.4783633526652455,1
2024-03-27 22:00:00,244,1.0,3.0,3.0819740754387777,1
2024-03-28 07:00:00,75,56.0,66.0,45.89061612547349,1
2024-03-27 14:00:00,141,162.0,156.0,156.53183897765322,1
2024-03-30 08:00:00,159,0.0,0.0,1.0189677488958422,1
2024-03-20 06:00:00,61,2.0,1.0,5.717820238326903,1
2024-03-20 05:00:00,114,0.0,1.0,3.1650952138648427,1
2024-03-20 04:00:00,9,1.0,0.0,0.061785178074445044,1
2024-03-30 09:00:00,43,43.0,27.0,40.022979741766775,1
2024-03-24 01:00:00,235,0.0,0.0,0.1672438294313093,1
2024-03-30 07:00:00,229,22.0,32.0,32.548102050832135,1
2024-03-21 02:00:00,249,22.0,34.0,33.619358917162316,1
2024-03-26 17:00:00,210,0.0,1.0,0.27428423539014235,1
2024-03-28 04:00:00,254,0.0,1.0,0.3893436707432675,1
2024-03-25 11:00:00,206,0.0,0.0,0.004668648701049506,1
2024-03-19 12:00:00,120,0.0,0.0,0.019670186648146532,1
2024-03-30 16:00:00,156,0.0,0.0,0.00404110973446454,1
2024-03-28 12:00:00,151,62.0,58.0,60.04903294678614,1
2024-03-22 18:00:00,86,0.0,2.0,0.2319006470583876,1
2024-03-22 20:00:00,3,0.0,1.0,0.07044897333930036,1
2024-03-28 20:00:00,66,5.0,3.0,2.167618739558995,1
2024-03-25 15:00:00,188,2.0,1.0,1.9607737774884948,1
2024-03-25 18:00:00,217,1.0,0.0,0.5123638806340687,1
2024-03-28 01:00:00,225,0.0,0.0,0.18208996459327492,1
2024-03-28 14:00:00,251,0.0,0.0,0.0063277377194764246,1
2024-03-29 03:00:00,113,4.0,24.0,9.818259015824319,1
2024-03-21 18:00:00,215,1.0,0.0,0.8975490211495503,1
2024-03-23 05:00:00,150,0.0,0.0,0.0745175756253299,1
2024-03-18 21:00:00,28,1.0,1.0,0.7384982102982061,1
2024-03-30 23:00:00,162,76.0,91.0,82.52664391919986,1
2024-03-18 21:00:00,201,0.0,0.0,0.05635672187101118,1
2024-03-18 04:00:00,191,0.0,1.0,0.2291107005580996,1
2024-03-24 03:00:00,140,2.0,4.0,6.853734814357401,1
2024-03-19 09:00:00,11,1.0,0.0,0.2752176013761706,1
2024-03-18 10:00:00,250,0.0,0.0,0.49799666182647784,1
2024-03-19 08:00:00,97,1.0,2.0,3.9626646756557147,1
2024-03-24 14:00:00,35,0.0,2.0,1.7202590002411635,1
2024-03-23 12:00:00,203,1.0,0.0,0.3401619638184154,1
2024-03-22 18:00:00,182,0.0,0.0,0.36707940992498594,1
2024-03-19 19:00:00,29,0.0,0.0,0.2069066302897986,1
2024-03-24 17:00:00,8,0.0,0.0,0.02153779065828617,1
2024-03-29 12:00:00,181,3.0,0.0,3.29238022775706,1
2024-03-31 13:00:00,134,1.0,0.0,0.7749787160487922,1
2024-03-26 16:00:00,114,57.0,46.0,41.764390464193724,1
2024-03-31 22:00:00,140,25.0,21.0,29.910933596697774,1
2024-03-19 16:00:00,41,11.0,9.0,14.600944558744583,1
2024-03-26 12:00:00,41,13.0,15.0,15.648185286369442,1
2024-03-22 12:00:00,169,0.0,1.0,0.7063266554876132,1
2024-03-29 02:00:00,95,0.0,0.0,0.2721359334499845,1
2024-03-28 14:00:00,265,1.0,7.0,3.393963654962361,1
2024-03-22 08:00:00,238,142.0,181.0,169.87766730914495,1
2024-03-31 09:00:00,257,0.0,0.0,0.2481250154737551,1
2024-03-23 15:00:00,120,0.0,0.0,0.02681286305573473,1
2024-03-19 13:00:00,2,0.0,0.0,0.004344012796216094,1
2024-03-21 23:00:00,228,2.0,0.0,0.42661549350817446,1
2024-03-31 11:00:00,7,5.0,2.0,4.414957231486079,1
2024-03-20 05:00:00,107,11.0,16.0,12.216105023285186,1
2024-03-23 01:00:00,83,1.0,0.0,0.13082188593078317,1
2024-03-22 15:00:00,226,5.0,6.0,5.277337861314994,1
2024-03-19 09:00:00,107,158.0,132.0,123.06891033839685,1
2024-03-25 18:00:00,155,0.0,0.0,0.29044895437051704,1
2024-03-26 03:00:00,35,0.0,0.0,0.10782403527062123,1
2024-03-20 12:00:00,190,1.0,0.0,0.1439465494402647,1
2024-03-30 04:00:00,172,0.0,0.0,0.008834684153107744,1
2024-03-30 15:00:00,100,85.0,119.0,106.2687993029861,1
2024-03-27 11:00:00,220,0.0,1.0,0.4730323798798855,1
2024-03-19 19:00:00,162,391.0,370.0,382.7333900955041,1
2024-03-25 15:00:00,169,1.0,0.0,0.5722244559403281,1
2024-03-20 02:00:00,105,0.0,0.0,0.003387678777871248,1
2024-03-22 02:00:00,239,5.0,6.0,5.984217686049947,1
2024-03-24 16:00:00,195,1.0,0.0,1.6488432823430008,1
2024-03-20 01:00:00,112,4.0,0.0,0.4822685379752215,1
2024-03-18 06:00:00,33,3.0,3.0,1.5378353204210975,1
2024-03-28 22:00:00,176,0.0,0.0,0.0038912628465230196,1
2024-03-21 02:00:00,154,0.0,0.0,0.02769313530644871,1
2024-03-22 20:00:00,162,219.0,263.0,254.37736947217465,1
2024-03-20 23:00:00,99,0.0,0.0,0.003611926138126955,1
2024-03-24 00:00:00,197,0.0,1.0,0.5745962461336558,1
2024-03-22 21:00:00,98,0.0,0.0,0.05631571607505676,1
2024-03-27 21:00:00,15,0.0,0.0,0.049476702144516826,1
2024-03-27 03:00:00,53,0.0,0.0,0.03529139024966497,1
2024-03-18 22:00:00,29,0.0,0.0,0.2079433744345274,1
2024-03-18 03:00:00,127,1.0,0.0,0.13595609597684125,1
2024-03-21 02:00:00,161,8.0,9.0,10.500343816989103,1
2024-03-25 14:00:00,176,0.0,0.0,0.005733697753423532,1
2024-03-20 01:00:00,217,0.0,0.0,0.1356465561324246,1
2024-03-25 06:00:00,146,3.0,4.0,2.327394423413465,1
2024-03-18 13:00:00,156,0.0,0.0,0.0040832451385393155,1
2024-03-20 06:00:00,187,0.0,0.0,0.007732338599916228,1
2024-03-19 20:00:00,152,3.0,4.0,3.628455420781343,1
2024-03-20 07:00:00,193,2.0,6.0,3.8763183885783876,1
2024-03-30 11:00:00,249,74.0,77.0,81.98151530620355,1
2024-03-22 03:00:00,40,0.0,0.0,0.11937198328883228,1
2024-03-23 17:00:00,146,4.0,7.0,4.001880090789291,1
2024-03-25 15:00:00,114,52.0,32.0,43.59334068727357,1
2024-03-21 09:00:00,217,0.0,0.0,0.4078302482651436,1
2024-03-22 06:00:00,120,0.0,0.0,0.020510641718703537,1
2024-03-23 10:00:00,13,27.0,29.0,22.17646917962436,1
2024-03-25 23:00:00,177,0.0,0.0,0.38050051321238926,1
2024-03-21 22:00:00,179,0.0,3.0,0.615926630614471,1
2024-03-30 23:00:00,70,31.0,20.0,19.447521039909816,1
2024-03-18 17:00:00,169,2.0,1.0,0.4647199993678731,1
2024-03-18 14:00:00,152,5.0,7.0,3.903182823477176,1
2024-03-25 09:00:00,66,0.0,2.0,2.2274431744677634,1
2024-03-31 03:00:00,217,2.0,0.0,0.1351680544206412,1
2024-03-25 07:00:00,205,0.0,2.0,1.3257910208401327,1
2024-03-21 16:00:00,10,7.0,7.0,2.87065177594465,1
2024-03-31 15:00:00,99,0.0,0.0,0.003917622095743161,1
2024-03-20 05:00:00,252,1.0,0.0,0.13853089449092093,1
2024-03-23 23:00:00,107,195.0,277.0,214.4768030241815,1
2024-03-26 17:00:00,31,0.0,0.0,0.01388575883543787,1
2024-03-26 14:00:00,125,28.0,27.0,23.794256211963187,1
2024-03-21 02:00:00,233,3.0,3.0,3.897251086181045,1
2024-03-26 12:00:00,97,3.0,4.0,3.0128211161164224,1
2024-03-29 07:00:00,155,0.0,0.0,0.838365443717836,1
2024-03-25 00:00:00,71,0.0,0.0,0.2359491781789992,1
2024-03-19 15:00:00,62,0.0,1.0,0.939540634500828,1
2024-03-21 19:00:00,258,0.0,0.0,0.08052257499607234,1
2024-03-25 05:00:00,171,0.0,1.0,0.1529762445191547,1
2024-03-21 22:00:00,89,0.0,0.0,1.4019801492949338,1
2024-03-22 21:00:00,228,0.0,1.0,0.6488363099387223,1
2024-03-27 19:00:00,169,1.0,0.0,0.15289826422751165,1
2024-03-24 02:00:00,73,0.0,0.0,0.020339561545156044,1
2024-03-26 17:00:00,127,1.0,0.0,0.6277208974740226,1
2024-03-30 13:00:00,65,5.0,4.0,8.217887779801469,1
2024-03-26 20:00:00,84,0.0,0.0,0.0037948681380246844,1
2024-03-27 07:00:00,55,2.0,1.0,1.6421742051489032,1
2024-03-20 15:00:00,137,84.0,91.0,81.81056081903648,1
2024-03-20 22:00:00,169,0.0,0.0,0.15795816545692587,1
2024-03-29 13:00:00,49,2.0,1.0,1.6859011709228278,1
2024-03-19 00:00:00,156,0.0,0.0,0.0037367505431433394,1
2024-03-20 12:00:00,146,5.0,5.0,3.6972554953888905,1
2024-03-24 07:00:00,259,0.0,0.0,0.344248323218366,1
2024-03-23 12:00:00,59,0.0,0.0,0.00939441425382899,1
2024-03-18 04:00:00,149,0.0,0.0,0.07382565157098242,1
2024-03-30 05:00:00,11,0.0,0.0,0.09754176980074726,1
2024-03-25 22:00:00,56,0.0,0.0,0.25252896303369027,1
2024-03-20 09:00:00,246,57.0,71.0,72.35164723554718,1
2024-03-25 09:00:00,134,0.0,0.0,1.0366029845063018,1
2024-03-26 11:00:00,148,17.0,9.0,22.855835100994447,1
2024-03-25 20:00:00,160,1.0,0.0,0.18038845956352773,1
2024-03-23 00:00:00,65,11.0,3.0,1.551722200423774,1
2024-03-30 08:00:00,128,0.0,0.0,0.08592895110935743,1
2024-03-18 01:00:00,213,0.0,0.0,0.08462562816370141,1
2024-03-28 11:00:00,189,0.0,0.0,0.7381104255232279,1
2024-03-23 19:00:00,167,0.0,0.0,0.26711045074339773,1
2024-03-23 15:00:00,83,0.0,0.0,0.3516349374584689,1
2024-03-24 01:00:00,195,0.0,0.0,0.17398935929566775,1
2024-03-18 01:00:00,153,0.0,0.0,0.030631838877710354,1
2024-03-19 11:00:00,44,0.0,0.0,0.0044069374167847175,1
2024-03-24 12:00:00,139,0.0,1.0,0.31868123698732925,1
2024-03-19 06:00:00,248,3.0,1.0,0.6728013178856506,1
2024-03-28 12:00:00,187,0.0,0.0,0.008355026490668578,1
2024-03-27 07:00:00,215,2.0,2.0,1.818581449961665,1
2024-03-19 13:00:00,241,0.0,0.0,0.4480980956662733,1
2024-03-28 18:00:00,63,0.0,0.0,0.25397652719687724,1
2024-03-25 06:00:00,214,0.0,0.0,0.01178097777729477,1
2024-03-27 22:00:00,112,5.0,2.0,1.8123272082736133,1
2024-03-29 10:00:00,116,7.0,2.0,6.20261670878157,1
2024-03-24 16:00:00,30,0.0,0.0,0.007278122471006494,1
2024-03-26 15:00:00,158,43.0,40.0,39.24514629851555,1
2024-03-31 06:00:00,79,12.0,12.0,19.10217937051595,1
2024-03-22 01:00:00,234,42.0,42.0,48.250280486623424,1
2024-03-31 02:00:00,194,0.0,0.0,0.0645043500061837,1
2024-03-21 04:00:00,107,4.0,8.0,7.3206642595136975,1
2024-03-31 11:00:00,72,1.0,3.0,1.3549282170468089,1
2024-03-28 20:00:00,176,0.0,0.0,0.0037293533951245393,1
2024-03-22 09:00:00,34,0.0,0.0,0.25590115327491286,1
2024-03-18 04:00:00,5,0.0,0.0,0.003630867557955005,1
2024-03-19 22:00:00,90,105.0,99.0,114.12204839689021,1
2024-03-31 17:00:00,102,0.0,0.0,0.15059036087916605,1
2024-03-20 05:00:00,105,0.0,0.0,0.0038583936104023856,1
2024-03-30 09:00:00,216,1.0,0.0,1.3265421044867451,1
2024-03-24 12:00:00,220,0.0,0.0,0.36057543383715296,1
2024-03-23 07:00:00,75,38.0,31.0,25.90457926673183,1
2024-03-27 22:00:00,235,0.0,0.0,0.19270606844595797,1
2024-03-30 14:00:00,85,1.0,0.0,0.6514765565794499,1
2024-03-27 15:00:00,235,1.0,0.0,0.5885739884011805,1
2024-03-18 19:00:00,107,100.0,77.0,93.90729143136822,1
2024-03-23 05:00:00,212,0.0,1.0,0.23214616196951854,1
2024-03-19 04:00:00,25,1.0,0.0,0.5129866265205749,1
2024-03-22 01:00:00,93,0.0,3.0,0.18014531095876507,1
2024-03-25 17:00:00,250,0.0,1.0,0.2704389823910178,1
2024-03-21 21:00:00,184,0.0,0.0,0.03132321910718654,1
2024-03-29 12:00:00,189,1.0,0.0,1.0353695608532043,1
2024-03-25 07:00:00,157,0.0,0.0,1.110099132626017,1
2024-03-19 20:00:00,215,0.0,0.0,0.7409855269575002,1
2024-03-30 06:00:00,115,0.0,0.0,0.004596032989233309,1
2024-03-26 00:00:00,106,0.0,0.0,0.29454048128079935,1
2024-03-19 10:00:00,124,1.0,0.0,0.29522489790696504,1
2024-03-29 22:00:00,135,2.0,1.0,0.08852483306211206,1
2024-03-20 23:00:00,181,0.0,2.0,3.9316274274038387,1
2024-03-31 18:00:00,261,50.0,49.0,39.99075126275951,1
2024-03-26 18:00:00,125,43.0,36.0,41.9626092342118,1
2024-03-30 16:00:00,18,0.0,1.0,0.24858778338003357,1
2024-03-18 00:00:00,63,0.0,0.0,0.11968935025590831,1
2024-03-20 08:00:00,99,0.0,0.0,0.004093351060195968,1
2024-03-31 16:00:00,125,26.0,44.0,30.373658735521207,1
2024-03-18 11:00:00,219,0.0,0.0,0.6480662702340061,1
2024-03-23 23:00:00,71,0.0,0.0,0.5418132993994037,1
2024-03-19 07:00:00,82,1.0,2.0,0.8910320397671653,1
2024-03-31 06:00:00,121,0.0,1.0,0.18435142297693966,1
2024-03-29 18:00:00,154,0.0,0.0,0.10453014785394335,1
2024-03-24 01:00:00,30,0.0,0.0,0.0063038721983342035,1
2024-03-29 22:00:00,92,0.0,0.0,0.2970770123565886,1
2024-03-30 06:00:00,94,0.0,0.0,0.22346718656885578,1
2024-03-24 15:00:00,78,0.0,0.0,0.7232109740488244,1
2024-03-31 14:00:00,155,0.0,0.0,0.38740740250645994,1
2024-03-23 19:00:00,213,0.0,0.0,0.2389849732595143,1
2024-03-20 03:00:00,160,0.0,0.0,0.06098702528719927,1
2024-03-22 15:00:00,197,0.0,2.0,1.8689196552276006,1
2024-03-30 03:00:00,145,1.0,4.0,1.6743973858025762,1
2024-03-30 23:00:00,55,0.0,0.0,0.16279758309790843,1
2024-03-27 21:00:00,78,0.0,0.0,0.16630560679151365,1
2024-03-22 19:00:00,83,1.0,0.0,0.23741192353183188,1
2024-03-20 16:00:00,57,0.0,0.0,0.016537604079869313,1
2024-03-31 16:00:00,72,0.0,0.0,0.9466710277733756,1
2024-03-18 16:00:00,98,0.0,0.0,0.11399573127635267,1
2024-03-23 22:00:00,11,0.0,0.0,0.06433297227745687,1
2024-03-21 20:00:00,215,0.0,1.0,0.7887773802897625,1
2024-03-26 00:00:00,29,1.0,0.0,0.12843916983990733,1
2024-03-21 06:00:00,28,0.0,5.0,1.2569517565568198,1
2024-03-21 18:00:00,135,0.0,0.0,0.1265722984139814,1
2024-03-25 21:00:00,211,38.0,38.0,41.68531673856007,1
2024-03-21 17:00:00,23,0.0,0.0,0.01012394103768273,1
2024-03-31 15:00:00,186,127.0,177.0,196.26362623051116,1
2024-03-25 01:00:00,141,10.0,15.0,7.488379628041888,1
2024-03-30 20:00:00,255,9.0,10.0,5.959036071550884,1
2024-03-31 19:00:00,8,0.0,0.0,0.01045799742219872,1
2024-03-28 10:00:00,149,0.0,0.0,0.4630440454966238,1
2024-03-22 19:00:00,198,0.0,1.0,0.26774593036100447,1
2024-03-20 16:00:00,259,0.0,0.0,0.27416031112340933,1
2024-03-21 06:00:00,36,1.0,0.0,0.3758931871457261,1
2024-03-27 13:00:00,195,1.0,0.0,0.725674234375925,1
2024-03-24 03:00:00,65,0.0,0.0,0.680113392349084,1
2024-03-30 18:00:00,102,0.0,0.0,0.15136245408589347,1
2024-03-20 17:00:00,9,0.0,0.0,0.08952611995489808,1
2024-03-30 06:00:00,207,0.0,0.0,0.13366115296699874,1
2024-03-27 10:00:00,251,0.0,0.0,0.006451550714448415,1
2024-03-19 18:00:00,127,0.0,0.0,0.6133681710103595,1
2024-03-30 00:00:00,215,1.0,2.0,0.7850702736692036,1
2024-03-19 01:00:00,94,0.0,0.0,0.04006760820059486,1
2024-03-28 15:00:00,248,0.0,0.0,0.4136749884395779,1
2024-03-24 01:00:00,166,9.0,4.0,6.371285658777192,1
2024-03-31 18:00:00,156,0.0,0.0,0.003987017875922347,1
2024-03-19 11:00:00,150,0.0,0.0,0.17004730424950423,1
2024-03-18 20:00:00,20,0.0,0.0,0.07865093444545508,1
2024-03-21 08:00:00,172,0.0,0.0,0.00862542066457619,1
2024-03-24 08:00:00,38,0.0,0.0,0.2823636624301651,1
2024-03-20 23:00:00,38,0.0,0.0,0.09047834078006922,1
2024-03-25 16:00:00,32,1.0,0.0,0.2591160137325341,1
2024-03-22 01:00:00,28,0.0,1.0,0.285376316929733,1
2024-03-29 03:00:00,86,0.0,0.0,0.053442494001039176,1
2024-03-24 00:00:00,108,1.0,0.0,0.06915923603715667,1
2024-03-23 22:00:00,43,44.0,38.0,50.44377364390522,1
2024-03-22 14:00:00,79,75.0,87.0,76.8112076827285,1
2024-03-19 03:00:00,142,2.0,0.0,3.200694770969922,1
2024-03-18 18:00:00,12,3.0,1.0,2.835758129014049,1
2024-03-18 05:00:00,69,0.0,0.0,0.3917858360676743,1
2024-03-29 13:00:00,257,0.0,1.0,0.309303677644021,1
2024-03-25 06:00:00,256,1.0,0.0,1.2517959720477108,1
2024-03-28 17:00:00,94,0.0,0.0,0.15381209069506743,1
2024-03-19 13:00:00,44,0.0,0.0,0.004590324060638007,1
2024-03-20 05:00:00,187,0.0,0.0,0.007557394076026499,1
2024-03-27 21:00:00,133,0.0,0.0,0.1585553304360567,1
2024-03-31 21:00:00,96,0.0,0.0,0.018053441271621812,1
2024-03-22 21:00:00,80,1.0,0.0,1.0329905046346761,1
2024-03-24 12:00:00,156,0.0,0.0,0.004136617885655236,1
2024-03-31 06:00:00,146,2.0,1.0,1.6224421097055524,1
2024-03-25 05:00:00,194,0.0,1.0,0.16312389910895203,1
2024-03-28 18:00:00,84,0.0,0.0,0.00393437981984162,1
2024-03-18 02:00:00,171,0.0,0.0,0.024345650149052232,1
2024-03-22 05:00:00,58,0.0,0.0,0.015194907768089193,1
2024-03-20 04:00:00,145,2.0,0.0,0.8129254728776296,1
2024-03-29 05:00:00,190,0.0,0.0,0.10182877137006352,1
2024-03-21 02:00:00,122,0.0,0.0,0.02599191593722963,1
2024-03-31 13:00:00,78,3.0,0.0,0.5682496223937542,1
2024-03-30 03:00:00,25,0.0,1.0,0.5210882355200596,1
2024-03-28 21:00:00,148,139.0,135.0,102.87232590553664,1
2024-03-29 01:00:00,203,0.0,0.0,0.04952131484770937,1
2024-03-22 20:00:00,136,0.0,0.0,0.06899649359294834,1
2024-03-22 15:00:00,153,1.0,0.0,0.12211612324012867,1
2024-03-26 14:00:00,202,0.0,1.0,0.39879614548491293,1
2024-03-29 03:00:00,83,0.0,0.0,0.10006122755059109,1
2024-03-25 05:00:00,6,0.0,0.0,0.0854735569289105,1
2024-03-23 11:00:00,256,8.0,2.0,1.5681571217937011,1
2024-03-30 22:00:00,204,0.0,0.0,0.003865259307029684,1
2024-03-30 12:00:00,47,1.0,0.0,0.7050134623281297,1
2024-03-30 16:00:00,210,0.0,0.0,0.19146135621776358,1
2024-03-18 21:00:00,64,0.0,0.0,0.05011695374220695,1
2024-03-28 17:00:00,81,0.0,0.0,0.1961247369721446,1
2024-03-24 00:00:00,139,0.0,0.0,0.08916413670768718,1
2024-03-23 17:00:00,227,0.0,0.0,0.13282890003460476,1
2024-03-27 04:00:00,131,0.0,0.0,0.1452446216024058,1
2024-03-24 10:00:00,45,1.0,4.0,5.46292944658507,1
2024-03-30 15:00:00,45,10.0,16.0,16.557042122125047,1
2024-03-26 15:00:00,78,0.0,0.0,0.6418903462556603,1
2024-03-30 10:00:00,216,4.0,1.0,1.437600322543896,1
2024-03-18 05:00:00,105,0.0,0.0,0.003825942922768027,1
2024-03-25 05:00:00,148,1.0,3.0,4.921286223724697,1
2024-03-28 21:00:00,215,1.0,2.0,0.7506582514130918,1
2024-03-20 11:00:00,141,153.0,149.0,154.650661840801,1
2024-03-21 09:00:00,91,1.0,4.0,1.56861689088686,1
2024-03-27 16:00:00,113,114.0,97.0,85.34093628860364,1
2024-03-30 18:00:00,188,2.0,3.0,1.1937320360516503,1
2024-03-22 00:00:00,265,1.0,2.0,3.236353825654213,1
2024-03-30 17:00:00,122,0.0,0.0,0.12625173256115943,1
2024-03-26 21:00:00,188,0.0,1.0,0.713146200967532,1
2024-03-26 02:00:00,175,0.0,0.0,0.0231380438389199,1
2024-03-18 18:00:00,243,1.0,1.0,2.050974679109956,1
2024-03-18 08:00:00,145,4.0,11.0,6.4758643899372075,1
2024-03-31 22:00:00,114,62.0,87.0,75.55040724810158,1
2024-03-22 07:00:00,205,1.0,2.0,1.8471624886428855,1
2024-03-29 18:00:00,164,162.0,195.0,207.20934783678612,1
2024-03-19 05:00:00,212,0.0,1.0,0.31965545760559233,1
2024-03-22 06:00:00,61,5.0,9.0,4.8232203346626,1
2024-03-29 15:00:00,165,2.0,1.0,1.2266377055559066,1
2024-03-30 05:00:00,51,1.0,0.0,0.5336714346556508,1
2024-03-23 15:00:00,213,0.0,1.0,0.6001356737602546,1
2024-03-20 15:00:00,156,0.0,0.0,0.004071097926504801,1
2024-03-26 16:00:00,121,0.0,0.0,0.4568415796683808,1
2024-03-28 23:00:00,195,1.0,0.0,0.26056030005620884,1
2024-03-28 11:00:00,7,2.0,5.0,3.340537261970951,1
2024-03-19 13:00:00,113,63.0,65.0,68.16606033002085,1
2024-03-18 21:00:00,261,14.0,17.0,19.425583070866722,1
2024-03-22 08:00:00,97,2.0,3.0,4.753987039008998,1
2024-03-25 01:00:00,198,0.0,0.0,0.161672809419747,1
2024-03-24 22:00:00,203,0.0,1.0,0.1253285166469117,1
2024-03-30 13:00:00,168,0.0,1.0,2.7892232092362526,1
2024-03-21 20:00:00,119,0.0,1.0,0.17997535259808695,1
2024-03-23 05:00:00,62,0.0,1.0,0.4441338277617232,1
2024-03-18 05:00:00,131,0.0,0.0,0.3357640119422745,1
2024-03-21 10:00:00,89,1.0,3.0,3.16040712303836,1
2024-03-26 00:00:00,252,0.0,0.0,0.100065667389679,1
2024-03-18 02:00:00,132,16.0,131.0,59.288980102026116,1
2024-03-21 19:00:00,213,0.0,0.0,0.2062482649569022,1
2024-03-28 00:00:00,118,0.0,0.0,0.006916572816643608,1
2024-03-29 20:00:00,129,3.0,2.0,0.9546481385914742,1
2024-03-22 11:00:00,49,1.0,0.0,1.6088832750282596,1
2024-03-24 22:00:00,44,0.0,0.0,0.005233195078123739,1
2024-03-30 03:00:00,94,0.0,0.0,0.04722390290741321,1
2024-03-27 11:00:00,36,1.0,0.0,0.31876584330360913,1
2024-03-27 08:00:00,187,0.0,0.0,0.008329250899179182,1
2024-03-19 15:00:00,232,9.0,3.0,3.6306615046044683,1
2024-03-26 13:00:00,195,0.0,0.0,0.5941299634318465,1
2024-03-18 14:00:00,78,1.0,0.0,0.4791539427875912,1
2024-03-19 20:00:00,35,1.0,0.0,0.45060438482816456,1
2024-03-24 11:00:00,114,27.0,21.0,25.211739897207508,1
2024-03-22 18:00:00,186,281.0,272.0,231.3080054366068,1
2024-03-20 22:00:00,222,0.0,1.0,0.18503192566390553,1
2024-03-21 06:00:00,38,1.0,1.0,0.7265610610718879,1
2024-03-19 01:00:00,211,2.0,4.0,2.965445299624652,1
2024-03-29 05:00:00,208,0.0,0.0,0.46321217327232656,1
2024-03-22 01:00:00,81,0.0,0.0,0.08439033769759711,1
2024-03-29 17:00:00,254,0.0,1.0,0.453730111496186,1
2024-03-23 00:00:00,172,0.0,0.0,0.008145911218444947,1
2024-03-20 09:00:00,238,175.0,166.0,176.7249786557384,1
2024-03-20 10:00:00,158,19.0,28.0,27.669165308480853,1
2024-03-22 18:00:00,48,165.0,216.0,153.73091289016668,1
2024-03-18 08:00:00,238,181.0,196.0,158.33161750386304,1
2024-03-21 02:00:00,221,0.0,0.0,0.005144111882756024,1
2024-03-29 22:00:00,160,0.0,0.0,0.15550071141207503,1
2024-03-27 22:00:00,4,14.0,16.0,11.524950206208414,1
2024-03-18 10:00:00,223,2.0,0.0,1.55572017250967,1
2024-03-18 11:00:00,187,0.0,0.0,0.00779344672330561,1
2024-03-23 16:00:00,70,0.0,41.0,26.62183793465283,1
2024-03-19 21:00:00,132,320.0,318.0,303.982832413658,1
2024-03-25 15:00:00,180,0.0,0.0,0.2044571592420711,1
2024-03-25 05:00:00,218,0.0,3.0,1.0641499908235172,1
2024-03-30 01:00:00,10,0.0,1.0,0.2094311303870579,1
2024-03-22 08:00:00,174,0.0,1.0,0.6841179327232852,1
2024-03-24 07:00:00,57,0.0,0.0,0.01168362252235973,1
2024-03-20 09:00:00,209,16.0,4.0,7.6164312729448085,1
2024-03-27 04:00:00,190,0.0,0.0,0.05739292556416111,1
2024-03-30 23:00:00,38,0.0,0.0,0.09877451327684583,1
2024-03-27 23:00:00,227,0.0,0.0,0.094715335590524,1
2024-03-21 08:00:00,136,1.0,0.0,0.5741951344378451,1
2024-03-23 13:00:00,98,0.0,0.0,0.13701181527641365,1
2024-03-31 21:00:00,212,2.0,0.0,0.1014433241957058,1
2024-03-27 03:00:00,59,0.0,0.0,0.0046152993333245795,1
2024-03-19 02:00:00,248,0.0,0.0,0.0413742095847297,1
2024-03-29 12:00:00,75,65.0,63.0,49.85820380503105,1
2024-03-31 18:00:00,52,0.0,7.0,1.3534510789323886,1
2024-03-27 01:00:00,255,0.0,0.0,0.39734449095383906,1
2024-03-24 09:00:00,250,1.0,1.0,0.35975125729785373,1
2024-03-27 02:00:00,135,0.0,0.0,0.032369367643304676,1
2024-03-23 15:00:00,18,0.0,0.0,0.28178756275475464,1
2024-03-25 03:00:00,61,2.0,0.0,0.3272505428846504,1
2024-03-23 15:00:00,258,0.0,0.0,0.1979054228096496,1
2024-03-21 09:00:00,121,0.0,0.0,0.7762670574631871,1
2024-03-18 11:00:00,2,0.0,0.0,0.005873002810774823,1
2024-03-20 17:00:00,121,1.0,0.0,0.6499437821370946,1
2024-03-28 02:00:00,28,1.0,0.0,0.11135561862876857,1
2024-03-30 11:00:00,246,93.0,48.0,73.99290913923193,1
2024-03-28 14:00:00,139,0.0,0.0,0.4557396212084819,1
2024-03-20 13:00:00,173,0.0,1.0,0.19530683575057767,1
2024-03-20 17:00:00,246,210.0,182.0,147.92582433859965,1
2024-03-19 07:00:00,39,5.0,2.0,4.560386426963596,1
2024-03-29 00:00:00,172,0.0,0.0,0.010470785729650475,1
2024-03-22 09:00:00,177,1.0,1.0,1.6601806520068423,1
2024-03-24 15:00:00,245,0.0,0.0,0.006934083094324745,1
2024-03-31 22:00:00,108,0.0,0.0,0.08221794940602598,1
2024-03-28 11:00:00,90,95.0,93.0,91.19801650787444,1
2024-03-31 11:00:00,90,90.0,78.0,83.37267927400256,1
2024-03-23 02:00:00,114,423.0,303.0,341.1836786366539,1
2024-03-28 18:00:00,232,19.0,7.0,12.231509435849562,1
2024-03-19 12:00:00,94,0.0,1.0,0.2711822687332437,1
2024-03-25 20:00:00,251,0.0,0.0,0.006035670039606153,1
2024-03-18 17:00:00,187,0.0,0.0,0.008276592868812264,1
2024-03-18 11:00:00,138,232.0,276.0,213.86117169521023,1
2024-03-27 18:00:00,62,2.0,0.0,0.8834204593376982,1
2024-03-19 14:00:00,256,0.0,0.0,0.8899966166342531,1
2024-03-19 18:00:00,208,0.0,0.0,0.1525553863290614,1
2024-03-23 01:00:00,251,0.0,0.0,0.0049332229721992405,1
2024-03-28 23:00:00,63,0.0,0.0,0.1783059823115306,1
2024-03-18 12:00:00,53,0.0,0.0,0.12320165551368098,1
2024-03-31 10:00:00,251,0.0,0.0,0.005796038360767323,1
2024-03-31 18:00:00,186,221.0,183.0,206.1116029441143,1
2024-03-21 00:00:00,17,3.0,0.0,0.4350643444335349,1
2024-03-22 01:00:00,9,0.0,0.0,0.040242025573488174,1
2024-03-20 04:00:00,59,0.0,0.0,0.007498661060469455,1
2024-03-26 17:00:00,102,0.0,0.0,0.18373909574502703,1
2024-03-21 00:00:00,198,1.0,0.0,0.21224487007616363,1
2024-03-25 03:00:00,43,1.0,0.0,0.5024975315874307,1
2024-03-27 17:00:00,206,0.0,0.0,0.00910497984291883,1
2024-03-30 01:00:00,128,0.0,0.0,0.03453157565350458,1
2024-03-31 05:00:00,195,0.0,1.0,0.2661565121847722,1
2024-03-27 12:00:00,102,1.0,0.0,0.3728198153207224,1
2024-03-30 04:00:00,44,0.0,0.0,0.0037206369750745895,1
2024-03-29 07:00:00,15,0.0,1.0,0.14119709554106044,1
2024-03-18 12:00:00,131,3.0,0.0,0.4484095293229021,1
2024-03-30 20:00:00,52,1.0,0.0,0.9057151972544998,1
2024-03-30 14:00:00,245,0.0,0.0,0.006976678561069867,1
2024-03-18 06:00:00,183,0.0,0.0,0.15823085103176215,1
2024-03-26 03:00:00,206,0.0,0.0,0.003947607642682973,1
2024-03-29 10:00:00,70,16.0,20.0,27.662671521711804,1
2024-03-31 16:00:00,139,0.0,1.0,0.25618511431846436,1
2024-03-23 06:00:00,261,3.0,4.0,2.6668247057025085,1
2024-03-27 07:00:00,40,2.0,2.0,1.4807464030360364,1
2024-03-18 09:00:00,200,0.0,0.0,0.29596530756216005,1
2024-03-19 13:00:00,254,0.0,0.0,0.9740861732782249,1
2024-03-24 22:00:00,7,10.0,5.0,3.8523027763009017,1
2024-03-27 15:00:00,220,0.0,0.0,0.2713874445005267,1
2024-03-31 16:00:00,165,0.0,0.0,0.47155788951613714,1
2024-03-31 13:00:00,222,5.0,2.0,0.8710775214160177,1
2024-03-31 06:00:00,20,0.0,0.0,0.21438357147248563,1
2024-03-21 05:00:00,165,0.0,0.0,0.3624685141741051,1
2024-03-20 10:00:00,5,0.0,0.0,0.004143537023160797,1
2024-03-20 10:00:00,111,0.0,0.0,0.006694149012432142,1
2024-03-27 18:00:00,137,131.0,88.0,125.50325842634602,1
2024-03-26 13:00:00,218,0.0,1.0,0.7673697350287657,1
2024-03-25 19:00:00,171,0.0,0.0,0.07989046218036884,1
2024-03-19 05:00:00,199,0.0,0.0,0.004203959275186618,1
2024-03-19 03:00:00,252,0.0,0.0,0.044921184555751816,1
2024-03-28 18:00:00,59,0.0,0.0,0.006771130963496793,1
2024-03-24 20:00:00,149,0.0,0.0,0.058754554340688214,1
2024-03-25 20:00:00,135,0.0,0.0,0.08641315834288729,1
2024-03-20 22:00:00,10,2.0,1.0,2.4423388442316023,1
2024-03-18 07:00:00,175,1.0,0.0,0.1386183444036314,1
2024-03-20 03:00:00,255,0.0,0.0,0.18122616814705367,1
2024-03-21 17:00:00,144,63.0,55.0,71.25460031419438,1
2024-03-27 11:00:00,92,2.0,0.0,0.531048027846131,1
2024-03-25 13:00:00,43,121.0,132.0,114.64625830241602,1
2024-03-31 15:00:00,59,0.0,0.0,0.0076234089753214425,1
2024-03-26 19:00:00,156,0.0,0.0,0.004032750846927792,1
2024-03-29 08:00:00,123,1.0,1.0,0.5470026425401678,1
2024-03-31 19:00:00,101,1.0,0.0,0.07834237565200608,1
2024-03-18 12:00:00,166,23.0,27.0,32.16453073398339,1
2024-03-18 06:00:00,174,0.0,0.0,0.5228545755109308,1
2024-03-23 02:00:00,13,1.0,2.0,2.094268178305348,1
2024-03-27 04:00:00,146,1.0,1.0,0.9206050410482842,1
2024-03-21 08:00:00,92,1.0,1.0,0.6604517826282859,1
2024-03-22 12:00:00,214,0.0,0.0,0.0126348239803823,1
2024-03-22 15:00:00,74,23.0,22.0,24.825350127245738,1
2024-03-19 13:00:00,109,0.0,0.0,0.004068299021695006,1
2024-03-25 09:00:00,176,0.0,0.0,0.005718364649874985,1
2024-03-23 14:00:00,139,1.0,0.0,0.22775539089791327,1
2024-03-21 01:00:00,153,0.0,0.0,0.033641746777723414,1
2024-03-30 20:00:00,93,2.0,0.0,1.0738780128440115,1
2024-03-22 08:00:00,55,0.0,1.0,1.8921307394410947,1
2024-03-28 13:00:00,203,0.0,0.0,0.3842838164693481,1
2024-03-26 12:00:00,7,3.0,1.0,3.137906989190135,1
2024-03-19 17:00:00,130,2.0,1.0,1.8116877658891966,1
2024-03-23 17:00:00,123,0.0,1.0,0.17502624607453623,1
2024-03-26 20:00:00,251,0.0,0.0,0.006032911734471824,1
2024-03-31 18:00:00,81,1.0,0.0,0.13055139872454807,1
2024-03-28 00:00:00,246,16.0,31.0,33.55368362597947,1
2024-03-20 00:00:00,20,0.0,0.0,0.06095729565196934,1
2024-03-26 16:00:00,43,146.0,151.0,175.65952130392046,1
2024-03-23 08:00:00,246,16.0,28.0,17.61844514021629,1
2024-03-21 19:00:00,58,0.0,0.0,0.01651996124702393,1
2024-03-28 10:00:00,141,145.0,161.0,160.14710977018095,1
2024-03-25 16:00:00,19,0.0,0.0,0.23807765274689735,1
2024-03-26 17:00:00,154,0.0,0.0,0.10599330582734111,1
2024-03-28 12:00:00,126,1.0,0.0,0.5692190201995126,1
2024-03-30 13:00:00,120,0.0,0.0,0.1150136863683056,1
2024-03-20 08:00:00,259,2.0,2.0,0.7078403295525653,1
2024-03-29 02:00:00,74,0.0,1.0,1.6176158559435427,1
2024-03-26 04:00:00,119,0.0,0.0,0.23850091474102772,1
2024-03-19 01:00:00,249,30.0,30.0,32.12118523128262,1
2024-03-31 23:00:00,24,1.0,2.0,5.578005639225715,1
2024-03-22 11:00:00,31,0.0,0.0,0.11039192334039191,1
2024-03-22 13:00:00,28,0.0,1.0,0.9970722766341279,1
2024-03-22 17:00:00,44,0.0,0.0,0.004499251045612577,1
2024-03-29 00:00:00,210,0.0,0.0,0.0915302511725948,1
2024-03-23 19:00:00,196,1.0,0.0,0.5168913652825555,1
2024-03-29 22:00:00,27,0.0,0.0,0.011869553103921878,1
2024-03-20 01:00:00,236,4.0,9.0,5.3337249150202,1
2024-03-18 00:00:00,96,0.0,0.0,0.014818857607798703,1
2024-03-24 00:00:00,174,0.0,0.0,0.0933731286597956,1
2024-03-25 23:00:00,200,0.0,0.0,0.09481176804164261,1
2024-03-21 08:00:00,184,0.0,0.0,0.012779598367642434,1
2024-03-19 18:00:00,211,45.0,47.0,52.980868071361336,1
2024-03-31 05:00:00,227,0.0,1.0,0.12280957433763974,1
2024-03-21 02:00:00,40,0.0,0.0,0.06593487377139265,1
2024-03-18 02:00:00,24,2.0,0.0,0.5485847908599635,1
2024-03-23 02:00:00,183,0.0,0.0,0.03048593811674774,1
2024-03-31 23:00:00,147,0.0,0.0,0.10981073306403537,1
2024-03-29 16:00:00,48,118.0,113.0,161.51976117001976,1
2024-03-19 01:00:00,188,0.0,0.0,0.2631170047614175,1
2024-03-22 08:00:00,139,1.0,0.0,0.6622908823501554,1
2024-03-27 10:00:00,138,204.0,275.0,187.05574696822464,1
2024-03-27 05:00:00,125,2.0,0.0,1.170427744330146,1
2024-03-18 13:00:00,150,1.0,0.0,0.19106011073054407,1
2024-03-21 15:00:00,98,0.0,0.0,0.13746130726238642,1
2024-03-22 17:00:00,142,236.0,251.0,226.46823472300085,1
2024-03-29 05:00:00,21,1.0,0.0,0.2334078702182574,1
2024-03-23 11:00:00,151,58.0,72.0,61.31771425622833,1
2024-03-25 00:00:00,264,10.0,9.0,8.401465493414602,1
2024-03-29 16:00:00,256,2.0,3.0,3.378391284032931,1
2024-03-25 05:00:00,128,0.0,0.0,0.07515460718172358,1
2024-03-30 06:00:00,19,0.0,0.0,0.1595122472108119,1
2024-03-18 10:00:00,229,105.0,116.0,109.82902822485026,1
2024-03-23 20:00:00,188,1.0,0.0,1.5564597122879738,1
2024-03-22 21:00:00,41,24.0,25.0,22.86872282029965,1
2024-03-22 07:00:00,211,8.0,11.0,9.69012396326583,1
2024-03-23 11:00:00,70,8.0,9.0,16.09384792761695,1
2024-03-26 19:00:00,242,0.0,1.0,0.19665700287506566,1
2024-03-31 12:00:00,188,4.0,4.0,3.0196228792441335,1
2024-03-22 11:00:00,71,1.0,3.0,1.4318152792005798,1
2024-03-25 03:00:00,224,0.0,0.0,0.8029425768530059,1
2024-03-26 10:00:00,57,0.0,0.0,0.019840973776719915,1
2024-03-25 16:00:00,198,0.0,0.0,0.4036263945510396,1
2024-03-21 22:00:00,71,0.0,0.0,0.2774550775631376,1
2024-03-21 14:00:00,143,77.0,77.0,87.39578724953002,1
2024-03-19 15:00:00,117,0.0,0.0,0.38539104476262387,1
2024-03-30 11:00:00,178,0.0,0.0,0.08219440263478574,1
2024-03-31 03:00:00,248,0.0,0.0,0.09144806693243325,1
2024-03-25 00:00:00,177,0.0,0.0,0.1857549624087197,1
2024-03-27 19:00:00,220,0.0,0.0,0.16796212027159893,1
2024-03-25 14:00:00,154,0.0,0.0,0.08951367492744652,1
2024-03-25 11:00:00,108,2.0,1.0,0.4085650181307948,1
2024-03-19 07:00:00,208,1.0,1.0,0.5189766294272343,1
2024-03-26 10:00:00,65,0.0,0.0,2.4538236922827776,1
2024-03-29 14:00:00,162,212.0,230.0,242.02039916830077,1
2024-03-20 15:00:00,67,0.0,1.0,0.18706613322508892,1
2024-03-24 03:00:00,166,2.0,3.0,1.9313240099130822,1
2024-03-21 18:00:00,251,0.0,0.0,0.005350447539381762,1
2024-03-26 04:00:00,222,1.0,1.0,0.36491684760836285,1
2024-03-20 22:00:00,213,0.0,0.0,0.5074139431211617,1
2024-03-27 04:00:00,109,0.0,0.0,0.003721183570487451,1
2024-03-28 07:00:00,173,0.0,0.0,0.2712641479194326,1
2024-03-30 12:00:00,138,79.0,98.0,171.92627517755054,1
2024-03-23 01:00:00,59,0.0,0.0,0.008510888320216091,1
2024-03-23 17:00:00,197,0.0,1.0,1.0145826962708244,1
2024-03-30 09:00:00,184,0.0,0.0,0.022173784620321827,1
2024-03-25 09:00:00,181,4.0,0.0,1.8918366835250813,1
2024-03-29 14:00:00,101,0.0,0.0,0.11747606965174993,1
2024-03-27 13:00:00,65,3.0,3.0,3.6631094794887633,1
2024-03-18 14:00:00,161,318.0,349.0,321.13577028536344,1
2024-03-25 14:00:00,136,1.0,0.0,0.2974021657333263,1
2024-03-26 13:00:00,21,2.0,0.0,0.3650066894824138,1
2024-03-28 16:00:00,188,4.0,2.0,2.259296736137536,1
2024-03-18 03:00:00,60,0.0,0.0,0.047175503708351794,1
2024-03-21 23:00:00,36,0.0,1.0,0.24596118627981442,1
2024-03-20 16:00:00,262,71.0,77.0,87.62133440482184,1
2024-03-28 09:00:00,82,0.0,1.0,0.9652716851452878,1
2024-03-21 05:00:00,246,3.0,2.0,4.213782850715322,1
2024-03-21 22:00:00,93,3.0,1.0,0.8160065712385565,1
2024-03-18 19:00:00,207,0.0,0.0,0.2656465153645219,1
2024-03-28 08:00:00,66,5.0,6.0,1.5350742042053436,1
2024-03-30 01:00:00,163,44.0,37.0,50.376984483897814,1
2024-03-28 23:00:00,226,1.0,4.0,3.0911260173147364,1
2024-03-22 02:00:00,29,0.0,0.0,0.06898718673010547,1
2024-03-31 15:00:00,90,76.0,102.0,90.94733411587957,1
2024-03-22 23:00:00,209,17.0,34.0,16.473638638952217,1
2024-03-27 03:00:00,68,8.0,4.0,4.86964581587909,1
2024-03-30 22:00:00,4,19.0,16.0,23.741742160357553,1
2024-03-20 02:00:00,188,0.0,0.0,0.09330714998929031,1
2024-03-31 23:00:00,7,3.0,5.0,5.579324815968955,1
2024-03-24 05:00:00,64,0.0,0.0,0.05699848328122164,1
2024-03-19 14:00:00,175,0.0,0.0,0.16696078583637047,1
2024-03-30 15:00:00,128,0.0,1.0,0.07613792367801285,1
2024-03-28 19:00:00,30,0.0,0.0,0.006158134784775049,1
2024-03-28 13:00:00,159,1.0,0.0,0.8114482664969515,1
2024-03-22 02:00:00,221,0.0,0.0,0.005439050785314839,1
2024-03-27 16:00:00,237,396.0,434.0,440.3643119345944,1
2024-03-25 05:00:00,244,0.0,0.0,1.379811344854709,1
2024-03-21 15:00:00,223,0.0,7.0,1.6731861282219753,1
2024-03-20 00:00:00,42,1.0,2.0,1.4651111790810682,1
2024-03-25 10:00:00,175,0.0,0.0,0.13927840961083102,1
2024-03-20 06:00:00,14,0.0,1.0,0.7955373336948592,1
2024-03-21 01:00:00,221,0.0,0.0,0.0063766350971666,1
2024-03-20 10:00:00,150,0.0,1.0,0.18016341922687562,1
2024-03-28 09:00:00,231,60.0,63.0,63.50783455658809,1
2024-03-23 03:00:00,253,0.0,0.0,0.02885967101758414,1
2024-03-27 02:00:00,10,0.0,0.0,0.4675648363463859,1
2024-03-26 12:00:00,206,0.0,0.0,0.004831916729733659,1
2024-03-28 13:00:00,47,1.0,0.0,0.6350884051197068,1
2024-03-31 01:00:00,235,0.0,0.0,0.2275605288328085,1
2024-03-26 20:00:00,95,0.0,2.0,0.7173892010213913,1
2024-03-28 17:00:00,132,412.0,333.0,387.1977109940175,1
2024-03-26 06:00:00,138,4.0,4.0,6.487068286185846,1
2024-03-31 01:00:00,51,0.0,0.0,0.14369149586880545,1
2024-03-25 02:00:00,250,0.0,1.0,0.03787243384504837,1
2024-03-19 07:00:00,76,6.0,8.0,4.768990867166946,1
2024-03-30 13:00:00,258,1.0,0.0,0.28945054156497496,1
2024-03-19 21:00:00,152,5.0,0.0,2.501679678301099,1
2024-03-25 09:00:00,15,1.0,0.0,0.1638512877237346,1
2024-03-23 05:00:00,28,3.0,0.0,0.5024574530737889,1
2024-03-30 11:00:00,215,3.0,2.0,1.4340885056497428,1
2024-03-27 15:00:00,102,0.0,0.0,0.23627286490003624,1
2024-03-29 04:00:00,166,5.0,3.0,2.4133923298402467,1
2024-03-28 06:00:00,142,32.0,30.0,48.62114936758666,1
2024-03-18 19:00:00,122,0.0,0.0,0.07698068149427552,1
2024-03-23 22:00:00,80,6.0,2.0,2.6913774989471233,1
2024-03-27 13:00:00,161,352.0,409.0,362.1072047379921,1
2024-03-30 21:00:00,113,148.0,115.0,108.60220871512081,1
2024-03-25 01:00:00,99,0.0,0.0,0.0034369305838737496,1
2024-03-18 21:00:00,181,2.0,0.0,1.578384432374505,1
2024-03-23 10:00:00,111,0.0,0.0,0.009309163395827425,1
2024-03-20 10:00:00,264,21.0,21.0,20.936179203182107,1
2024-03-20 11:00:00,121,1.0,1.0,0.6940645332050537,1
2024-03-24 17:00:00,6,0.0,0.0,0.08197018613003762,1
2024-03-18 16:00:00,258,0.0,2.0,0.24961225851071578,1
2024-03-24 12:00:00,165,0.0,0.0,0.4932887412031985,1
2024-03-25 10:00:00,97,3.0,2.0,3.5073740202192045,1
2024-03-18 21:00:00,42,2.0,3.0,5.594729053211474,1
2024-03-25 15:00:00,204,0.0,0.0,0.004014210526904939,1
2024-03-24 18:00:00,42,10.0,9.0,7.39314690234094,1
2024-03-25 23:00:00,49,0.0,0.0,0.6490965391566664,1
2024-03-31 05:00:00,242,0.0,0.0,0.15027677620985913,1
2024-03-27 16:00:00,181,4.0,1.0,2.372408171829915,1
2024-03-20 08:00:00,13,39.0,39.0,39.130414589717425,1
2024-03-21 21:00:00,185,0.0,0.0,0.056235901543767064,1
2024-03-19 18:00:00,43,81.0,121.0,132.98853626543416,1
2024-03-26 04:00:00,259,0.0,0.0,0.11955626874457706,1
2024-03-30 22:00:00,100,99.0,115.0,83.85383226337481,1
2024-03-29 09:00:00,217,0.0,0.0,0.4835216191002895,1
2024-03-30 05:00:00,98,0.0,0.0,0.09018920469875721,1
2024-03-22 14:00:00,144,64.0,66.0,55.53367718464932,1
2024-03-30 22:00:00,120,0.0,0.0,0.06769910162441554,1
2024-03-27 00:00:00,32,0.0,0.0,0.0603378168762916,1
2024-03-21 19:00:00,7,0.0,2.0,2.594788895082872,1
2024-03-28 11:00:00,231,77.0,76.0,70.03806484835194,1
2024-03-22 19:00:00,155,1.0,1.0,0.25443375087053005,1
2024-03-31 02:00:00,164,69.0,87.0,80.60867716835638,1
2024-03-19 02:00:00,29,0.0,0.0,0.039412336581137665,1
2024-03-24 22:00:00,121,0.0,0.0,0.18852060562504455,1
2024-03-30 21:00:00,216,1.0,3.0,0.7481130841711872,1
2024-03-26 08:00:00,14,0.0,2.0,0.9758978640110076,1
2024-03-20 06:00:00,206,0.0,0.0,0.0043630376356100795,1
2024-03-19 18:00:00,51,0.0,0.0,0.44163119205930446,1
2024-03-24 08:00:00,262,52.0,64.0,51.155649934957026,1
2024-03-25 05:00:00,172,0.0,1.0,0.007230642562350222,1
2024-03-22 15:00:00,22,0.0,0.0,0.5621159976340208,1
2024-03-31 10:00:00,261,21.0,24.0,19.348728155342684,1
2024-03-20 23:00:00,94,0.0,0.0,0.07899250391593807,1
2024-03-21 01:00:00,201,0.0,0.0,0.04247163357764592,1
2024-03-20 22:00:00,7,0.0,2.0,1.7818345257704922,1
2024-03-23 13:00:00,126,0.0,0.0,0.3658972383955337,1
2024-03-29 07:00:00,209,1.0,3.0,2.613705489787961,1
2024-03-31 05:00:00,14,0.0,0.0,0.4519757834405493,1
2024-03-20 18:00:00,37,0.0,2.0,0.920329887580813,1
2024-03-28 17:00:00,170,251.0,322.0,301.9869341776293,1
2024-03-21 12:00:00,20,0.0,1.0,0.46088697256908295,1
2024-03-18 07:00:00,62,1.0,2.0,2.373606869480941,1
2024-03-19 00:00:00,140,13.0,10.0,10.833058105784124,1
2024-03-26 10:00:00,217,1.0,1.0,0.39061166860328494,1
2024-03-22 17:00:00,137,125.0,127.0,114.60159248854853,1
2024-03-19 13:00:00,75,42.0,56.0,44.29756584140849,1
2024-03-19 05:00:00,138,3.0,5.0,2.178736234465394,1
2024-03-29 18:00:00,249,157.0,106.0,164.75658408550976,1
2024-03-30 12:00:00,261,49.0,36.0,52.65961482614042,1
2024-03-26 14:00:00,264,19.0,18.0,19.99660775204293,1
2024-03-23 19:00:00,264,21.0,38.0,24.483578362849933,1
2024-03-20 11:00:00,91,0.0,0.0,1.4027603637303219,1
2024-03-25 10:00:00,189,1.0,0.0,0.8939266409708648,1
2024-03-29 10:00:00,79,78.0,52.0,79.69403887045985,1
2024-03-18 02:00:00,177,0.0,0.0,0.0608279379832337,1
2024-03-24 23:00:00,13,1.0,1.0,5.547399013558751,1
2024-03-19 15:00:00,200,0.0,0.0,0.19578046039911115,1
2024-03-19 07:00:00,262,146.0,164.0,139.64591867988668,1
2024-03-24 12:00:00,173,0.0,0.0,0.24563514359423125,1
2024-03-19 18:00:00,2,0.0,0.0,0.004292984610105326,1
2024-03-31 16:00:00,94,0.0,0.0,0.14008986876273535,1
2024-03-31 02:00:00,6,0.0,0.0,0.026152758555227185,1
2024-03-20 23:00:00,51,0.0,0.0,0.28111997904364966,1
2024-03-25 14:00:00,215,0.0,1.0,1.613836495897887,1
2024-03-22 14:00:00,93,0.0,0.0,0.7153820474762068,1
2024-03-26 10:00:00,254,1.0,1.0,1.097951362650226,1
2024-03-18 22:00:00,253,0.0,0.0,0.01625510701616666,1
2024-03-30 16:00:00,7,7.0,4.0,5.398213089703377,1
2024-03-22 12:00:00,99,0.0,0.0,0.004112572885115814,1
2024-03-26 18:00:00,52,3.0,0.0,1.8146373269179155,1
2024-03-18 19:00:00,142,170.0,164.0,169.997576788921,1
2024-03-29 09:00:00,46,0.0,0.0,0.02004298554906341,1
2024-03-31 14:00:00,23,0.0,0.0,0.009872106586730548,1
2024-03-29 09:00:00,107,93.0,107.0,109.92426165671316,1
2024-03-28 21:00:00,256,3.0,2.0,1.8651452405094426,1
2024-03-27 15:00:00,210,2.0,1.0,0.5447913574650184,1
2024-03-28 13:00:00,206,0.0,0.0,0.009126479398477563,1
2024-03-23 21:00:00,250,0.0,0.0,0.10697045734956175,1
2024-03-18 19:00:00,12,1.0,0.0,1.0938155135767642,1
2024-03-20 03:00:00,247,0.0,1.0,0.11012492325313278,1
2024-03-18 12:00:00,63,1.0,0.0,0.4645995645979888,1
2024-03-30 09:00:00,18,0.0,0.0,0.38596587609042493,1
2024-03-29 06:00:00,173,0.0,1.0,0.21693652522352908,1
2024-03-31 13:00:00,153,0.0,0.0,0.11245129563974758,1
2024-03-25 20:00:00,230,236.0,284.0,225.1250721900626,1
2024-03-27 21:00:00,2,0.0,0.0,0.004456634585772944,1
2024-03-22 08:00:00,19,0.0,1.0,0.3820675665891428,1
2024-03-25 09:00:00,208,0.0,1.0,0.42456849592064644,1
2024-03-21 05:00:00,33,0.0,0.0,0.6431425333925876,1
2024-03-31 18:00:00,136,0.0,1.0,0.15174647469778726,1
2024-03-24 05:00:00,235,0.0,0.0,0.38985466691371,1
2024-03-20 12:00:00,38,1.0,0.0,0.3369426494681437,1
2024-03-30 06:00:00,175,0.0,0.0,0.07005012081986632,1
2024-03-18 10:00:00,165,2.0,1.0,0.919442983451974,1
2024-03-18 14:00:00,19,0.0,0.0,0.23002971415504783,1
2024-03-27 11:00:00,189,1.0,0.0,0.9622727601417181,1
2024-03-31 23:00:00,114,40.0,57.0,76.15141057586395,1
2024-03-27 09:00:00,17,4.0,4.0,2.229042779526868,1
2024-03-28 01:00:00,49,0.0,0.0,0.3258971605353524,1
2024-03-26 04:00:00,7,1.0,0.0,1.0218107762490027,1
2024-03-21 17:00:00,101,0.0,0.0,0.12257235426319965,1
2024-03-27 09:00:00,247,1.0,3.0,1.2034743946063793,1
2024-03-26 09:00:00,220,1.0,0.0,0.5394793859963467,1
2024-03-19 23:00:00,67,0.0,0.0,0.06284823659820311,1
2024-03-24 16:00:00,44,0.0,0.0,0.005613252273568289,1
2024-03-28 09:00:00,106,0.0,0.0,0.5411909563203472,1
2024-03-22 23:00:00,242,0.0,1.0,0.16741319888229503,1
2024-03-24 00:00:00,152,1.0,4.0,3.358312154782605,1
2024-03-29 05:00:00,239,25.0,20.0,19.142169447181953,1
2024-03-20 06:00:00,44,0.0,0.0,0.004435523013117825,1
2024-03-23 06:00:00,155,0.0,0.0,0.3137049750586601,1
2024-03-24 01:00:00,39,0.0,0.0,0.29819445219137114,1
2024-03-21 10:00:00,135,0.0,1.0,0.4075293779742874,1
2024-03-24 03:00:00,79,324.0,290.0,332.0158540152488,1
2024-03-23 01:00:00,211,114.0,117.0,84.23941981191591,1
2024-03-21 17:00:00,97,2.0,6.0,3.8358795934193375,1
2024-03-23 10:00:00,227,0.0,1.0,0.20936343499138432,1
2024-03-31 00:00:00,89,0.0,3.0,0.6381761687879517,1
2024-03-26 17:00:00,88,47.0,40.0,34.44672290529729,1
2024-03-25 18:00:00,147,0.0,0.0,0.1510166597386509,1
2024-03-28 05:00:00,81,0.0,1.0,0.2616650927937973,1
2024-03-22 01:00:00,18,0.0,0.0,0.06685892628607991,1
2024-03-20 00:00:00,59,0.0,0.0,0.007996448384301847,1
2024-03-30 07:00:00,120,0.0,0.0,0.08532731675537089,1
2024-03-22 09:00:00,49,2.0,1.0,2.315530763718276,1
2024-03-22 11:00:00,150,0.0,0.0,0.21644293757092228,1
2024-03-21 00:00:00,263,17.0,25.0,23.1153131114505,1
2024-03-30 01:00:00,219,0.0,3.0,0.35166512485621415,1
2024-03-22 18:00:00,214,0.0,0.0,0.010983666031881494,1
2024-03-19 19:00:00,2,0.0,0.0,0.0042711533833280834,1
2024-03-31 08:00:00,66,0.0,0.0,2.2611601996358237,1
2024-03-27 00:00:00,122,0.0,0.0,0.06273635759478227,1
2024-03-26 17:00:00,97,4.0,1.0,3.047642298675833,1
2024-03-27 02:00:00,77,0.0,0.0,0.039073304362235696,1
2024-03-31 02:00:00,105,0.0,0.0,0.0034570357396059717,1
2024-03-31 01:00:00,242,0.0,0.0,0.04711807932218282,1
2024-03-19 05:00:00,208,0.0,1.0,0.44718337605477704,1
2024-03-26 08:00:00,147,1.0,1.0,0.5150794332405807,1
2024-03-20 10:00:00,262,128.0,139.0,152.91292629334205,1
2024-03-25 13:00:00,196,1.0,1.0,0.7802994631199188,1
2024-03-31 16:00:00,183,0.0,0.0,0.08621388821782164,1
2024-03-19 02:00:00,247,0.0,0.0,0.06195378197289957,1
2024-03-30 11:00:00,88,14.0,4.0,8.512400407603973,1
2024-03-26 23:00:00,131,0.0,0.0,0.10582210898716594,1
2024-03-29 13:00:00,60,0.0,1.0,0.4507963446209803,1
2024-03-28 17:00:00,145,2.0,1.0,6.21679977936489,1
2024-03-30 05:00:00,43,2.0,3.0,4.633304329834338,1
2024-03-27 08:00:00,172,0.0,0.0,0.0075852433401430025,1
2024-03-28 17:00:00,45,10.0,6.0,14.30315357246361,1
2024-03-21 10:00:00,235,0.0,0.0,1.025179937493931,1
2024-03-21 19:00:00,260,3.0,0.0,1.1748958324537868,1
2024-03-31 04:00:00,120,0.0,0.0,0.05279259832775993,1
2024-03-29 19:00:00,90,178.0,182.0,143.60697509406776,1
2024-03-27 20:00:00,132,336.0,278.0,291.77776281577457,1
2024-03-25 12:00:00,223,2.0,4.0,1.5320381191219525,1
2024-03-21 08:00:00,109,0.0,0.0,0.004082884787997481,1
2024-03-30 15:00:00,168,1.0,4.0,2.0393751188272855,1
2024-03-23 10:00:00,28,1.0,0.0,1.020033048546508,1
2024-03-24 23:00:00,229,13.0,38.0,36.32502855292419,1
2024-03-23 12:00:00,238,148.0,117.0,162.702517503959,1
2024-03-23 17:00:00,14,0.0,0.0,0.5811133536671955,1
2024-03-30 08:00:00,120,0.0,0.0,0.09807429923988277,1
2024-03-18 16:00:00,162,271.0,260.0,278.00298104798867,1
2024-03-27 21:00:00,107,238.0,220.0,173.8704015894599,1
2024-03-29 13:00:00,260,3.0,1.0,1.5611611475237674,1
2024-03-23 09:00:00,102,0.0,0.0,0.2816116359990234,1
2024-03-29 21:00:00,115,0.0,0.0,0.005031877644859198,1
2024-03-21 09:00:00,14,0.0,0.0,0.9516343949147753,1
2024-03-25 04:00:00,96,0.0,0.0,0.04897863262195634,1
2024-03-25 22:00:00,38,0.0,0.0,0.08036039715528896,1
2024-03-18 18:00:00,201,0.0,0.0,0.08945482744529608,1
2024-03-29 17:00:00,188,0.0,2.0,3.2548891060138714,1
2024-03-29 07:00:00,131,0.0,1.0,0.7416469319915217,1
2024-03-27 09:00:00,47,1.0,0.0,0.8116494298981494,1
2024-03-18 02:00:00,92,0.0,0.0,0.07612016622421004,1
2024-03-25 06:00:00,41,11.0,15.0,10.959132130494423,1
2024-03-18 18:00:00,83,0.0,1.0,0.25631011779610097,1
2024-03-20 07:00:00,80,1.0,0.0,0.8550786888780723,1
2024-03-23 10:00:00,114,23.0,20.0,21.35327246833528,1
2024-03-23 19:00:00,42,14.0,7.0,13.241081399928172,1
2024-03-19 13:00:00,106,0.0,0.0,0.46890848711260524,1
2024-03-25 23:00:00,190,0.0,0.0,0.08290482915852651,1
2024-03-21 15:00:00,69,0.0,0.0,0.7535329309364376,1
2024-03-29 03:00:00,234,8.0,6.0,7.06091305822059,1
2024-03-28 22:00:00,223,2.0,0.0,1.2381970908067443,1
2024-03-23 02:00:00,248,0.0,0.0,0.07611946099202746,1
2024-03-29 18:00:00,82,0.0,0.0,0.7604237084116994,1
2024-03-27 06:00:00,80,1.0,0.0,0.6234452563452237,1
2024-03-26 00:00:00,208,0.0,0.0,0.08213703064280803,1
2024-03-20 15:00:00,44,0.0,0.0,0.004512818287088345,1
2024-03-21 13:00:00,178,0.0,0.0,0.13761949018209044,1
2024-03-18 08:00:00,197,1.0,1.0,1.9435988139961913,1
2024-03-30 01:00:00,142,29.0,24.0,36.0254799552575,1
2024-03-21 15:00:00,198,0.0,1.0,0.4418190312146792,1
2024-03-23 04:00:00,46,0.0,0.0,0.01964550564374151,1
2024-03-19 17:00:00,199,0.0,0.0,0.004363337894049063,1
2024-03-25 19:00:00,257,1.0,0.0,0.09610272151824738,1
2024-03-27 03:00:00,72,0.0,0.0,0.11705266878031133,1
2024-03-24 09:00:00,123,0.0,1.0,0.29563470430110556,1
2024-03-24 17:00:00,25,4.0,4.0,3.564926143655123,1
2024-03-31 23:00:00,45,2.0,1.0,6.613764182303439,1
2024-03-18 22:00:00,260,0.0,0.0,0.7399421115286758,1
2024-03-20 15:00:00,175,0.0,0.0,0.19146460833885273,1
2024-03-19 16:00:00,155,0.0,0.0,0.5495954016635541,1
2024-03-24 12:00:00,189,0.0,0.0,0.8493743295975668,1
2024-03-25 05:00:00,229,8.0,7.0,10.210063651115298,1
2024-03-20 22:00:00,48,338.0,265.0,305.06584286259624,1
2024-03-28 19:00:00,248,0.0,0.0,0.16595649863955506,1
2024-03-31 13:00:00,180,0.0,0.0,0.137632126494095,1
2024-03-29 15:00:00,136,0.0,1.0,0.3313571354845402,1
2024-03-28 09:00:00,233,91.0,83.0,83.50385885828612,1
2024-03-20 05:00:00,90,7.0,7.0,6.416208247530613,1
2024-03-29 21:00:00,3,0.0,0.0,0.07303426787050978,1
2024-03-28 00:00:00,24,3.0,1.0,2.825201944810844,1
2024-03-25 02:00:00,246,18.0,12.0,19.212567918953123,1
2024-03-26 12:00:00,219,1.0,0.0,0.7739794434952122,1
2024-03-25 09:00:00,126,0.0,0.0,0.5702305057622021,1
2024-03-31 17:00:00,101,1.0,0.0,0.09696452685962062,1
2024-03-29 18:00:00,2,0.0,0.0,0.004280854188665409,1
2024-03-22 21:00:00,92,0.0,0.0,0.19285512509935138,1
2024-03-21 01:00:00,17,0.0,0.0,0.2464706955681148,1
2024-03-29 07:00:00,8,0.0,0.0,0.02278923124103659,1
2024-03-23 13:00:00,164,162.0,121.0,157.17546946573455,1
2024-03-24 20:00:00,161,144.0,134.0,130.53598869325089,1
2024-03-21 09:00:00,61,8.0,4.0,5.646248083554362,1
2024-03-30 20:00:00,9,0.0,0.0,0.056309650344827995,1
2024-03-25 10:00:00,192,0.0,0.0,0.1741754666879773,1
2024-03-25 12:00:00,246,64.0,57.0,72.7537893572875,1
2024-03-30 06:00:00,166,3.0,2.0,6.022505705111989,1
2024-03-23 21:00:00,8,0.0,0.0,0.010982566069493964,1
2024-03-26 12:00:00,235,0.0,2.0,0.8911917535532694,1
2024-03-19 00:00:00,230,57.0,51.0,53.096875640197574,1
2024-03-31 09:00:00,28,1.0,1.0,0.7771165503677842,1
2024-03-29 22:00:00,206,0.0,0.0,0.005402839567284581,1
2024-03-28 11:00:00,120,0.0,0.0,0.09567667215157297,1
2024-03-31 01:00:00,9,0.0,1.0,0.040347631389210666,1
2024-03-22 09:00:00,25,2.0,0.0,3.5851844646950473,1
2024-03-30 06:00:00,193,2.0,1.0,1.897441762637168,1
2024-03-22 00:00:00,172,0.0,0.0,0.00883492047111715,1
2024-03-20 01:00:00,38,0.0,0.0,0.039990468305754465,1
2024-03-30 06:00:00,54,0.0,0.0,0.10819254986608884,1
2024-03-29 00:00:00,112,2.0,1.0,1.6619762432790974,1
2024-03-27 05:00:00,28,1.0,1.0,0.5237115381480913,1
2024-03-21 05:00:00,146,2.0,1.0,1.7902923672981434,1
2024-03-29 01:00:00,253,0.0,0.0,0.019058166410796048,1
2024-03-31 20:00:00,40,3.0,6.0,0.884972493631018,1
2024-03-22 09:00:00,91,2.0,1.0,2.2005826851103687,1
2024-03-26 15:00:00,175,0.0,0.0,0.14469346886416148,1
2024-03-23 11:00:00,3,0.0,1.0,0.2138662847524155,1
2024-03-21 19:00:00,76,0.0,3.0,1.5321309350769403,1
2024-03-20 22:00:00,182,0.0,0.0,0.16037840552227497,1
2024-03-26 05:00:00,180,0.0,0.0,0.16679398957201236,1
2024-03-21 09:00:00,95,1.0,0.0,1.5945969475169652,1
2024-03-22 09:00:00,248,2.0,0.0,0.6698172989060331,1
2024-03-21 10:00:00,216,3.0,4.0,1.612488831705045,1
2024-03-31 09:00:00,196,0.0,2.0,0.5094586763788663,1
2024-03-25 16:00:00,238,136.0,96.0,116.54501477041798,1
2024-03-27 22:00:00,130,4.0,2.0,1.84638950603956,1
2024-03-29 11:00:00,36,0.0,0.0,0.44001184893145256,1
2024-03-22 13:00:00,91,2.0,0.0,1.3236621703383709,1
2024-03-31 23:00:00,230,63.0,50.0,80.91284120916363,1
2024-03-22 18:00:00,240,0.0,0.0,0.02510302323631196,1
2024-03-19 06:00:00,185,1.0,1.0,0.3834681904940296,1
2024-03-28 17:00:00,38,0.0,0.0,0.18949521236837982,1
2024-03-22 02:00:00,224,0.0,0.0,1.9697333185694332,1
2024-03-19 23:00:00,19,1.0,0.0,0.1618885538371289,1
2024-03-25 20:00:00,188,0.0,0.0,0.84389481909076,1
2024-03-21 08:00:00,35,4.0,7.0,3.9771464210214167,1
2024-03-21 21:00:00,60,0.0,0.0,0.06307558572472163,1
2024-03-29 18:00:00,213,1.0,0.0,0.5284113658597189,1
2024-03-23 15:00:00,6,2.0,0.0,0.022968136774980337,1
2024-03-26 18:00:00,255,3.0,4.0,1.4881782854009165,1
2024-03-31 16:00:00,173,0.0,0.0,0.2504625557644786,1
2024-03-25 21:00:00,160,1.0,0.0,0.1381604198803704,1
2024-03-26 19:00:00,93,1.0,0.0,0.6902335267168033,1
2024-03-18 07:00:00,179,0.0,0.0,2.045769484690406,1
2024-03-27 16:00:00,234,255.0,268.0,203.16141510413476,1
2024-03-24 01:00:00,251,0.0,0.0,0.008297645110166691,1
2024-03-25 23:00:00,216,1.0,0.0,1.1588418932145663,1
2024-03-28 15:00:00,37,1.0,2.0,1.3854743064365205,1
2024-03-29 09:00:00,122,0.0,0.0,0.3114696585641193,1
2024-03-28 02:00:00,145,2.0,0.0,0.45593948805671963,1
2024-03-22 21:00:00,20,0.0,0.0,0.06503960399413092,1
2024-03-23 14:00:00,149,0.0,0.0,0.16091309321017622,1
2024-03-19 08:00:00,139,1.0,1.0,0.670727978137352,1
2024-03-22 21:00:00,26,0.0,0.0,0.13148113728998406,1
2024-03-24 00:00:00,4,87.0,45.0,69.90809717588793,1
2024-03-27 15:00:00,243,1.0,1.0,1.9255681329579,1
2024-03-29 18:00:00,176,0.0,0.0,0.003983544414417937,1
2024-03-21 20:00:00,223,1.0,2.0,1.2502243701843405,1
2024-03-25 00:00:00,142,14.0,11.0,19.114826149150446,1
2024-03-29 22:00:00,19,0.0,1.0,0.10830692051357399,1
2024-03-23 07:00:00,6,0.0,0.0,0.025343936150207864,1
2024-03-25 02:00:00,127,0.0,0.0,0.09188453355786029,1
2024-03-25 10:00:00,17,1.0,3.0,2.555580600574426,1
2024-03-29 07:00:00,146,1.0,0.0,2.9639984909653303,1
2024-03-27 11:00:00,225,0.0,1.0,1.697682539568185,1
2024-03-23 18:00:00,214,0.0,0.0,0.010995450968694956,1
2024-03-22 23:00:00,206,0.0,0.0,0.004931500309895238,1
2024-03-26 02:00:00,200,1.0,0.0,0.029881101476991134,1
2024-03-18 16:00:00,87,22.0,26.0,28.20702960845296,1
2024-03-29 07:00:00,194,0.0,0.0,0.2632746332290706,1
2024-03-27 14:00:00,227,1.0,1.0,0.39475197168708276,1
2024-03-18 23:00:00,48,80.0,130.0,95.27985941763134,1
2024-03-18 17:00:00,25,0.0,2.0,2.771417280672939,1
2024-03-25 22:00:00,8,0.0,0.0,0.014569399327472431,1
2024-03-22 01:00:00,145,2.0,0.0,1.253750705520051,1
2024-03-19 19:00:00,48,178.0,171.0,154.67599323446154,1
2024-03-24 20:00:00,66,5.0,5.0,2.496393431934274,1
2024-03-24 02:00:00,43,5.0,4.0,2.6102543457259673,1
2024-03-30 06:00:00,114,2.0,2.0,4.301318118751275,1
2024-03-30 12:00:00,17,3.0,6.0,1.219001650374058,1
2024-03-20 22:00:00,173,0.0,0.0,0.06085106719751604,1
2024-03-21 01:00:00,123,0.0,0.0,0.05619715542756752,1
2024-03-29 19:00:00,9,0.0,0.0,0.0610655861690499,1
2024-03-25 02:00:00,55,0.0,0.0,0.04190983067205291,1
2024-03-22 23:00:00,49,1.0,0.0,1.8928830803140775,1
2024-03-19 17:00:00,31,0.0,0.0,0.10431543689614231,1
2024-03-30 15:00:00,49,1.0,1.0,1.8170407950013003,1
2024-03-23 19:00:00,109,0.0,0.0,0.004010531124407194,1
2024-03-20 20:00:00,32,0.0,0.0,0.07600723929196455,1
2024-03-18 21:00:00,133,0.0,0.0,0.14403127509095534,1
2024-03-19 14:00:00,7,3.0,4.0,4.134430738503085,1
2024-03-24 01:00:00,248,0.0,0.0,0.06727809874667828,1
2024-03-23 10:00:00,24,12.0,19.0,16.702041558434697,1
2024-03-31 07:00:00,55,0.0,0.0,0.4578776204392864,1
2024-03-20 23:00:00,221,0.0,0.0,0.007226427091886457,1
2024-03-20 03:00:00,240,0.0,0.0,0.015959606070195073,1
2024-03-25 06:00:00,95,0.0,0.0,1.0447764711084937,1
2024-03-30 13:00:00,18,0.0,0.0,0.3755373452379235,1
2024-03-21 06:00:00,226,2.0,1.0,4.526905887003727,1
2024-03-19 12:00:00,118,0.0,0.0,0.00844375186836216,1
2024-03-23 03:00:00,218,0.0,0.0,0.1296780432567565,1
2024-03-26 14:00:00,129,1.0,1.0,1.982143416217333,1
2024-03-18 23:00:00,193,1.0,0.0,1.5738258427199139,1
2024-03-27 13:00:00,62,1.0,0.0,1.1964297075397967,1
2024-03-25 17:00:00,126,0.0,0.0,0.2738416769707063,1
2024-03-22 05:00:00,157,0.0,1.0,0.8486968411400635,1
2024-03-31 02:00:00,39,0.0,0.0,0.2952294642867102,1
2024-03-19 04:00:00,246,0.0,0.0,2.826784302666024,1
2024-03-31 16:00:00,241,0.0,0.0,0.4030945476295511,1
2024-03-23 11:00:00,28,0.0,1.0,0.986978489336917,1
2024-03-30 21:00:00,9,1.0,0.0,0.05595184677386176,1
2024-03-21 12:00:00,245,0.0,0.0,0.007154326103950273,1
2024-03-31 08:00:00,76,2.0,1.0,3.526432716669598,1
2024-03-21 17:00:00,54,0.0,3.0,0.18402745421646266,1
2024-03-28 02:00:00,43,0.0,0.0,0.9894691721814785,1
2024-03-28 22:00:00,108,0.0,0.0,0.08833497940151894,1
2024-03-27 08:00:00,118,0.0,0.0,0.007333707299572868,1
2024-03-20 02:00:00,27,0.0,0.0,0.006846744937581395,1
2024-03-29 14:00:00,44,0.0,0.0,0.004102170456288255,1
2024-03-26 07:00:00,37,1.0,5.0,1.1394946380065816,1
2024-03-18 16:00:00,200,0.0,0.0,0.18258398882714214,1
2024-03-25 16:00:00,185,0.0,2.0,0.26095549835545045,1
2024-03-24 03:00:00,231,63.0,50.0,50.72150036581974,1
2024-03-29 07:00:00,183,0.0,0.0,0.18319899561168426,1
2024-03-31 01:00:00,236,16.0,11.0,14.719850578841696,1
2024-03-30 15:00:00,93,1.0,0.0,1.02122493282373,1
2024-03-22 14:00:00,3,1.0,1.0,0.2768757780205898,1
2024-03-22 18:00:00,89,5.0,1.0,1.9151733736082401,1
2024-03-30 02:00:00,228,1.0,0.0,0.4639353344111276,1
2024-03-21 13:00:00,26,0.0,1.0,0.7527128071383999,1
2024-03-27 21:00:00,162,374.0,381.0,312.29335745415165,1
2024-03-27 08:00:00,93,0.0,1.0,0.8440944020940064,1
2024-03-18 12:00:00,171,0.0,0.0,0.23785780316330724,1
2024-03-23 15:00:00,102,0.0,0.0,0.20558212893079203,1
2024-03-25 10:00:00,206,0.0,0.0,0.0048056427391839004,1
2024-03-18 05:00:00,222,0.0,1.0,0.3901180666830462,1
2024-03-20 05:00:00,93,0.0,0.0,0.40007911919636174,1
2024-03-19 15:00:00,111,0.0,0.0,0.006496152508942656,1
2024-03-18 11:00:00,265,2.0,1.0,3.94586797067258,1
2024-03-18 20:00:00,118,0.0,0.0,0.007957952890273751,1
2024-03-24 01:00:00,155,1.0,0.0,0.08684223663816117,1
2024-03-26 06:00:00,35,2.0,2.0,1.866704863756335,1
2024-03-21 14:00:00,175,0.0,0.0,0.24524825279503104,1
2024-03-24 15:00:00,138,314.0,271.0,250.41288242693204,1
2024-03-31 18:00:00,102,2.0,0.0,0.12254769049241976,1
2024-03-24 01:00:00,22,0.0,0.0,0.06406067568070206,1
2024-03-20 09:00:00,174,0.0,0.0,0.6334500034239826,1
2024-03-29 02:00:00,96,0.0,0.0,0.012346745752691896,1
2024-03-19 00:00:00,42,1.0,0.0,2.000137959898807,1
2024-03-27 18:00:00,158,92.0,56.0,78.30954841583623,1
2024-03-21 22:00:00,183,0.0,0.0,0.057977809478413134,1
2024-03-26 03:00:00,117,0.0,0.0,0.0724818324411213,1
2024-03-28 20:00:00,200,0.0,0.0,0.0797133286796832,1
2024-03-20 03:00:00,102,0.0,0.0,0.04457473289880083,1
2024-03-19 23:00:00,206,0.0,1.0,0.004607812871715843,1
2024-03-20 08:00:00,44,0.0,0.0,0.0046329502335488975,1
2024-03-29 15:00:00,86,0.0,0.0,0.5048612530249533,1
2024-03-19 14:00:00,195,0.0,0.0,0.43772288918536406,1
2024-03-27 09:00:00,208,1.0,0.0,0.46936579324989164,1
2024-03-25 22:00:00,174,0.0,0.0,0.10537768312652669,1
2024-03-19 22:00:00,225,0.0,0.0,0.629189751536461,1
2024-03-18 13:00:00,82,1.0,2.0,1.7382565842889175,1
2024-03-25 03:00:00,98,0.0,0.0,0.04402682182806822,1
2024-03-24 07:00:00,50,25.0,11.0,20.88576201009421,1
2024-03-18 03:00:00,172,1.0,0.0,0.006422050958418031,1
2024-03-26 08:00:00,141,158.0,164.0,153.19867871242442,1
2024-03-29 20:00:00,167,1.0,1.0,0.23619440025481953,1
2024-03-27 23:00:00,163,132.0,272.0,157.11334270128683,1
2024-03-18 05:00:00,112,2.0,0.0,0.6349180914245838,1
2024-03-28 23:00:00,108,0.0,0.0,0.09329181761982216,1
2024-03-19 09:00:00,191,0.0,1.0,1.0949606231706004,1
2024-03-28 14:00:00,152,5.0,4.0,6.278516941207972,1
2024-03-28 21:00:00,75,30.0,21.0,33.17089174958284,1
2024-03-23 10:00:00,234,86.0,99.0,88.13238087521641,1
2024-03-28 02:00:00,126,0.0,0.0,0.04601900687441148,1
2024-03-23 08:00:00,36,2.0,0.0,0.993296993065716,1
2024-03-24 12:00:00,201,0.0,0.0,0.1998841525431805,1
2024-03-29 01:00:00,175,0.0,0.0,0.042932128282774665,1
2024-03-24 18:00:00,203,0.0,1.0,0.16925585185633932,1
2024-03-23 11:00:00,127,0.0,0.0,0.7411730578516461,1
2024-03-21 07:00:00,88,5.0,4.0,2.746118163835154,1
2024-03-24 18:00:00,27,0.0,0.0,0.009462178850106587,1
2024-03-31 13:00:00,118,0.0,0.0,0.007401123359513312,1
2024-03-30 08:00:00,74,6.0,5.0,15.147095679804988,1
2024-03-24 01:00:00,114,485.0,367.0,345.3230256974376,1
2024-03-27 23:00:00,89,1.0,0.0,1.175270519562922,1
2024-03-22 20:00:00,243,4.0,6.0,1.8591227339277367,1
2024-03-21 02:00:00,179,0.0,0.0,0.20231276855577474,1
2024-03-29 14:00:00,72,2.0,0.0,1.3673880471370718,1
2024-03-18 02:00:00,237,2.0,6.0,3.729102588965687,1
2024-03-22 15:00:00,175,0.0,0.0,0.2168676506972669,1
2024-03-19 08:00:00,188,3.0,1.0,3.9066583023889088,1
2024-03-26 21:00:00,96,0.0,0.0,0.012846385237253045,1
2024-03-24 17:00:00,13,35.0,38.0,46.804517643218034,1
2024-03-21 22:00:00,171,0.0,0.0,0.0625653445407553,1
2024-03-19 11:00:00,81,0.0,1.0,0.3561886109673681,1
2024-03-30 01:00:00,257,0.0,0.0,0.08154120335841697,1
2024-03-31 10:00:00,40,0.0,0.0,0.7848202245294486,1
2024-03-20 19:00:00,69,0.0,1.0,0.3420438824129128,1
2024-03-23 15:00:00,101,0.0,0.0,0.0893495291658106,1
2024-03-29 01:00:00,39,0.0,0.0,0.21485409472433414,1
2024-03-20 17:00:00,76,2.0,2.0,2.0118604882983577,1
2024-03-20 13:00:00,200,0.0,0.0,0.30116961880358256,1
2024-03-23 23:00:00,153,0.0,0.0,0.07683326403570243,1
2024-03-23 20:00:00,100,66.0,96.0,74.43688159830083,1
2024-03-30 14:00:00,238,131.0,146.0,147.34918181415432,1
2024-03-23 10:00:00,171,0.0,0.0,0.22765370587597852,1
2024-03-28 15:00:00,30,0.0,0.0,0.006457851899131764,1
2024-03-20 06:00:00,126,2.0,1.0,0.43293194631724363,1
2024-03-29 05:00:00,18,0.0,0.0,0.44799163549607707,1
2024-03-18 15:00:00,27,0.0,0.0,0.009908475316624726,1
2024-03-25 11:00:00,53,0.0,0.0,0.12914097439210231,1
2024-03-18 21:00:00,132,410.0,398.0,371.9926783737878,1
2024-03-28 17:00:00,179,1.0,0.0,0.994998825959092,1
2024-03-21 13:00:00,210,1.0,2.0,0.8614757824822171,1
2024-03-27 20:00:00,124,0.0,0.0,0.19909393994765662,1
2024-03-30 17:00:00,264,30.0,19.0,20.756199023388454,1
2024-03-25 06:00:00,88,1.0,0.0,2.15903586176307,1
2024-03-29 15:00:00,244,18.0,3.0,11.468649396563952,1
2024-03-21 03:00:00,182,0.0,0.0,0.06969729012534434,1
2024-03-22 13:00:00,257,1.0,0.0,0.23162428423902126,1
2024-03-19 02:00:00,150,0.0,0.0,0.028694196734553104,1
2024-03-30 17:00:00,160,0.0,0.0,0.23636575309091046,1
2024-03-24 15:00:00,35,1.0,0.0,1.8907820616679447,1
2024-03-18 11:00:00,25,1.0,2.0,3.038714539648377,1
2024-03-25 18:00:00,109,0.0,0.0,0.003935792094043209,1
2024-03-20 21:00:00,167,0.0,0.0,0.1329625537326773,1
2024-03-19 12:00:00,19,1.0,0.0,0.272108994281583,1
2024-03-23 05:00:00,157,1.0,2.0,2.401343598623391,1
2024-03-26 02:00:00,222,0.0,0.0,0.047227493863146244,1
2024-03-29 11:00:00,39,4.0,2.0,2.191221840141565,1
2024-03-30 11:00:00,124,1.0,0.0,0.20058726454570083,1
2024-03-18 12:00:00,117,0.0,0.0,0.6721149365906673,1
2024-03-30 16:00:00,100,85.0,148.0,95.72670455883782,1
2024-03-30 19:00:00,64,0.0,0.0,0.07053868187796093,1
2024-03-27 16:00:00,19,0.0,1.0,0.2838743484984344,1
2024-03-24 18:00:00,24,11.0,14.0,16.32988154868733,1
2024-03-18 07:00:00,166,22.0,23.0,26.678339982801642,1
2024-03-23 18:00:00,232,13.0,24.0,18.979059799210646,1
2024-03-25 21:00:00,111,0.0,0.0,0.009103292919537225,1
2024-03-24 10:00:00,260,4.0,1.0,1.428160259270809,1
2024-03-22 09:00:00,65,2.0,3.0,4.461156042847601,1
2024-03-24 11:00:00,192,0.0,1.0,0.12630061824695368,1
2024-03-19 20:00:00,109,0.0,0.0,0.003811674185008611,1
2024-03-23 02:00:00,64,0.0,0.0,0.04416237578562324,1
2024-03-23 15:00:00,115,0.0,0.0,0.005974693289956231,1
2024-03-28 21:00:00,13,48.0,72.0,50.995071013494695,1
2024-03-18 06:00:00,250,1.0,0.0,0.38374163106785814,1
2024-03-25 01:00:00,138,47.0,2.0,27.080571041529854,1
2024-03-22 12:00:00,27,0.0,0.0,0.01019198171155499,1
2024-03-28 17:00:00,246,254.0,194.0,177.86593319070698,1
2024-03-19 06:00:00,216,1.0,2.0,1.3537722071253693,1
2024-03-26 06:00:00,135,1.0,1.0,0.5499587405333519,1
2024-03-24 19:00:00,146,4.0,7.0,2.584292889688844,1
2024-03-19 12:00:00,213,0.0,1.0,0.9251849744037745,1
2024-03-30 17:00:00,213,2.0,0.0,0.6403776811570648,1
2024-03-23 14:00:00,28,0.0,1.0,0.7082561854330182,1
2024-03-29 09:00:00,127,1.0,2.0,0.9759325523781621,1
2024-03-25 13:00:00,220,1.0,1.0,0.5105381579377888,1
2024-03-18 04:00:00,61,2.0,3.0,0.7891003353583098,1
2024-03-29 12:00:00,62,1.0,1.0,1.2258046494856372,1
2024-03-25 07:00:00,250,2.0,0.0,0.4946017354607732,1
2024-03-27 07:00:00,92,0.0,0.0,0.6875489983323713,1
2024-03-23 03:00:00,187,0.0,0.0,0.007410005838685276,1
2024-03-31 10:00:00,230,174.0,183.0,160.7116951027079,1
2024-03-25 14:00:00,205,0.0,2.0,0.5825912157941989,1
2024-03-24 01:00:00,214,0.0,0.0,0.008774417739366906,1
2024-03-24 04:00:00,60,0.0,0.0,0.14184139291008682,1
2024-03-30 13:00:00,217,0.0,0.0,0.3776041793351628,1
2024-03-27 03:00:00,19,0.0,0.0,0.07179567655574833,1
2024-03-20 04:00:00,131,0.0,1.0,0.12609850002840495,1
2024-03-18 17:00:00,120,0.0,0.0,0.022344634686488115,1
2024-03-29 18:00:00,112,0.0,3.0,1.111517559632878,1
2024-03-31 00:00:00,68,247.0,194.0,148.19759624642307,1
2024-03-18 04:00:00,132,30.0,33.0,35.54835352279185,1
2024-03-20 14:00:00,254,1.0,0.0,0.6526276829969943,1
2024-03-20 16:00:00,212,0.0,0.0,0.26389414117369714,1
2024-03-31 14:00:00,237,357.0,239.0,284.49028650937527,1
2024-03-29 11:00:00,102,0.0,2.0,0.2853496078797985,1
2024-03-28 18:00:00,166,102.0,59.0,56.61103139764545,1
2024-03-24 09:00:00,129,0.0,1.0,2.0959688679791855,1
2024-03-25 08:00:00,30,0.0,0.0,0.00633921386304669,1
2024-03-20 18:00:00,162,498.0,456.0,502.30229975475396,1
2024-03-28 22:00:00,17,2.0,1.0,1.0941644559510848,1
2024-03-29 10:00:00,19,0.0,0.0,0.2547605878522119,1
2024-03-30 03:00:00,260,1.0,6.0,0.8065648573337656,1
2024-03-27 00:00:00,159,0.0,0.0,0.38294609789470296,1
2024-03-21 05:00:00,139,0.0,0.0,0.642381838826901,1
2024-03-22 00:00:00,199,0.0,0.0,0.004449463246165754,1
2024-03-25 04:00:00,149,0.0,0.0,0.07676178501676069,1
2024-03-29 13:00:00,251,0.0,0.0,0.006375161388652222,1
2024-03-30 19:00:00,100,83.0,81.0,86.9804679806567,1
2024-03-27 00:00:00,19,0.0,0.0,0.11509463323241437,1
2024-03-20 04:00:00,216,1.0,0.0,0.4494254482847232,1
2024-03-20 04:00:00,113,3.0,2.0,1.6030875997292588,1
2024-03-19 05:00:00,209,1.0,0.0,0.6254353567711303,1
2024-03-24 00:00:00,121,0.0,0.0,0.10694959435400785,1
2024-03-31 04:00:00,128,0.0,0.0,0.04277127446202174,1
2024-03-20 02:00:00,156,0.0,0.0,0.0034200301841092687,1
2024-03-26 13:00:00,222,1.0,1.0,0.800202741834895,1
2024-03-18 09:00:00,124,0.0,0.0,0.30044031450241554,1
2024-03-28 12:00:00,173,1.0,1.0,0.26066294302726717,1
2024-03-19 03:00:00,74,0.0,1.0,1.0262316891685395,1
2024-03-27 03:00:00,128,0.0,0.0,0.02834772770725551,1
2024-03-23 01:00:00,17,0.0,0.0,0.9209105417934463,1
2024-03-19 22:00:00,117,0.0,0.0,0.16111507676119452,1
2024-03-27 00:00:00,172,0.0,0.0,0.007409361666494389,1
2024-03-21 22:00:00,35,0.0,0.0,0.6368289361055712,1
2024-03-27 09:00:00,109,0.0,0.0,0.004031228205534236,1
2024-03-23 08:00:00,181,3.0,0.0,1.9259960429962075,1
2024-03-29 22:00:00,6,0.0,0.0,0.0586323540067577,1
2024-03-22 04:00:00,99,0.0,0.0,0.003949904331964877,1
2024-03-19 05:00:00,231,2.0,4.0,3.6860797189169907,1
2024-03-18 19:00:00,113,80.0,77.0,70.5951025979247,1
2024-03-26 14:00:00,156,0.0,0.0,0.004065324334712906,1
2024-03-28 04:00:00,75,7.0,3.0,3.4736223540503346,1
2024-03-31 20:00:00,77,2.0,0.0,0.11170719092789987,1
2024-03-31 16:00:00,163,193.0,168.0,185.07574677288494,1
2024-03-21 20:00:00,89,3.0,2.0,1.8726061514241634,1
2024-03-25 16:00:00,20,1.0,1.0,0.20087415868054107,1
2024-03-31 10:00:00,189,0.0,1.0,0.6289844875463062,1
2024-03-30 14:00:00,127,1.0,1.0,0.9912818432644123,1
2024-03-18 19:00:00,119,0.0,0.0,0.17791968865485777,1
2024-03-30 08:00:00,2,0.0,0.0,0.004156338825063421,1
2024-03-18 23:00:00,114,60.0,59.0,72.04126347973957,1
2024-03-20 09:00:00,61,4.0,7.0,6.004875914382463,1
2024-03-18 03:00:00,50,0.0,1.0,1.5235133059790862,1
2024-03-21 04:00:00,209,0.0,1.0,0.8439915341557795,1
2024-03-24 08:00:00,58,0.0,0.0,0.015696841289655785,1
2024-03-28 22:00:00,37,4.0,0.0,0.8534894001734007,1
2024-03-29 18:00:00,221,0.0,0.0,0.007018506537439983,1
2024-03-31 03:00:00,144,103.0,143.0,130.1540608163502,1
2024-03-28 01:00:00,76,0.0,0.0,0.1874418381739862,1
2024-03-25 09:00:00,91,2.0,2.0,1.4598120296073385,1
2024-03-27 09:00:00,32,0.0,2.0,0.5653636802532237,1
2024-03-23 21:00:00,258,0.0,0.0,0.08350851255556671,1
2024-03-24 19:00:00,88,17.0,37.0,15.55546834277789,1
2024-03-19 18:00:00,92,1.0,0.0,0.41817322902635506,1
2024-03-22 14:00:00,45,7.0,7.0,9.635864888502155,1
2024-03-21 03:00:00,35,0.0,0.0,0.11531247370582631,1
2024-03-30 15:00:00,162,174.0,220.0,180.9797366311785,1
2024-03-31 13:00:00,24,20.0,19.0,21.077061899902958,1
2024-03-30 10:00:00,52,3.0,0.0,1.198694089437931,1
2024-03-25 12:00:00,261,31.0,35.0,31.89892409001268,1
2024-03-29 00:00:00,242,0.0,0.0,0.08788557891025382,1
2024-03-23 18:00:00,262,114.0,116.0,113.93221752270016,1
2024-03-18 21:00:00,229,91.0,92.0,74.82867416527583,1
2024-03-23 14:00:00,167,0.0,0.0,0.5527060700987815,1
2024-03-31 02:00:00,92,0.0,1.0,0.12732641109100704,1
2024-03-22 03:00:00,222,0.0,0.0,0.08599886323778302,1
2024-03-18 01:00:00,41,0.0,0.0,1.9905433003368136,1
2024-03-29 03:00:00,238,3.0,4.0,2.670660977162113,1
2024-03-22 11:00:00,85,2.0,0.0,0.7169004712093331,1
2024-03-26 16:00:00,146,3.0,0.0,2.1974601577259043,1
2024-03-28 10:00:00,167,0.0,2.0,0.8389525502296517,1
2024-03-19 17:00:00,116,1.0,2.0,4.553853332561423,1
2024-03-31 17:00:00,208,0.0,0.0,0.19328569330012996,1
2024-03-22 13:00:00,181,4.0,1.0,2.013933563328233,1
2024-03-18 15:00:00,254,0.0,1.0,0.582540399060776,1
2024-03-21 04:00:00,232,1.0,4.0,1.483751871327442,1
2024-03-29 03:00:00,214,0.0,0.0,0.009217142311946086,1
2024-03-21 01:00:00,263,16.0,17.0,15.887586309756097,1
2024-03-18 01:00:00,173,0.0,0.0,0.055474478882290096,1
2024-03-24 13:00:00,145,2.0,15.0,12.304988855229329,1
2024-03-25 23:00:00,41,5.0,0.0,4.2852794615788765,1
2024-03-18 11:00:00,214,0.0,0.0,0.014941316593742055,1
2024-03-25 03:00:00,50,0.0,0.0,1.7234715896397872,1
2024-03-24 19:00:00,166,28.0,21.0,24.20633326311917,1
2024-03-19 18:00:00,24,19.0,21.0,17.841687023978984,1
2024-03-26 19:00:00,205,1.0,0.0,0.5211520274760923,1
2024-03-31 19:00:00,3,1.0,0.0,0.12334452803633679,1
2024-03-23 07:00:00,129,2.0,4.0,1.4699848549712495,1
2024-03-23 06:00:00,79,18.0,32.0,34.67783976772074,1
2024-03-25 23:00:00,226,6.0,0.0,2.2834227073177034,1
2024-03-21 15:00:00,253,0.0,0.0,0.09821174608835596,1
2024-03-21 17:00:00,63,0.0,1.0,0.31963937661356273,1
2024-03-18 18:00:00,86,2.0,0.0,0.3240590326870099,1
2024-03-21 18:00:00,8,0.0,0.0,0.010752122379159953,1
2024-03-19 08:00:00,109,0.0,0.0,0.004069962376680698,1
2024-03-25 09:00:00,27,0.0,0.0,0.009981443040449425,1
2024-03-29 04:00:00,151,8.0,1.0,3.1189115142516215,1
2024-03-31 14:00:00,118,0.0,0.0,0.007052612592934706,1
2024-03-28 04:00:00,126,0.0,0.0,0.2208545687087268,1
2024-03-31 04:00:00,188,3.0,0.0,0.40900297475565395,1
2024-03-26 20:00:00,252,2.0,0.0,0.10768735227000367,1
2024-03-26 11:00:00,41,10.0,13.0,14.244850210844868,1
2024-03-25 16:00:00,253,0.0,0.0,0.020006185443910578,1
2024-03-30 04:00:00,186,29.0,22.0,17.068357180561048,1
2024-03-29 22:00:00,234,267.0,263.0,244.14867602166586,1
2024-03-19 21:00:00,67,0.0,0.0,0.0492340467783017,1
2024-03-24 21:00:00,84,0.0,0.0,0.0036395423112662558,1
2024-03-25 22:00:00,75,14.0,17.0,17.023703046286734,1
2024-03-18 09:00:00,170,176.0,165.0,134.21625069770508,1
2024-03-24 15:00:00,79,118.0,85.0,113.39851352340492,1
2024-03-23 01:00:00,248,0.0,0.0,0.09952955508954886,1
2024-03-19 05:00:00,24,2.0,1.0,3.071037091521414,1
2024-03-25 09:00:00,225,2.0,5.0,1.9342514200770413,1
2024-03-28 19:00:00,151,77.0,43.0,65.9822321701936,1
2024-03-28 14:00:00,180,0.0,2.0,0.24378007921178096,1
2024-03-18 02:00:00,120,0.0,0.0,0.012641710602915348,1
2024-03-22 21:00:00,125,30.0,42.0,41.02434108251621,1
2024-03-23 14:00:00,75,29.0,33.0,48.21605665720213,1
2024-03-25 23:00:00,264,8.0,9.0,10.778572023625548,1
2024-03-27 16:00:00,116,4.0,2.0,4.553586783980638,1
2024-03-28 23:00:00,198,0.0,1.0,0.2265133473703943,1
2024-03-20 13:00:00,253,0.0,0.0,0.07826052619433728,1
2024-03-27 00:00:00,95,0.0,0.0,0.38405444479498674,1
2024-03-25 05:00:00,37,1.0,2.0,1.3444473543147966,1
2024-03-23 07:00:00,133,0.0,0.0,0.25692991094508905,1
2024-03-21 07:00:00,49,2.0,2.0,1.5697027385924198,1
2024-03-19 16:00:00,3,0.0,0.0,0.18446618120244507,1
2024-03-18 13:00:00,73,0.0,0.0,0.07581697890922053,1
2024-03-21 06:00:00,169,1.0,1.0,0.5610621032184556,1
2024-03-21 04:00:00,91,1.0,2.0,0.7071940046323717,1
2024-03-27 18:00:00,109,0.0,0.0,0.003964102655220537,1
2024-03-19 12:00:00,257,0.0,0.0,0.20118856904375737,1
2024-03-21 12:00:00,13,52.0,51.0,54.29514826976565,1
2024-03-26 18:00:00,126,0.0,1.0,0.25192153052893873,1
2024-03-20 04:00:00,18,0.0,0.0,0.26801916664951725,1
2024-03-22 19:00:00,150,0.0,0.0,0.07592524318612497,1
2024-03-19 08:00:00,136,0.0,0.0,0.4550249637537796,1
2024-03-26 14:00:00,173,0.0,0.0,0.18438026458749257,1
2024-03-27 02:00:00,14,0.0,0.0,0.26042553364001986,1
2024-03-28 13:00:00,107,131.0,129.0,122.21208893596874,1
2024-03-20 18:00:00,42,5.0,9.0,6.2898937298531745,1
2024-03-23 12:00:00,211,45.0,39.0,41.4720868665654,1
2024-03-25 03:00:00,170,5.0,9.0,3.925143767493948,1
2024-03-18 13:00:00,78,0.0,0.0,0.6711639415939775,1
2024-03-31 06:00:00,10,6.0,2.0,1.1818996956838035,1
2024-03-19 22:00:00,156,0.0,0.0,0.0038284596926773506,1
2024-03-31 01:00:00,232,34.0,30.0,24.20353497381588,1
2024-03-20 07:00:00,83,1.0,0.0,0.3660909328264162,1
2024-03-22 10:00:00,16,0.0,0.0,0.12037295959838631,1
2024-03-25 06:00:00,155,1.0,1.0,0.5874431236540344,1
2024-03-27 11:00:00,265,6.0,2.0,5.081397204394879,1
2024-03-19 23:00:00,171,1.0,0.0,0.06846261613140907,1
2024-03-22 09:00:00,236,285.0,333.0,324.4319888490156,1
2024-03-19 06:00:00,34,0.0,0.0,0.1861557947885239,1
2024-03-19 22:00:00,239,182.0,176.0,127.49946473860551,1
2024-03-27 23:00:00,12,0.0,0.0,0.3457239545967058,1
2024-03-28 22:00:00,189,0.0,2.0,1.2223942304909376,1
2024-03-19 00:00:00,5,0.0,0.0,0.0036307404061699635,1
2024-03-24 17:00:00,250,0.0,0.0,0.2379178252381339,1
2024-03-18 07:00:00,209,3.0,2.0,2.3544787016384685,1
2024-03-27 11:00:00,234,152.0,159.0,138.01875910614604,1
2024-03-30 23:00:00,21,0.0,0.0,0.13562967181564123,1
2024-03-28 20:00:00,64,0.0,0.0,0.07097783447102138,1
2024-03-27 13:00:00,253,0.0,0.0,0.016070115460013242,1
2024-03-23 23:00:00,30,0.0,0.0,0.010089250800370748,1
2024-03-19 14:00:00,146,4.0,3.0,3.086883111607352,1
2024-03-27 12:00:00,60,0.0,0.0,0.5382478919949378,1
2024-03-20 14:00:00,180,1.0,1.0,0.19855053682255663,1
2024-03-22 21:00:00,134,1.0,1.0,0.2850051857651109,1
2024-03-19 01:00:00,112,0.0,0.0,0.3200015351711208,1
2024-03-20 12:00:00,49,1.0,0.0,1.8369901135972742,1
2024-03-21 23:00:00,253,0.0,0.0,0.050414301946897624,1
2024-03-27 02:00:00,192,0.0,0.0,0.022834461479733222,1
2024-03-27 11:00:00,33,5.0,3.0,3.5354934600998704,1
2024-03-28 17:00:00,194,0.0,0.0,0.20972833933625426,1
2024-03-22 08:00:00,245,0.0,0.0,0.007098387926874999,1
2024-03-23 04:00:00,150,0.0,0.0,0.05706583064012285,1
2024-03-18 01:00:00,206,0.0,0.0,0.0048776679637624505,1
2024-03-20 11:00:00,118,0.0,0.0,0.007886192447869334,1
2024-03-31 07:00:00,252,0.0,1.0,0.1384603025549776,1
2024-03-22 17:00:00,117,0.0,0.0,0.36321494833271395,1
2024-03-19 21:00:00,106,0.0,1.0,0.30790170497105485,1
2024-03-31 11:00:00,130,0.0,1.0,1.6952596601481071,1
2024-03-28 02:00:00,185,0.0,0.0,0.026504208048062788,1
2024-03-19 15:00:00,140,210.0,191.0,215.84950464228564,1
2024-03-28 02:00:00,256,0.0,1.0,0.42438764272647245,1
2024-03-24 07:00:00,1,0.0,1.0,0.5854194857746855,1
2024-03-30 23:00:00,223,0.0,3.0,2.6281301752562642,1
2024-03-21 22:00:00,67,0.0,0.0,0.06168160323700007,1
2024-03-29 18:00:00,18,0.0,0.0,0.21514321434968608,1
2024-03-31 23:00:00,98,0.0,0.0,0.08303379715016951,1
2024-03-27 08:00:00,43,69.0,65.0,69.685271476904,1
2024-03-26 15:00:00,127,0.0,1.0,0.8596449255464319,1
2024-03-24 11:00:00,15,0.0,0.0,0.0772651589162402,1
2024-03-21 16:00:00,235,0.0,1.0,0.46454062328595014,1
2024-03-19 09:00:00,83,0.0,0.0,0.31820507963458855,1
2024-03-24 12:00:00,133,1.0,0.0,0.3350825732712447,1
2024-03-25 08:00:00,118,0.0,0.0,0.0073262235791612534,1
2024-03-19 15:00:00,67,0.0,1.0,0.14205022880117127,1
2024-03-22 12:00:00,2,0.0,0.0,0.014150620875971043,1
2024-03-18 10:00:00,76,8.0,5.0,3.1846957859834597,1
2024-03-28 19:00:00,12,0.0,1.0,1.4380719397840238,1
2024-03-18 15:00:00,123,1.0,0.0,0.5651766643568565,1
2024-03-29 16:00:00,215,2.0,0.0,1.454731749157013,1
2024-03-23 21:00:00,137,72.0,112.0,74.59458359179389,1
2024-03-25 22:00:00,122,0.0,0.0,0.07052201099689553,1
2024-03-24 07:00:00,123,0.0,0.0,0.28307163655228995,1
2024-03-23 18:00:00,70,20.0,18.0,12.459671976667739,1
2024-03-29 06:00:00,251,0.0,0.0,0.005849557703986808,1
2024-03-28 03:00:00,91,0.0,0.0,0.1697033382195014,1
2024-03-24 04:00:00,91,2.0,0.0,0.5594558967854536,1
2024-03-31 20:00:00,100,86.0,83.0,57.68765685910787,1
2024-03-29 16:00:00,10,3.0,4.0,2.8763746480896546,1
2024-03-29 13:00:00,25,2.0,5.0,2.912250321598767,1
2024-03-18 17:00:00,214,0.0,0.0,0.012706782151173416,1
2024-03-20 23:00:00,101,0.0,0.0,0.07503492078539549,1
2024-03-23 00:00:00,48,237.0,293.0,222.7326144764024,1
2024-03-31 16:00:00,114,72.0,91.0,81.80119270621478,1
2024-03-30 15:00:00,214,0.0,0.0,0.01174423174742859,1
2024-03-19 04:00:00,186,9.0,6.0,9.565916489780987,1
2024-03-27 21:00:00,141,126.0,158.0,139.0917631496049,1
2024-03-18 04:00:00,184,0.0,0.0,0.009310366578306558,1
2024-03-26 18:00:00,31,0.0,0.0,0.018559175271384225,1
2024-03-26 19:00:00,141,176.0,135.0,145.6487492910198,1
2024-03-24 20:00:00,64,1.0,0.0,0.06048301043418209,1
2024-03-23 12:00:00,153,0.0,0.0,0.11988306428269777,1
2024-03-24 13:00:00,264,17.0,19.0,20.620699409605873,1
2024-03-18 17:00:00,155,0.0,0.0,0.40474190116025066,1
2024-03-27 08:00:00,19,0.0,0.0,0.411084043536363,1
2024-03-18 22:00:00,246,62.0,77.0,69.4108827750758,1
2024-03-29 13:00:00,46,0.0,0.0,0.02092459612417775,1
2024-03-26 03:00:00,263,4.0,6.0,3.7745550500889866,1
2024-03-29 06:00:00,227,1.0,1.0,0.40097301060004753,1
2024-03-23 23:00:00,237,178.0,191.0,180.41300616951668,1
2024-03-24 12:00:00,68,133.0,132.0,146.6145977244307,1
2024-03-27 18:00:00,202,0.0,0.0,0.2844125628119148,1
2024-03-20 21:00:00,5,0.0,0.0,0.0036597075900175087,1
2024-03-23 16:00:00,5,0.0,0.0,0.0040100064927925064,1
2024-03-25 19:00:00,240,0.0,0.0,0.04198330976350249,1
2024-03-27 11:00:00,39,1.0,3.0,2.321103255056577,1
2024-03-27 19:00:00,150,0.0,0.0,0.09152750351874904,1
2024-03-19 12:00:00,241,1.0,0.0,0.49248565263803934,1
2024-03-23 03:00:00,41,0.0,1.0,1.505285955910526,1
2024-03-20 21:00:00,4,10.0,9.0,5.196948956827113,1
2024-03-24 13:00:00,100,77.0,79.0,82.16447036590998,1
2024-03-18 08:00:00,22,1.0,3.0,0.6591269929048666,1
2024-03-19 02:00:00,10,0.0,0.0,0.36413019574864414,1
2024-03-18 08:00:00,70,17.0,7.0,17.09553743280355,1
2024-03-27 05:00:00,67,0.0,0.0,0.2242520184471084,1
2024-03-19 21:00:00,75,21.0,20.0,19.021740560115187,1
2024-03-23 16:00:00,49,2.0,0.0,1.8220915411248735,1
2024-03-18 04:00:00,245,0.0,0.0,0.005931346739406998,1
2024-03-18 11:00:00,186,204.0,158.0,187.45276042792088,1
2024-03-22 10:00:00,139,0.0,2.0,0.6198020077191572,1
2024-03-27 01:00:00,115,0.0,0.0,0.004833188626532981,1
2024-03-23 01:00:00,163,37.0,43.0,49.369694725742505,1
2024-03-23 12:00:00,149,0.0,0.0,0.21052744765262893,1
2024-03-23 09:00:00,236,148.0,158.0,184.2789005669542,1
2024-03-31 19:00:00,56,1.0,2.0,0.4904476045144822,1
2024-03-18 10:00:00,155,1.0,2.0,0.8916418939144721,1
2024-03-31 08:00:00,40,0.0,0.0,0.8752505647582226,1
2024-03-24 02:00:00,220,1.0,0.0,0.13328665248985427,1
2024-03-19 16:00:00,26,0.0,1.0,0.8921937743448716,1
2024-03-26 18:00:00,61,3.0,7.0,1.8516318007597083,1
2024-03-18 08:00:00,45,0.0,4.0,1.683788291927722,1
2024-03-20 05:00:00,9,0.0,1.0,0.13736907205133117,1
2024-03-26 17:00:00,7,4.0,2.0,3.2786705133809058,1
2024-03-18 14:00:00,240,0.0,0.0,0.020566891040755226,1
2024-03-30 08:00:00,81,0.0,1.0,0.39322710339876904,1
2024-03-26 12:00:00,63,0.0,0.0,0.5216577336316099,1
2024-03-26 23:00:00,135,0.0,0.0,0.10110055798204803,1
2024-03-27 10:00:00,1,0.0,0.0,0.7253754826105699,1
2024-03-26 22:00:00,20,0.0,0.0,0.07411136296626723,1
2024-03-21 06:00:00,69,1.0,2.0,1.183952583230599,1
2024-03-31 17:00:00,261,55.0,44.0,51.214083089726884,1
2024-03-25 21:00:00,139,0.0,0.0,0.07577677952792945,1
2024-03-28 05:00:00,25,0.0,0.0,0.5890259185782007,1
2024-03-19 02:00:00,101,0.0,0.0,0.03250034395891838,1
2024-03-25 10:00:00,8,0.0,0.0,0.024363472830161884,1
2024-03-21 09:00:00,233,83.0,94.0,79.2380812945674,1
2024-03-31 19:00:00,39,2.0,5.0,1.547895836793338,1
2024-03-18 06:00:00,175,0.0,0.0,0.11448054112784635,1
2024-03-28 05:00:00,252,0.0,1.0,0.1748271641565986,1
2024-03-25 21:00:00,223,4.0,1.0,1.0351982432233668,1
2024-03-24 10:00:00,136,1.0,0.0,0.26763662417811535,1
2024-03-24 00:00:00,231,149.0,147.0,113.58391272735406,1
2024-03-19 10:00:00,185,0.0,0.0,0.4001542506712032,1
2024-03-22 05:00:00,62,1.0,2.0,1.4453758032721653,1
2024-03-28 00:00:00,211,20.0,29.0,27.76696212287881,1
2024-03-27 04:00:00,46,0.0,0.0,0.017191481721707185,1
2024-03-28 09:00:00,35,6.0,5.0,2.6171747975541755,1
2024-03-25 16:00:00,114,54.0,36.0,40.62992698974204,1
2024-03-30 20:00:00,159,3.0,1.0,0.37841982695874193,1
2024-03-27 17:00:00,253,0.0,0.0,0.013657808680847898,1
2024-03-26 22:00:00,178,0.0,0.0,0.053999742394718914,1
2024-03-19 04:00:00,210,1.0,0.0,0.17809976255811594,1
2024-03-19 05:00:00,200,0.0,0.0,0.18664181863852602,1
2024-03-18 11:00:00,108,1.0,2.0,0.3623911782631522,1
2024-03-18 01:00:00,92,0.0,0.0,0.08110649207929455,1
2024-03-23 01:00:00,49,0.0,1.0,0.2919167709677067,1
2024-03-21 09:00:00,7,6.0,5.0,3.742551424064893,1
2024-03-27 05:00:00,174,0.0,0.0,0.29046421296164904,1
2024-03-21 07:00:00,223,0.0,1.0,1.528028634236946,1
2024-03-29 19:00:00,194,0.0,1.0,0.18072544670685775,1
2024-03-29 15:00:00,46,1.0,0.0,0.021200254961873704,1
2024-03-29 23:00:00,256,14.0,9.0,10.005417530117285,1
2024-03-30 07:00:00,138,20.0,4.0,6.772384902043027,1
2024-03-22 00:00:00,146,0.0,1.0,1.4939321494169089,1
2024-03-24 11:00:00,260,0.0,1.0,1.8988723516738961,1
2024-03-22 08:00:00,225,1.0,2.0,2.7233382231367362,1
2024-03-27 19:00:00,152,6.0,8.0,7.101889747456062,1
2024-03-25 03:00:00,200,0.0,0.0,0.042354499583210393,1
2024-03-19 18:00:00,264,23.0,15.0,22.667970352780014,1
2024-03-18 14:00:00,167,0.0,0.0,0.543505169839638,1
2024-03-19 05:00:00,16,1.0,1.0,0.09775335792980457,1
2024-03-24 10:00:00,67,2.0,1.0,0.17918073051732275,1
2024-03-27 15:00:00,25,3.0,1.0,3.17519679155408,1
2024-03-29 23:00:00,167,0.0,0.0,0.20310114329105985,1
2024-03-19 12:00:00,45,12.0,17.0,8.981684500844626,1
2024-03-22 12:00:00,245,0.0,0.0,0.007207517233373942,1
2024-03-31 13:00:00,41,51.0,35.0,22.38865082609293,1
2024-03-26 19:00:00,251,0.0,0.0,0.005984627507956219,1
2024-03-19 07:00:00,209,4.0,2.0,3.9331246560250017,1
2024-03-31 09:00:00,241,2.0,0.0,0.43294486324821196,1
2024-03-25 08:00:00,113,55.0,66.0,62.87846613820052,1
2024-03-18 16:00:00,259,0.0,1.0,0.19586853380738167,1
2024-03-27 10:00:00,35,1.0,3.0,2.3612547610435994,1
2024-03-20 19:00:00,98,0.0,0.0,0.06337274861894264,1
2024-03-20 19:00:00,148,52.0,45.0,37.05767629629775,1
2024-03-22 19:00:00,244,9.0,17.0,7.983687595817531,1
2024-03-22 11:00:00,87,17.0,13.0,21.773346738449792,1
2024-03-22 08:00:00,45,4.0,6.0,3.663211897061849,1
2024-03-18 06:00:00,150,0.0,0.0,0.16813002615270295,1
2024-03-20 00:00:00,237,31.0,35.0,32.81440038113788,1
2024-03-22 08:00:00,34,0.0,1.0,0.2765586969684219,1
2024-03-18 05:00:00,161,14.0,8.0,12.06642636276003,1
2024-03-24 21:00:00,122,0.0,0.0,0.06370493481875396,1
2024-03-24 15:00:00,129,3.0,5.0,1.672956071224756,1
2024-03-20 11:00:00,193,7.0,9.0,9.000590541294114,1
2024-03-19 04:00:00,78,0.0,1.0,0.19112560282751112,1
2024-03-26 18:00:00,162,447.0,490.0,517.6205163820769,1
2024-03-28 21:00:00,158,114.0,122.0,121.73082592867858,1
2024-03-21 17:00:00,108,0.0,0.0,0.2118445545102545,1
2024-03-25 23:00:00,245,0.0,0.0,0.00655771095372666,1
2024-03-30 20:00:00,77,1.0,0.0,0.12584748889297698,1
2024-03-24 02:00:00,52,0.0,0.0,0.11404480000436656,1
2024-03-22 00:00:00,92,0.0,0.0,0.2460713841641928,1
2024-03-23 15:00:00,67,0.0,0.0,0.11165617211884302,1
2024-03-24 00:00:00,130,1.0,1.0,1.551010839828945,1
2024-03-25 03:00:00,131,0.0,0.0,0.050757804436173906,1
2024-03-27 16:00:00,254,0.0,1.0,0.6691295300512331,1
2024-03-28 13:00:00,187,0.0,0.0,0.00835705828878085,1
2024-03-31 11:00:00,29,0.0,1.0,0.4156780731697739,1
2024-03-29 08:00:00,165,1.0,0.0,0.8326219098340017,1
2024-03-28 15:00:00,12,12.0,2.0,6.41250738014187,1
2024-03-26 00:00:00,257,0.0,0.0,0.07858644932027188,1
2024-03-27 12:00:00,222,3.0,1.0,1.2522915811020063,1
2024-03-18 23:00:00,227,0.0,0.0,0.08847527125641218,1
2024-03-18 03:00:00,234,3.0,4.0,2.703281351897821,1
2024-03-21 15:00:00,111,0.0,0.0,0.006518916232775435,1
2024-03-18 18:00:00,96,0.0,0.0,0.015097329921343827,1
2024-03-21 04:00:00,127,0.0,0.0,0.23908507225134099,1
2024-03-31 21:00:00,196,1.0,1.0,0.2663826853199796,1
2024-03-25 01:00:00,62,0.0,0.0,0.11162073713454372,1
2024-03-29 16:00:00,120,0.0,1.0,0.11608527615450073,1
2024-03-30 13:00:00,201,1.0,0.0,0.15523483881394098,1
2024-03-30 14:00:00,220,1.0,2.0,0.28312034989445206,1
2024-03-22 13:00:00,70,29.0,64.0,27.718104101700337,1
2024-03-29 08:00:00,85,0.0,2.0,1.3673404289762476,1
2024-03-30 20:00:00,105,0.0,0.0,0.0037777885380670235,1
2024-03-28 18:00:00,192,0.0,0.0,0.09815655067410317,1
2024-03-18 07:00:00,123,0.0,0.0,0.6604045062675641,1
2024-03-20 13:00:00,157,1.0,1.0,0.711046615016763,1
2024-03-22 06:00:00,40,2.0,3.0,1.457096020652797,1
2024-03-24 06:00:00,195,0.0,1.0,0.6681811206522744,1
2024-03-19 14:00:00,224,8.0,7.0,8.429704550404557,1
2024-03-20 19:00:00,6,0.0,0.0,0.022603657907227875,1
2024-03-28 05:00:00,129,1.0,1.0,1.3086677085154452,1
2024-03-26 22:00:00,64,0.0,0.0,0.07077546048393328,1
2024-03-30 19:00:00,259,0.0,0.0,0.08075966271749842,1
2024-03-30 16:00:00,65,10.0,3.0,7.748127366193383,1
2024-03-26 03:00:00,138,0.0,0.0,2.753746012555941,1
2024-03-18 19:00:00,170,176.0,169.0,190.38841455412398,1
2024-03-25 05:00:00,183,0.0,1.0,0.14346393317683825,1
2024-03-19 12:00:00,67,0.0,1.0,0.27597289846030587,1
2024-03-27 05:00:00,127,0.0,0.0,0.3325745040335556,1
2024-03-29 04:00:00,133,0.0,0.0,0.1703346892104843,1
2024-03-28 01:00:00,215,0.0,0.0,0.359961016182613,1
2024-03-20 09:00:00,265,2.0,2.0,2.586302290561662,1
2024-03-26 07:00:00,102,1.0,1.0,0.4835925865677132,1
2024-03-26 18:00:00,72,0.0,0.0,0.9047923737300582,1
2024-03-21 21:00:00,156,0.0,0.0,0.003672698688088741,1
2024-03-29 10:00:00,59,0.0,0.0,0.0057712477765399384,1
2024-03-23 11:00:00,61,0.0,4.0,2.189195848993619,1
2024-03-30 19:00:00,77,0.0,1.0,0.14717972012970224,1
2024-03-23 04:00:00,111,0.0,0.0,0.007113167189408473,1
2024-03-27 09:00:00,74,20.0,14.0,21.024543176740217,1
2024-03-20 07:00:00,199,0.0,0.0,0.004431929796816225,1
2024-03-29 11:00:00,78,1.0,1.0,0.7225316109065665,1
2024-03-27 21:00:00,245,0.0,0.0,0.006675834911109819,1
2024-03-30 23:00:00,36,0.0,3.0,1.0548747152678437,1
2024-03-23 21:00:00,129,4.0,4.0,1.4053633230033868,1
2024-03-19 05:00:00,68,12.0,10.0,13.748521353585826,1
2024-03-31 03:00:00,202,0.0,0.0,0.1548465240109371,1
2024-03-25 20:00:00,184,0.0,0.0,0.026922356384510727,1
2024-03-21 07:00:00,109,0.0,0.0,0.004030379754172007,1
2024-03-30 04:00:00,136,0.0,0.0,0.07553737997520632,1
2024-03-31 19:00:00,54,0.0,0.0,0.15904354506871216,1
2024-03-27 21:00:00,96,0.0,0.0,0.013006309689558985,1
2024-03-31 11:00:00,136,0.0,0.0,0.39062233434444055,1
2024-03-29 20:00:00,184,0.0,0.0,0.011640022141728159,1
2024-03-20 10:00:00,31,0.0,0.0,0.17157160532781143,1
2024-03-18 06:00:00,2,0.0,0.0,0.005781504836291237,1
2024-03-20 23:00:00,66,1.0,1.0,2.0337898779876373,1
2024-03-22 20:00:00,118,0.0,0.0,0.006960448472132086,1
2024-03-21 08:00:00,237,245.0,268.0,262.2009216212236,1
2024-03-24 10:00:00,144,24.0,14.0,16.441907084862795,1
2024-03-19 15:00:00,144,44.0,45.0,49.416095237345836,1
2024-03-22 00:00:00,113,106.0,56.0,70.87687588193755,1
2024-03-26 20:00:00,206,0.0,0.0,0.004599786121467156,1
2024-03-19 19:00:00,90,121.0,109.0,128.77988135392624,1
2024-03-28 06:00:00,90,16.0,18.0,21.50857679040998,1
2024-03-20 14:00:00,4,1.0,1.0,3.591673422385795,1
2024-03-30 16:00:00,88,38.0,21.0,27.58400293814779,1
2024-03-25 02:00:00,168,0.0,0.0,0.25088957110420473,1
2024-03-21 13:00:00,205,0.0,2.0,1.1567841418511475,1
2024-03-26 09:00:00,83,1.0,0.0,0.42021372002714064,1
2024-03-25 05:00:00,58,0.0,0.0,0.014745894374472903,1
2024-03-24 06:00:00,17,3.0,2.0,1.3740482826756981,1
2024-03-23 22:00:00,71,0.0,0.0,0.7534268133462072,1
2024-03-28 13:00:00,73,1.0,1.0,0.11941252529113938,1
2024-03-20 03:00:00,112,0.0,0.0,0.4080723695580666,1
2024-03-25 03:00:00,167,0.0,0.0,0.07803135320822799,1
2024-03-28 20:00:00,209,29.0,23.0,18.741728005205513,1
2024-03-20 13:00:00,143,66.0,86.0,85.61477899691093,1
2024-03-22 18:00:00,112,3.0,1.0,1.2989967655260988,1
2024-03-27 02:00:00,181,1.0,0.0,0.2131219678474091,1
2024-03-23 03:00:00,123,1.0,0.0,0.08386460997348759,1
2024-03-20 03:00:00,242,0.0,0.0,0.046753743317658115,1
2024-03-31 10:00:00,19,1.0,0.0,0.20481998172795501,1
2024-03-23 19:00:00,260,4.0,3.0,1.366855155241343,1
2024-03-21 03:00:00,90,3.0,6.0,6.695899072015196,1
2024-03-23 10:00:00,62,0.0,0.0,0.8929666617606897,1
2024-03-29 08:00:00,237,141.0,182.0,195.85444248946334,1
2024-03-26 00:00:00,86,0.0,0.0,0.06306839371641683,1
2024-03-29 13:00:00,30,0.0,0.0,0.0064810085861077855,1
2024-03-22 03:00:00,205,0.0,0.0,0.1292583849245932,1
2024-03-20 06:00:00,168,3.0,1.0,1.5572839711992774,1
2024-03-25 21:00:00,26,0.0,2.0,0.18739556705586552,1
2024-03-23 04:00:00,22,0.0,0.0,0.1441632916453936,1
2024-03-20 14:00:00,25,2.0,4.0,3.0939311079153202,1
2024-03-25 17:00:00,20,0.0,0.0,0.203290150202421,1
2024-03-18 20:00:00,98,0.0,0.0,0.05508568780757739,1
2024-03-22 23:00:00,193,1.0,2.0,0.9627872438554415,1
2024-03-18 17:00:00,3,0.0,0.0,0.16707423329090224,1
2024-03-21 15:00:00,87,26.0,27.0,38.54048334665478,1
2024-03-23 04:00:00,138,1.0,2.0,1.8879240861757713,1
2024-03-22 22:00:00,98,0.0,0.0,0.06737023122791111,1
2024-03-18 01:00:00,171,0.0,0.0,0.03203403433491022,1
2024-03-26 20:00:00,129,1.0,2.0,1.1074215160897254,1
2024-03-31 11:00:00,138,73.0,149.0,133.7752832983153,1
2024-03-23 08:00:00,244,1.0,3.0,5.4931892921235725,1
2024-03-27 22:00:00,141,88.0,91.0,125.43771358053861,1
2024-03-21 17:00:00,66,2.0,7.0,3.537018777665287,1
2024-03-23 08:00:00,215,0.0,0.0,1.1316838113963976,1
2024-03-22 20:00:00,216,0.0,1.0,1.385206539961977,1
2024-03-21 07:00:00,89,5.0,8.0,3.5400629852988765,1
2024-03-25 18:00:00,240,0.0,0.0,0.050569524474735845,1
2024-03-28 07:00:00,209,2.0,4.0,6.307092857048301,1
2024-03-29 10:00:00,264,12.0,17.0,16.019081213726874,1
2024-03-23 13:00:00,176,0.0,0.0,0.004192144736597327,1
2024-03-29 20:00:00,134,1.0,0.0,0.32765285817909084,1
2024-03-27 05:00:00,55,1.0,3.0,0.5733370083870026,1
2024-03-25 17:00:00,67,0.0,0.0,0.11494708236799903,1
2024-03-25 08:00:00,97,4.0,1.0,3.3253023628637846,1
2024-03-31 08:00:00,226,6.0,7.0,5.3986519483860205,1
2024-03-19 07:00:00,44,0.0,0.0,0.004544896953832741,1
2024-03-30 06:00:00,252,0.0,0.0,0.10307823265593476,1
2024-03-31 19:00:00,13,27.0,33.0,26.700037345744605,1
2024-03-28 04:00:00,200,0.0,0.0,0.09016710080377183,1
2024-03-19 01:00:00,163,11.0,10.0,13.858012919397343,1
2024-03-31 00:00:00,165,0.0,0.0,0.08710543328019354,1
2024-03-30 13:00:00,92,3.0,0.0,0.5105545510290386,1
2024-03-23 04:00:00,76,3.0,0.0,0.6676816503652817,1
2024-03-24 09:00:00,41,20.0,20.0,15.280741406712789,1
2024-03-18 15:00:00,28,0.0,0.0,0.6678988705344063,1
2024-03-31 17:00:00,177,1.0,0.0,0.9560476682768136,1
2024-03-25 09:00:00,34,0.0,0.0,0.16218325092163727,1
2024-03-23 12:00:00,41,14.0,18.0,20.389087465769276,1
2024-03-18 12:00:00,141,140.0,142.0,147.36234220962712,1
2024-03-21 06:00:00,254,0.0,1.0,1.2081072132000972,1
2024-03-22 01:00:00,8,0.0,0.0,0.009792792655808718,1
2024-03-29 11:00:00,217,1.0,0.0,0.34032358011123054,1
2024-03-20 12:00:00,155,1.0,2.0,0.8542564273341425,1
2024-03-24 15:00:00,243,0.0,0.0,2.1190136832136743,1
2024-03-23 20:00:00,101,0.0,0.0,0.07427983473995468,1
2024-03-30 04:00:00,90,36.0,36.0,28.980974765788435,1
2024-03-28 16:00:00,66,3.0,1.0,2.607093958490276,1
2024-03-19 15:00:00,9,0.0,0.0,0.06291904442154626,1
2024-03-23 08:00:00,99,0.0,0.0,0.003898393835875985,1
2024-03-23 14:00:00,109,0.0,0.0,0.004012746366940131,1
2024-03-20 22:00:00,145,9.0,6.0,2.7749770545716625,1
2024-03-26 23:00:00,193,0.0,0.0,0.714640582599463,1
2024-03-31 13:00:00,263,140.0,128.0,140.56174869704356,1
2024-03-31 01:00:00,119,0.0,0.0,0.08088584091139267,1
2024-03-24 20:00:00,199,0.0,0.0,0.004128516604999732,1
2024-03-21 01:00:00,200,0.0,0.0,0.04233198272646881,1
2024-03-28 18:00:00,29,1.0,1.0,0.2901361947794893,1
2024-03-29 06:00:00,198,1.0,0.0,0.5938319754539966,1
2024-03-19 09:00:00,69,1.0,1.0,1.6361840810351498,1
2024-03-31 21:00:00,100,66.0,64.0,62.04118553466205,1
2024-03-26 09:00:00,158,30.0,19.0,26.715994707960466,1
2024-03-20 13:00:00,240,0.0,0.0,0.030046894540227274,1
2024-03-25 22:00:00,131,0.0,0.0,0.08378576197074207,1
2024-03-28 21:00:00,255,7.0,5.0,3.3105017910714185,1
2024-03-21 19:00:00,127,0.0,3.0,0.41148904045996587,1
2024-03-29 23:00:00,137,107.0,67.0,84.29673056939251,1
2024-03-30 17:00:00,143,71.0,88.0,75.75044330842655,1
2024-03-18 15:00:00,102,1.0,0.0,0.24536873907372958,1
2024-03-23 13:00:00,202,1.0,2.0,0.631084621906639,1
2024-03-29 16:00:00,115,0.0,0.0,0.005441824266266171,1
2024-03-23 05:00:00,218,0.0,2.0,0.6363447787118587,1
2024-03-24 11:00:00,263,119.0,139.0,127.69437546841189,1
2024-03-20 21:00:00,252,0.0,0.0,0.08188640376056244,1
2024-03-22 08:00:00,259,1.0,1.0,0.6642357771244296,1
2024-03-19 02:00:00,258,0.0,0.0,0.056674412376901254,1
2024-03-20 23:00:00,10,0.0,0.0,1.4428743228190215,1
2024-03-25 22:00:00,90,70.0,61.0,69.80447559006424,1
2024-03-20 01:00:00,16,0.0,0.0,0.03568151986022679,1
2024-03-18 13:00:00,197,3.0,3.0,1.4994518849852734,1
2024-03-28 06:00:00,255,0.0,0.0,0.5851060527251006,1
2024-03-27 03:00:00,220,0.0,0.0,0.05218335370116397,1
2024-03-27 08:00:00,59,0.0,0.0,0.0056624891511971335,1
2024-03-29 08:00:00,55,2.0,0.0,1.5169843840580726,1
2024-03-25 17:00:00,228,0.0,1.0,0.8059753108893443,1
2024-03-19 23:00:00,32,0.0,0.0,0.09901375604965532,1
2024-03-31 02:00:00,139,0.0,1.0,0.04640212879407773,1
2024-03-23 13:00:00,132,167.0,179.0,212.5920429926836,1
2024-03-18 00:00:00,61,0.0,0.0,1.1647117194193657,1
2024-03-20 08:00:00,155,0.0,3.0,1.0302156909340539,1
2024-03-20 15:00:00,126,0.0,1.0,0.43247282402513687,1
2024-03-22 01:00:00,217,0.0,0.0,0.09235591481004321,1
2024-03-22 16:00:00,203,0.0,1.0,0.29994146191874804,1
2024-03-25 05:00:00,175,0.0,0.0,0.10694055877173585,1
2024-03-29 04:00:00,259,0.0,1.0,0.14339897575430782,1
2024-03-31 22:00:00,73,0.0,0.0,0.04892017597448186,1
2024-03-18 17:00:00,148,21.0,20.0,26.76466217945975,1
2024-03-19 12:00:00,36,0.0,0.0,0.3021220650766657,1
2024-03-25 06:00:00,258,0.0,0.0,0.7996204577443679,1
2024-03-25 13:00:00,32,0.0,0.0,0.37972101659682034,1
2024-03-23 23:00:00,26,0.0,0.0,0.19047988335614355,1
2024-03-19 22:00:00,59,0.0,0.0,0.00880484147932113,1
2024-03-18 17:00:00,251,0.0,0.0,0.006442707260358696,1
2024-03-25 08:00:00,196,0.0,0.0,0.7840791495159839,1
2024-03-20 06:00:00,140,41.0,40.0,32.913539727124466,1
2024-03-22 14:00:00,74,17.0,33.0,18.526422536661528,1
2024-03-31 15:00:00,157,0.0,0.0,0.3986232501717658,1
2024-03-28 09:00:00,230,157.0,211.0,139.83963740171404,1
2024-03-22 23:00:00,159,1.0,0.0,0.8392057670342948,1
2024-03-29 20:00:00,16,0.0,0.0,0.06500585940021905,1
2024-03-25 13:00:00,35,1.0,2.0,1.3964118156586516,1
2024-03-22 19:00:00,199,0.0,0.0,0.004242492404981259,1
2024-03-28 09:00:00,199,0.0,0.0,0.004467281345450293,1
2024-03-29 12:00:00,131,1.0,0.0,0.5770623750837689,1
2024-03-31 02:00:00,150,0.0,0.0,0.04566970387795249,1
2024-03-25 01:00:00,81,0.0,0.0,0.07443253880630828,1
2024-03-20 20:00:00,66,7.0,1.0,2.4207494805499703,1
2024-03-28 09:00:00,126,0.0,0.0,0.659626826247798,1
2024-03-27 14:00:00,112,1.0,0.0,1.0766513116458496,1
2024-03-30 02:00:00,16,0.0,0.0,0.05958173769208263,1
2024-03-27 05:00:00,180,0.0,0.0,0.18341883964010952,1
2024-03-22 18:00:00,218,0.0,2.0,0.536043608733468,1
2024-03-20 13:00:00,197,2.0,4.0,1.3653465545784382,1
2024-03-27 14:00:00,146,5.0,5.0,3.129265079916467,1
2024-03-26 00:00:00,124,2.0,0.0,0.16565816792933757,1
2024-03-31 00:00:00,80,3.0,10.0,5.854968581142637,1
2024-03-22 05:00:00,64,0.0,0.0,0.09110744438234013,1
2024-03-18 04:00:00,259,0.0,0.0,0.12053787648729843,1
2024-03-28 15:00:00,39,5.0,0.0,2.270864983071452,1
2024-03-22 01:00:00,122,0.0,0.0,0.04893913120807236,1
2024-03-21 06:00:00,228,0.0,0.0,0.5015386110155341,1
2024-03-19 05:00:00,147,1.0,0.0,0.22016997913075925,1
2024-03-29 08:00:00,227,0.0,0.0,0.495270476193021,1
2024-03-25 17:00:00,80,1.0,0.0,2.017542817490369,1
2024-03-20 02:00:00,117,0.0,0.0,0.04566530276559376,1
2024-03-18 00:00:00,130,4.0,4.0,1.9654753812454258,1
2024-03-26 03:00:00,153,0.0,0.0,0.03433473689940316,1
2024-03-19 15:00:00,44,0.0,0.0,0.004504294562405975,1
2024-03-30 22:00:00,205,0.0,1.0,0.23935721575286997,1
2024-03-29 09:00:00,188,4.0,1.0,3.7606634807712718,1
2024-03-19 20:00:00,97,2.0,6.0,2.137990402595134,1
2024-03-28 15:00:00,64,0.0,0.0,0.10398072841761256,1
2024-03-26 07:00:00,184,0.0,0.0,0.05872971382868106,1
2024-03-31 02:00:00,124,0.0,0.0,0.08527176421653605,1
2024-03-18 14:00:00,14,2.0,1.0,0.6031644650833092,1
2024-03-20 17:00:00,187,0.0,0.0,0.008254938196720029,1
2024-03-27 03:00:00,26,0.0,0.0,0.05934426919221343,1
2024-03-27 07:00:00,249,64.0,58.0,54.64574857187721,1
2024-03-19 16:00:00,22,0.0,0.0,0.20741584156973727,1
2024-03-21 03:00:00,91,0.0,0.0,0.14853319084041144,1
2024-03-25 07:00:00,111,0.0,0.0,0.006369920387867273,1
2024-03-28 03:00:00,81,0.0,0.0,0.07798806415586156,1
2024-03-30 19:00:00,191,0.0,0.0,0.18525361792602274,1
2024-03-21 13:00:00,27,0.0,0.0,0.009810857978045715,1
2024-03-31 18:00:00,138,211.0,314.0,240.08948593222408,1
2024-03-28 22:00:00,230,284.0,490.0,330.65202571043386,1
2024-03-25 13:00:00,167,1.0,1.0,0.8331760167526072,1
2024-03-29 23:00:00,27,0.0,0.0,0.012824686931747539,1
2024-03-23 07:00:00,130,4.0,0.0,1.8344543160173445,1
2024-03-31 01:00:00,206,0.0,0.0,0.004678064696122282,1
2024-03-24 14:00:00,85,0.0,0.0,0.5344965245382899,1
2024-03-22 08:00:00,121,1.0,1.0,1.094114042599519,1
2024-03-26 23:00:00,142,100.0,182.0,158.18537825721114,1
2024-03-25 15:00:00,70,40.0,45.0,28.710395740161616,1
2024-03-28 13:00:00,67,1.0,0.0,0.22894529780680528,1
2024-03-31 15:00:00,142,219.0,195.0,210.06369133074742,1
2024-03-28 13:00:00,42,7.0,4.0,8.77665457099817,1
2024-03-30 22:00:00,30,0.0,0.0,0.006238529680253985,1
2024-03-29 06:00:00,229,19.0,26.0,37.4166762194911,1
2024-03-29 22:00:00,37,0.0,0.0,1.101910984269685,1
2024-03-25 14:00:00,144,47.0,42.0,42.53603914800415,1
2024-03-27 21:00:00,65,3.0,2.0,2.9195911583353182,1
2024-03-19 00:00:00,206,0.0,0.0,0.004615785387058218,1
2024-03-31 22:00:00,48,114.0,114.0,170.20240877879542,1
2024-03-23 15:00:00,186,336.0,160.0,224.80677198684518,1
2024-03-24 21:00:00,219,1.0,0.0,0.8411247096152281,1
2024-03-28 13:00:00,133,1.0,2.0,0.5570379025850559,1
2024-03-18 12:00:00,16,0.0,0.0,0.12174128188807115,1
2024-03-31 11:00:00,219,0.0,0.0,0.5289018308177441,1
2024-03-29 19:00:00,180,0.0,0.0,0.09270783052486324,1
2024-03-28 11:00:00,259,1.0,1.0,0.4529294359169949,1
2024-03-27 06:00:00,148,7.0,9.0,5.234792694797962,1
2024-03-24 12:00:00,261,62.0,37.0,39.87120486438142,1
2024-03-26 21:00:00,49,2.0,1.0,0.7222395348158797,1
2024-03-18 15:00:00,97,0.0,1.0,2.372554163697158,1
2024-03-18 05:00:00,96,0.0,0.0,0.013372037868617508,1
2024-03-23 12:00:00,129,1.0,3.0,1.9143974790309861,1
2024-03-19 06:00:00,116,7.0,2.0,3.5245161252501624,1
2024-03-31 07:00:00,235,0.0,0.0,0.9916747145442603,1
2024-03-23 07:00:00,36,2.0,0.0,0.34329473236971303,1
2024-03-26 17:00:00,173,0.0,0.0,0.12247919847053719,1
2024-03-27 08:00:00,183,0.0,0.0,0.16624717242108936,1
2024-03-21 17:00:00,41,23.0,34.0,21.3946922004468,1
2024-03-20 00:00:00,159,0.0,0.0,0.19359690502253515,1
2024-03-29 13:00:00,75,56.0,45.0,58.82159310433407,1
2024-03-22 02:00:00,7,0.0,1.0,0.7440870936547077,1
2024-03-24 16:00:00,70,26.0,40.0,31.858514341743344,1
2024-03-26 14:00:00,208,0.0,1.0,0.3042884463398002,1
2024-03-18 19:00:00,134,0.0,0.0,0.5515479852849173,1
2024-03-27 21:00:00,184,0.0,0.0,0.024486585217785403,1
2024-03-28 21:00:00,210,0.0,0.0,0.15424207069926654,1
2024-03-19 04:00:00,178,0.0,0.0,0.07445712630199351,1
2024-03-21 20:00:00,220,0.0,1.0,0.10542278555841682,1
2024-03-27 12:00:00,236,390.0,332.0,358.10496262934686,1
2024-03-30 12:00:00,7,4.0,4.0,5.806927051480494,1
2024-03-31 01:00:00,156,0.0,0.0,0.003531983938114546,1
2024-03-24 06:00:00,75,11.0,22.0,9.658270131565747,1
2024-03-18 05:00:00,192,0.0,0.0,0.10302865120772253,1
2024-03-19 11:00:00,180,0.0,0.0,0.2464203509511858,1
2024-03-30 13:00:00,76,5.0,0.0,1.762462025629107,1
2024-03-22 18:00:00,264,34.0,29.0,25.200110661604953,1
2024-03-25 20:00:00,2,0.0,0.0,0.0056309155731602825,1
2024-03-29 09:00:00,166,26.0,31.0,27.657142764577465,1
2024-03-18 13:00:00,72,0.0,2.0,1.6485422670904184,1
2024-03-18 01:00:00,51,0.0,0.0,0.12687913542180526,1
2024-03-30 00:00:00,221,0.0,0.0,0.007190122307443214,1
2024-03-23 19:00:00,259,0.0,0.0,0.0860944067252908,1
2024-03-29 01:00:00,26,0.0,0.0,0.07497705160215153,1
2024-03-30 16:00:00,206,0.0,0.0,0.005231979620138413,1
2024-03-19 10:00:00,43,118.0,76.0,86.92189983801599,1
2024-03-29 06:00:00,257,0.0,1.0,0.27952005842587435,1
2024-03-28 07:00:00,151,73.0,68.0,63.435067539025205,1
2024-03-26 16:00:00,61,1.0,2.0,2.0345058742194153,1
2024-03-29 05:00:00,140,19.0,12.0,8.05011951313426,1
2024-03-19 21:00:00,260,1.0,1.0,0.8106892161006208,1
2024-03-23 10:00:00,173,1.0,0.0,0.17528676956261177,1
2024-03-19 18:00:00,124,0.0,0.0,0.19735059487930726,1
2024-03-22 04:00:00,214,0.0,0.0,0.010116093001636696,1
2024-03-27 19:00:00,136,0.0,0.0,0.10090808998378341,1
2024-03-26 09:00:00,162,263.0,274.0,192.5004146560253,1
2024-03-30 02:00:00,57,0.0,0.0,0.014787515553425237,1
2024-03-22 18:00:00,239,225.0,230.0,257.36557882153045,1
2024-03-29 04:00:00,55,1.0,0.0,0.2638217758287526,1
2024-03-28 16:00:00,227,0.0,0.0,0.39708020362510293,1
2024-03-29 20:00:00,32,0.0,0.0,0.06394282145402165,1
2024-03-27 07:00:00,198,0.0,1.0,0.6135261947543348,1
2024-03-29 01:00:00,265,3.0,8.0,2.0095472674865893,1
2024-03-30 07:00:00,10,5.0,3.0,1.4995999224908292,1
2024-03-24 22:00:00,133,0.0,0.0,0.1269952007288535,1
2024-03-24 15:00:00,93,2.0,0.0,1.126882837226612,1
2024-03-30 23:00:00,199,0.0,0.0,0.0045016342513829535,1
2024-03-26 18:00:00,263,136.0,106.0,140.56512545046073,1
2024-03-25 23:00:00,149,0.0,0.0,0.08181216605808062,1
2024-03-23 01:00:00,164,125.0,134.0,132.73892577013746,1
2024-03-31 13:00:00,233,80.0,80.0,83.27244438166721,1
2024-03-30 08:00:00,14,0.0,1.0,0.6198340678041186,1
2024-03-21 02:00:00,145,0.0,0.0,0.38462839117398384,1
2024-03-27 17:00:00,85,0.0,0.0,0.49717247117376007,1
2024-03-31 17:00:00,106,1.0,1.0,0.5804161200039585,1
2024-03-27 09:00:00,25,2.0,0.0,3.569361586704466,1
2024-03-31 18:00:00,49,2.0,1.0,1.7344294819975732,1
2024-03-28 21:00:00,159,1.0,1.0,0.3239517518184346,1
2024-03-25 16:00:00,163,176.0,234.0,191.17622404111893,1
2024-03-23 12:00:00,9,0.0,0.0,0.10816741929920293,1
2024-03-25 15:00:00,36,0.0,0.0,0.5076446515160137,1
2024-03-30 01:00:00,27,0.0,0.0,0.009804681925792518,1
2024-03-23 23:00:00,36,3.0,2.0,1.2011187136064814,1
2024-03-25 07:00:00,188,2.0,1.0,3.3279817611186844,1
2024-03-18 19:00:00,256,2.0,2.0,1.080039774768339,1
2024-03-19 12:00:00,8,0.0,0.0,0.013944856350748193,1
2024-03-30 06:00:00,77,0.0,0.0,0.27724101737833357,1
2024-03-28 18:00:00,9,0.0,0.0,0.08208106095385771,1
2024-03-30 10:00:00,149,0.0,0.0,0.19698870197820445,1
2024-03-27 01:00:00,94,0.0,0.0,0.042510337735088326,1
2024-03-24 18:00:00,6,0.0,0.0,0.06691637108328179,1
2024-03-25 10:00:00,99,0.0,0.0,0.00416877944382325,1
2024-03-25 08:00:00,68,133.0,92.0,106.35470637911101,1
2024-03-25 10:00:00,263,111.0,90.0,116.76170722317966,1
2024-03-26 18:00:00,39,0.0,0.0,0.7642851612808783,1
2024-03-18 03:00:00,262,1.0,2.0,1.8792886564363969,1
2024-03-25 21:00:00,228,0.0,0.0,0.5346223244458541,1
2024-03-23 13:00:00,116,9.0,7.0,6.943212865271065,1
2024-03-19 15:00:00,156,0.0,0.0,0.004068132290212798,1
2024-03-19 12:00:00,134,0.0,1.0,1.0360352110590871,1
2024-03-19 10:00:00,228,0.0,0.0,0.7055930084550391,1
2024-03-23 10:00:00,75,33.0,37.0,37.81842308907918,1
2024-03-19 15:00:00,208,0.0,1.0,0.23851819297279142,1
2024-03-21 11:00:00,2,0.0,0.0,0.00646128176584268,1
2024-03-20 00:00:00,19,0.0,0.0,0.10868483365688408,1
2024-03-25 18:00:00,26,0.0,0.0,0.5171974079919216,1
2024-03-18 09:00:00,151,46.0,64.0,59.426146501208024,1
2024-03-25 13:00:00,30,0.0,0.0,0.0063943476464029935,1
2024-03-23 14:00:00,141,200.0,188.0,184.23068106205042,1
2024-03-25 19:00:00,15,0.0,0.0,0.0651252575993564,1
2024-03-29 01:00:00,158,46.0,39.0,41.90798952386286,1
2024-03-27 02:00:00,216,0.0,0.0,0.1664741177164586,1
2024-03-29 02:00:00,162,23.0,12.0,13.465234686083202,1
2024-03-27 08:00:00,229,130.0,135.0,146.60049383549978,1
2024-03-23 21:00:00,128,0.0,0.0,0.045526423505217635,1
2024-03-28 02:00:00,245,0.0,0.0,0.005104752514407635,1
2024-03-27 20:00:00,15,0.0,0.0,0.05046745724582103,1
2024-03-18 18:00:00,226,8.0,11.0,4.7888904079261865,1
2024-03-22 03:00:00,185,0.0,0.0,0.0413824041796362,1
2024-03-30 13:00:00,117,1.0,0.0,0.49720090486856666,1
2024-03-31 02:00:00,178,0.0,0.0,0.0259345438566037,1
2024-03-26 20:00:00,170,275.0,236.0,219.21283527606823,1
2024-03-30 18:00:00,202,0.0,1.0,0.39415450828867715,1
2024-03-20 00:00:00,82,0.0,2.0,0.5872899060393061,1
2024-03-23 07:00:00,252,0.0,0.0,0.14840411303564963,1
2024-03-20 21:00:00,54,0.0,0.0,0.10907543903928807,1
2024-03-30 04:00:00,49,2.0,0.0,0.7283809556565752,1
2024-03-21 05:00:00,254,0.0,2.0,0.8868382022448975,1
2024-03-30 22:00:00,42,9.0,6.0,12.35777335364655,1
2024-03-27 23:00:00,172,0.0,0.0,0.0072315693531283575,1
2024-03-30 02:00:00,190,0.0,0.0,0.03713183345073998,1
2024-03-20 20:00:00,91,0.0,0.0,0.43380088804065253,1
2024-03-29 15:00:00,81,0.0,1.0,0.23021511013262572,1
2024-03-28 05:00:00,90,12.0,12.0,7.521214646183647,1
2024-03-26 18:00:00,86,0.0,0.0,0.17070483093886268,1
2024-03-21 17:00:00,33,5.0,9.0,4.921959378233301,1
2024-03-29 10:00:00,7,2.0,3.0,3.362921436066768,1
2024-03-21 19:00:00,146,1.0,1.0,2.2502203202364535,1
2024-03-25 14:00:00,81,1.0,0.0,0.25828843672833535,1
2024-03-18 19:00:00,169,0.0,0.0,0.23273348440016448,1
2024-03-20 19:00:00,192,0.0,0.0,0.08626299162138906,1
2024-03-27 03:00:00,215,1.0,1.0,0.2562917711031391,1
2024-03-28 13:00:00,163,130.0,231.0,224.14694513729845,1
2024-03-18 05:00:00,8,0.0,0.0,0.010964656777638405,1
2024-03-23 18:00:00,175,0.0,0.0,0.11528457341800522,1
2024-03-30 18:00:00,205,1.0,0.0,0.49308558161837485,1
2024-03-21 14:00:00,150,0.0,0.0,0.2195965337587409,1
2024-03-31 21:00:00,42,10.0,10.0,10.481643338324282,1
2024-03-28 13:00:00,44,0.0,0.0,0.004081362977993621,1
2024-03-20 03:00:00,170,1.0,3.0,4.386070518723412,1
2024-03-27 01:00:00,43,2.0,3.0,2.0352211146393726,1
2024-03-28 19:00:00,38,0.0,0.0,0.0798805445322405,1
2024-03-24 09:00:00,142,99.0,143.0,113.59336305802478,1
2024-03-21 22:00:00,20,0.0,0.0,0.07715058216020436,1
2024-03-27 22:00:00,63,0.0,0.0,0.117468561645588,1
2024-03-22 08:00:00,261,9.0,22.0,15.004141179595875,1
2024-03-25 22:00:00,53,0.0,0.0,0.0711957755427933,1
2024-03-22 20:00:00,207,0.0,0.0,0.07819637243822716,1
2024-03-24 23:00:00,185,0.0,0.0,0.09633152364744378,1
2024-03-23 15:00:00,46,0.0,0.0,0.02257626588985196,1
2024-03-28 18:00:00,196,0.0,0.0,0.4770604119057135,1
2024-03-25 06:00:00,215,3.0,4.0,1.7785150680856536,1
2024-03-19 12:00:00,61,1.0,4.0,3.382271567670669,1
2024-03-18 01:00:00,80,0.0,0.0,0.7073640064426824,1
2024-03-30 07:00:00,76,6.0,0.0,2.641199242318496,1
2024-03-19 09:00:00,57,0.0,0.0,0.012416054786268563,1
2024-03-28 18:00:00,144,114.0,78.0,98.0450861365026,1
2024-03-28 01:00:00,261,0.0,1.0,1.9342735364168502,1
2024-03-25 22:00:00,142,117.0,135.0,153.14054749472422,1
2024-03-20 19:00:00,89,3.0,1.0,1.884784116871795,1
2024-03-29 01:00:00,238,5.0,6.0,8.432065983889634,1
2024-03-25 23:00:00,158,22.0,25.0,44.72048352356226,1
2024-03-24 20:00:00,22,1.0,0.0,0.08583310523306949,1
2024-03-20 19:00:00,130,1.0,0.0,1.3996434886051525,1
2024-03-19 01:00:00,86,0.0,0.0,0.05467589702379023,1
2024-03-20 20:00:00,228,0.0,0.0,0.4768875950049235,1
2024-03-21 14:00:00,11,0.0,0.0,0.15731323256287164,1
2024-03-24 04:00:00,18,1.0,0.0,0.1976110879966359,1
2024-03-29 01:00:00,207,0.0,0.0,0.034661207147198704,1
2024-03-29 19:00:00,114,141.0,95.0,103.28423307955578,1
2024-03-29 10:00:00,111,0.0,0.0,0.007656560485494217,1
2024-03-25 02:00:00,28,0.0,0.0,0.20098551869990214,1
2024-03-28 19:00:00,39,0.0,1.0,1.006182453306057,1
2024-03-19 23:00:00,181,4.0,1.0,3.6692339697481327,1
2024-03-20 06:00:00,97,2.0,2.0,1.8152182826414909,1
2024-03-31 10:00:00,191,0.0,1.0,0.6640134222794377,1
2024-03-27 11:00:00,145,14.0,4.0,8.783938351958092,1
2024-03-26 02:00:00,154,2.0,0.0,0.027065808309369232,1
2024-03-28 03:00:00,7,0.0,0.0,0.5820844262124286,1
2024-03-25 20:00:00,128,0.0,0.0,0.04858242541372635,1
2024-03-26 02:00:00,179,0.0,1.0,0.2589393990186368,1
2024-03-25 04:00:00,144,1.0,0.0,1.4194708656720367,1
2024-03-24 20:00:00,147,0.0,0.0,0.09457027414494333,1
2024-03-21 01:00:00,245,0.0,0.0,0.006032544226599412,1
2024-03-20 23:00:00,152,1.0,2.0,2.6268563935064106,1
2024-03-22 13:00:00,216,1.0,1.0,2.0512024947436833,1
2024-03-23 06:00:00,53,0.0,0.0,0.0627085551342555,1
2024-03-18 05:00:00,72,2.0,3.0,1.0615322188339624,1
2024-03-24 10:00:00,38,0.0,0.0,0.2725307876832666,1
2024-03-27 09:00:00,88,4.0,4.0,9.750548275942164,1
2024-03-19 16:00:00,133,0.0,0.0,0.2710572343085323,1
2024-03-28 01:00:00,87,1.0,3.0,3.477007738881481,1
2024-03-28 23:00:00,212,0.0,0.0,0.12839708079305362,1
2024-03-27 17:00:00,189,0.0,1.0,0.9150552986383654,1
2024-03-27 06:00:00,244,2.0,1.0,3.2570371872608272,1
2024-03-31 08:00:00,151,29.0,23.0,34.092186363070894,1
2024-03-24 23:00:00,228,2.0,0.0,0.660991803949943,1
2024-03-23 13:00:00,154,0.0,0.0,0.09554904596344249,1
2024-03-22 16:00:00,10,4.0,6.0,2.9149183800000333,1
2024-03-19 08:00:00,48,140.0,149.0,128.99892319982033,1
2024-03-25 18:00:00,6,0.0,0.0,0.06526412190165652,1
2024-03-18 14:00:00,150,0.0,0.0,0.1612731420450242,1
2024-03-21 00:00:00,139,0.0,0.0,0.08123415677418383,1
2024-03-19 04:00:00,105,0.0,0.0,0.003691551789812002,1
2024-03-25 00:00:00,183,0.0,0.0,0.04143907937500446,1
2024-03-25 14:00:00,92,1.0,0.0,0.6071439075460056,1
2024-03-23 21:00:00,68,159.0,237.0,179.04944863884657,1
2024-03-25 14:00:00,235,0.0,2.0,0.600259084444279,1
2024-03-22 04:00:00,116,1.0,0.0,1.3513295997142416,1
2024-03-27 12:00:00,119,0.0,3.0,0.8077666900365681,1
2024-03-25 08:00:00,32,2.0,1.0,0.5371663247151712,1
2024-03-31 19:00:00,252,0.0,0.0,0.1022609392894158,1
2024-03-25 08:00:00,145,2.0,4.0,4.42490125004403,1
2024-03-29 13:00:00,96,0.0,0.0,0.021856723220328594,1
2024-03-18 10:00:00,77,0.0,0.0,0.8495930834733116,1
2024-03-27 16:00:00,58,0.0,0.0,0.01453229134140266,1
2024-03-20 18:00:00,231,151.0,142.0,157.94827424719614,1
2024-03-31 02:00:00,221,0.0,0.0,0.005051974582560353,1
2024-03-30 13:00:00,99,0.0,0.0,0.004192144736597327,1
2024-03-29 15:00:00,112,0.0,2.0,1.7933905996112536,1
2024-03-21 08:00:00,86,1.0,1.0,1.2945029422784389,1
2024-03-28 01:00:00,65,1.0,1.0,0.5877286297323419,1
2024-03-18 08:00:00,252,0.0,0.0,0.19437959761031692,1
2024-03-23 16:00:00,219,0.0,0.0,0.7061948812232444,1
2024-03-19 23:00:00,175,0.0,0.0,0.07786497228990842,1
2024-03-31 10:00:00,239,176.0,187.0,165.768866909833,1
2024-03-23 17:00:00,111,0.0,0.0,0.008851628040855595,1
2024-03-27 19:00:00,82,0.0,1.0,0.9869660062938521,1
2024-03-18 15:00:00,108,0.0,1.0,0.2806802380817299,1
2024-03-27 02:00:00,76,0.0,0.0,0.14022571300468342,1
2024-03-19 11:00:00,187,0.0,0.0,0.007735266606649272,1
2024-03-28 22:00:00,58,0.0,0.0,0.01389972476713145,1
2024-03-29 22:00:00,265,8.0,4.0,2.8527847774270554,1
2024-03-19 22:00:00,65,2.0,2.0,2.5749014432270325,1
2024-03-24 08:00:00,197,2.0,3.0,1.3356587798005075,1
2024-03-20 21:00:00,131,0.0,0.0,0.1029423105743423,1
2024-03-20 21:00:00,62,0.0,1.0,0.33217217211258315,1
2024-03-29 04:00:00,255,1.0,0.0,0.805026173068801,1
2024-03-28 02:00:00,214,0.0,0.0,0.007143758350563359,1
2024-03-26 21:00:00,2,0.0,0.0,0.009276541466333627,1
2024-03-26 18:00:00,252,0.0,0.0,0.15379932641336036,1
2024-03-31 20:00:00,265,5.0,2.0,3.3974574227620944,1
2024-03-25 08:00:00,225,8.0,1.0,2.141943474954457,1
2024-03-25 09:00:00,114,19.0,22.0,18.291389875555744,1
2024-03-23 22:00:00,14,0.0,0.0,0.40726860606033605,1
2024-03-19 03:00:00,57,0.0,0.0,0.01240540854888858,1
2024-03-28 01:00:00,53,0.0,0.0,0.03414100034959292,1
2024-03-29 17:00:00,151,90.0,66.0,72.74253058419018,1
2024-03-25 01:00:00,233,9.0,1.0,4.190219168970631,1
2024-03-24 00:00:00,257,0.0,1.0,0.10198469989516878,1
2024-03-26 23:00:00,176,0.0,0.0,0.003638926646963057,1
2024-03-29 05:00:00,246,5.0,5.0,4.690201338254836,1
2024-03-19 01:00:00,130,1.0,1.0,0.829285829430985,1
2024-03-20 04:00:00,76,2.0,0.0,0.9074228473797514,1
2024-03-30 07:00:00,245,0.0,0.0,0.006360973289084503,1
2024-03-18 06:00:00,161,40.0,22.0,35.56764090580882,1
2024-03-28 20:00:00,32,0.0,0.0,0.06728434447855562,1
2024-03-18 00:00:00,228,0.0,0.0,0.34661097717251677,1
2024-03-23 12:00:00,197,1.0,3.0,1.3791985513435028,1
2024-03-29 22:00:00,214,0.0,0.0,0.010432434774405096,1
2024-03-26 05:00:00,226,2.0,1.0,2.303493710282875,1
2024-03-18 13:00:00,202,1.0,1.0,0.44552899944077906,1
2024-03-27 10:00:00,39,2.0,3.0,2.736714834879915,1
2024-03-23 22:00:00,231,103.0,145.0,98.6373049296936,1
2024-03-18 15:00:00,39,1.0,1.0,0.9513953967093968,1
2024-03-21 13:00:00,51,0.0,2.0,0.9906035150709028,1
2024-03-18 19:00:00,106,0.0,0.0,0.3077798626772202,1
2024-03-23 02:00:00,237,17.0,16.0,18.897427162935397,1
2024-03-25 03:00:00,185,0.0,0.0,0.032751334512557524,1
2024-03-28 20:00:00,117,0.0,0.0,0.12347743205323243,1
2024-03-28 05:00:00,199,0.0,0.0,0.004108362043248434,1
2024-03-31 10:00:00,39,2.0,1.0,1.607427574905962,1
2024-03-24 00:00:00,235,0.0,0.0,0.1729219231637481,1
2024-03-21 07:00:00,102,0.0,0.0,0.3937881220484593,1
2024-03-28 03:00:00,196,0.0,0.0,0.13173702028654208,1
2024-03-30 12:00:00,117,0.0,0.0,0.42753209590769364,1
2024-03-31 17:00:00,43,135.0,128.0,188.64063911293417,1
2024-03-18 22:00:00,57,0.0,0.0,0.01314927981912173,1
2024-03-22 01:00:00,261,4.0,7.0,10.068589436624526,1
2024-03-25 20:00:00,86,0.0,0.0,0.11369965362260223,1
2024-03-18 23:00:00,129,1.0,3.0,1.1992315337712969,1
2024-03-29 03:00:00,131,0.0,0.0,0.06850501029276161,1
2024-03-30 09:00:00,195,0.0,1.0,0.665430195914033,1
2024-03-28 07:00:00,219,1.0,2.0,1.0016484752727506,1
2024-03-26 10:00:00,134,0.0,1.0,0.7930858379901503,1
2024-03-18 15:00:00,12,6.0,9.0,5.828566256746601,1
2024-03-18 04:00:00,215,0.0,2.0,0.9403417990953089,1
2024-03-18 23:00:00,224,3.0,2.0,3.2260361872058554,1
2024-03-28 23:00:00,192,0.0,0.0,0.08825688787351374,1
2024-03-25 22:00:00,262,15.0,14.0,14.396765019052808,1
2024-03-18 20:00:00,259,0.0,0.0,0.06485674523074607,1
2024-03-23 03:00:00,46,0.0,0.0,0.01833313402127535,1
2024-03-19 04:00:00,24,0.0,4.0,1.3920794221596469,1
2024-03-31 19:00:00,222,0.0,0.0,0.25600212666017874,1
2024-03-22 01:00:00,92,0.0,0.0,0.14379288909041224,1
2024-03-30 16:00:00,107,111.0,129.0,141.27677361582678,1
2024-03-23 14:00:00,17,0.0,0.0,1.919716687125579,1
2024-03-18 18:00:00,198,1.0,0.0,0.2804083703367247,1
2024-03-19 03:00:00,203,2.0,0.0,0.0578217589870452,1
2024-03-23 14:00:00,186,272.0,195.0,241.74933270543622,1
2024-03-27 01:00:00,225,0.0,0.0,0.2163158688648112,1
2024-03-18 23:00:00,139,0.0,0.0,0.12027401339548924,1
2024-03-19 12:00:00,186,238.0,174.0,230.29193017628103,1
2024-03-19 08:00:00,251,0.0,0.0,0.006382495405607345,1
2024-03-24 11:00:00,239,218.0,195.0,188.44347452871125,1
2024-03-28 06:00:00,10,4.0,3.0,2.080122353861672,1
2024-03-18 06:00:00,122,0.0,0.0,0.34572855465219066,1
2024-03-20 02:00:00,92,0.0,0.0,0.07279889779055287,1
2024-03-24 06:00:00,77,0.0,0.0,0.5114033076792146,1
2024-03-18 01:00:00,142,17.0,6.0,7.1368782708684,1
2024-03-21 20:00:00,226,2.0,3.0,3.335095027744889,1
2024-03-27 21:00:00,155,1.0,1.0,0.2006284950196206,1
2024-03-23 23:00:00,8,0.0,0.0,0.013716076391366109,1
2024-03-21 18:00:00,17,0.0,2.0,1.2599561733350728,1
2024-03-24 13:00:00,239,243.0,237.0,241.6833880698643,1
2024-03-25 09:00:00,124,0.0,0.0,0.36637211137095416,1
2024-03-22 21:00:00,119,0.0,0.0,0.11957300069079543,1
2024-03-28 16:00:00,191,0.0,2.0,0.9793412358959874,1
2024-03-24 00:00:00,242,0.0,0.0,0.08893049846543478,1
2024-03-25 05:00:00,35,0.0,2.0,0.8866196926787445,1
2024-03-30 10:00:00,140,84.0,98.0,96.22140543162676,1
2024-03-24 13:00:00,26,1.0,0.0,0.3960711188899009,1
2024-03-22 10:00:00,93,0.0,1.0,0.5900741421284208,1
2024-03-26 00:00:00,118,0.0,0.0,0.0068725091854114325,1
2024-03-20 02:00:00,120,0.0,0.0,0.012051391115405855,1
2024-03-29 18:00:00,99,0.0,0.0,0.003983544414417937,1
2024-03-27 19:00:00,121,0.0,0.0,0.19007349982297855,1
2024-03-26 08:00:00,252,0.0,0.0,0.23080537663136766,1
2024-03-24 09:00:00,85,0.0,0.0,0.6585885345093844,1
2024-03-27 02:00:00,94,0.0,0.0,0.03297848654642698,1
2024-03-19 05:00:00,198,0.0,1.0,0.43152978315548074,1
2024-03-31 14:00:00,202,0.0,0.0,0.3603407784361957,1
2024-03-21 21:00:00,12,2.0,0.0,0.31770105567345325,1
2024-03-22 08:00:00,65,1.0,5.0,5.1608384959495535,1
2024-03-25 21:00:00,180,0.0,0.0,0.08790498358454163,1
2024-03-20 09:00:00,195,0.0,0.0,1.2480536483964608,1
2024-03-29 00:00:00,216,1.0,0.0,0.6907972481010362,1
2024-03-30 13:00:00,247,0.0,3.0,0.9597051574302918,1
2024-03-25 06:00:00,260,1.0,0.0,1.3684318970039782,1
2024-03-28 13:00:00,8,0.0,0.0,0.01398096844714354,1
2024-03-18 20:00:00,69,0.0,3.0,0.379837971450201,1
2024-03-22 03:00:00,48,45.0,31.0,37.41835185339165,1
2024-03-19 21:00:00,176,0.0,0.0,0.0036657676038406046,1
2024-03-22 21:00:00,88,14.0,28.0,23.1191114739686,1
2024-03-26 13:00:00,92,0.0,0.0,0.5044104064152176,1
2024-03-26 20:00:00,245,0.0,0.0,0.007110396434720625,1
2024-03-22 16:00:00,209,12.0,8.0,12.757082007925293,1
2024-03-28 11:00:00,157,2.0,0.0,0.4383047713525111,1
2024-03-18 18:00:00,265,7.0,9.0,3.3001228621616656,1
2024-03-18 00:00:00,66,0.0,0.0,0.8382518648195577,1
2024-03-29 09:00:00,42,4.0,4.0,12.41799103628584,1
2024-03-21 22:00:00,240,0.0,0.0,0.020753954204259475,1
2024-03-25 07:00:00,163,49.0,33.0,66.53312661333523,1
2024-03-21 21:00:00,34,0.0,0.0,0.1125821511500236,1
2024-03-19 18:00:00,141,152.0,164.0,174.4002719416184,1
2024-03-23 22:00:00,28,2.0,0.0,0.7566967368391766,1
2024-03-20 21:00:00,208,0.0,0.0,0.1287726617451399,1
2024-03-18 01:00:00,146,0.0,1.0,0.6842260706816975,1
2024-03-25 16:00:00,10,4.0,4.0,3.399347350452868,1
2024-03-26 21:00:00,160,0.0,0.0,0.13020221737512908,1
2024-03-31 23:00:00,4,1.0,4.0,5.363841105735109,1
2024-03-27 01:00:00,10,1.0,1.0,0.2942318122732573,1
2024-03-29 12:00:00,10,2.0,2.0,2.1465948453995396,1
2024-03-24 05:00:00,115,0.0,0.0,0.004182974160810543,1
2024-03-24 09:00:00,105,0.0,0.0,0.004101283306232231,1
2024-03-28 16:00:00,8,0.0,0.0,0.013553131889421862,1
2024-03-20 06:00:00,246,5.0,2.0,6.153341371916667,1
2024-03-20 01:00:00,233,4.0,5.0,6.84808308299112,1
2024-03-23 03:00:00,178,0.0,0.0,0.04121683041799435,1
2024-03-28 21:00:00,229,166.0,189.0,159.45126166678284,1
2024-03-18 12:00:00,233,83.0,74.0,87.25849309270484,1
2024-03-30 20:00:00,201,0.0,0.0,0.06315086191477585,1
2024-03-23 10:00:00,102,1.0,0.0,0.26447609973798075,1
2024-03-21 06:00:00,55,0.0,3.0,1.6869173305925715,1
2024-03-28 10:00:00,37,3.0,2.0,1.5522243297789338,1
2024-03-22 07:00:00,36,3.0,0.0,0.4394014961538495,1
2024-03-27 14:00:00,211,39.0,37.0,42.50250846360308,1
2024-03-27 16:00:00,70,16.0,30.0,30.89216013753255,1
2024-03-23 07:00:00,23,0.0,0.0,0.010430139643260578,1
2024-03-31 16:00:00,122,0.0,0.0,0.14024975823573285,1
2024-03-19 00:00:00,145,2.0,1.0,2.0056713645286557,1
2024-03-23 05:00:00,211,5.0,5.0,2.0592068238628523,1
2024-03-25 17:00:00,169,0.0,2.0,0.6182739272984888,1
2024-03-29 23:00:00,168,0.0,3.0,1.9543809160462309,1
2024-03-28 15:00:00,114,61.0,54.0,60.19352781303555,1
2024-03-21 23:00:00,201,0.0,0.0,0.08622789052248457,1
2024-03-22 14:00:00,196,0.0,0.0,0.688365750820502,1
2024-03-24 00:00:00,265,5.0,7.0,4.415733582043039,1
2024-03-25 18:00:00,69,0.0,1.0,0.5458851316932085,1
2024-03-28 06:00:00,208,0.0,0.0,0.6184240413081464,1
2024-03-31 21:00:00,75,24.0,33.0,24.733138386106837,1
2024-03-26 00:00:00,258,0.0,0.0,0.09037660111296202,1
2024-03-30 17:00:00,36,0.0,0.0,0.31314317289013016,1
2024-03-21 02:00:00,64,0.0,0.0,0.03259428630750299,1
2024-03-30 16:00:00,54,0.0,0.0,0.15793343851697647,1
2024-03-19 14:00:00,102,0.0,0.0,0.2143161849306908,1
2024-03-29 08:00:00,201,1.0,1.0,0.32938163888903793,1
2024-03-23 03:00:00,96,0.0,0.0,0.027290936646451495,1
2024-03-24 09:00:00,223,3.0,4.0,1.8683080632111948,1
2024-03-27 02:00:00,209,1.0,0.0,0.588426382339695,1
2024-03-29 20:00:00,99,0.0,0.0,0.0038176329527463905,1
2024-03-27 19:00:00,130,2.0,1.0,1.11781180049529,1
2024-03-23 01:00:00,76,0.0,0.0,0.19679444290677248,1
2024-03-21 10:00:00,88,12.0,10.0,6.89601368738519,1
2024-03-20 02:00:00,206,0.0,0.0,0.0037267021378259916,1
2024-03-20 18:00:00,17,0.0,4.0,1.5113881053174865,1
2024-03-20 07:00:00,160,1.0,0.0,0.39473455187597506,1
2024-03-19 14:00:00,162,245.0,230.0,280.3036224582114,1
2024-03-23 17:00:00,158,86.0,102.0,94.79608781183808,1
2024-03-25 14:00:00,16,1.0,0.0,0.20074979598512827,1
2024-03-26 03:00:00,49,0.0,0.0,0.12284272547992556,1
2024-03-26 04:00:00,13,0.0,0.0,0.9476904121562174,1
2024-03-31 04:00:00,193,0.0,0.0,0.5356987403196315,1
2024-03-25 13:00:00,225,0.0,4.0,1.2950032981244086,1
2024-03-22 12:00:00,160,0.0,0.0,0.44242491192068323,1
2024-03-19 12:00:00,143,91.0,96.0,83.57927904832859,1
2024-03-19 23:00:00,244,3.0,2.0,2.390830348098844,1
2024-03-25 08:00:00,217,0.0,2.0,0.448587871439648,1
2024-03-31 22:00:00,95,2.0,2.0,1.5445389753795695,1
2024-03-29 21:00:00,57,0.0,0.0,0.022999858884299257,1
2024-03-29 13:00:00,156,0.0,0.0,0.004100950397777949,1
2024-03-31 20:00:00,218,2.0,1.0,0.296227745687153,1
2024-03-26 09:00:00,61,5.0,8.0,4.402206466367025,1
2024-03-29 15:00:00,233,52.0,79.0,88.8731162788297,1
2024-03-21 20:00:00,152,10.0,1.0,5.780006716954432,1
2024-03-26 10:00:00,37,4.0,1.0,1.365174876165877,1
2024-03-29 00:00:00,79,291.0,171.0,312.67749985117536,1
2024-03-20 11:00:00,143,82.0,85.0,85.10953276530765,1
2024-03-31 06:00:00,65,0.0,1.0,1.9372050219098893,1
2024-03-31 11:00:00,84,0.0,0.0,0.005577642854903765,1
2024-03-21 19:00:00,33,4.0,23.0,8.842291042079596,1
2024-03-26 05:00:00,186,52.0,61.0,63.86610490018094,1
2024-03-25 06:00:00,31,0.0,0.0,0.0840773924085448,1
2024-03-23 22:00:00,70,21.0,23.0,19.596717658825384,1
2024-03-21 21:00:00,101,0.0,0.0,0.06466085511827734,1
2024-03-31 06:00:00,138,3.0,5.0,2.837032180648332,1
2024-03-30 09:00:00,47,1.0,2.0,0.5532167347250235,1
2024-03-24 02:00:00,49,0.0,2.0,0.4588204069895368,1
2024-03-22 01:00:00,78,0.0,0.0,0.06144566612076031,1
2024-03-29 22:00:00,129,1.0,1.0,1.5950194148699397,1
2024-03-22 04:00:00,2,0.0,0.0,0.007393939495444952,1
2024-03-24 10:00:00,229,106.0,119.0,97.73727584834589,1
2024-03-22 05:00:00,68,16.0,24.0,12.371964643478524,1
2024-03-22 12:00:00,191,2.0,2.0,1.1828809922752481,1
2024-03-27 17:00:00,88,51.0,52.0,36.520415171487755,1
2024-03-27 18:00:00,237,445.0,371.0,511.2007999062332,1
2024-03-23 07:00:00,25,0.0,7.0,1.4248129121881221,1
2024-03-25 12:00:00,206,0.0,0.0,0.004836356794357779,1
2024-03-22 07:00:00,254,2.0,1.0,0.9321340443731044,1
2024-03-30 19:00:00,196,0.0,1.0,0.4396510386967977,1
2024-03-30 20:00:00,3,0.0,0.0,0.08867325227454281,1
2024-03-29 14:00:00,69,1.0,2.0,0.8608319004530012,1
2024-03-23 11:00:00,111,0.0,0.0,0.008517031562911568,1
2024-03-18 13:00:00,108,1.0,0.0,0.32210033803276167,1
2024-03-19 23:00:00,241,0.0,0.0,0.1153357205629162,1
2024-03-25 05:00:00,81,0.0,0.0,0.25059280852047433,1
2024-03-30 18:00:00,36,0.0,2.0,0.42121300252092914,1
2024-03-27 13:00:00,188,3.0,2.0,3.6787632932942214,1
2024-03-28 19:00:00,199,0.0,0.0,0.004178641049539605,1
2024-03-21 20:00:00,38,0.0,0.0,0.05907098816464885,1
2024-03-19 12:00:00,5,0.0,0.0,0.004081685178402291,1
2024-03-28 03:00:00,185,0.0,0.0,0.03604973379885484,1
2024-03-18 18:00:00,192,0.0,0.0,0.10986556386972403,1
2024-03-18 07:00:00,206,0.0,0.0,0.005263002682123633,1
2024-03-30 01:00:00,218,0.0,0.0,0.14173686349099002,1
2024-03-26 03:00:00,7,1.0,0.0,0.5035292600828521,1
2024-03-23 04:00:00,188,0.0,0.0,0.5102354264400892,1
2024-03-31 21:00:00,174,0.0,0.0,0.0808092448908401,1
2024-03-30 18:00:00,83,0.0,0.0,0.5504897863639213,1
2024-03-24 15:00:00,54,0.0,0.0,0.19344438225037766,1
2024-03-31 22:00:00,261,15.0,9.0,10.993462060389067,1
2024-03-21 12:00:00,41,13.0,19.0,16.8374900090594,1
2024-03-18 02:00:00,63,0.0,0.0,0.04234408856725767,1
2024-03-20 01:00:00,67,0.0,0.0,0.03232270230171161,1
2024-03-29 19:00:00,46,0.0,0.0,0.02542714889778447,1
2024-03-21 02:00:00,77,0.0,0.0,0.06671237664726233,1
2024-03-24 10:00:00,87,11.0,29.0,16.308607285020404,1
2024-03-28 22:00:00,153,0.0,0.0,0.06973744870003885,1
2024-03-20 10:00:00,212,0.0,0.0,0.5514458912145862,1
2024-03-30 23:00:00,159,0.0,0.0,0.5228991051846509,1
2024-03-23 15:00:00,24,11.0,19.0,19.280939756052415,1
2024-03-31 15:00:00,227,0.0,0.0,0.18954716894497373,1
2024-03-27 19:00:00,92,0.0,0.0,0.30409005658508687,1
2024-03-23 14:00:00,116,11.0,3.0,6.4500603316809775,1
2024-03-25 11:00:00,256,0.0,2.0,2.145728559074824,1
2024-03-30 23:00:00,10,1.0,4.0,2.350267170339205,1
2024-03-27 11:00:00,2,0.0,0.0,0.008055772595072879,1
2024-03-22 10:00:00,185,1.0,0.0,0.3611218046550351,1
2024-03-22 10:00:00,144,14.0,15.0,23.334921319512386,1
2024-03-22 03:00:00,93,0.0,0.0,0.14597804109931287,1
2024-03-29 09:00:00,257,0.0,1.0,0.32069945836750996,1
2024-03-26 08:00:00,233,82.0,81.0,80.31416540262333,1
2024-03-19 18:00:00,176,0.0,0.0,0.003994832365476737,1
2024-03-27 20:00:00,53,0.0,0.0,0.07500231909968567,1
2024-03-23 00:00:00,120,0.0,0.0,0.02400581973977344,1
2024-03-30 15:00:00,119,0.0,0.0,0.5270900777518013,1
2024-03-22 10:00:00,71,0.0,0.0,1.751737079029652,1
2024-03-18 17:00:00,94,0.0,0.0,0.13695990348499285,1
2024-03-24 15:00:00,37,1.0,1.0,1.1195629450029798,1
2024-03-28 14:00:00,95,1.0,2.0,1.4449870341543647,1
2024-03-20 16:00:00,154,0.0,0.0,0.09092885285444967,1
2024-03-31 19:00:00,193,3.0,0.0,0.9273615224474935,1
2024-03-25 07:00:00,201,0.0,0.0,0.25893084843642894,1
2024-03-29 14:00:00,8,0.0,0.0,0.016418788642505646,1
2024-03-27 20:00:00,101,0.0,0.0,0.06591596228079781,1
2024-03-25 08:00:00,233,85.0,59.0,75.37092078344747,1
2024-03-31 15:00:00,175,0.0,0.0,0.11743054427436027,1
2024-03-30 09:00:00,221,0.0,0.0,0.007443591521046667,1
2024-03-21 19:00:00,83,1.0,0.0,0.2284934222607593,1
2024-03-29 12:00:00,87,38.0,17.0,24.13276395366935,1
2024-03-31 07:00:00,241,0.0,1.0,0.38324048766255353,1
2024-03-31 16:00:00,37,0.0,0.0,1.5509311996226867,1
2024-03-31 22:00:00,19,1.0,0.0,0.10859216393918986,1
2024-03-22 19:00:00,89,1.0,0.0,1.4442715228143577,1
2024-03-24 14:00:00,154,0.0,0.0,0.08154543665197729,1
2024-03-28 04:00:00,137,6.0,7.0,6.482482051210912,1
2024-03-29 11:00:00,92,0.0,2.0,0.6059939726818433,1
2024-03-25 17:00:00,70,40.0,19.0,32.17758020249839,1
2024-03-24 13:00:00,39,1.0,0.0,1.0929002819163016,1
2024-03-22 10:00:00,163,147.0,147.0,161.10276729128438,1
2024-03-27 21:00:00,208,0.0,0.0,0.09668522571186151,1
2024-03-28 17:00:00,184,0.0,0.0,0.010365056322538702,1
2024-03-29 16:00:00,260,1.0,7.0,1.9870886686559006,1
2024-03-27 12:00:00,159,0.0,0.0,0.9856584621618225,1
2024-03-18 09:00:00,27,0.0,0.0,0.009981443040449425,1
2024-03-30 17:00:00,95,3.0,1.0,1.3709258656799235,1
2024-03-30 14:00:00,38,0.0,1.0,0.17020967816278443,1
2024-03-22 22:00:00,133,0.0,0.0,0.1253777958067415,1
2024-03-29 08:00:00,97,0.0,2.0,4.7134626360676295,1
2024-03-29 03:00:00,221,0.0,0.0,0.006321773405546319,1
2024-03-24 12:00:00,9,0.0,0.0,0.12490108295879304,1
2024-03-18 16:00:00,94,0.0,1.0,0.13466799953210978,1
2024-03-26 00:00:00,264,6.0,2.0,7.517382736215161,1
2024-03-23 12:00:00,118,0.0,0.0,0.007682494231991011,1
2024-03-27 23:00:00,174,0.0,0.0,0.10025836218902516,1
2024-03-23 00:00:00,177,0.0,1.0,0.17954127508258105,1
2024-03-18 09:00:00,239,160.0,193.0,147.97062880320095,1
2024-03-28 10:00:00,57,0.0,0.0,0.02017407991460722,1
2024-03-30 04:00:00,2,0.0,0.0,0.0039035598971935187,1
2024-03-20 14:00:00,132,261.0,328.0,231.355692538753,1
2024-03-18 05:00:00,215,0.0,0.0,1.2987664314407479,1
2024-03-28 03:00:00,42,1.0,0.0,0.8260588908369356,1
2024-03-23 10:00:00,199,0.0,0.0,0.004649813140758414,1
2024-03-30 04:00:00,256,14.0,6.0,4.68877176189819,1
2024-03-22 10:00:00,219,2.0,1.0,0.787339689679951,1
2024-03-21 23:00:00,66,1.0,1.0,2.11157203678184,1
2024-03-27 06:00:00,94,0.0,0.0,0.39357279196664025,1
2024-03-22 01:00:00,94,0.0,0.0,0.0424227917624976,1
2024-03-24 19:00:00,158,63.0,51.0,63.42456933176868,1
2024-03-18 21:00:00,45,8.0,6.0,6.260003081643704,1
2024-03-25 02:00:00,96,0.0,0.0,0.022795062448506133,1
2024-03-28 03:00:00,175,0.0,0.0,0.03551961002473492,1
2024-03-29 19:00:00,118,0.0,0.0,0.006548696765607438,1
2024-03-19 07:00:00,12,0.0,0.0,0.563266828637022,1
2024-03-23 03:00:00,248,0.0,0.0,0.10414592345834345,1
2024-03-31 01:00:00,141,46.0,61.0,46.85641991434977,1
2024-03-26 16:00:00,221,0.0,0.0,0.009161197871612299,1
2024-03-24 07:00:00,223,0.0,1.0,1.690408672028673,1
2024-03-26 17:00:00,247,0.0,2.0,0.911224425262938,1
2024-03-28 23:00:00,155,0.0,0.0,0.2537848110375942,1
2024-03-29 02:00:00,204,0.0,0.0,0.0036518657108418327,1
2024-03-22 02:00:00,113,33.0,10.0,10.103273889368504,1
2024-03-19 04:00:00,49,1.0,0.0,0.3305594013741401,1
2024-03-23 18:00:00,90,117.0,172.0,170.08558450127433,1
2024-03-22 04:00:00,33,1.0,1.0,0.48188107697509786,1
2024-03-27 12:00:00,31,0.0,0.0,0.020551437883662947,1
2024-03-23 06:00:00,232,2.0,4.0,2.7714069670096477,1
2024-03-28 15:00:00,167,0.0,1.0,0.4571215965035265,1
2024-03-25 01:00:00,207,0.0,0.0,0.02237037877154424,1
2024-03-19 04:00:00,98,0.0,0.0,0.06725434235226563,1
2024-03-21 20:00:00,144,76.0,106.0,89.51487148179586,1
2024-03-18 18:00:00,257,0.0,2.0,0.1123107471516866,1
2024-03-21 11:00:00,226,7.0,3.0,3.7071487965198653,1
2024-03-29 04:00:00,73,0.0,0.0,0.05145918830493143,1
2024-03-24 03:00:00,96,0.0,0.0,0.030407645818762322,1
2024-03-18 14:00:00,86,1.0,1.0,0.5642282911906643,1
2024-03-21 15:00:00,196,0.0,1.0,0.8677159238362803,1
2024-03-18 07:00:00,174,0.0,0.0,0.6610039377151089,1
2024-03-20 21:00:00,211,107.0,87.0,65.8184264452962,1
2024-03-27 01:00:00,235,0.0,0.0,0.11204753254530811,1
2024-03-24 00:00:00,254,0.0,0.0,0.21473629405426176,1
2024-03-24 01:00:00,93,3.0,0.0,0.4813606905910021,1
2024-03-23 02:00:00,261,7.0,5.0,7.070251438364961,1
2024-03-30 21:00:00,132,280.0,349.0,282.29309542002784,1
2024-03-28 22:00:00,105,0.0,0.0,0.0038912628465230196,1
2024-03-26 20:00:00,264,29.0,21.0,17.4285576517168,1
2024-03-31 03:00:00,213,0.0,1.0,0.11034279667298735,1
2024-03-28 08:00:00,248,1.0,0.0,0.7676655229252256,1
2024-03-29 03:00:00,192,0.0,0.0,0.03735401519334142,1
2024-03-26 02:00:00,129,1.0,0.0,0.4762668006502094,1
2024-03-23 05:00:00,142,9.0,14.0,7.230970109857157,1
2024-03-27 19:00:00,239,161.0,227.0,204.25480301919325,1
2024-03-24 11:00:00,257,0.0,0.0,0.17136555907346157,1
2024-03-20 11:00:00,34,0.0,0.0,0.23834345935793969,1
2024-03-27 18:00:00,87,89.0,65.0,75.79944905540134,1
2024-03-24 19:00:00,98,0.0,1.0,0.06439074856732224,1
2024-03-28 10:00:00,219,0.0,0.0,0.7387249938083886,1
2024-03-28 23:00:00,78,0.0,0.0,0.16708140547657369,1
2024-03-22 13:00:00,74,24.0,21.0,16.686693014418502,1
2024-03-18 07:00:00,222,1.0,1.0,1.0973374023257991,1
2024-03-30 13:00:00,29,0.0,0.0,0.38058620470446,1
2024-03-29 23:00:00,217,0.0,1.0,0.2973625807059941,1
2024-03-27 20:00:00,21,0.0,0.0,0.09467517496912245,1
2024-03-18 04:00:00,49,2.0,0.0,0.2971247071557893,1
2024-03-26 00:00:00,235,0.0,1.0,0.1307064165730779,1
2024-03-20 05:00:00,113,1.0,4.0,2.481371806086693,1
2024-03-22 01:00:00,215,0.0,0.0,0.42578105089030766,1
2024-03-25 20:00:00,174,2.0,0.0,0.09020518693886208,1
2024-03-31 04:00:00,248,0.0,0.0,0.19675380693968683,1
2024-03-24 13:00:00,210,0.0,1.0,0.43265250933552424,1
2024-03-29 06:00:00,47,2.0,0.0,0.6079235071128505,1
2024-03-19 07:00:00,168,4.0,1.0,1.699561193456181,1
2024-03-24 03:00:00,194,0.0,0.0,0.11023122954289638,1
2024-03-18 00:00:00,109,0.0,0.0,0.0038256969979895295,1
2024-03-28 04:00:00,119,0.0,1.0,0.1970759868200852,1
2024-03-24 23:00:00,56,0.0,0.0,0.38030388721268604,1
2024-03-26 02:00:00,238,1.0,2.0,1.419971954125023,1
2024-03-21 20:00:00,42,13.0,15.0,8.281917013921822,1
2024-03-19 14:00:00,260,5.0,2.0,1.7221892177441456,1
2024-03-24 18:00:00,134,0.0,0.0,0.9224874660721849,1
2024-03-19 05:00:00,25,0.0,1.0,0.6692919465680066,1
2024-03-31 22:00:00,41,10.0,5.0,14.183304140633142,1
2024-03-23 04:00:00,1,1.0,0.0,0.317755736544637,1
2024-03-21 21:00:00,50,57.0,73.0,44.406578608170726,1
2024-03-18 21:00:00,101,0.0,0.0,0.053362644782877514,1
2024-03-23 10:00:00,67,0.0,0.0,0.13239311488573013,1
2024-03-26 02:00:00,32,0.0,0.0,0.021448984263888717,1
2024-03-30 14:00:00,91,0.0,0.0,0.5768331626586113,1
2024-03-23 20:00:00,255,10.0,12.0,7.726039978844221,1
2024-03-28 08:00:00,264,11.0,24.0,20.172108885202466,1
2024-03-30 17:00:00,182,0.0,0.0,0.3825373648070785,1
2024-03-19 07:00:00,144,7.0,8.0,8.852235394237546,1
2024-03-29 13:00:00,53,0.0,0.0,0.12210059435056728,1
2024-03-29 05:00:00,262,25.0,22.0,18.27155193113499,1
2024-03-26 11:00:00,169,0.0,2.0,0.63673425696226,1
2024-03-27 20:00:00,163,333.0,360.0,256.52162244898614,1
2024-03-25 06:00:00,46,0.0,0.0,0.01873378104393138,1
2024-03-23 02:00:00,251,0.0,0.0,0.0061932781846954,1
2024-03-18 09:00:00,60,1.0,0.0,0.36831499623032904,1
2024-03-31 21:00:00,94,0.0,0.0,0.05590547027819603,1
2024-03-24 20:00:00,125,29.0,27.0,27.109848567129482,1
2024-03-27 21:00:00,192,0.0,0.0,0.06169573758828511,1
2024-03-25 22:00:00,192,0.0,0.0,0.07814670176834912,1
2024-03-25 07:00:00,256,2.0,0.0,1.1777878997601599,1
2024-03-27 22:00:00,205,0.0,0.0,0.20418413809069377,1
2024-03-26 23:00:00,204,0.0,0.0,0.003638926646963057,1
2024-03-31 10:00:00,264,15.0,14.0,13.602442062323124,1
2024-03-28 10:00:00,120,0.0,0.0,0.10298064020586073,1
2024-03-20 08:00:00,188,3.0,5.0,4.356803825764992,1
2024-03-29 07:00:00,99,0.0,0.0,0.0040510228332098774,1
2024-03-24 09:00:00,56,0.0,0.0,0.6402542132220432,1
2024-03-28 07:00:00,195,1.0,0.0,1.8728699387520802,1
2024-03-27 10:00:00,48,119.0,115.0,118.80922331744999,1
2024-03-21 14:00:00,23,0.0,0.0,0.009870774084970156,1
2024-03-28 09:00:00,156,0.0,0.0,0.0040237658353216715,1
2024-03-30 08:00:00,11,0.0,0.0,0.11643386017064987,1
2024-03-27 21:00:00,39,0.0,0.0,0.45434467064381684,1
2024-03-19 09:00:00,175,0.0,0.0,0.14880873730754557,1
2024-03-19 10:00:00,204,0.0,0.0,0.00414175707786807,1
2024-03-27 07:00:00,140,95.0,100.0,129.9862784023269,1
2024-03-29 17:00:00,55,0.0,0.0,0.37689848848749297,1
2024-03-18 23:00:00,214,0.0,0.0,0.011107929243608627,1
2024-03-23 18:00:00,59,0.0,0.0,0.008659761548131039,1
2024-03-20 12:00:00,92,0.0,3.0,0.6436475757288115,1
2024-03-30 19:00:00,167,0.0,0.0,0.27121133917212,1
2024-03-21 03:00:00,117,0.0,0.0,0.06968460660559113,1
2024-03-28 12:00:00,155,0.0,3.0,0.9427160841900768,1
2024-03-26 20:00:00,58,0.0,0.0,0.014883949759484262,1
2024-03-28 05:00:00,4,4.0,5.0,1.1711782365260954,1
2024-03-28 11:00:00,164,162.0,164.0,113.83098638491778,1
2024-03-30 07:00:00,264,6.0,4.0,5.5841649183812585,1
2024-03-23 01:00:00,238,10.0,10.0,11.969227770554737,1
2024-03-19 15:00:00,21,1.0,0.0,0.3276945745794702,1
2024-03-28 12:00:00,51,2.0,2.0,0.9908164454229207,1
2024-03-29 02:00:00,189,0.0,0.0,0.1993930863695335,1
2024-03-23 14:00:00,221,0.0,0.0,0.007035976434735583,1
2024-03-26 19:00:00,18,0.0,0.0,0.14616673586180876,1
2024-03-20 22:00:00,165,0.0,0.0,0.24590040171089936,1
2024-03-20 09:00:00,167,0.0,0.0,0.9243352133286027,1
2024-03-23 09:00:00,142,111.0,108.0,139.381903335749,1
2024-03-31 21:00:00,8,0.0,1.0,0.009303168079917242,1
2024-03-22 12:00:00,100,95.0,84.0,80.0376039691064,1
2024-03-24 06:00:00,169,0.0,4.0,0.36339718683551026,1
2024-03-31 17:00:00,234,118.0,160.0,155.81272883122787,1
2024-03-29 03:00:00,152,0.0,0.0,0.21252046954815665,1
2024-03-27 14:00:00,6,0.0,0.0,0.10531274224899574,1
2024-03-29 14:00:00,20,0.0,0.0,0.2383256145037206,1
2024-03-29 03:00:00,236,1.0,3.0,2.464450275953464,1
2024-03-19 04:00:00,27,0.0,0.0,0.008195833011110964,1
2024-03-26 13:00:00,225,0.0,2.0,2.1216318405709482,1
2024-03-24 16:00:00,154,0.0,0.0,0.08100463105750136,1
2024-03-27 20:00:00,251,0.0,0.0,0.005988454094218732,1
2024-03-18 21:00:00,227,0.0,0.0,0.0756402770379263,1
2024-03-22 11:00:00,53,0.0,0.0,0.10950169553180947,1
2024-03-25 03:00:00,247,0.0,0.0,0.1138002875927992,1
2024-03-26 07:00:00,34,0.0,0.0,0.1685392978891025,1
2024-03-20 20:00:00,63,1.0,0.0,0.20931700729847394,1
2024-03-23 20:00:00,222,1.0,0.0,0.16493848516300538,1
2024-03-31 12:00:00,209,7.0,11.0,12.074855074404105,1
2024-03-30 07:00:00,17,1.0,1.0,1.4655157487992756,1
2024-03-24 01:00:00,158,211.0,184.0,172.66204995030418,1
2024-03-21 02:00:00,101,0.0,0.0,0.04230454889344692,1
2024-03-30 06:00:00,55,0.0,2.0,0.3896235924010157,1
2024-03-20 16:00:00,121,3.0,1.0,0.703924067417313,1
2024-03-20 13:00:00,21,0.0,0.0,0.47192887442565074,1
2024-03-20 00:00:00,164,54.0,53.0,56.209354121758935,1
2024-03-29 22:00:00,243,1.0,1.0,2.3378216940002856,1
2024-03-23 08:00:00,23,0.0,0.0,0.011340254500516615,1
2024-03-19 23:00:00,13,7.0,2.0,13.761220079877925,1
2024-03-22 07:00:00,53,0.0,1.0,0.120232159420982,1
2024-03-20 09:00:00,169,0.0,1.0,0.8794892013394172,1
2024-03-18 17:00:00,231,111.0,102.0,87.07337133634948,1
2024-03-20 22:00:00,203,1.0,0.0,0.11266023559678272,1
2024-03-26 06:00:00,117,2.0,2.0,1.2368835587573326,1
2024-03-19 11:00:00,262,110.0,104.0,106.06633443351204,1
2024-03-29 22:00:00,195,0.0,0.0,0.21846428997293585,1
2024-03-24 10:00:00,194,0.0,0.0,0.20917133638805538,1
2024-03-23 15:00:00,146,2.0,8.0,3.4506745937401444,1
2024-03-24 06:00:00,178,0.0,0.0,0.10531595050659559,1
2024-03-21 19:00:00,232,9.0,13.0,10.01490974629499,1
2024-03-20 10:00:00,115,0.0,0.0,0.00620931729846879,1
2024-03-25 10:00:00,63,0.0,2.0,0.5548632794894937,1
2024-03-25 12:00:00,120,0.0,0.0,0.07342269287922341,1
2024-03-26 05:00:00,214,0.0,0.0,0.011716305157692222,1
2024-03-28 00:00:00,98,0.0,1.0,0.050951080768594684,1
2024-03-28 15:00:00,11,0.0,0.0,0.15377457154175797,1
2024-03-27 12:00:00,250,0.0,0.0,0.5629508675713825,1
2024-03-30 10:00:00,196,1.0,1.0,0.5875226944131178,1
2024-03-31 21:00:00,225,3.0,0.0,0.9075007024322755,1
2024-03-23 10:00:00,2,0.0,0.0,0.008210918863808137,1
2024-03-19 00:00:00,47,0.0,0.0,0.09248987957038651,1
2024-03-22 03:00:00,223,0.0,0.0,0.2702332270731342,1
2024-03-23 00:00:00,168,0.0,0.0,0.9853317635295818,1
2024-03-24 10:00:00,165,0.0,0.0,0.5014901714844962,1
2024-03-18 04:00:00,236,4.0,4.0,3.521514569638836,1
2024-03-22 08:00:00,141,162.0,170.0,169.4855703210635,1
2024-03-19 17:00:00,15,0.0,0.0,0.07347625020147334,1
2024-03-26 21:00:00,196,0.0,0.0,0.32087832591200627,1
2024-03-27 15:00:00,206,0.0,0.0,0.008897673270481089,1
2024-03-21 10:00:00,177,2.0,2.0,1.4783944382220136,1
2024-03-26 16:00:00,66,3.0,2.0,2.7844141874728607,1
2024-03-23 05:00:00,54,0.0,0.0,0.0972580907526874,1
2024-03-29 04:00:00,51,3.0,2.0,0.9252114101915105,1
2024-03-21 18:00:00,166,59.0,44.0,58.59263454562177,1
2024-03-25 16:00:00,260,2.0,0.0,1.8400016408422402,1
2024-03-29 22:00:00,202,0.0,1.0,0.18981417110737975,1
2024-03-29 03:00:00,137,9.0,5.0,8.992221140365125,1
2024-03-22 10:00:00,24,23.0,14.0,17.192071766886798,1
2024-03-22 21:00:00,195,0.0,0.0,0.4853556557690532,1
2024-03-28 16:00:00,195,0.0,0.0,0.648896968243177,1
2024-03-20 05:00:00,264,4.0,0.0,4.1435169356825154,1
2024-03-27 17:00:00,261,63.0,47.0,57.09279561913628,1
2024-03-29 03:00:00,1,0.0,0.0,0.06322993762982285,1
2024-03-30 20:00:00,257,0.0,0.0,0.11063793083135383,1
2024-03-29 07:00:00,71,1.0,4.0,1.8258310977659153,1
2024-03-30 07:00:00,56,1.0,0.0,0.46973663416595157,1
2024-03-22 20:00:00,44,0.0,0.0,0.004339873467904185,1
2024-03-27 10:00:00,117,0.0,1.0,0.6615356104271707,1
2024-03-23 01:00:00,160,0.0,0.0,0.1978501597929881,1
2024-03-21 06:00:00,222,2.0,2.0,0.9289190470962655,1
2024-03-26 19:00:00,259,1.0,0.0,0.07996156865100783,1
2024-03-22 02:00:00,252,0.0,0.0,0.036600240266876076,1
2024-03-22 04:00:00,160,0.0,0.0,0.14048972384621694,1
2024-03-30 02:00:00,107,52.0,72.0,125.58790454475819,1
2024-03-25 01:00:00,124,0.0,0.0,0.091854662490227,1
2024-03-19 12:00:00,243,2.0,2.0,2.02012482227423,1
2024-03-30 14:00:00,150,0.0,0.0,0.1223503324387559,1
2024-03-24 06:00:00,252,0.0,0.0,0.12286602866177204,1
2024-03-21 08:00:00,245,0.0,0.0,0.00709565367294444,1
2024-03-29 13:00:00,255,3.0,1.0,1.9952439710778993,1
2024-03-30 01:00:00,205,0.0,0.0,0.12921211783404815,1
2024-03-21 04:00:00,196,0.0,0.0,0.1706486585766531,1
2024-03-21 08:00:00,99,0.0,0.0,0.004082884787997481,1
2024-03-24 06:00:00,6,0.0,0.0,0.08467562874286141,1
2024-03-19 07:00:00,234,42.0,36.0,45.21588712382923,1
2024-03-26 17:00:00,231,144.0,115.0,113.43438895624729,1
2024-03-27 04:00:00,6,0.0,0.0,0.05546683307633914,1
2024-03-22 09:00:00,244,3.0,2.0,11.593608687635422,1
2024-03-22 03:00:00,109,0.0,0.0,0.003859502513712824,1
2024-03-28 03:00:00,158,8.0,6.0,4.474720965859973,1
2024-03-24 06:00:00,189,1.0,0.0,0.4031587677236447,1
2024-03-29 22:00:00,41,28.0,11.0,22.69525049938285,1
2024-03-31 02:00:00,57,0.0,0.0,0.030054723686202482,1
2024-03-26 17:00:00,64,0.0,0.0,0.09567860784020579,1
2024-03-22 14:00:00,4,3.0,6.0,6.527510432601557,1
2024-03-26 21:00:00,177,0.0,0.0,0.21519377701323367,1
2024-03-28 10:00:00,163,162.0,150.0,146.84231009604113,1
2024-03-25 18:00:00,161,493.0,500.0,524.8550479473892,1
2024-03-31 18:00:00,166,33.0,30.0,29.59787656830771,1
2024-03-20 00:00:00,93,1.0,0.0,0.6649932098649799,1
2024-03-21 17:00:00,160,0.0,0.0,0.21711192618218192,1
2024-03-24 06:00:00,160,0.0,0.0,0.20996000463804362,1
2024-03-30 09:00:00,242,0.0,0.0,0.49060822739256915,1
2024-03-28 03:00:00,100,2.0,4.0,8.629956404174,1
2024-03-26 19:00:00,258,0.0,0.0,0.16450491175572318,1
2024-03-18 22:00:00,225,0.0,3.0,0.6337965471137943,1
2024-03-19 01:00:00,123,0.0,0.0,0.10362062884900335,1
2024-03-28 20:00:00,105,0.0,0.0,0.003760810903322329,1
2024-03-29 02:00:00,210,0.0,0.0,0.04533851043741638,1
2024-03-26 15:00:00,36,0.0,1.0,0.3535600198629547,1
2024-03-25 21:00:00,78,0.0,0.0,0.10553443167547209,1
2024-03-25 14:00:00,67,0.0,0.0,0.16580785496957667,1
2024-03-21 23:00:00,65,2.0,3.0,3.168668874378682,1
2024-03-20 01:00:00,184,0.0,0.0,0.008588860802296929,1
2024-03-31 00:00:00,39,2.0,0.0,0.3777224158790169,1
2024-03-21 05:00:00,37,0.0,4.0,0.9478735810223833,1
2024-03-28 02:00:00,188,0.0,0.0,0.259808600216844,1
2024-03-25 10:00:00,118,0.0,0.0,0.007539788537359478,1
2024-03-23 22:00:00,133,0.0,0.0,0.18161317347891978,1
2024-03-20 01:00:00,193,0.0,0.0,0.22769388351365855,1
2024-03-21 01:00:00,239,6.0,11.0,10.047132749572802,1
2024-03-21 03:00:00,232,0.0,2.0,0.5552084534203076,1
2024-03-22 04:00:00,19,0.0,0.0,0.11999024652262377,1
2024-03-29 05:00:00,61,6.0,4.0,3.4453935762359107,1
2024-03-31 12:00:00,198,1.0,0.0,0.7645214791385938,1
2024-03-25 13:00:00,177,1.0,2.0,1.3941391613638527,1
2024-03-23 12:00:00,58,0.0,0.0,0.014895965936456894,1
2024-03-24 21:00:00,235,1.0,0.0,0.2005769712554742,1
2024-03-20 22:00:00,4,16.0,7.0,12.913044011594987,1
2024-03-27 03:00:00,87,0.0,1.0,0.524667087444024,1
2024-03-27 17:00:00,118,0.0,0.0,0.007446268546864364,1
2024-03-23 19:00:00,202,2.0,1.0,0.31474418445458535,1
2024-03-26 00:00:00,242,0.0,0.0,0.07459741266054841,1
2024-03-25 08:00:00,183,0.0,1.0,0.16561043989346014,1
2024-03-31 03:00:00,228,1.0,1.0,0.9571528651744298,1
2024-03-25 16:00:00,116,1.0,1.0,6.664664572111655,1
2024-03-26 11:00:00,175,0.0,0.0,0.13485212005833278,1
2024-03-22 04:00:00,52,0.0,0.0,0.24486923213000145,1
2024-03-22 17:00:00,254,1.0,0.0,0.4595030850299494,1
2024-03-19 02:00:00,240,0.0,0.0,0.01200520861054111,1
2024-03-30 12:00:00,230,163.0,247.0,266.346932796335,1
2024-03-22 04:00:00,114,7.0,6.0,6.088252899055099,1
2024-03-24 23:00:00,24,2.0,2.0,6.842589399159165,1
2024-03-18 14:00:00,56,0.0,0.0,0.44989370863241973,1
2024-03-31 23:00:00,190,0.0,0.0,0.10621055553945923,1
2024-03-27 19:00:00,61,4.0,1.0,2.0272848115986157,1
2024-03-23 16:00:00,244,5.0,0.0,5.661299124638818,1
2024-03-27 23:00:00,26,0.0,0.0,0.15724804068804496,1
2024-03-27 11:00:00,236,331.0,340.0,346.5548914171569,1
2024-03-21 13:00:00,199,0.0,0.0,0.004432837635766673,1
2024-03-24 15:00:00,225,1.0,2.0,2.1321615563350758,1
2024-03-21 11:00:00,75,44.0,50.0,55.43203780611135,1
2024-03-30 12:00:00,165,0.0,0.0,0.6481368868894936,1
2024-03-23 18:00:00,128,0.0,0.0,0.06606635552554736,1
2024-03-22 14:00:00,244,6.0,1.0,9.261310261138961,1
2024-03-21 05:00:00,96,0.0,0.0,0.05511721798332153,1
2024-03-28 14:00:00,39,0.0,3.0,2.4312129881061306,1
2024-03-19 17:00:00,26,1.0,0.0,0.6385816172491452,1
2024-03-28 01:00:00,239,10.0,6.0,7.854103831766577,1
2024-03-25 20:00:00,26,1.0,0.0,0.2217576961806961,1
2024-03-30 06:00:00,5,0.0,0.0,0.0033839634380693293,1
2024-03-29 11:00:00,84,0.0,0.0,0.003967307522667491,1
2024-03-22 07:00:00,123,0.0,1.0,0.4743417988557163,1
2024-03-18 20:00:00,136,0.0,0.0,0.07235535742636033,1
2024-03-31 01:00:00,12,0.0,0.0,0.19691141112578225,1
2024-03-24 04:00:00,173,1.0,2.0,0.10231766889329341,1
2024-03-19 03:00:00,119,0.0,0.0,0.04912351748282578,1
2024-03-20 01:00:00,206,0.0,0.0,0.004294548569792682,1
2024-03-19 04:00:00,177,0.0,0.0,0.34057835617736687,1
2024-03-23 12:00:00,181,2.0,1.0,1.7741309246286834,1
2024-03-31 12:00:00,159,3.0,2.0,0.9648832594445963,1
2024-03-31 12:00:00,163,159.0,156.0,164.48215409070093,1
2024-03-23 04:00:00,79,137.0,140.0,102.7164651382773,1
2024-03-20 05:00:00,24,2.0,1.0,1.542812963883707,1
2024-03-22 12:00:00,40,0.0,0.0,0.821861120504812,1
2024-03-31 02:00:00,36,1.0,7.0,1.723222216117959,1
2024-03-26 16:00:00,159,1.0,0.0,0.688431372959279,1
2024-03-19 16:00:00,13,58.0,55.0,41.07685759434013,1
2024-03-27 19:00:00,185,0.0,0.0,0.09223679880034662,1
2024-03-18 13:00:00,212,1.0,0.0,0.4255988662336323,1
2024-03-18 08:00:00,129,1.0,2.0,2.3055834729732507,1
2024-03-26 06:00:00,187,0.0,0.0,0.007755738942259145,1
2024-03-23 06:00:00,145,2.0,3.0,4.025339283186098,1
2024-03-19 02:00:00,42,0.0,1.0,0.44164054614245474,1
2024-03-26 11:00:00,49,3.0,1.0,1.1527530270917254,1
2024-03-20 07:00:00,246,28.0,25.0,22.839634281897744,1
2024-03-18 21:00:00,223,1.0,1.0,1.216669418250494,1
2024-03-18 14:00:00,105,0.0,0.0,0.004082100497689016,1
2024-03-31 17:00:00,116,4.0,2.0,6.504172013278917,1
2024-03-19 11:00:00,188,0.0,3.0,2.5100516969992275,1
2024-03-29 03:00:00,22,0.0,0.0,0.05755866438165633,1
2024-03-20 00:00:00,186,63.0,56.0,77.39362879706043,1
2024-03-21 22:00:00,59,0.0,0.0,0.00664791130971162,1
2024-03-26 19:00:00,21,0.0,1.0,0.12610861941205884,1
2024-03-27 14:00:00,172,0.0,0.0,0.007229592290159777,1
2024-03-21 13:00:00,191,1.0,1.0,1.0330001462500673,1
2024-03-31 11:00:00,244,6.0,5.0,4.553345591939497,1
2024-03-25 18:00:00,243,1.0,1.0,1.6092826599572274,1
2024-03-28 08:00:00,3,2.0,0.0,0.5691146545428024,1
2024-03-23 11:00:00,185,0.0,0.0,0.23999629137331238,1
2024-03-19 08:00:00,57,0.0,0.0,0.012457130171644371,1
2024-03-31 13:00:00,159,3.0,0.0,1.1293695920680742,1
2024-03-19 21:00:00,92,0.0,0.0,0.23297839756243183,1
2024-03-20 22:00:00,87,42.0,69.0,50.76410526027332,1
2024-03-25 17:00:00,198,0.0,0.0,0.3619483213443005,1
2024-03-22 10:00:00,249,71.0,76.0,68.73784079627708,1
2024-03-18 19:00:00,254,1.0,1.0,0.2716266417745988,1
2024-03-25 11:00:00,57,0.0,0.0,0.01578716430937484,1
2024-03-19 01:00:00,191,0.0,0.0,0.07349646626387313,1
2024-03-25 19:00:00,203,1.0,0.0,0.12720259375246346,1
2024-03-25 03:00:00,161,2.0,12.0,4.113948402370021,1
2024-03-27 12:00:00,88,20.0,9.0,15.216027994084987,1
2024-03-29 11:00:00,29,2.0,0.0,0.6534931682541999,1
2024-03-30 00:00:00,161,71.0,97.0,90.0670776167471,1
2024-03-26 00:00:00,120,0.0,0.0,0.045686749699520565,1
2024-03-30 05:00:00,58,0.0,0.0,0.01130157124288296,1
2024-03-29 04:00:00,150,0.0,0.0,0.07879213430406845,1
2024-03-25 23:00:00,248,0.0,0.0,0.15928925909735872,1
2024-03-31 05:00:00,4,3.0,2.0,4.931076647588956,1
2024-03-22 18:00:00,102,0.0,0.0,0.20813426393018766,1
2024-03-22 21:00:00,25,5.0,4.0,4.863302192496011,1
2024-03-28 02:00:00,62,0.0,0.0,0.0948881833706539,1
2024-03-26 04:00:00,36,1.0,0.0,0.4412781100551738,1
2024-03-19 19:00:00,26,2.0,0.0,0.2708922912360608,1
2024-03-28 03:00:00,92,0.0,0.0,0.08381188400542651,1
2024-03-29 10:00:00,53,0.0,0.0,0.12054868679645102,1
2024-03-27 17:00:00,197,0.0,2.0,1.0716151664504008,1
2024-03-24 02:00:00,35,0.0,0.0,0.11138730884821554,1
2024-03-20 16:00:00,214,0.0,0.0,0.0111943388248954,1
2024-03-31 13:00:00,35,1.0,2.0,1.2300837939064744,1
2024-03-29 16:00:00,96,0.0,0.0,0.020507364854188175,1
2024-03-30 13:00:00,30,0.0,0.0,0.006591654038321426,1
2024-03-29 16:00:00,25,2.0,5.0,4.304198647759408,1
2024-03-29 16:00:00,249,116.0,103.0,105.26045812308992,1
2024-03-30 03:00:00,92,0.0,1.0,0.2270887238334687,1
2024-03-24 20:00:00,207,0.0,1.0,0.06933174962361578,1
2024-03-23 10:00:00,164,102.0,94.0,92.54563406129702,1
2024-03-23 23:00:00,123,0.0,0.0,0.12713208606206117,1
2024-03-18 23:00:00,198,0.0,0.0,0.21071738282125396,1
2024-03-18 22:00:00,173,0.0,0.0,0.06265081578761957,1
2024-03-22 08:00:00,187,0.0,0.0,0.008336035881507973,1
2024-03-27 21:00:00,61,1.0,2.0,1.1459069619330404,1
2024-03-19 21:00:00,187,0.0,0.0,0.007854774165721176,1
2024-03-20 09:00:00,223,1.0,2.0,1.3613527941255836,1
2024-03-24 23:00:00,246,38.0,28.0,45.10920581799669,1
2024-03-20 05:00:00,129,0.0,0.0,1.3171296379358082,1
2024-03-29 22:00:00,10,1.0,1.0,1.87687822394608,1
2024-03-31 13:00:00,62,1.0,1.0,1.2096682834810488,1
2024-03-21 05:00:00,213,0.0,2.0,1.321908700764644,1
2024-03-31 11:00:00,1,2.0,0.0,0.6580325715922801,1
2024-03-29 03:00:00,101,0.0,0.0,0.04490372856849918,1
2024-03-21 10:00:00,30,0.0,0.0,0.01208205211761567,1
2024-03-20 11:00:00,83,0.0,0.0,0.33371146032050186,1
2024-03-25 09:00:00,216,0.0,0.0,2.085095724172928,1
2024-03-26 02:00:00,141,3.0,8.0,5.425676868475366,1
2024-03-22 07:00:00,163,45.0,51.0,59.5590333513545,1
2024-03-27 13:00:00,155,1.0,0.0,0.8256670327059173,1
2024-03-25 11:00:00,86,0.0,1.0,0.6811376803323019,1
2024-03-31 10:00:00,163,124.0,130.0,112.65728327234251,1
2024-03-18 21:00:00,122,0.0,0.0,0.0630059917013214,1
2024-03-25 10:00:00,33,3.0,2.0,3.1437524056238106,1
2024-03-28 14:00:00,40,1.0,0.0,0.6541394193772717,1
2024-03-28 19:00:00,72,2.0,0.0,0.7098850190495574,1
2024-03-19 00:00:00,38,0.0,0.0,0.05235474690117112,1
2024-03-28 22:00:00,206,0.0,0.0,0.005313624949378142,1
2024-03-24 23:00:00,28,1.0,1.0,0.969891873799828,1
2024-03-27 03:00:00,34,0.0,0.0,0.04561608494928059,1
2024-03-30 18:00:00,63,0.0,0.0,0.19215979597334568,1
2024-03-24 04:00:00,262,4.0,11.0,5.401363376164987,1
2024-03-20 10:00:00,71,2.0,3.0,1.8007575934909523,1
2024-03-21 19:00:00,21,0.0,0.0,0.11801465355739268,1
2024-03-31 04:00:00,119,2.0,0.0,0.22410034492600073,1
2024-03-19 00:00:00,236,8.0,9.0,10.815624509224909,1
2024-03-20 06:00:00,188,5.0,5.0,3.6398737377697756,1
2024-03-31 02:00:00,78,1.0,0.0,0.05064070948865965,1
2024-03-26 20:00:00,29,0.0,0.0,0.11077057188903024,1
2024-03-28 04:00:00,111,0.0,0.0,0.0059414520623854855,1
2024-03-26 17:00:00,229,138.0,120.0,134.72091801545983,1
2024-03-27 03:00:00,219,0.0,0.0,0.1299638124642426,1
2024-03-24 20:00:00,128,2.0,0.0,0.04614857547739156,1
2024-03-28 06:00:00,151,32.0,33.0,26.283087638537044,1
2024-03-26 02:00:00,131,0.0,0.0,0.0557346893837869,1
2024-03-20 20:00:00,62,1.0,0.0,0.2992897056203577,1
2024-03-22 04:00:00,219,0.0,0.0,0.4860580340338578,1
2024-03-28 06:00:00,52,2.0,1.0,0.8043956968739793,1
2024-03-22 21:00:00,49,1.0,0.0,1.050457127407681,1
2024-03-27 05:00:00,64,0.0,0.0,0.10372261080842397,1
2024-03-19 23:00:00,172,0.0,0.0,0.008203414739384466,1
2024-03-19 17:00:00,258,0.0,0.0,0.16747347834794532,1
2024-03-23 12:00:00,223,2.0,3.0,1.8061708056964312,1
2024-03-26 09:00:00,254,1.0,3.0,1.413188364282285,1
2024-03-26 02:00:00,73,0.0,0.0,0.017528759734036618,1
2024-03-19 17:00:00,93,0.0,0.0,0.8765207816471462,1
2024-03-24 19:00:00,75,45.0,43.0,26.78063724351757,1
2024-03-31 19:00:00,30,0.0,0.0,0.006064820654613965,1
2024-03-23 22:00:00,46,0.0,0.0,0.025635972278229287,1
2024-03-27 10:00:00,198,1.0,0.0,0.5534439627576638,1
2024-03-31 10:00:00,181,0.0,0.0,2.0122658961428392,1
2024-03-23 11:00:00,138,120.0,131.0,129.39595950072385,1
2024-03-29 05:00:00,253,0.0,0.0,0.025419124596210683,1
2024-03-28 04:00:00,229,6.0,10.0,6.441190080905059,1
2024-03-18 18:00:00,248,0.0,0.0,0.19826802215009934,1
2024-03-19 07:00:00,203,0.0,0.0,0.5429198889886128,1
2024-03-30 11:00:00,45,5.0,4.0,5.7451154499419355,1
2024-03-28 05:00:00,147,0.0,0.0,0.2266023731145883,1
2024-03-30 09:00:00,203,0.0,0.0,0.26655567996699325,1
2024-03-19 13:00:00,181,0.0,0.0,2.260417486091034,1
2024-03-29 06:00:00,220,0.0,1.0,0.29129123460782386,1
2024-03-26 15:00:00,21,1.0,1.0,0.3444972168851924,1
2024-03-19 06:00:00,220,0.0,0.0,0.24227374766012316,1
2024-03-31 22:00:00,15,0.0,0.0,0.06386237933161402,1
2024-03-31 16:00:00,204,0.0,0.0,0.003999039762607497,1
2024-03-31 19:00:00,171,0.0,0.0,0.0904411569746143,1
2024-03-22 21:00:00,105,0.0,0.0,0.0037660115143785156,1
2024-03-28 05:00:00,123,0.0,0.0,0.3214178494903062,1
2024-03-29 18:00:00,158,75.0,77.0,100.27188353731627,1
2024-03-29 06:00:00,38,2.0,2.0,0.6733979796496578,1
2024-03-29 19:00:00,141,244.0,292.0,200.36425572789358,1
2024-03-24 02:00:00,4,59.0,72.0,71.35184605171578,1
2024-03-21 14:00:00,25,4.0,1.0,3.773550536237083,1
2024-03-23 21:00:00,138,204.0,102.0,144.73026719767665,1
2024-03-29 15:00:00,209,13.0,21.0,14.592230371262819,1
2024-03-27 17:00:00,54,0.0,1.0,0.2056515261745343,1
2024-03-27 08:00:00,199,0.0,0.0,0.004544536531194734,1
2024-03-22 23:00:00,181,18.0,1.0,7.198816348661232,1
2024-03-29 06:00:00,60,0.0,2.0,0.5609416313232664,1
2024-03-24 05:00:00,57,0.0,0.0,0.010187352277969313,1
2024-03-28 13:00:00,216,3.0,3.0,1.9701281406904232,1
2024-03-22 17:00:00,193,12.0,6.0,6.217880335391221,1
2024-03-22 15:00:00,202,1.0,0.0,0.674293282435556,1
2024-03-19 18:00:00,77,2.0,0.0,0.20497246312581574,1
2024-03-21 02:00:00,244,0.0,0.0,0.4565720703040865,1
2024-03-22 20:00:00,200,1.0,0.0,0.07469340823529165,1
2024-03-27 04:00:00,189,0.0,1.0,0.2814581062317273,1
2024-03-31 03:00:00,257,1.0,0.0,0.07256561280865609,1
2024-03-20 12:00:00,254,1.0,1.0,0.9468577415771308,1
2024-03-23 01:00:00,6,0.0,0.0,0.01922091186988113,1
2024-03-25 05:00:00,13,1.0,5.0,1.6381869794516704,1
2024-03-18 06:00:00,171,0.0,0.0,0.24383659571125332,1
2024-03-30 07:00:00,1,0.0,0.0,0.3218680354253011,1
2024-03-20 03:00:00,25,0.0,0.0,0.1923896562300044,1
2024-03-20 09:00:00,105,0.0,0.0,0.004031228205534236,1
2024-03-21 22:00:00,70,35.0,38.0,26.627729615376058,1
2024-03-30 21:00:00,183,0.0,0.0,0.04588957819519848,1
2024-03-27 00:00:00,119,0.0,0.0,0.11759292624289616,1
2024-03-21 21:00:00,152,7.0,5.0,3.382564781038924,1
2024-03-29 08:00:00,257,0.0,0.0,0.3430049166098101,1
2024-03-19 21:00:00,231,130.0,153.0,111.03711345358903,1
2024-03-25 00:00:00,127,0.0,0.0,0.3688331965082499,1
2024-03-30 07:00:00,210,0.0,0.0,0.2926070686744357,1
2024-03-26 17:00:00,10,1.0,2.0,2.5073091747090435,1
2024-03-21 07:00:00,253,0.0,0.0,0.14278207697573614,1
2024-03-19 17:00:00,241,0.0,0.0,0.23502732987196914,1
2024-03-21 01:00:00,87,3.0,3.0,2.9928962089817075,1
2024-03-23 08:00:00,204,0.0,0.0,0.003898393835875985,1
2024-03-30 22:00:00,111,0.0,0.0,0.007084718704514921,1
2024-03-31 23:00:00,40,0.0,1.0,1.3614318428652794,1
2024-03-21 18:00:00,218,0.0,0.0,0.4024845749407163,1
2024-03-26 09:00:00,49,3.0,3.0,1.8011639576547633,1
2024-03-21 21:00:00,147,0.0,0.0,0.09514920354343409,1
2024-03-23 19:00:00,232,8.0,24.0,25.753750779183104,1
2024-03-22 02:00:00,138,1.0,1.0,2.6536807110147556,1
2024-03-18 01:00:00,251,0.0,0.0,0.005379507853847824,1
2024-03-25 09:00:00,116,3.0,7.0,9.89817184601706,1
2024-03-20 13:00:00,171,0.0,1.0,0.20685470504089065,1
2024-03-25 02:00:00,205,0.0,1.0,0.08851000423314834,1
2024-03-27 19:00:00,138,219.0,237.0,224.18739452327432,1
2024-03-31 23:00:00,152,1.0,2.0,3.858557718141036,1
2024-03-23 11:00:00,242,0.0,1.0,0.32008628311191545,1
2024-03-20 22:00:00,69,0.0,0.0,0.2759811928674246,1
2024-03-18 00:00:00,16,0.0,0.0,0.05557754608541672,1
2024-03-18 19:00:00,164,150.0,115.0,140.13372413578432,1
2024-03-18 18:00:00,27,0.0,0.0,0.009553401282632318,1
2024-03-21 16:00:00,22,0.0,0.0,0.5751277295130436,1
2024-03-18 22:00:00,125,25.0,16.0,25.276274816397766,1
2024-03-25 23:00:00,113,26.0,23.0,34.213572894685484,1
2024-03-23 03:00:00,240,0.0,0.0,0.017962190597107724,1
2024-03-25 14:00:00,78,0.0,1.0,0.5405708365911235,1
2024-03-20 16:00:00,106,0.0,0.0,0.4428519969455896,1
2024-03-26 10:00:00,74,10.0,15.0,15.444578911670718,1
2024-03-28 06:00:00,164,23.0,29.0,22.330241529054167,1
2024-03-24 17:00:00,47,0.0,0.0,0.40400048956775575,1
2024-03-21 07:00:00,113,43.0,49.0,54.17497478468136,1
2024-03-26 09:00:00,182,1.0,2.0,1.3461006634215589,1
2024-03-25 07:00:00,159,3.0,2.0,0.846444080320669,1
2024-03-21 15:00:00,99,0.0,0.0,0.003977391656711433,1
2024-03-30 13:00:00,50,36.0,53.0,47.49606069928305,1
2024-03-28 11:00:00,11,0.0,1.0,0.25612883115999757,1
2024-03-20 17:00:00,87,74.0,50.0,46.3949347911268,1
2024-03-20 03:00:00,232,2.0,1.0,0.5311645801801262,1
2024-03-23 04:00:00,229,17.0,16.0,18.04959269592024,1
2024-03-19 19:00:00,258,0.0,1.0,0.10294701794044764,1
2024-03-19 23:00:00,10,0.0,3.0,1.6966960530507582,1
2024-03-23 16:00:00,31,0.0,0.0,0.05136875590537501,1
2024-03-28 03:00:00,99,0.0,0.0,0.0034618185942859574,1
2024-03-30 16:00:00,250,0.0,0.0,0.2192591225178605,1
2024-03-22 01:00:00,248,0.0,0.0,0.07288816943062774,1
2024-03-18 10:00:00,180,0.0,0.0,0.21756796706523215,1
2024-03-18 11:00:00,199,0.0,0.0,0.004369105091542911,1
2024-03-24 01:00:00,9,1.0,0.0,0.03847774450745395,1
2024-03-21 12:00:00,84,0.0,0.0,0.004082222295652976,1
2024-03-19 05:00:00,144,1.0,0.0,1.4171850345723418,1
2024-03-27 09:00:00,36,0.0,0.0,0.6672231906525345,1
2024-03-31 19:00:00,70,26.0,23.0,28.057883784449658,1
2024-03-27 17:00:00,142,317.0,253.0,240.66023369040812,1
2024-03-23 10:00:00,48,115.0,124.0,109.39704470790262,1
2024-03-30 10:00:00,139,0.0,0.0,0.3119427427837505,1
2024-03-29 17:00:00,134,2.0,1.0,0.7778510174691305,1
2024-03-30 04:00:00,48,110.0,84.0,57.18443744110047,1
2024-03-20 14:00:00,220,0.0,0.0,0.3561934645923944,1
2024-03-21 17:00:00,106,1.0,2.0,0.49112959798581585,1
2024-03-29 15:00:00,82,1.0,0.0,0.8704640570332973,1
2024-03-20 11:00:00,230,201.0,181.0,192.98681125132703,1
2024-03-19 22:00:00,5,0.0,0.0,0.0037989931562857674,1
2024-03-31 12:00:00,151,67.0,74.0,64.49067971483696,1
2024-03-29 08:00:00,121,0.0,1.0,0.7254030624264922,1
2024-03-23 08:00:00,114,7.0,10.0,8.778668373286106,1
2024-03-24 18:00:00,184,0.0,0.0,0.04217396970479592,1
2024-03-23 05:00:00,55,1.0,0.0,0.26311433389603517,1
2024-03-28 18:00:00,48,208.0,184.0,183.222519899179,1
2024-03-24 20:00:00,154,0.0,0.0,0.08242301545569834,1
2024-03-31 08:00:00,213,2.0,1.0,0.9597627796789368,1
2024-03-19 03:00:00,117,0.0,0.0,0.06122322915932638,1
2024-03-18 07:00:00,178,1.0,0.0,0.17787096704226238,1
2024-03-29 04:00:00,19,0.0,0.0,0.10079013025997109,1
2024-03-27 16:00:00,114,66.0,56.0,48.42547560528296,1
2024-03-31 02:00:00,60,0.0,0.0,0.038397834821772774,1
2024-03-24 09:00:00,204,0.0,0.0,0.004101283306232231,1
2024-03-24 05:00:00,33,1.0,1.0,0.4016690528334293,1
2024-03-20 23:00:00,211,31.0,36.0,54.78124680220085,1
2024-03-23 22:00:00,152,5.0,3.0,5.503726941950907,1
2024-03-26 22:00:00,218,0.0,0.0,0.33741434529520287,1
2024-03-19 13:00:00,239,202.0,176.0,183.56739835955605,1
2024-03-24 19:00:00,179,2.0,4.0,1.1389723380627057,1
2024-03-27 00:00:00,125,8.0,5.0,13.13913623770087,1
2024-03-30 19:00:00,119,0.0,0.0,0.23495245386144142,1
2024-03-19 03:00:00,120,0.0,0.0,0.014655420501994726,1
2024-03-26 21:00:00,37,0.0,0.0,0.6112688528069019,1
2024-03-21 22:00:00,101,0.0,0.0,0.07518872072559996,1
2024-03-18 04:00:00,24,2.0,1.0,1.301116735660343,1
2024-03-27 00:00:00,245,0.0,0.0,0.006806533139976396,1
2024-03-25 02:00:00,211,1.0,4.0,1.7687192868036785,1
2024-03-28 16:00:00,112,0.0,2.0,1.2503507074341702,1
2024-03-30 21:00:00,208,0.0,0.0,0.09719698478661497,1
2024-03-21 00:00:00,143,7.0,4.0,13.30609388122962,1
2024-03-25 18:00:00,61,1.0,1.0,1.8860145469513707,1
2024-03-19 13:00:00,224,19.0,5.0,8.283798720188502,1
2024-03-29 05:00:00,229,14.0,18.0,10.065911038180804,1
2024-03-19 00:00:00,189,0.0,0.0,0.38106756529273456,1
2024-03-29 19:00:00,185,0.0,0.0,0.09173139371499121,1
2024-03-24 22:00:00,205,0.0,0.0,0.2682211589234271,1
2024-03-21 01:00:00,31,0.0,0.0,0.027337196237167485,1
2024-03-26 10:00:00,71,4.0,2.0,1.5177571667291831,1
2024-03-25 19:00:00,200,0.0,0.0,0.0801225024541133,1
2024-03-28 04:00:00,32,0.0,0.0,0.09962130878604121,1
2024-03-27 01:00:00,107,10.0,12.0,16.122940886411936,1
2024-03-31 05:00:00,98,0.0,0.0,0.09637767724641126,1
2024-03-27 23:00:00,187,0.0,0.0,0.007653666075563843,1
2024-03-23 13:00:00,51,1.0,1.0,0.8584297816428234,1
2024-03-26 03:00:00,243,0.0,0.0,0.11408716158872094,1
2024-03-21 09:00:00,63,0.0,1.0,0.8060691772541885,1
2024-03-21 20:00:00,85,0.0,1.0,0.29556673201886147,1
2024-03-22 13:00:00,9,1.0,0.0,0.14689832773278927,1
2024-03-19 21:00:00,113,137.0,167.0,105.63228484733216,1
2024-03-18 13:00:00,31,0.0,0.0,0.12128926806585943,1
2024-03-25 04:00:00,163,1.0,14.0,6.168103780402646,1
2024-03-28 07:00:00,70,6.0,2.0,4.956963081512495,1
2024-03-21 02:00:00,253,0.0,0.0,0.022985630022588053,1
2024-03-31 15:00:00,35,1.0,1.0,1.1276855530705223,1
2024-03-25 18:00:00,214,0.0,0.0,0.01061640464788355,1
2024-03-26 14:00:00,172,0.0,0.0,0.007219163980677218,1
2024-03-26 07:00:00,150,0.0,1.0,0.1650094612376193,1
2024-03-27 11:00:00,144,22.0,19.0,24.58412156884213,1
2024-03-21 23:00:00,99,0.0,0.0,0.003660006100258321,1
2024-03-25 20:00:00,31,0.0,0.0,0.02045050789369727,1
2024-03-30 23:00:00,206,0.0,0.0,0.005538196199612368,1
2024-03-18 01:00:00,265,3.0,5.0,2.4258480872398236,1
2024-03-29 08:00:00,83,0.0,2.0,0.4210261888677974,1
2024-03-23 05:00:00,89,1.0,0.0,0.5854172597104977,1
2024-03-19 06:00:00,16,0.0,0.0,0.10904031946383443,1
2024-03-26 20:00:00,216,1.0,1.0,0.9818271797807125,1
2024-03-29 03:00:00,14,2.0,1.0,0.38315504679578066,1
2024-03-27 03:00:00,265,1.0,0.0,1.4961869699371724,1
2024-03-24 04:00:00,247,1.0,0.0,0.3147563191476951,1
2024-03-26 20:00:00,68,235.0,250.0,182.21395089703933,1
2024-03-31 12:00:00,261,54.0,62.0,40.194063674127655,1
2024-03-21 01:00:00,50,5.0,5.0,5.650716142813922,1
2024-03-19 07:00:00,89,5.0,7.0,2.5494583848773487,1
2024-03-24 17:00:00,222,1.0,0.0,0.4154601080899701,1
2024-03-29 16:00:00,170,172.0,213.0,209.97870919986033,1
2024-03-27 02:00:00,222,0.0,0.0,0.05335558977452777,1
2024-03-26 17:00:00,44,0.0,0.0,0.003930141978615255,1
2024-03-21 18:00:00,196,0.0,1.0,0.509720930559766,1
2024-03-18 21:00:00,16,0.0,0.0,0.06289785916787984,1
2024-03-25 16:00:00,21,0.0,1.0,0.4328923485990081,1
2024-03-21 07:00:00,67,0.0,0.0,0.3743006324840751,1
2024-03-18 21:00:00,159,0.0,0.0,0.36778211010883605,1
2024-03-19 08:00:00,52,3.0,5.0,3.3021365680351495,1
2024-03-28 16:00:00,48,172.0,125.0,161.5538519272085,1
2024-03-30 00:00:00,214,0.0,0.0,0.010393800572803149,1
2024-03-22 00:00:00,223,0.0,1.0,0.6298137832974575,1
2024-03-20 20:00:00,226,1.0,6.0,3.4404502269694746,1
2024-03-21 14:00:00,108,2.0,1.0,0.35747021509804855,1
2024-03-26 12:00:00,265,5.0,10.0,4.139210917539333,1
2024-03-28 05:00:00,181,1.0,0.0,0.6933188109500689,1
2024-03-28 20:00:00,106,1.0,1.0,0.4388679467689033,1
2024-03-29 09:00:00,92,1.0,0.0,0.6048585389948244,1
2024-03-31 07:00:00,89,0.0,1.0,1.217226882298139,1
2024-03-29 00:00:00,44,0.0,0.0,0.003918926823766755,1
2024-03-26 16:00:00,179,2.0,1.0,1.619120702613819,1
2024-03-30 18:00:00,219,1.0,0.0,0.7236509243895849,1
2024-03-22 16:00:00,57,0.0,0.0,0.014553745643504548,1
2024-03-26 00:00:00,262,2.0,4.0,3.9817598956210296,1
2024-03-29 06:00:00,28,2.0,0.0,1.2413070604969376,1
2024-03-27 02:00:00,183,0.0,0.0,0.02375548888435649,1
2024-03-19 16:00:00,49,3.0,2.0,1.5698809443908381,1
2024-03-29 10:00:00,241,3.0,0.0,0.5720395999096981,1
2024-03-28 18:00:00,58,0.0,0.0,0.014658463843078232,1
2024-03-21 20:00:00,56,0.0,0.0,0.27706285905864914,1
2024-03-31 11:00:00,68,120.0,124.0,138.0743260841357,1
2024-03-30 04:00:00,192,0.0,0.0,0.0588319234819025,1
2024-03-26 15:00:00,188,1.0,1.0,1.5010612740838039,1
2024-03-29 11:00:00,143,102.0,83.0,81.74134423541355,1
2024-03-29 05:00:00,201,0.0,0.0,0.2288685276275698,1
2024-03-18 12:00:00,31,1.0,0.0,0.13172095577186146,1
2024-03-31 14:00:00,5,0.0,0.0,0.004043474054516401,1
2024-03-18 00:00:00,182,0.0,0.0,0.12890292401710576,1
2024-03-18 16:00:00,211,42.0,39.0,42.08752688755765,1
2024-03-31 13:00:00,151,65.0,80.0,69.11050534415864,1
2024-03-21 19:00:00,28,0.0,1.0,0.5934814442728202,1
2024-03-30 14:00:00,112,1.0,5.0,1.7167299381854475,1
2024-03-25 09:00:00,133,0.0,2.0,0.5387759443581452,1
2024-03-24 07:00:00,197,1.0,1.0,1.3011318985470839,1
2024-03-26 03:00:00,145,0.0,2.0,0.5328579103421717,1
2024-03-24 03:00:00,246,134.0,118.0,100.9501592499086,1
2024-03-26 14:00:00,247,1.0,0.0,0.8507781305412061,1
2024-03-22 16:00:00,120,1.0,0.0,0.023026893670753876,1
2024-03-22 03:00:00,86,0.0,0.0,0.09356823524690353,1
2024-03-27 07:00:00,208,1.0,4.0,0.5359019264141505,1
2024-03-27 12:00:00,52,0.0,0.0,1.6756946091537332,1
2024-03-19 15:00:00,242,1.0,0.0,0.7111406334205133,1
2024-03-22 16:00:00,79,94.0,91.0,90.10979712380735,1
2024-03-19 05:00:00,106,0.0,0.0,0.22098562689653636,1
2024-03-26 18:00:00,7,6.0,4.0,4.091202887431009,1
2024-03-23 05:00:00,12,0.0,0.0,0.17187097632435894,1
2024-03-21 21:00:00,225,0.0,0.0,0.7208183059337475,1
2024-03-18 03:00:00,181,0.0,0.0,0.27764446560658523,1
2024-03-18 18:00:00,16,0.0,0.0,0.10559879865542159,1
2024-03-31 03:00:00,161,8.0,9.0,9.187424027786335,1
2024-03-26 05:00:00,221,0.0,0.0,0.008357941183976111,1
2024-03-22 06:00:00,48,63.0,79.0,74.67023208567817,1
2024-03-27 03:00:00,182,0.0,0.0,0.07176995684368137,1
2024-03-31 17:00:00,35,1.0,0.0,1.0528089231674034,1
2024-03-19 18:00:00,265,1.0,3.0,4.694728981819348,1
2024-03-31 00:00:00,98,1.0,0.0,0.06634322130605895,1
2024-03-18 08:00:00,135,0.0,1.0,0.4936895056278023,1
2024-03-25 00:00:00,112,1.0,0.0,3.4053046393660904,1
2024-03-31 01:00:00,52,0.0,2.0,0.15349170766335152,1
2024-03-31 17:00:00,107,89.0,90.0,104.20308566409291,1
2024-03-23 22:00:00,264,16.0,31.0,18.52956561970682,1
2024-03-31 21:00:00,22,1.0,0.0,0.08458589671939462,1
2024-03-18 10:00:00,153,0.0,0.0,0.10988112300583552,1
2024-03-29 05:00:00,175,2.0,0.0,0.12217477328547906,1
2024-03-21 01:00:00,258,0.0,0.0,0.04441706009722862,1
2024-03-27 19:00:00,30,0.0,0.0,0.006177300350008555,1
2024-03-24 17:00:00,221,0.0,0.0,0.007494621592348303,1
2024-03-29 03:00:00,233,4.0,5.0,5.754846827964132,1
2024-03-28 11:00:00,79,61.0,66.0,64.25482298204737,1
2024-03-22 14:00:00,108,1.0,0.0,0.37703427982905874,1
2024-03-22 19:00:00,81,1.0,0.0,0.0960121594053096,1
2024-03-18 13:00:00,234,130.0,139.0,141.03681642545718,1
2024-03-26 20:00:00,157,1.0,0.0,0.31666825059515474,1
2024-03-18 10:00:00,253,0.0,0.0,0.013790001233212605,1
2024-03-18 07:00:00,66,1.0,2.0,1.2642884208424567,1
2024-03-20 12:00:00,93,1.0,0.0,0.5639399743101364,1
2024-03-24 04:00:00,135,0.0,0.0,0.1147196206018937,1
2024-03-24 02:00:00,137,32.0,54.0,44.974159679702176,1
2024-03-23 10:00:00,179,5.0,9.0,1.7598073038774957,1
2024-03-24 04:00:00,165,0.0,0.0,0.10501336045366501,1
2024-03-26 00:00:00,137,18.0,10.0,16.790961673328066,1
2024-03-24 18:00:00,28,2.0,0.0,0.6842068762906965,1
2024-03-20 18:00:00,105,0.0,0.0,0.003964102655220537,1
2024-03-22 05:00:00,151,9.0,12.0,6.4738447815186175,1
2024-03-31 12:00:00,71,1.0,4.0,1.2463748271270025,1
2024-03-18 10:00:00,92,1.0,0.0,0.6516234189081147,1
2024-03-28 08:00:00,196,1.0,1.0,1.0067388427936257,1
2024-03-30 08:00:00,137,19.0,29.0,34.94019815461072,1
2024-03-18 11:00:00,148,16.0,12.0,20.645895790068344,1
2024-03-24 10:00:00,224,16.0,17.0,12.263062284535307,1
2024-03-29 13:00:00,59,0.0,0.0,0.0057334761283109464,1
2024-03-30 23:00:00,65,4.0,3.0,6.780270536716969,1
2024-03-24 13:00:00,27,0.0,0.0,0.0098945750944929,1
2024-03-28 20:00:00,168,3.0,0.0,1.2448459011443267,1
2024-03-22 11:00:00,193,6.0,5.0,5.834824206098641,1
2024-03-21 03:00:00,60,0.0,0.0,0.045082560002673466,1
2024-03-28 08:00:00,41,46.0,38.0,30.362342844242,1
2024-03-28 05:00:00,2,0.0,0.0,0.004584525924462155,1
2024-03-22 19:00:00,50,54.0,51.0,36.062997290507816,1
2024-03-31 05:00:00,182,0.0,1.0,0.6081252570544216,1
2024-03-22 07:00:00,5,0.0,0.0,0.0040510228332098774,1
2024-03-23 16:00:00,177,0.0,0.0,1.0627469683428374,1
2024-03-20 10:00:00,61,4.0,3.0,5.289663568075758,1
2024-03-21 04:00:00,35,1.0,5.0,0.41927573176217336,1
2024-03-26 07:00:00,11,0.0,0.0,0.2954451866706812,1
2024-03-22 16:00:00,172,0.0,0.0,0.00860390914345104,1
2024-03-25 04:00:00,7,3.0,0.0,1.3651872516653492,1
2024-03-29 07:00:00,31,0.0,0.0,0.024999112773075104,1
2024-03-22 22:00:00,195,0.0,1.0,0.3710441836711658,1
2024-03-23 20:00:00,124,0.0,0.0,0.1670646663610685,1
2024-03-23 01:00:00,168,1.0,1.0,0.6047796780273001,1
2024-03-22 14:00:00,170,222.0,250.0,225.2010364289143,1
2024-03-31 22:00:00,35,1.0,0.0,0.5290627856987217,1
2024-03-26 20:00:00,171,0.0,0.0,0.07360863339145078,1
2024-03-22 09:00:00,109,0.0,0.0,0.004041166630469867,1
2024-03-29 18:00:00,91,0.0,0.0,0.5298931428918644,1
2024-03-25 23:00:00,225,0.0,0.0,0.8265691150404653,1
2024-03-22 16:00:00,22,0.0,3.0,0.44276726982922526,1
2024-03-23 08:00:00,174,0.0,0.0,0.2732418444159976,1
2024-03-31 23:00:00,265,4.0,1.0,3.5727731570989016,1
2024-03-30 05:00:00,38,0.0,0.0,0.2535197084020212,1
2024-03-23 21:00:00,256,5.0,9.0,6.737852940238697,1
2024-03-21 09:00:00,157,2.0,0.0,0.6023764934855266,1
2024-03-18 07:00:00,172,0.0,0.0,0.011945443659621531,1
2024-03-20 02:00:00,263,9.0,9.0,6.765557260735021,1
2024-03-29 09:00:00,179,0.0,0.0,1.4447395288792313,1
2024-03-24 06:00:00,170,18.0,20.0,23.982266524979956,1
2024-03-20 00:00:00,144,19.0,26.0,32.01567675827993,1
2024-03-26 16:00:00,93,0.0,2.0,1.002386994652143,1
2024-03-20 10:00:00,137,57.0,67.0,70.8482463052771,1
2024-03-26 05:00:00,37,0.0,1.0,0.9186225799182243,1
2024-03-29 17:00:00,95,6.0,0.0,1.1768632408060393,1
2024-03-18 21:00:00,203,0.0,0.0,0.07636361587402991,1
2024-03-24 16:00:00,33,6.0,4.0,3.9313323278279704,1
2024-03-28 13:00:00,89,3.0,1.0,1.9697652192709831,1
2024-03-23 03:00:00,216,0.0,0.0,0.3267541215301442,1
2024-03-25 23:00:00,146,3.0,2.0,1.0545439354828994,1
2024-03-19 17:00:00,102,0.0,0.0,0.13470889176008016,1
2024-03-29 04:00:00,242,1.0,0.0,0.1283751495388477,1
2024-03-26 21:00:00,201,0.0,0.0,0.059479066953619264,1
2024-03-27 10:00:00,107,117.0,100.0,126.6428659765164,1
2024-03-22 14:00:00,183,1.0,0.0,0.11805766267494146,1
2024-03-28 23:00:00,44,0.0,0.0,0.003660006100258321,1
2024-03-27 08:00:00,44,0.0,0.0,0.004093351060195968,1
2024-03-20 08:00:00,180,0.0,1.0,0.232179970188968,1
2024-03-26 01:00:00,128,0.0,0.0,0.028982250290741675,1
2024-03-25 01:00:00,2,0.0,0.0,0.004687305358873211,1
2024-03-29 21:00:00,23,0.0,0.0,0.009035759176110091,1
2024-03-28 01:00:00,68,23.0,28.0,32.788653277651036,1
2024-03-28 01:00:00,260,0.0,0.0,0.590547889213048,1
2024-03-30 02:00:00,251,0.0,0.0,0.004073388757911844,1
2024-03-30 14:00:00,66,7.0,3.0,3.909562700320447,1
2024-03-20 22:00:00,262,25.0,21.0,27.97547087466161,1
2024-03-28 20:00:00,132,302.0,350.0,354.1575159436753,1
2024-03-21 16:00:00,45,11.0,16.0,11.648088123877349,1
2024-03-21 12:00:00,206,0.0,0.0,0.004832552571479404,1
2024-03-20 02:00:00,40,0.0,0.0,0.06451025511426717,1
2024-03-28 02:00:00,249,22.0,22.0,29.854728181577023,1
2024-03-29 09:00:00,45,2.0,4.0,5.660574783875719,1
2024-03-22 11:00:00,237,322.0,297.0,309.8794408908746,1
2024-03-21 06:00:00,10,3.0,2.0,2.9061708022032096,1
2024-03-23 13:00:00,16,0.0,0.0,0.12048234387349545,1
2024-03-31 22:00:00,245,0.0,0.0,0.008628094775853737,1
2024-03-21 00:00:00,149,0.0,0.0,0.04699988473655937,1
2024-03-22 11:00:00,94,0.0,0.0,0.2817065808122916,1
2024-03-30 10:00:00,127,0.0,1.0,0.8131210549423418,1
2024-03-23 18:00:00,233,80.0,111.0,106.68483285255789,1
2024-03-24 02:00:00,219,0.0,0.0,0.2589686022105297,1
2024-03-22 02:00:00,161,21.0,15.0,15.665962314022696,1
2024-03-19 05:00:00,262,24.0,18.0,19.735555591361603,1
2024-03-26 04:00:00,25,0.0,1.0,0.4108632074427676,1
2024-03-30 03:00:00,65,1.0,0.0,0.5714597124346098,1
2024-03-26 09:00:00,201,0.0,0.0,0.2305290847455244,1
2024-03-22 14:00:00,115,0.0,0.0,0.006109251703914465,1
2024-03-26 00:00:00,204,0.0,0.0,0.0036307404061699635,1
2024-03-25 23:00:00,192,0.0,0.0,0.09442632164502468,1
2024-03-25 22:00:00,185,0.0,0.0,0.07207063031663324,1
2024-03-29 18:00:00,253,0.0,0.0,0.020268830344580754,1
2024-03-27 10:00:00,213,0.0,2.0,1.3081076069024626,1
2024-03-29 14:00:00,56,1.0,0.0,0.4671965256583777,1
2024-03-21 22:00:00,25,1.0,8.0,5.2251738671523915,1
2024-03-25 03:00:00,214,0.0,0.0,0.00840502545096651,1
2024-03-18 00:00:00,230,36.0,38.0,45.00379420999986,1
2024-03-26 12:00:00,83,0.0,0.0,0.4037668448141838,1
2024-03-24 16:00:00,212,1.0,0.0,0.2917803543605925,1
2024-03-20 08:00:00,38,1.0,0.0,0.4833486583430875,1
2024-03-20 03:00:00,69,0.0,0.0,0.09132155363296726,1
2024-03-24 18:00:00,70,34.0,33.0,28.434856583939595,1
2024-03-21 16:00:00,141,168.0,156.0,177.39498619928497,1
2024-03-20 21:00:00,114,192.0,169.0,122.05582156880487,1
2024-03-30 02:00:00,234,42.0,59.0,85.74747467863851,1
2024-03-23 11:00:00,21,1.0,0.0,0.23011156798736954,1
2024-03-23 08:00:00,144,4.0,9.0,8.896575397645998,1
2024-03-29 15:00:00,65,9.0,5.0,6.766780254757606,1
2024-03-19 02:00:00,183,0.0,0.0,0.02299573640656146,1
2024-03-30 18:00:00,223,2.0,2.0,1.7436971871755989,1
2024-03-30 17:00:00,124,0.0,0.0,0.19103508714136277,1
2024-03-30 01:00:00,193,1.0,0.0,0.22330216428508895,1
2024-03-22 20:00:00,98,0.0,0.0,0.054528422032628386,1
2024-03-29 01:00:00,142,36.0,24.0,17.20086066237258,1
2024-03-28 11:00:00,160,0.0,1.0,0.4089432745561854,1
2024-03-28 07:00:00,124,1.0,1.0,0.6098744910271561,1
2024-03-26 08:00:00,236,324.0,322.0,264.97236792706695,1
2024-03-23 01:00:00,196,0.0,0.0,0.14197416043098107,1
2024-03-29 09:00:00,18,1.0,0.0,0.6165999599140042,1
2024-03-29 13:00:00,207,0.0,0.0,0.9323474929207407,1
2024-03-26 04:00:00,226,1.0,3.0,1.6083608505084972,1
2024-03-26 08:00:00,133,0.0,0.0,0.528720267438526,1
2024-03-27 21:00:00,106,1.0,1.0,0.3607073447088432,1
2024-03-23 01:00:00,115,0.0,0.0,0.005563753574011098,1
2024-03-28 23:00:00,61,1.0,0.0,1.3374147375154632,1
2024-03-29 19:00:00,63,2.0,0.0,0.11581422708344803,1
2024-03-23 18:00:00,158,49.0,103.0,112.27848421560928,1
2024-03-19 14:00:00,27,0.0,0.0,0.00969523355808142,1
2024-03-27 14:00:00,55,2.0,1.0,0.4761994262151737,1
2024-03-20 16:00:00,86,0.0,1.0,0.5436036794742602,1
2024-03-21 06:00:00,212,2.0,1.0,0.6645087433123632,1
2024-03-18 16:00:00,79,58.0,54.0,59.836138958121474,1
2024-03-19 13:00:00,67,0.0,1.0,0.2256077520793602,1
2024-03-23 20:00:00,206,0.0,0.0,0.004489638262586242,1
2024-03-20 04:00:00,126,0.0,0.0,0.10894745551980166,1
2024-03-21 18:00:00,119,0.0,0.0,0.3234324212149532,1
2024-03-27 03:00:00,248,0.0,0.0,0.060555725034009654,1
2024-03-22 11:00:00,12,1.0,1.0,0.621238765691292,1
2024-03-29 00:00:00,29,0.0,0.0,0.11531602006219699,1
2024-03-25 00:00:00,129,0.0,0.0,1.2507026040042137,1
2024-03-21 13:00:00,233,110.0,102.0,107.30907284426651,1
2024-03-23 23:00:00,13,18.0,20.0,16.483914776839672,1
2024-03-28 14:00:00,23,0.0,0.0,0.012071748544292982,1
2024-03-27 19:00:00,22,1.0,1.0,0.11266134425475373,1
2024-03-25 20:00:00,79,98.0,109.0,83.51702348127748,1
2024-03-26 17:00:00,91,0.0,0.0,0.7356428161788058,1
2024-03-30 12:00:00,107,129.0,169.0,140.08938942711563,1
2024-03-26 16:00:00,231,105.0,91.0,91.90176935855395,1
2024-03-24 18:00:00,173,0.0,0.0,0.14871243738268222,1
2024-03-22 10:00:00,199,0.0,0.0,0.00463145114770408,1
2024-03-26 09:00:00,232,12.0,10.0,7.5314745891918,1
2024-03-21 22:00:00,38,0.0,0.0,0.07011881410558111,1
2024-03-26 21:00:00,139,0.0,0.0,0.08126287645239466,1
2024-03-22 13:00:00,88,18.0,13.0,14.934533630121761,1
2024-03-25 16:00:00,62,0.0,0.0,0.7721435313591082,1
2024-03-24 03:00:00,193,1.0,0.0,0.11933548424493062,1
2024-03-30 05:00:00,97,4.0,0.0,1.0462982403317762,1
2024-03-20 03:00:00,115,0.0,0.0,0.006653799262866878,1
2024-03-30 13:00:00,211,53.0,45.0,63.273085544191574,1
2024-03-23 13:00:00,37,1.0,2.0,1.9134285750094677,1
2024-03-24 18:00:00,34,0.0,0.0,0.19465301403388713,1
2024-03-24 02:00:00,187,0.0,0.0,0.005869765685805835,1
2024-03-20 20:00:00,22,1.0,0.0,0.07369612694921264,1
2024-03-22 18:00:00,257,0.0,0.0,0.14860950355401603,1
2024-03-27 12:00:00,248,0.0,0.0,0.5240513656431735,1
2024-03-20 15:00:00,188,2.0,0.0,1.8914396141746705,1
2024-03-31 16:00:00,97,1.0,1.0,3.2510872302662746,1
2024-03-27 23:00:00,40,0.0,1.0,0.9262246112884263,1
2024-03-23 01:00:00,240,0.0,0.0,0.01772693275827813,1
2024-03-22 01:00:00,138,3.0,9.0,19.839760141245684,1
2024-03-25 20:00:00,111,0.0,0.0,0.010233598222380895,1
2024-03-27 13:00:00,42,4.0,6.0,6.9701301123220825,1
2024-03-20 05:00:00,248,0.0,0.0,0.5195670455154625,1
2024-03-28 06:00:00,87,14.0,21.0,6.292322150143829,1
2024-03-22 03:00:00,74,1.0,2.0,1.2634840410973684,1
2024-03-26 01:00:00,72,0.0,0.0,0.19256891635758192,1
2024-03-23 00:00:00,99,0.0,0.0,0.003740669196576159,1
2024-03-21 03:00:00,20,0.0,0.0,0.07452024684486706,1
2024-03-27 10:00:00,180,0.0,0.0,0.30044406509469035,1
2024-03-26 20:00:00,13,60.0,69.0,53.85581285343485,1
2024-03-29 13:00:00,93,2.0,2.0,0.6402619866881651,1
2024-03-30 17:00:00,69,0.0,0.0,0.4864298111131691,1
2024-03-23 11:00:00,197,1.0,1.0,1.0294937854568569,1
2024-03-28 15:00:00,13,51.0,47.0,62.87074285122202,1
2024-03-21 15:00:00,18,0.0,0.0,0.4129296435820099,1
2024-03-22 15:00:00,255,1.0,0.0,1.5162756584733268,1
2024-03-23 04:00:00,78,0.0,1.0,0.20982124299043953,1
2024-03-24 08:00:00,252,0.0,0.0,0.173011388103421,1
2024-03-26 20:00:00,205,1.0,1.0,0.20754856151630727,1
2024-03-22 07:00:00,246,13.0,25.0,29.295086383337278,1
2024-03-20 07:00:00,43,41.0,56.0,38.229021461516474,1
2024-03-29 16:00:00,200,0.0,0.0,0.18518591039247656,1
2024-03-21 21:00:00,187,0.0,0.0,0.007795018363509862,1
2024-03-18 18:00:00,41,21.0,11.0,18.265465838290023,1
2024-03-25 19:00:00,140,124.0,103.0,125.27950834538237,1
2024-03-20 02:00:00,18,0.0,0.0,0.04705537245934901,1
2024-03-22 06:00:00,117,1.0,2.0,1.3176788216510351,1
2024-03-18 03:00:00,178,0.0,0.0,0.03021899067134288,1
2024-03-27 05:00:00,70,0.0,1.0,0.7652743530565111,1
2024-03-19 00:00:00,166,6.0,4.0,3.26038422760344,1
2024-03-23 07:00:00,30,0.0,0.0,0.00857177851931481,1
2024-03-24 13:00:00,209,12.0,9.0,10.476216101437181,1
2024-03-18 04:00:00,167,0.0,0.0,0.21000505894358162,1
2024-03-27 23:00:00,68,134.0,114.0,139.89105508065944,1
2024-03-20 15:00:00,173,0.0,0.0,0.14379979782441496,1
2024-03-29 12:00:00,73,0.0,0.0,0.1244996253853775,1
2024-03-26 16:00:00,75,47.0,32.0,47.625908093023774,1
2024-03-23 08:00:00,21,0.0,0.0,0.17759420212510602,1
2024-03-30 00:00:00,62,0.0,0.0,0.25222530996523135,1
2024-03-29 14:00:00,35,1.0,1.0,1.7085364328536983,1
2024-03-29 17:00:00,152,11.0,11.0,7.616461696556755,1
2024-03-29 20:00:00,22,1.0,0.0,0.09920042868887545,1
2024-03-24 15:00:00,86,0.0,0.0,0.37412585194047654,1
2024-03-18 17:00:00,11,0.0,0.0,0.10321235484390853,1
2024-03-30 06:00:00,2,0.0,0.0,0.003595284934784117,1
2024-03-29 22:00:00,222,0.0,0.0,0.22457999681271737,1
2024-03-31 01:00:00,19,1.0,0.0,0.06729588248268312,1
2024-03-24 01:00:00,185,0.0,0.0,0.055508068173853245,1
2024-03-23 04:00:00,237,5.0,8.0,7.484560656943306,1
2024-03-24 08:00:00,49,1.0,1.0,1.2522072217212754,1
2024-03-31 10:00:00,94,0.0,0.0,0.33401785036967596,1
2024-03-27 18:00:00,181,2.0,2.0,4.764471033258234,1
2024-03-29 01:00:00,260,0.0,1.0,0.8320641617655358,1
2024-03-23 20:00:00,131,0.0,0.0,0.09866379548135536,1
2024-03-21 11:00:00,197,1.0,3.0,1.4967797255333746,1
2024-03-27 16:00:00,186,148.0,223.0,195.24378449138644,1
2024-03-22 04:00:00,256,0.0,2.0,0.6137923080773169,1
2024-03-21 09:00:00,53,0.0,0.0,0.11236133915923231,1
2024-03-31 18:00:00,247,0.0,2.0,1.0602650708863408,1
2024-03-29 23:00:00,87,60.0,23.0,35.36717844729903,1
2024-03-31 05:00:00,165,0.0,0.0,0.13620007208445126,1
2024-03-26 12:00:00,98,0.0,1.0,0.1690639509661738,1
2024-03-27 06:00:00,81,0.0,1.0,0.38499190973055425,1
2024-03-18 14:00:00,199,0.0,0.0,0.004433638668431617,1
2024-03-25 04:00:00,156,0.0,0.0,0.0036309638817577108,1
2024-03-22 01:00:00,5,0.0,0.0,0.003728905807605028,1
2024-03-29 11:00:00,93,1.0,0.0,0.5634843477866754,1
2024-03-21 09:00:00,246,67.0,75.0,70.52264622228085,1
2024-03-24 19:00:00,141,124.0,132.0,104.43236380505138,1
2024-03-26 09:00:00,118,0.0,0.0,0.007283300275476133,1
2024-03-18 02:00:00,36,0.0,0.0,0.3240053391837599,1
2024-03-23 02:00:00,33,0.0,1.0,0.42642978873135456,1
2024-03-21 20:00:00,243,1.0,8.0,1.1968944539335535,1
2024-03-31 01:00:00,90,140.0,126.0,128.3755723688532,1
2024-03-19 04:00:00,184,0.0,0.0,0.008250592753235213,1
2024-03-22 06:00:00,177,5.0,2.0,1.5088002465571122,1
2024-03-20 21:00:00,172,0.0,0.0,0.007437083025859047,1
2024-03-31 07:00:00,138,20.0,9.0,16.740875519048373,1
2024-03-23 07:00:00,74,9.0,12.0,15.123880844243175,1
2024-03-22 20:00:00,209,31.0,37.0,18.825915485445403,1
2024-03-27 13:00:00,81,0.0,0.0,0.3402175216162983,1
2024-03-20 11:00:00,199,0.0,0.0,0.00434667250490588,1
2024-03-18 09:00:00,129,1.0,1.0,2.1790206145743216,1
2024-03-29 11:00:00,91,2.0,2.0,1.4331987417677063,1
2024-03-24 22:00:00,43,14.0,11.0,27.390535370072527,1
2024-03-19 20:00:00,252,0.0,0.0,0.09328159003051847,1
2024-03-20 15:00:00,247,0.0,0.0,0.9292694994885397,1
2024-03-30 11:00:00,54,2.0,1.0,0.1569282513447567,1
2024-03-27 00:00:00,45,5.0,1.0,4.503577420895632,1
2024-03-24 06:00:00,238,26.0,29.0,19.186713571477224,1
2024-03-23 15:00:00,265,0.0,4.0,2.790774707412058,1
2024-03-22 18:00:00,5,0.0,0.0,0.0040011860378304735,1
2024-03-25 19:00:00,204,0.0,0.0,0.0038647641828515244,1
2024-03-18 10:00:00,221,0.0,0.0,0.006734382169280031,1
2024-03-22 17:00:00,93,1.0,1.0,0.6504255491446651,1
2024-03-24 03:00:00,49,0.0,1.0,0.7195482341050239,1
2024-03-30 03:00:00,171,0.0,0.0,0.04330640475154737,1
2024-03-30 10:00:00,175,0.0,0.0,0.08171848246771272,1
2024-03-21 22:00:00,198,0.0,0.0,0.2731075623971067,1
2024-03-20 19:00:00,257,0.0,0.0,0.10344024600576841,1
2024-03-29 15:00:00,28,0.0,1.0,0.6802533138805062,1
2024-03-25 23:00:00,125,14.0,10.0,13.376345013110612,1
2024-03-28 12:00:00,190,1.0,0.0,0.14810814697974914,1
2024-03-24 01:00:00,33,1.0,1.0,1.7483935023408648,1
2024-03-20 04:00:00,254,0.0,0.0,0.35839531905611827,1
2024-03-29 04:00:00,42,4.0,2.0,1.8929330884627085,1
2024-03-31 12:00:00,63,0.0,0.0,0.43699594811633025,1
2024-03-31 07:00:00,158,2.0,6.0,4.038856545160681,1
2024-03-24 15:00:00,88,15.0,20.0,19.942760014695494,1
2024-03-23 00:00:00,182,0.0,0.0,0.1388191329482524,1
2024-03-21 02:00:00,242,0.0,0.0,0.041203531206845986,1
2024-03-23 22:00:00,37,3.0,2.0,1.8616753151689769,1
2024-03-24 08:00:00,199,0.0,0.0,0.004442851732959044,1
2024-03-29 11:00:00,25,3.0,1.0,2.5920541867292295,1
2024-03-29 21:00:00,91,0.0,1.0,0.32309501871138496,1
2024-03-24 09:00:00,260,5.0,4.0,1.9770278403172183,1
2024-03-19 20:00:00,159,0.0,0.0,0.3005479494621354,1
2024-03-23 18:00:00,2,0.0,0.0,0.007477137280672701,1
2024-03-27 16:00:00,261,57.0,42.0,46.712220792870646,1
2024-03-22 04:00:00,157,0.0,2.0,0.6825483613810587,1
2024-03-21 16:00:00,170,241.0,285.0,269.8355333921184,1
2024-03-18 07:00:00,159,2.0,0.0,1.1465494616782381,1
2024-03-26 22:00:00,161,515.0,410.0,412.39683813270386,1
2024-03-26 04:00:00,183,1.0,0.0,0.06644918863196488,1
2024-03-24 09:00:00,132,108.0,161.0,158.7962747809523,1
2024-03-28 03:00:00,17,1.0,0.0,0.34915848060994936,1
2024-03-25 11:00:00,26,0.0,2.0,0.669469674923079,1
2024-03-26 21:00:00,146,1.0,4.0,1.6159086800016398,1
2024-03-30 20:00:00,127,1.0,4.0,0.5140032593797401,1
2024-03-24 13:00:00,21,0.0,0.0,0.2163631858592573,1
2024-03-26 05:00:00,10,1.0,1.0,0.9002039727876223,1
2024-03-20 04:00:00,4,0.0,0.0,0.8029170754791871,1
2024-03-28 23:00:00,16,0.0,0.0,0.09347638794604453,1
2024-03-19 21:00:00,46,0.0,0.0,0.020032159566612726,1
2024-03-30 10:00:00,258,1.0,0.0,0.27133274173793437,1
2024-03-23 11:00:00,241,1.0,0.0,0.3705069160268534,1
2024-03-23 23:00:00,131,0.0,0.0,0.13186159247388857,1
2024-03-26 14:00:00,201,1.0,0.0,0.1850863870150494,1
2024-03-27 02:00:00,200,0.0,0.0,0.03079023123145733,1
2024-03-18 14:00:00,170,210.0,185.0,189.08006013340744,1
2024-03-31 12:00:00,29,0.0,0.0,0.3787213420433102,1
2024-03-21 05:00:00,28,0.0,1.0,0.5210986469590648,1
2024-03-18 00:00:00,194,0.0,0.0,0.15065129892275206,1
2024-03-27 05:00:00,261,1.0,1.0,1.3691840163193454,1
2024-03-28 17:00:00,47,0.0,0.0,0.35834769797431093,1
2024-03-27 22:00:00,32,0.0,0.0,0.07199470553125524,1
2024-03-18 01:00:00,76,1.0,0.0,0.4606686530191839,1
2024-03-24 18:00:00,94,0.0,0.0,0.09291635696669762,1
2024-03-22 12:00:00,182,0.0,1.0,0.9193003535317346,1
2024-03-21 02:00:00,205,0.0,0.0,0.08708960580424582,1
2024-03-20 10:00:00,193,4.0,10.0,5.5089910254729215,1
2024-03-18 08:00:00,247,2.0,3.0,1.7245341054005632,1
2024-03-24 05:00:00,200,0.0,0.0,0.15542642489743494,1
2024-03-23 08:00:00,100,32.0,38.0,43.04887615112096,1
2024-03-20 23:00:00,17,0.0,0.0,0.6675833425686608,1
2024-03-21 20:00:00,235,0.0,0.0,0.16931957661379654,1
2024-03-27 04:00:00,11,0.0,0.0,0.09612788212803906,1
2024-03-26 06:00:00,13,8.0,11.0,4.883454996134452,1
2024-03-22 13:00:00,82,1.0,1.0,1.3019785956064729,1
2024-03-27 03:00:00,183,0.0,0.0,0.030028301908310753,1
2024-03-18 20:00:00,33,4.0,4.0,3.376251795002491,1
2024-03-21 11:00:00,31,0.0,0.0,0.15267372292814355,1
2024-03-26 06:00:00,249,13.0,31.0,19.189367171598924,1
2024-03-31 07:00:00,71,1.0,1.0,1.1291768508755766,1
2024-03-19 15:00:00,191,0.0,0.0,0.7176948882715405,1
2024-03-30 00:00:00,222,0.0,0.0,0.12023044433179908,1
2024-03-28 14:00:00,21,0.0,3.0,0.44117799917931266,1
2024-03-26 23:00:00,26,0.0,0.0,0.15045747455643935,1
2024-03-26 13:00:00,201,0.0,0.0,0.21807393300234884,1
2024-03-21 11:00:00,53,0.0,0.0,0.10866263049226006,1
2024-03-24 10:00:00,253,0.0,0.0,0.0626103526765116,1
2024-03-20 02:00:00,168,1.0,0.0,0.24930441890099705,1
2024-03-20 10:00:00,89,5.0,1.0,3.4877772023165385,1
2024-03-19 05:00:00,249,5.0,7.0,7.611829106646916,1
2024-03-31 23:00:00,182,0.0,0.0,0.2436215982490194,1
2024-03-23 09:00:00,113,38.0,44.0,35.95806115488329,1
2024-03-28 09:00:00,74,20.0,14.0,30.468184014466534,1
2024-03-23 07:00:00,186,44.0,53.0,67.25262754241305,1
2024-03-20 16:00:00,68,208.0,155.0,175.0194885592896,1
2024-03-24 09:00:00,234,51.0,57.0,57.62240409777739,1
2024-03-22 18:00:00,127,0.0,0.0,0.8406321437644564,1
2024-03-20 11:00:00,209,3.0,10.0,11.200728148590882,1
2024-03-21 10:00:00,59,0.0,0.0,0.007121902450727808,1
2024-03-29 07:00:00,91,5.0,9.0,2.825318449388917,1
2024-03-21 02:00:00,234,7.0,5.0,9.139888644088487,1
2024-03-29 03:00:00,63,0.0,0.0,0.08610771131125518,1
2024-03-27 01:00:00,142,16.0,21.0,11.703711811096456,1
2024-03-18 12:00:00,27,0.0,0.0,0.010118756728402182,1
2024-03-20 12:00:00,231,61.0,71.0,72.80462719981587,1
2024-03-23 14:00:00,77,0.0,0.0,0.43639100014078186,1
2024-03-27 09:00:00,101,0.0,0.0,0.12675337253275776,1
2024-03-25 13:00:00,108,0.0,1.0,0.3675015975923704,1
2024-03-20 02:00:00,239,4.0,1.0,3.8771354676837175,1
2024-03-21 23:00:00,41,8.0,13.0,9.1740413153065,1
2024-03-18 09:00:00,169,1.0,1.0,0.8124814636754623,1
2024-03-21 17:00:00,133,0.0,0.0,0.23501435877058974,1
2024-03-18 22:00:00,254,0.0,0.0,0.16433649285767846,1
2024-03-21 12:00:00,3,2.0,0.0,0.379526555957411,1
2024-03-27 09:00:00,65,9.0,0.0,4.166566798657629,1
2024-03-31 10:00:00,123,1.0,0.0,0.25716554165768074,1
2024-03-23 04:00:00,32,0.0,1.0,0.08791590156415506,1
2024-03-30 00:00:00,199,0.0,0.0,0.004165381161220323,1
2024-03-23 14:00:00,45,14.0,12.0,13.245950330488343,1
2024-03-21 07:00:00,204,0.0,0.0,0.004030379754172007,1
2024-03-22 12:00:00,80,0.0,0.0,0.6939140958511854,1
2024-03-22 18:00:00,80,0.0,0.0,1.112905386167694,1
2024-03-27 21:00:00,209,16.0,31.0,17.499640415801146,1
2024-03-20 20:00:00,28,0.0,0.0,0.5543349174196304,1
2024-03-25 04:00:00,173,0.0,0.0,0.07271844176906342,1
2024-03-24 02:00:00,191,0.0,0.0,0.08517982655065313,1
2024-03-22 05:00:00,3,0.0,1.0,0.34224271163782194,1
2024-03-25 15:00:00,230,157.0,183.0,158.56217738606708,1
2024-03-22 14:00:00,139,0.0,0.0,0.4483280093087776,1
2024-03-24 18:00:00,122,0.0,0.0,0.09003031974736098,1
2024-03-20 16:00:00,198,1.0,0.0,0.3711851488828241,1
2024-03-26 17:00:00,236,357.0,281.0,367.702894086748,1
2024-03-29 15:00:00,156,0.0,0.0,0.004096315599214557,1
2024-03-21 00:00:00,90,42.0,28.0,48.35946335463594,1
2024-03-20 16:00:00,233,134.0,135.0,123.29072905095084,1
2024-03-30 15:00:00,197,1.0,1.0,1.144324153569221,1
2024-03-29 14:00:00,170,168.0,222.0,198.56393969219343,1
2024-03-24 16:00:00,179,2.0,0.0,1.3560941184244377,1
2024-03-21 02:00:00,151,2.0,2.0,1.104912682690435,1
2024-03-21 00:00:00,22,0.0,1.0,0.06466875259129824,1
2024-03-29 04:00:00,189,0.0,0.0,0.35009905244586953,1
2024-03-31 10:00:00,15,1.0,0.0,0.08861906398126879,1
2024-03-30 17:00:00,99,0.0,0.0,0.004014799379733009,1
2024-03-20 04:00:00,250,1.0,0.0,0.16304283839204878,1
2024-03-29 01:00:00,219,0.0,0.0,0.20730138598833414,1
2024-03-28 16:00:00,189,0.0,0.0,0.9058354400740734,1
2024-03-27 16:00:00,193,8.0,8.0,4.961124466358699,1
2024-03-23 11:00:00,73,0.0,0.0,0.06672592921706222,1
2024-03-20 23:00:00,189,0.0,1.0,0.890576003427396,1
2024-03-29 22:00:00,16,0.0,0.0,0.07910358624332632,1
2024-03-29 11:00:00,126,1.0,1.0,0.5389541212832859,1
2024-03-24 17:00:00,154,0.0,0.0,0.08419777236608039,1
2024-03-29 02:00:00,121,0.0,0.0,0.04410175899837646,1
2024-03-22 09:00:00,117,1.0,3.0,1.1723527404066325,1
2024-03-28 20:00:00,23,0.0,0.0,0.011145859809139022,1
2024-03-20 07:00:00,119,1.0,3.0,1.2119852046030548,1
2024-03-22 00:00:00,225,0.0,1.0,0.4238701641292832,1
2024-03-22 10:00:00,236,244.0,325.0,306.3296359786892,1
2024-03-20 02:00:00,249,18.0,28.0,25.82769779377931,1
2024-03-19 20:00:00,101,0.0,0.0,0.062383675816926366,1
2024-03-26 01:00:00,66,0.0,0.0,0.12678396425600752,1
2024-03-31 23:00:00,17,1.0,0.0,1.6586520967658993,1
2024-03-28 05:00:00,19,0.0,0.0,0.18847482474027338,1
2024-03-31 05:00:00,244,1.0,5.0,1.274790483133883,1
2024-03-27 02:00:00,37,0.0,0.0,0.4527161480088685,1
2024-03-25 23:00:00,4,3.0,0.0,2.7327377722081656,1
2024-03-26 14:00:00,6,0.0,0.0,0.1141145848796924,1
2024-03-22 23:00:00,121,0.0,0.0,0.2556228805619331,1
2024-03-23 06:00:00,144,1.0,0.0,3.067392503445906,1
2024-03-26 11:00:00,243,1.0,0.0,2.1713922009917797,1
2024-03-28 00:00:00,13,5.0,1.0,3.009764980683739,1
2024-03-30 22:00:00,47,0.0,0.0,0.3318661317556187,1
2024-03-21 03:00:00,161,10.0,9.0,5.781744926824087,1
2024-03-23 15:00:00,190,1.0,0.0,0.13462955638023236,1
2024-03-24 01:00:00,102,0.0,0.0,0.05777743262520232,1
2024-03-30 22:00:00,219,5.0,1.0,0.8442300024370922,1
2024-03-31 13:00:00,101,0.0,0.0,0.10618389644005866,1
2024-03-31 02:00:00,225,1.0,0.0,0.3057203011695683,1
2024-03-30 23:00:00,25,5.0,11.0,7.279499420379191,1
2024-03-28 05:00:00,157,0.0,0.0,0.4641344856606219,1
2024-03-28 16:00:00,68,209.0,185.0,192.72528813293525,1
2024-03-19 18:00:00,193,4.0,7.0,5.616618823877591,1
2024-03-23 05:00:00,217,0.0,3.0,0.18801258618606323,1
2024-03-20 12:00:00,259,0.0,0.0,0.48814061792452845,1
2024-03-31 09:00:00,68,64.0,61.0,68.9082340664794,1
2024-03-30 14:00:00,213,0.0,0.0,0.7429421728028418,1
2024-03-25 09:00:00,186,236.0,249.0,206.23511173851787,1
2024-03-24 06:00:00,188,0.0,3.0,1.6115169448569169,1
2024-03-18 13:00:00,146,2.0,6.0,3.6466359796880545,1
2024-03-21 05:00:00,184,0.0,0.0,0.0112306525396106,1
2024-03-28 03:00:00,258,0.0,0.0,0.05865146611274322,1
2024-03-26 16:00:00,184,0.0,0.0,0.06109429965980248,1
2024-03-30 23:00:00,121,0.0,0.0,0.1591636561535017,1
2024-03-20 16:00:00,167,0.0,1.0,0.44865752227231986,1
2024-03-22 14:00:00,243,2.0,2.0,2.2262043181516398,1
2024-03-21 02:00:00,44,0.0,0.0,0.003840213274016555,1
2024-03-19 01:00:00,16,0.0,0.0,0.035536615179033254,1
2024-03-29 13:00:00,58,0.0,0.0,0.0146406943208722,1
2024-03-31 07:00:00,196,0.0,1.0,0.5381008089562066,1
2024-03-21 17:00:00,118,0.0,0.0,0.007478641228800446,1
2024-03-24 08:00:00,8,0.0,0.0,0.013409941739770167,1
2024-03-30 17:00:00,145,3.0,11.0,6.251319956359278,1
2024-03-18 23:00:00,175,0.0,0.0,0.08130733223765671,1
2024-03-28 16:00:00,93,3.0,1.0,0.9419956191814517,1
2024-03-28 07:00:00,11,0.0,0.0,0.3382962427070276,1
2024-03-20 12:00:00,90,79.0,76.0,84.51355738948273,1
2024-03-20 22:00:00,68,219.0,188.0,226.70789832609887,1
2024-03-31 11:00:00,126,0.0,1.0,0.4893906460206942,1
2024-03-19 06:00:00,36,0.0,0.0,0.3509021456285817,1
2024-03-30 20:00:00,75,58.0,46.0,34.13096190277031,1
2024-03-23 08:00:00,167,0.0,3.0,0.8636047016671131,1
2024-03-30 18:00:00,170,156.0,185.0,187.50165940354535,1
2024-03-28 14:00:00,220,1.0,0.0,0.3608382701926933,1
2024-03-28 23:00:00,153,0.0,0.0,0.0749250268079423,1
2024-03-27 06:00:00,84,0.0,0.0,0.003950806871459095,1
2024-03-28 15:00:00,240,0.0,0.0,0.10708373379092584,1
2024-03-26 15:00:00,30,0.0,0.0,0.006453393441244099,1
2024-03-20 15:00:00,205,1.0,1.0,0.8055043210265643,1
2024-03-31 15:00:00,96,0.0,0.0,0.01753037921062902,1
2024-03-26 23:00:00,180,0.0,0.0,0.13049002827359105,1
2024-03-20 13:00:00,255,1.0,0.0,1.1516689794209285,1
2024-03-28 18:00:00,108,0.0,0.0,0.15028311084828724,1
2024-03-21 04:00:00,223,0.0,0.0,0.5076404209138364,1
2024-03-31 04:00:00,93,0.0,0.0,0.5110629313188537,1
2024-03-29 22:00:00,111,0.0,0.0,0.0069475254506162825,1
2024-03-31 14:00:00,87,34.0,27.0,38.592137363562806,1
2024-03-27 16:00:00,102,0.0,0.0,0.20109419644583817,1
2024-03-26 07:00:00,94,1.0,1.0,0.34102311080135983,1
2024-03-30 01:00:00,243,0.0,0.0,0.3012497292356794,1
2024-03-21 14:00:00,68,171.0,208.0,184.5731634378433,1
2024-03-22 00:00:00,36,0.0,1.0,0.5160648930023852,1
2024-03-20 00:00:00,133,0.0,0.0,0.1071199382612175,1
2024-03-23 04:00:00,153,0.0,0.0,0.06699569516808056,1
2024-03-23 22:00:00,18,1.0,0.0,0.16465093582170887,1
2024-03-22 10:00:00,155,1.0,0.0,0.7329459428581274,1
2024-03-31 18:00:00,44,0.0,0.0,0.003912646549376946,1
2024-03-26 07:00:00,66,1.0,0.0,1.2164206416276542,1
2024-03-23 03:00:00,162,10.0,13.0,13.275483549901494,1
2024-03-26 08:00:00,78,3.0,1.0,1.0373073189800142,1
2024-03-18 03:00:00,115,0.0,0.0,0.0054184348916758605,1
2024-03-29 09:00:00,193,8.0,2.0,4.8961658568218995,1
2024-03-23 18:00:00,130,0.0,0.0,1.9723990109181695,1
2024-03-25 03:00:00,230,15.0,29.0,12.264238504150555,1
2024-03-23 09:00:00,190,0.0,0.0,0.11260364457668927,1
2024-03-21 23:00:00,9,0.0,0.0,0.059916736906928,1
2024-03-29 14:00:00,209,18.0,9.0,9.281678690020575,1
2024-03-19 22:00:00,152,2.0,2.0,1.9559734206842716,1
2024-03-29 00:00:00,214,0.0,0.0,0.010889008220950493,1
2024-03-30 20:00:00,113,165.0,95.0,117.33559056978585,1
2024-03-20 20:00:00,60,0.0,1.0,0.06322558196728537,1
2024-03-30 01:00:00,4,98.0,107.0,86.83458158250396,1
2024-03-27 22:00:00,45,12.0,11.0,12.101280639562104,1
2024-03-20 05:00:00,195,0.0,1.0,0.2552294458400364,1
2024-03-23 18:00:00,80,8.0,3.0,2.495649072222772,1
2024-03-20 10:00:00,153,0.0,0.0,0.12149793737169294,1
2024-03-25 00:00:00,98,0.0,0.0,0.05734021851771816,1
2024-03-29 19:00:00,18,0.0,1.0,0.16907144361761847,1
2024-03-26 00:00:00,82,1.0,0.0,0.4978114158280526,1
2024-03-24 22:00:00,167,0.0,0.0,0.23867271771706491,1
2024-03-31 13:00:00,37,3.0,1.0,1.943322032319429,1
2024-03-20 16:00:00,65,6.0,7.0,3.8361319150901405,1
2024-03-19 02:00:00,246,8.0,2.0,8.25114503075734,1
2024-03-25 02:00:00,257,0.0,0.0,0.04729355479176179,1
2024-03-20 02:00:00,64,0.0,0.0,0.029483845580685803,1
2024-03-27 06:00:00,140,33.0,41.0,41.34696937658893,1
2024-03-29 22:00:00,143,56.0,27.0,55.831207683106136,1
2024-03-30 01:00:00,14,0.0,0.0,0.5406728708309887,1
2024-03-22 17:00:00,10,2.0,2.0,2.8891575045525637,1
2024-03-29 04:00:00,155,0.0,0.0,0.2446614262492868,1
2024-03-23 04:00:00,14,1.0,1.0,0.5869915833994426,1
2024-03-30 23:00:00,40,0.0,1.0,1.8336642541784178,1
2024-03-24 03:00:00,235,0.0,0.0,0.1649526520086866,1
2024-03-25 19:00:00,88,20.0,11.0,22.192207923634943,1
2024-03-23 06:00:00,70,2.0,2.0,0.8846672080728993,1
2024-03-20 07:00:00,24,16.0,22.0,23.252063136257807,1
2024-03-19 11:00:00,152,6.0,4.0,3.4186843769966924,1
2024-03-27 10:00:00,112,1.0,0.0,0.7557498386239649,1
2024-03-29 20:00:00,17,0.0,0.0,1.868942946085422,1
2024-03-25 08:00:00,94,0.0,0.0,0.3248855858309402,1
2024-03-21 01:00:00,135,0.0,0.0,0.0464522816776825,1
2024-03-21 14:00:00,22,1.0,0.0,0.4364827737200268,1
2024-03-26 13:00:00,235,0.0,0.0,0.8781522932015939,1
2024-03-22 15:00:00,178,0.0,0.0,0.11911792625058097,1
2024-03-24 13:00:00,193,4.0,2.0,4.69348702689845,1
2024-03-24 04:00:00,126,0.0,0.0,0.1508251181744958,1
2024-03-24 19:00:00,9,0.0,0.0,0.06173682780060465,1
2024-03-23 11:00:00,90,107.0,74.0,97.33854674941186,1
2024-03-25 15:00:00,181,3.0,0.0,2.9054653474211993,1
2024-03-30 01:00:00,40,0.0,0.0,1.0227758346602966,1
2024-03-24 01:00:00,160,0.0,3.0,0.10833155834218985,1
2024-03-29 00:00:00,97,4.0,2.0,2.899804312264643,1
2024-03-19 03:00:00,111,0.0,0.0,0.0050827254443287515,1
2024-03-22 00:00:00,149,0.0,0.0,0.05937704873419329,1
2024-03-25 18:00:00,48,122.0,127.0,135.13041154497324,1
2024-03-24 09:00:00,89,2.0,0.0,1.6960019062397507,1
2024-03-30 18:00:00,91,1.0,0.0,0.446276762044899,1
2024-03-28 06:00:00,66,0.0,1.0,0.7017439596049756,1
2024-03-28 11:00:00,232,3.0,5.0,7.960706272056926,1
2024-03-18 05:00:00,219,1.0,3.0,0.5186586830170553,1
2024-03-21 23:00:00,61,0.0,0.0,1.127566880720927,1
2024-03-20 23:00:00,44,0.0,0.0,0.004039177520179096,1
2024-03-22 15:00:00,192,0.0,1.0,0.16452832443587648,1
2024-03-19 21:00:00,4,13.0,8.0,3.2341430735875236,1
2024-03-18 05:00:00,109,0.0,0.0,0.0038648642477949967,1
2024-03-27 23:00:00,113,97.0,66.0,111.91305054007616,1
2024-03-23 18:00:00,61,2.0,3.0,2.6861056848460403,1
2024-03-19 17:00:00,51,1.0,1.0,0.39346746618315825,1
2024-03-24 09:00:00,183,0.0,0.0,0.15058212205244695,1
2024-03-18 07:00:00,41,15.0,16.0,19.83219925208326,1
2024-03-24 10:00:00,240,0.0,0.0,0.06587562962347998,1
2024-03-28 10:00:00,30,0.0,0.0,0.006426552841671855,1
2024-03-29 11:00:00,191,0.0,4.0,1.2679171584469335,1
2024-03-26 13:00:00,41,18.0,15.0,13.896434868077067,1
2024-03-18 10:00:00,40,0.0,0.0,0.8776447360097158,1
2024-03-28 04:00:00,202,0.0,0.0,0.14231632301301395,1
2024-03-23 15:00:00,43,230.0,68.0,130.8499074465823,1
2024-03-28 08:00:00,239,246.0,236.0,231.36034436801413,1
2024-03-24 14:00:00,177,2.0,0.0,0.8755825018940042,1
2024-03-18 19:00:00,52,0.0,0.0,1.0213064443913311,1
2024-03-26 06:00:00,208,1.0,1.0,0.5207897279639947,1
2024-03-27 00:00:00,80,0.0,2.0,0.7171421457178857,1
2024-03-23 05:00:00,168,0.0,0.0,1.0161145688791402,1
2024-03-22 06:00:00,118,0.0,0.0,0.0067870180502608984,1
2024-03-19 22:00:00,124,0.0,0.0,0.20096426961830655,1
2024-03-30 19:00:00,241,0.0,1.0,0.15804168206019442,1
2024-03-26 18:00:00,73,0.0,0.0,0.06741267257334649,1
2024-03-31 10:00:00,198,1.0,2.0,0.7694945166389647,1
2024-03-24 03:00:00,27,0.0,0.0,0.007966618912698299,1
2024-03-25 04:00:00,71,1.0,1.0,0.41718351825893546,1
2024-03-31 19:00:00,174,0.0,0.0,0.16056147324219291,1
2024-03-19 16:00:00,54,1.0,0.0,0.1532241670664606,1
2024-03-28 02:00:00,42,1.0,1.0,0.5517880756942638,1
2024-03-30 03:00:00,218,0.0,0.0,0.11880511983136574,1
2024-03-27 03:00:00,132,28.0,16.0,19.44795814203135,1
2024-03-22 00:00:00,138,80.0,91.0,59.11371990604925,1
2024-03-22 14:00:00,106,1.0,1.0,0.48451342656702867,1
2024-03-28 12:00:00,78,1.0,0.0,0.7026358870304961,1
2024-03-27 07:00:00,163,63.0,63.0,64.81827549126778,1
2024-03-25 23:00:00,166,3.0,3.0,12.486760645854766,1
2024-03-19 21:00:00,109,0.0,0.0,0.0036803896939466055,1
2024-03-20 12:00:00,249,79.0,61.0,70.07236409174763,1
2024-03-29 18:00:00,236,362.0,351.0,349.1920357173375,1
2024-03-31 19:00:00,36,1.0,3.0,0.5456801183382217,1
2024-03-27 22:00:00,77,0.0,0.0,0.11684513579361082,1
2024-03-18 01:00:00,99,0.0,0.0,0.0034369305838737496,1
2024-03-31 16:00:00,222,0.0,0.0,0.44325340765999544,1
2024-03-27 13:00:00,112,1.0,2.0,0.9368343827035891,1
2024-03-19 06:00:00,213,6.0,2.0,1.8121554243409856,1
2024-03-25 09:00:00,6,0.0,0.0,0.1119495924913468,1
2024-03-22 22:00:00,181,14.0,2.0,4.314000966719621,1
2024-03-20 13:00:00,50,33.0,38.0,35.64999827602787,1
2024-03-24 13:00:00,118,0.0,0.0,0.007401123359513312,1
2024-03-19 16:00:00,173,0.0,0.0,0.13400973646067058,1
2024-03-21 20:00:00,21,0.0,0.0,0.0858247934776756,1
2024-03-25 21:00:00,55,0.0,0.0,0.10948268134314054,1
2024-03-25 10:00:00,234,94.0,107.0,88.45220344876357,1
2024-03-30 00:00:00,135,0.0,0.0,0.10292240225838771,1
2024-03-20 06:00:00,28,2.0,1.0,1.2916303511632075,1
2024-03-31 14:00:00,56,0.0,2.0,0.5404310881688575,1
2024-03-30 01:00:00,167,0.0,0.0,0.07900726698641253,1
2024-03-25 10:00:00,149,0.0,0.0,0.35054699221650715,1
2024-03-22 12:00:00,63,0.0,0.0,0.6111869662869582,1
2024-03-30 16:00:00,32,0.0,0.0,0.21236522662346805,1
2024-03-22 17:00:00,246,159.0,212.0,145.26417951633772,1
2024-03-31 17:00:00,185,0.0,0.0,0.16209674090990314,1
2024-03-27 14:00:00,84,0.0,0.0,0.004063470720222331,1
2024-03-29 16:00:00,174,0.0,0.0,0.35599846070806174,1
2024-03-27 05:00:00,119,1.0,0.0,0.447958865945051,1
2024-03-18 13:00:00,97,2.0,7.0,2.347642018506664,1
2024-03-26 04:00:00,23,0.0,0.0,0.008124255402343277,1
2024-03-19 16:00:00,174,0.0,1.0,0.3066350307435855,1
2024-03-26 03:00:00,213,0.0,0.0,0.0770470731169946,1
2024-03-23 22:00:00,66,4.0,6.0,2.9152732276138615,1
2024-03-29 07:00:00,208,0.0,2.0,0.5407633277241091,1
2024-03-30 06:00:00,27,0.0,0.0,0.008849363166312591,1
2024-03-28 00:00:00,125,8.0,7.0,14.794451254855089,1
2024-03-25 05:00:00,111,0.0,0.0,0.005758806762699973,1
2024-03-22 17:00:00,196,1.0,1.0,0.45425090243776967,1
2024-03-31 20:00:00,82,4.0,6.0,1.0222600923813312,1
2024-03-24 01:00:00,170,62.0,96.0,89.51425751289058,1
2024-03-23 20:00:00,243,4.0,3.0,1.7030765047301883,1
2024-03-26 12:00:00,212,0.0,0.0,0.5524850248495773,1
2024-03-29 06:00:00,218,0.0,2.0,2.529788183249442,1
2024-03-23 23:00:00,250,0.0,1.0,0.17634897136305053,1
2024-03-22 13:00:00,262,87.0,119.0,104.49294172414719,1
2024-03-31 17:00:00,85,1.0,0.0,0.8278570788065441,1
2024-03-18 08:00:00,21,2.0,1.0,0.3545925093569095,1
2024-03-25 10:00:00,200,0.0,0.0,0.2414002971351586,1
2024-03-20 19:00:00,174,0.0,0.0,0.13443021746872758,1
2024-03-23 14:00:00,71,1.0,0.0,0.8060272600667228,1
2024-03-30 17:00:00,84,0.0,0.0,0.004030813695050343,1
2024-03-19 19:00:00,83,1.0,0.0,0.2323680913944029,1
2024-03-20 23:00:00,131,0.0,0.0,0.10814411370034252,1
2024-03-21 11:00:00,145,7.0,18.0,8.675876601150625,1
2024-03-28 20:00:00,250,0.0,0.0,0.13989840719391167,1
2024-03-26 15:00:00,224,6.0,0.0,7.5016718726850575,1
2024-03-23 10:00:00,69,0.0,0.0,0.8681461199060613,1
2024-03-21 01:00:00,137,13.0,13.0,9.234199125457247,1
2024-03-30 01:00:00,235,0.0,2.0,0.1727569588645026,1
2024-03-25 08:00:00,2,0.0,0.0,0.006147016875876433,1
2024-03-31 04:00:00,2,0.0,0.0,0.003759035037925696,1
2024-03-19 22:00:00,242,0.0,0.0,0.12047092570489287,1
2024-03-28 17:00:00,60,1.0,0.0,0.19367258628521064,1
2024-03-21 15:00:00,171,0.0,0.0,0.14940347195508635,1
2024-03-27 12:00:00,17,2.0,1.0,1.8895477208009146,1
2024-03-27 22:00:00,237,152.0,192.0,264.2851886049941,1
2024-03-20 14:00:00,44,0.0,0.0,0.00458498377348937,1
2024-03-22 07:00:00,98,0.0,0.0,0.19807767856555644,1
2024-03-28 09:00:00,185,0.0,0.0,0.45571665102349707,1
2024-03-31 02:00:00,257,0.0,0.0,0.07124658622956963,1
2024-03-27 19:00:00,173,0.0,0.0,0.08671376903582463,1
2024-03-22 13:00:00,73,0.0,0.0,0.1078068359180993,1
2024-03-30 11:00:00,202,1.0,1.0,0.28418099727035456,1
2024-03-21 16:00:00,19,1.0,1.0,0.2710418253314713,1
2024-03-24 04:00:00,257,0.0,0.0,0.11598296719056177,1
2024-03-19 03:00:00,114,1.0,2.0,3.2582942340109793,1
2024-03-23 13:00:00,89,2.0,1.0,1.9201312525791214,1
2024-03-24 00:00:00,224,25.0,23.0,14.201292641396217,1
2024-03-23 19:00:00,242,1.0,0.0,0.1743210763484435,1
2024-03-20 13:00:00,210,0.0,0.0,0.8478466170347697,1
2024-03-20 17:00:00,55,1.0,0.0,0.6234309916543286,1
2024-03-31 02:00:00,239,12.0,10.0,22.571031724100017,1
2024-03-25 12:00:00,176,0.0,0.0,0.005733038923809371,1
2024-03-28 13:00:00,169,1.0,0.0,0.6486684997801802,1
2024-03-27 06:00:00,134,1.0,1.0,0.5779156874262955,1
2024-03-21 19:00:00,228,1.0,2.0,0.46739593178412725,1
2024-03-31 17:00:00,178,0.0,0.0,0.07077696211466343,1
2024-03-26 18:00:00,109,0.0,0.0,0.004028529218140276,1
2024-03-31 03:00:00,221,0.0,0.0,0.005979451781544587,1
2024-03-27 14:00:00,144,54.0,47.0,56.83129116539867,1
2024-03-30 11:00:00,101,0.0,0.0,0.08839449411657153,1
2024-03-21 13:00:00,85,1.0,0.0,0.8481947506329713,1
2024-03-26 18:00:00,149,0.0,0.0,0.13482780536197542,1
2024-03-24 17:00:00,84,0.0,0.0,0.003994421435955646,1
2024-03-22 22:00:00,237,213.0,253.0,230.16121629467446,1
2024-03-21 08:00:00,43,70.0,90.0,77.53967498415851,1
2024-03-19 10:00:00,147,0.0,1.0,0.4116007296255486,1
2024-03-26 07:00:00,47,1.0,1.0,0.9432506573938814,1
2024-03-28 12:00:00,229,147.0,135.0,136.10205279428257,1
2024-03-20 12:00:00,30,0.0,0.0,0.012128590756047147,1
2024-03-27 23:00:00,262,15.0,14.0,11.301371701801587,1
2024-03-23 15:00:00,29,0.0,0.0,0.31599596041122874,1
2024-03-21 18:00:00,50,34.0,63.0,51.415022638235705,1
2024-03-22 18:00:00,44,0.0,0.0,0.004510230494269051,1
2024-03-19 23:00:00,86,0.0,0.0,0.13149438042786182,1
2024-03-24 10:00:00,80,5.0,3.0,1.7546230647443593,1
2024-03-28 14:00:00,60,1.0,0.0,0.3090560402661884,1
2024-03-26 11:00:00,51,1.0,2.0,1.0135912276422476,1
2024-03-20 23:00:00,256,0.0,3.0,4.077190776519288,1
2024-03-31 18:00:00,39,3.0,2.0,1.0653764937321548,1
2024-03-23 05:00:00,203,0.0,1.0,0.29568149910688674,1
2024-03-20 18:00:00,163,343.0,349.0,330.442422257519,1
2024-03-18 09:00:00,66,2.0,2.0,2.2542295021640193,1
2024-03-20 00:00:00,123,0.0,0.0,0.10674218985829426,1
2024-03-30 15:00:00,123,2.0,1.0,0.24672037102268743,1
2024-03-28 05:00:00,152,0.0,3.0,0.9893115888118195,1
2024-03-19 22:00:00,165,0.0,0.0,0.175952042387666,1
2024-03-28 14:00:00,239,294.0,195.0,227.92654713360204,1
2024-03-25 02:00:00,166,1.0,0.0,1.7655888182387203,1
2024-03-31 05:00:00,115,0.0,0.0,0.004182974160810543,1
2024-03-29 12:00:00,246,119.0,85.0,102.49623594640671,1
2024-03-29 14:00:00,254,2.0,1.0,0.7442850104737608,1
2024-03-24 23:00:00,138,289.0,279.0,195.30318689227897,1
2024-03-27 00:00:00,85,0.0,0.0,0.1084271815227263,1
2024-03-31 17:00:00,72,0.0,0.0,0.5814642240658059,1
2024-03-18 18:00:00,187,0.0,0.0,0.00806237764031224,1
2024-03-21 15:00:00,3,1.0,1.0,0.24868240614767365,1
2024-03-21 07:00:00,27,0.0,0.0,0.00981738455194478,1
2024-03-23 16:00:00,229,90.0,124.0,125.62673112567103,1
2024-03-25 11:00:00,161,247.0,247.0,215.2956532901022,1
2024-03-26 10:00:00,114,31.0,38.0,30.094540986226974,1
2024-03-22 18:00:00,168,3.0,5.0,2.5373013659174837,1
2024-03-30 15:00:00,253,0.0,0.0,0.015638953292933185,1
2024-03-23 13:00:00,166,38.0,43.0,41.598201573444115,1
2024-03-30 08:00:00,263,42.0,39.0,73.24406859196691,1
2024-03-23 08:00:00,105,0.0,0.0,0.003898393835875985,1
2024-03-23 04:00:00,155,0.0,0.0,0.21239525392688047,1
2024-03-18 15:00:00,140,187.0,214.0,196.71577705536586,1
2024-03-26 12:00:00,213,2.0,0.0,0.9260553468719943,1
2024-03-18 14:00:00,33,3.0,3.0,4.122296479441381,1
2024-03-26 09:00:00,46,0.0,0.0,0.0266127202596115,1
2024-03-24 16:00:00,119,0.0,0.0,0.4422201908821987,1
2024-03-26 23:00:00,28,0.0,0.0,0.6407301764427865,1
2024-03-27 11:00:00,188,4.0,0.0,2.134257082981136,1
2024-03-30 15:00:00,28,0.0,1.0,0.6780360329115164,1
2024-03-26 21:00:00,114,172.0,153.0,105.37079691858617,1
2024-03-23 21:00:00,74,15.0,18.0,13.928271643963031,1
2024-03-21 22:00:00,46,0.0,0.0,0.022892642518090554,1
2024-03-31 05:00:00,36,5.0,5.0,1.9759126596780714,1
2024-03-18 01:00:00,122,0.0,0.0,0.03591274715430094,1
2024-03-30 08:00:00,113,21.0,27.0,23.566067428663604,1
2024-03-26 08:00:00,76,6.0,7.0,5.719429397060351,1
2024-03-21 20:00:00,161,650.0,547.0,577.5741271504879,1
2024-03-22 14:00:00,156,0.0,0.0,0.004102170456288255,1
2024-03-28 21:00:00,151,50.0,19.0,38.524440466733786,1
2024-03-27 21:00:00,223,0.0,2.0,0.9335463879859107,1
2024-03-29 01:00:00,20,0.0,0.0,0.04824900670836616,1
2024-03-31 22:00:00,196,0.0,0.0,0.39016690609371596,1
2024-03-30 12:00:00,131,0.0,0.0,0.30226211108597195,1
2024-03-28 20:00:00,161,370.0,650.0,368.0107534669578,1
2024-03-20 06:00:00,27,0.0,0.0,0.009040435825705923,1
2024-03-25 19:00:00,81,0.0,0.0,0.10767207026994055,1
2024-03-26 23:00:00,91,0.0,0.0,0.3673282511389536,1
2024-03-22 05:00:00,107,23.0,19.0,13.696344507612705,1
2024-03-31 13:00:00,127,0.0,0.0,0.7635674414214303,1
2024-03-25 19:00:00,244,2.0,2.0,4.025798951027089,1
2024-03-31 01:00:00,34,0.0,0.0,0.05746119295049108,1
2024-03-28 20:00:00,214,0.0,0.0,0.010381144357548815,1
2024-03-30 09:00:00,71,0.0,0.0,1.3930640673874897,1
2024-03-24 22:00:00,207,0.0,0.0,0.057271840213879766,1
2024-03-24 08:00:00,218,3.0,1.0,1.088763378398903,1
2024-03-28 16:00:00,95,1.0,0.0,1.2739366789969306,1
2024-03-25 19:00:00,249,86.0,99.0,60.23007262466097,1
2024-03-27 00:00:00,49,0.0,1.0,0.485264828768606,1
2024-03-23 05:00:00,25,0.0,2.0,0.6712091277684493,1
2024-03-19 16:00:00,122,0.0,0.0,0.12257072134687923,1
2024-03-22 06:00:00,23,0.0,0.0,0.009353088544213694,1
2024-03-28 22:00:00,115,0.0,0.0,0.0052133371615412155,1
2024-03-27 10:00:00,90,79.0,70.0,86.19419797338433,1
2024-03-22 22:00:00,56,0.0,0.0,0.25319864331519704,1
2024-03-30 16:00:00,35,0.0,2.0,0.9054376262754685,1
2024-03-24 19:00:00,256,30.0,6.0,4.239191544108923,1
2024-03-30 13:00:00,63,0.0,0.0,0.2775881060455125,1
2024-03-21 15:00:00,65,8.0,7.0,4.382701566738318,1
2024-03-24 15:00:00,105,0.0,0.0,0.003950667671245283,1
2024-03-31 03:00:00,133,1.0,1.0,0.186492845236004,1
2024-03-18 17:00:00,114,40.0,45.0,40.90817898661759,1
2024-03-29 12:00:00,240,0.0,0.0,0.08599441696614052,1
2024-03-19 17:00:00,23,0.0,0.0,0.012893100266609177,1
2024-03-30 23:00:00,261,21.0,21.0,21.987125422465674,1
2024-03-29 13:00:00,199,0.0,0.0,0.004454111865007175,1
2024-03-27 13:00:00,93,0.0,1.0,0.6611563896477144,1
2024-03-19 17:00:00,167,0.0,0.0,0.37641753110589365,1
2024-03-20 13:00:00,234,145.0,185.0,181.8769041332738,1
2024-03-19 11:00:00,127,2.0,1.0,0.7110214256092601,1
2024-03-27 07:00:00,146,3.0,3.0,3.837793337132182,1
2024-03-24 23:00:00,80,4.0,0.0,5.398105429103269,1
2024-03-19 08:00:00,226,6.0,7.0,5.85875084942259,1
2024-03-24 01:00:00,259,0.0,0.0,0.04603709749966588,1
2024-03-25 21:00:00,164,158.0,132.0,138.68637530529904,1
2024-03-19 00:00:00,51,0.0,0.0,0.18888555333215287,1
2024-03-30 06:00:00,124,0.0,0.0,0.15283997606471128,1
2024-03-27 13:00:00,10,3.0,4.0,2.1229722299826452,1
2024-03-24 09:00:00,23,0.0,0.0,0.010088461892015396,1
2024-03-23 01:00:00,64,0.0,0.0,0.057372509261368616,1
2024-03-30 15:00:00,217,0.0,1.0,0.292753491520732,1
2024-03-31 12:00:00,228,0.0,1.0,0.5462135533262958,1
2024-03-31 21:00:00,64,0.0,0.0,0.06637935453195101,1
2024-03-24 12:00:00,161,202.0,238.0,243.82190696022462,1
2024-03-31 00:00:00,129,1.0,2.0,1.2053380991102434,1
2024-03-25 17:00:00,171,1.0,0.0,0.13993700113151214,1
2024-03-29 10:00:00,169,2.0,0.0,0.6721775285506324,1
2024-03-24 02:00:00,172,0.0,0.0,0.006063522110895621,1
2024-03-31 22:00:00,167,0.0,0.0,0.45968789137852323,1
2024-03-27 06:00:00,20,0.0,0.0,0.4741465483285795,1
2024-03-19 00:00:00,75,6.0,8.0,4.351599417131224,1
2024-03-21 14:00:00,38,0.0,0.0,0.2710020376366313,1
2024-03-30 03:00:00,71,0.0,0.0,0.14029402378349343,1
2024-03-19 07:00:00,184,0.0,0.0,0.010398599188805811,1
2024-03-30 22:00:00,253,0.0,0.0,0.01480272873208978,1
2024-03-20 00:00:00,22,0.0,0.0,0.05873394476571245,1
2024-03-29 23:00:00,224,21.0,14.0,10.43346913501332,1
2024-03-25 05:00:00,77,0.0,0.0,0.4602731538428381,1
2024-03-21 19:00:00,185,0.0,0.0,0.0951381725543105,1
2024-03-27 07:00:00,199,0.0,0.0,0.004431929796816225,1
2024-03-31 08:00:00,141,52.0,58.0,61.490439587174535,1
2024-03-20 16:00:00,40,0.0,0.0,0.7964409685755524,1
2024-03-18 07:00:00,18,1.0,0.0,0.7043511341809571,1
2024-03-31 20:00:00,150,0.0,0.0,0.06839051901786589,1
2024-03-19 21:00:00,246,154.0,143.0,126.17389588743804,1
2024-03-24 12:00:00,175,0.0,0.0,0.11561233569785626,1
2024-03-29 23:00:00,76,1.0,0.0,1.6307667742321088,1
2024-03-28 04:00:00,74,2.0,3.0,1.992072685652822,1
2024-03-21 08:00:00,57,0.0,0.0,0.016605594476937956,1
2024-03-27 01:00:00,226,2.0,0.0,1.2361640227218738,1
2024-03-31 08:00:00,72,2.0,4.0,1.730157611022377,1
2024-03-21 11:00:00,37,2.0,2.0,1.0042986267640368,1
2024-03-24 01:00:00,77,0.0,0.0,0.06384918517351809,1
2024-03-25 00:00:00,64,0.0,0.0,0.06826091373805927,1
2024-03-23 14:00:00,79,189.0,126.0,155.62294898224067,1
2024-03-26 14:00:00,91,2.0,0.0,1.268540516051034,1
2024-03-19 13:00:00,42,8.0,8.0,9.36322088317841,1
2024-03-21 05:00:00,84,0.0,0.0,0.0038420951411653865,1
2024-03-26 10:00:00,218,0.0,0.0,0.8898404943074532,1
2024-03-25 11:00:00,107,80.0,88.0,90.68796640892741,1
2024-03-24 02:00:00,47,0.0,0.0,0.058697959363668784,1
2024-03-21 01:00:00,96,0.0,0.0,0.02276701467610214,1
2024-03-27 18:00:00,194,1.0,0.0,0.2390759080158038,1
2024-03-30 07:00:00,156,0.0,0.0,0.003658429520265821,1
2024-03-30 09:00:00,262,88.0,96.0,96.71985358503822,1
2024-03-28 16:00:00,61,4.0,3.0,2.918143565706749,1
2024-03-25 09:00:00,255,0.0,0.0,1.2123639430759485,1
2024-03-30 11:00:00,52,0.0,1.0,1.1675283066449451,1
2024-03-18 06:00:00,9,0.0,0.0,0.11783900741885507,1
2024-03-19 09:00:00,9,0.0,0.0,0.11985586814229099,1
2024-03-28 22:00:00,96,0.0,0.0,0.021215655661486806,1
2024-03-26 17:00:00,4,5.0,3.0,2.943038872687151,1
2024-03-29 09:00:00,130,1.0,0.0,1.8008948208878857,1
2024-03-21 21:00:00,167,0.0,0.0,0.1600423329602001,1
2024-03-25 17:00:00,99,0.0,0.0,0.003979868531048933,1
2024-03-29 02:00:00,50,21.0,3.0,6.448553005849174,1
2024-03-25 12:00:00,178,0.0,0.0,0.13616974508374843,1
2024-03-26 14:00:00,105,0.0,0.0,0.004065324334712906,1
2024-03-20 11:00:00,190,0.0,0.0,0.13157283892970031,1
2024-03-20 02:00:00,191,1.0,0.0,0.06347426027536228,1
2024-03-22 10:00:00,89,1.0,2.0,2.694425407411575,1
2024-03-30 01:00:00,69,0.0,0.0,0.1759555723873123,1
2024-03-19 18:00:00,75,33.0,52.0,46.114294538790524,1
2024-03-28 05:00:00,83,1.0,0.0,0.303379905782394,1
2024-03-27 02:00:00,85,0.0,0.0,0.04670975520574135,1
2024-03-31 08:00:00,131,0.0,2.0,0.39593345834131033,1
2024-03-26 03:00:00,194,0.0,0.0,0.06916141978721803,1
2024-03-18 03:00:00,132,21.0,58.0,39.80319583736176,1
2024-03-20 22:00:00,197,0.0,1.0,0.5535774240032455,1
2024-03-31 17:00:00,193,0.0,2.0,3.518688560682513,1
2024-03-24 10:00:00,201,1.0,0.0,0.17559586412385794,1
2024-03-20 15:00:00,138,252.0,327.0,243.33843953908058,1
2024-03-21 03:00:00,256,0.0,1.0,0.20937569340785217,1
2024-03-30 06:00:00,102,1.0,0.0,0.24072089103035454,1
2024-03-18 07:00:00,180,2.0,1.0,0.27839085020893256,1
2024-03-25 17:00:00,232,3.0,2.0,6.218560217318502,1
2024-03-21 06:00:00,192,0.0,0.0,0.132568745812487,1
2024-03-28 17:00:00,231,150.0,150.0,134.06858621353993,1
2024-03-27 12:00:00,94,0.0,0.0,0.3933832239498323,1
2024-03-18 15:00:00,234,152.0,143.0,142.01808362442247,1
2024-03-29 10:00:00,245,0.0,0.0,0.007278793426043519,1
2024-03-28 18:00:00,137,122.0,99.0,129.9431707189663,1
2024-03-21 11:00:00,138,225.0,286.0,216.13704059674689,1
2024-03-29 11:00:00,130,2.0,4.0,1.7100763048330303,1
2024-03-18 10:00:00,131,0.0,1.0,0.42430101128630365,1
2024-03-28 21:00:00,212,0.0,0.0,0.12976803016760644,1
2024-03-26 12:00:00,21,0.0,1.0,0.38875689877036657,1
2024-03-27 11:00:00,204,0.0,0.0,0.003915131143549992,1
2024-03-25 08:00:00,65,6.0,4.0,4.163390497135829,1
2024-03-27 03:00:00,109,0.0,0.0,0.003625009273123652,1
2024-03-18 14:00:00,4,5.0,0.0,4.386875232635944,1
2024-03-29 07:00:00,212,0.0,0.0,0.9295648579082267,1
2024-03-30 17:00:00,100,80.0,106.0,114.52953547662794,1
2024-03-26 12:00:00,101,0.0,0.0,0.11786539588811856,1
2024-03-22 21:00:00,170,180.0,207.0,220.37814000337423,1
2024-03-27 06:00:00,185,2.0,0.0,0.40928910669843926,1
2024-03-30 19:00:00,150,2.0,0.0,0.07584835132610349,1
2024-03-28 03:00:00,262,0.0,0.0,2.0457022902309765,1
2024-03-20 08:00:00,22,0.0,0.0,0.7013923056261661,1
2024-03-18 19:00:00,182,0.0,0.0,0.1660997720028122,1
2024-03-28 10:00:00,164,113.0,105.0,109.87358081467022,1
2024-03-30 22:00:00,187,0.0,0.0,0.007828763494609217,1
2024-03-31 18:00:00,15,0.0,0.0,0.07451424898527834,1
2024-03-27 06:00:00,127,1.0,0.0,0.5369000949120081,1
2024-03-24 14:00:00,99,0.0,0.0,0.004043474054516401,1
2024-03-26 07:00:00,124,0.0,2.0,0.4357698535289818,1
2024-03-18 17:00:00,198,0.0,0.0,0.30877664346308165,1
2024-03-27 18:00:00,229,180.0,162.0,175.69085043954934,1
2024-03-31 22:00:00,242,1.0,1.0,0.11607581325542861,1
2024-03-22 05:00:00,265,1.0,1.0,1.5837373370099768,1
2024-03-21 07:00:00,74,27.0,27.0,22.545979475362184,1
2024-03-23 20:00:00,238,145.0,117.0,96.99314275375271,1
2024-03-25 06:00:00,49,1.0,0.0,0.9560657002392232,1
2024-03-31 06:00:00,47,1.0,1.0,0.451941342426548,1
2024-03-20 21:00:00,251,0.0,0.0,0.0054629936650499745,1
2024-03-20 09:00:00,87,21.0,21.0,26.153836743469604,1
2024-03-24 22:00:00,151,17.0,10.0,22.135527093350408,1
2024-03-29 23:00:00,207,0.0,0.0,0.13976510495448186,1
2024-03-27 03:00:00,35,0.0,0.0,0.12081922409898076,1
2024-03-26 04:00:00,64,0.0,0.0,0.04447397851454119,1
2024-03-26 23:00:00,115,0.0,0.0,0.005054471951938349,1
2024-03-24 04:00:00,139,0.0,0.0,0.13666891360407807,1
2024-03-19 09:00:00,166,26.0,21.0,27.245605765924154,1
2024-03-22 07:00:00,35,5.0,2.0,3.6148211538508543,1
2024-03-21 10:00:00,132,122.0,104.0,128.9076730457757,1
2024-03-25 08:00:00,5,0.0,0.0,0.004089173978451394,1
2024-03-24 14:00:00,77,1.0,1.0,0.37808807653613535,1
2024-03-29 23:00:00,195,1.0,0.0,0.365898037376551,1
2024-03-19 00:00:00,245,0.0,0.0,0.006789029383902194,1
2024-03-28 07:00:00,178,0.0,0.0,0.1949901668200558,1
2024-03-31 17:00:00,173,0.0,0.0,0.21758110107899045,1
2024-03-31 22:00:00,101,0.0,0.0,0.07537939078820304,1
2024-03-24 08:00:00,109,0.0,0.0,0.004001761615638367,1
2024-03-23 07:00:00,46,0.0,0.0,0.02297714466076644,1
2024-03-24 03:00:00,29,0.0,0.0,0.06360758530610705,1
2024-03-21 03:00:00,130,0.0,0.0,0.4919017334874881,1
2024-03-31 23:00:00,123,0.0,0.0,0.1278731374699924,1
2024-03-23 11:00:00,146,4.0,7.0,4.4283130361005645,1
2024-03-28 16:00:00,201,0.0,0.0,0.18068997885198995,1
2024-03-19 03:00:00,146,1.0,0.0,0.3479017171948014,1
2024-03-27 22:00:00,217,0.0,0.0,0.23670087232643253,1
2024-03-31 01:00:00,1,0.0,0.0,0.07856404188371241,1
2024-03-23 22:00:00,68,143.0,243.0,178.78416950351556,1
2024-03-28 00:00:00,102,0.0,0.0,0.06590908556253862,1
2024-03-21 19:00:00,118,0.0,0.0,0.006571305351562389,1
2024-03-22 03:00:00,219,0.0,0.0,0.2265119845484306,1
2024-03-19 10:00:00,13,22.0,38.0,34.91859778488386,1
2024-03-27 00:00:00,106,1.0,0.0,0.3199457389944868,1
2024-03-24 12:00:00,117,0.0,2.0,0.4955704118797266,1
2024-03-22 12:00:00,12,3.0,1.0,1.7814658584277292,1
2024-03-30 18:00:00,16,0.0,0.0,0.11527936625496865,1
2024-03-30 03:00:00,75,5.0,2.0,2.6604450482614097,1
2024-03-31 09:00:00,159,3.0,2.0,0.6556125592022827,1
2024-03-21 11:00:00,220,2.0,0.0,0.42045302393058825,1
2024-03-31 00:00:00,148,318.0,370.0,383.612873780326,1
2024-03-27 16:00:00,165,0.0,0.0,0.9393100275853585,1
2024-03-22 12:00:00,193,8.0,9.0,7.974042768884663,1
2024-03-27 21:00:00,115,0.0,0.0,0.0049093465791499764,1
2024-03-31 13:00:00,221,1.0,0.0,0.007513218115992595,1
2024-03-24 16:00:00,197,0.0,0.0,1.254028221389312,1
2024-03-26 07:00:00,3,0.0,0.0,0.4705098259053703,1
2024-03-30 02:00:00,189,0.0,0.0,0.2605775467718846,1
2024-03-25 11:00:00,97,4.0,2.0,3.0902289627184474,1
2024-03-23 15:00:00,90,171.0,126.0,123.86800185858046,1
2024-03-25 13:00:00,121,0.0,2.0,0.5783998882549506,1
2024-03-18 09:00:00,222,1.0,2.0,1.1901843198480362,1
2024-03-23 13:00:00,177,4.0,1.0,1.0840870746847688,1
2024-03-19 04:00:00,39,1.0,0.0,0.852785707407104,1
2024-03-23 10:00:00,12,1.0,0.0,0.9870215344680472,1
2024-03-27 22:00:00,231,122.0,112.0,124.40364579751555,1
2024-03-21 04:00:00,264,2.0,3.0,2.5032274397673757,1
2024-03-30 22:00:00,202,0.0,1.0,0.2827397940677134,1
2024-03-23 08:00:00,68,45.0,60.0,63.219892633690094,1
2024-03-21 19:00:00,27,0.0,0.0,0.00929796236625572,1
2024-03-30 16:00:00,228,0.0,1.0,0.43906422753343743,1
2024-03-20 16:00:00,179,0.0,0.0,1.8584900099567279,1
2024-03-28 09:00:00,70,34.0,30.0,26.293957216179237,1
2024-03-31 12:00:00,212,0.0,2.0,0.39259260910120963,1
2024-03-29 01:00:00,191,0.0,0.0,0.12160705270123096,1
2024-03-18 22:00:00,212,0.0,0.0,0.10456467061908274,1
2024-03-30 08:00:00,224,4.0,8.0,9.057654053279437,1
2024-03-20 21:00:00,228,0.0,0.0,0.37994764429496,1
2024-03-21 14:00:00,27,0.0,0.0,0.009736681594032959,1
2024-03-24 01:00:00,94,0.0,0.0,0.043259921144512666,1
2024-03-18 15:00:00,48,101.0,99.0,88.51692255090965,1
2024-03-24 17:00:00,11,0.0,0.0,0.0845376812679689,1
2024-03-23 20:00:00,109,0.0,0.0,0.0037777885380670235,1
2024-03-28 03:00:00,27,0.0,0.0,0.007881006051248713,1
2024-03-20 14:00:00,5,0.0,0.0,0.004063470720222331,1
2024-03-24 22:00:00,125,22.0,16.0,23.35370098108585,1
2024-03-26 07:00:00,251,0.0,0.0,0.006289839942704348,1
2024-03-20 07:00:00,139,0.0,2.0,0.6999339135696502,1
2024-03-19 05:00:00,241,0.0,1.0,0.4239971303727749,1
2024-03-19 20:00:00,227,0.0,0.0,0.0693574763297123,1
2024-03-31 21:00:00,84,0.0,0.0,0.005034048705033074,1
2024-03-28 09:00:00,115,0.0,0.0,0.005330478014058863,1
2024-03-25 02:00:00,217,0.0,0.0,0.07813648296844378,1
2024-03-25 21:00:00,200,0.0,1.0,0.0697751883627871,1
2024-03-29 04:00:00,84,0.0,0.0,0.003965659792565151,1
2024-03-31 15:00:00,49,0.0,0.0,1.4955374512034436,1
2024-03-21 20:00:00,210,1.0,0.0,0.1288957035749126,1
2024-03-30 21:00:00,180,0.0,0.0,0.08907355765091052,1
2024-03-29 15:00:00,51,1.0,1.0,0.521673607322915,1
2024-03-25 04:00:00,181,0.0,1.0,0.5353611559842038,1
2024-03-24 18:00:00,193,1.0,0.0,1.807488519150129,1
2024-03-24 03:00:00,177,1.0,0.0,0.19167467844685288,1
2024-03-27 16:00:00,250,0.0,0.0,0.4513076231267882,1
2024-03-19 20:00:00,237,325.0,338.0,304.46071253256525,1
2024-03-18 02:00:00,206,0.0,0.0,0.004215649487480755,1
2024-03-18 07:00:00,16,0.0,0.0,0.12168802310814938,1
2024-03-29 21:00:00,6,0.0,0.0,0.05378774561649133,1
2024-03-25 06:00:00,38,2.0,2.0,0.5343091280144624,1
2024-03-18 04:00:00,113,4.0,3.0,1.9166771349324971,1
2024-03-29 11:00:00,163,130.0,194.0,172.8721115471987,1
2024-03-23 13:00:00,33,8.0,5.0,4.662527797926105,1
2024-03-31 13:00:00,116,11.0,5.0,7.497650662278748,1
2024-03-27 01:00:00,82,0.0,0.0,0.34160051762132265,1
2024-03-18 19:00:00,197,1.0,1.0,1.1520228643129526,1
2024-03-25 02:00:00,16,0.0,0.0,0.03734877171530447,1
2024-03-26 15:00:00,157,0.0,0.0,0.6236251510905557,1
2024-03-26 23:00:00,138,210.0,210.0,154.593963434953,1
2024-03-29 01:00:00,84,0.0,0.0,0.0037272730509841276,1
2024-03-26 09:00:00,199,0.0,0.0,0.004468717285651157,1
2024-03-31 15:00:00,230,179.0,180.0,178.75107585245811,1
2024-03-21 17:00:00,112,0.0,1.0,1.3247905045318473,1
2024-03-31 13:00:00,119,0.0,2.0,0.8377673872503545,1
2024-03-27 02:00:00,19,0.0,0.0,0.04738364857228556,1
2024-03-21 12:00:00,21,1.0,0.0,0.40578222039249656,1
2024-03-26 11:00:00,178,0.0,0.0,0.14241051185235698,1
2024-03-20 16:00:00,158,59.0,45.0,46.765913937871304,1
2024-03-23 07:00:00,41,5.0,9.0,13.17107695727442,1
2024-03-22 06:00:00,229,26.0,21.0,46.27418368826076,1
2024-03-18 23:00:00,187,0.0,0.0,0.00750779466717,1
2024-03-27 08:00:00,130,2.0,0.0,2.6584633248792553,1
2024-03-29 14:00:00,36,0.0,0.0,0.47355758825852023,1
2024-03-24 16:00:00,185,0.0,0.0,0.19086184945064097,1
2024-03-26 07:00:00,97,0.0,1.0,3.7215351682404436,1
2024-03-19 17:00:00,87,46.0,42.0,45.12392155291908,1
2024-03-18 07:00:00,88,2.0,4.0,3.9530461433465285,1
2024-03-19 03:00:00,256,0.0,0.0,0.4473298851353434,1
2024-03-26 12:00:00,165,1.0,2.0,1.0661595834385502,1
2024-03-26 04:00:00,155,0.0,0.0,0.20162562695537317,1
2024-03-28 20:00:00,157,0.0,0.0,0.3235186440441377,1
2024-03-30 04:00:00,19,0.0,0.0,0.08776658971155334,1
2024-03-19 17:00:00,256,2.0,0.0,1.211075079844074,1
2024-03-23 17:00:00,195,3.0,4.0,0.3916208674181797,1
2024-03-28 20:00:00,163,267.0,326.0,225.08850372827584,1
2024-03-27 09:00:00,160,0.0,0.0,0.4134151082454627,1
2024-03-29 21:00:00,137,83.0,75.0,94.80654409964784,1
2024-03-30 09:00:00,63,0.0,1.0,0.3993553514350574,1
2024-03-28 00:00:00,174,0.0,0.0,0.06326228757981309,1
2024-03-20 07:00:00,13,34.0,22.0,24.865519252243093,1
2024-03-25 23:00:00,14,0.0,0.0,0.45639971277566627,1
2024-03-29 06:00:00,219,2.0,1.0,0.8026878947356977,1
2024-03-29 07:00:00,265,1.0,1.0,3.487082205582571,1
2024-03-20 16:00:00,83,1.0,0.0,0.3406967603949267,1
2024-03-23 01:00:00,41,2.0,1.0,4.448070235037042,1
2024-03-21 07:00:00,229,104.0,107.0,104.44345238682239,1
2024-03-25 19:00:00,34,0.0,1.0,0.12708772583794553,1
2024-03-25 06:00:00,201,1.0,1.0,0.29744620898077523,1
2024-03-30 21:00:00,214,0.0,0.0,0.009519849049081066,1
2024-03-29 15:00:00,69,2.0,1.0,0.739030065743071,1
2024-03-23 05:00:00,126,1.0,0.0,0.15748466604474198,1
2024-03-25 12:00:00,30,0.0,0.0,0.00642381287875363,1
2024-03-22 08:00:00,137,59.0,55.0,59.411932176525994,1
2024-03-26 00:00:00,150,0.0,0.0,0.05163440861537416,1
2024-03-29 04:00:00,169,0.0,0.0,0.17749792803392506,1
2024-03-24 13:00:00,212,1.0,1.0,0.3831912540249761,1
2024-03-18 05:00:00,217,0.0,1.0,0.20239397862350014,1
2024-03-19 23:00:00,82,2.0,1.0,0.6698093341498517,1
2024-03-26 02:00:00,42,1.0,0.0,0.4452897292115001,1
2024-03-21 15:00:00,135,0.0,0.0,0.21727224048712185,1
2024-03-20 23:00:00,205,0.0,0.0,0.2553877834391417,1
2024-03-18 16:00:00,128,0.0,0.0,0.07237633592837044,1
2024-03-25 15:00:00,202,0.0,1.0,0.3996786261675953,1
2024-03-31 15:00:00,93,0.0,2.0,1.3424150404700583,1
2024-03-26 04:00:00,231,1.0,3.0,1.992879762090059,1
2024-03-27 16:00:00,247,1.0,2.0,0.8288596027004365,1
2024-03-19 10:00:00,187,0.0,0.0,0.008365483400333038,1
2024-03-26 23:00:00,219,0.0,0.0,0.5691324732955056,1
2024-03-26 11:00:00,9,0.0,0.0,0.16480829389098126,1
2024-03-28 13:00:00,1,2.0,1.0,0.9564047995269492,1
2024-03-29 10:00:00,114,25.0,20.0,25.263931487700617,1
2024-03-20 02:00:00,205,0.0,0.0,0.07879777581063048,1
2024-03-22 15:00:00,169,1.0,0.0,0.6493235380053869,1
2024-03-26 00:00:00,123,0.0,0.0,0.11860046216866237,1
2024-03-20 19:00:00,169,0.0,1.0,0.23999786953321092,1
2024-03-21 09:00:00,114,29.0,24.0,33.722316708513894,1
2024-03-30 16:00:00,176,0.0,0.0,0.0040100064927925064,1
2024-03-24 07:00:00,247,6.0,1.0,1.3254804437904038,1
2024-03-25 02:00:00,93,1.0,0.0,0.25879396984725467,1
2024-03-23 17:00:00,253,0.0,0.0,0.05821961981946073,1
2024-03-30 16:00:00,253,0.0,0.0,0.015361763151255235,1
2024-03-19 15:00:00,23,0.0,0.0,0.013014129827315413,1
2024-03-23 04:00:00,41,1.0,1.0,2.892726405064131,1
2024-03-19 08:00:00,178,0.0,0.0,0.18589317209396375,1
2024-03-30 18:00:00,231,97.0,77.0,98.62710405224958,1
2024-03-29 13:00:00,254,1.0,2.0,0.9871298463477116,1
2024-03-21 19:00:00,184,0.0,0.0,0.03915777396072922,1
2024-03-25 11:00:00,226,6.0,3.0,4.039122908676274,1
2024-03-28 13:00:00,155,1.0,1.0,0.7960727435890154,1
2024-03-27 16:00:00,69,0.0,1.0,1.0146737148706417,1
2024-03-28 20:00:00,261,56.0,55.0,39.31677095085667,1
2024-03-28 21:00:00,174,0.0,0.0,0.10354022443217284,1
2024-03-22 23:00:00,25,13.0,4.0,5.046808770339155,1
2024-03-18 04:00:00,21,0.0,0.0,0.05892569898479595,1
2024-03-22 12:00:00,141,132.0,194.0,169.07170336948832,1
2024-03-30 02:00:00,59,0.0,0.0,0.004302623791890917,1
2024-03-27 16:00:00,169,0.0,1.0,0.36489981168235164,1
2024-03-27 00:00:00,13,5.0,4.0,3.1595195532277325,1
2024-03-18 08:00:00,55,1.0,0.0,1.3669518220260983,1
2024-03-31 14:00:00,46,0.0,0.0,0.026917437481687602,1
2024-03-19 14:00:00,190,0.0,0.0,0.1341139813747245,1
2024-03-18 21:00:00,151,20.0,9.0,21.38379684936298,1
2024-03-22 14:00:00,84,0.0,0.0,0.004102170456288255,1
2024-03-31 14:00:00,250,0.0,1.0,0.31684264698838277,1
2024-03-19 21:00:00,237,418.0,409.0,276.36842186548625,1
2024-03-18 04:00:00,78,0.0,0.0,0.17615610334855206,1
2024-03-25 20:00:00,257,0.0,1.0,0.08161109124120786,1
2024-03-23 10:00:00,105,0.0,0.0,0.004188175717983027,1
2024-03-24 00:00:00,22,0.0,0.0,0.09806108474445346,1
2024-03-20 09:00:00,225,2.0,0.0,2.306769737894813,1
2024-03-30 19:00:00,71,2.0,2.0,0.5216656256390466,1
2024-03-27 23:00:00,124,3.0,0.0,0.18385948207200692,1
2024-03-28 06:00:00,202,0.0,0.0,0.364872547549286,1
2024-03-29 15:00:00,249,96.0,85.0,81.4618321760888,1
2024-03-19 20:00:00,88,32.0,28.0,21.39959517423031,1
2024-03-31 22:00:00,23,0.0,0.0,0.009421073898281314,1
2024-03-25 00:00:00,151,2.0,3.0,4.439941432287824,1
2024-03-25 23:00:00,259,0.0,0.0,0.08220555291111685,1
2024-03-29 05:00:00,218,2.0,1.0,1.8768378272283528,1
2024-03-21 06:00:00,259,1.0,1.0,0.8577241563348762,1
2024-03-28 21:00:00,147,0.0,0.0,0.07121101234082294,1
2024-03-31 15:00:00,254,1.0,1.0,0.6469528001766763,1
2024-03-30 09:00:00,170,100.0,103.0,103.63790329798273,1
2024-03-21 09:00:00,206,0.0,0.0,0.0046494236396564526,1
2024-03-25 00:00:00,86,1.0,0.0,0.07003635923626284,1
2024-03-22 22:00:00,2,0.0,0.0,0.009645863467012376,1
2024-03-20 14:00:00,16,0.0,1.0,0.1601974585988168,1
2024-03-25 18:00:00,207,0.0,0.0,0.12687876617517818,1
2024-03-18 05:00:00,49,2.0,0.0,0.43821365346195956,1
2024-03-31 12:00:00,219,1.0,2.0,0.5960708186732379,1
2024-03-25 00:00:00,45,3.0,0.0,2.4266676723779983,1
2024-03-23 00:00:00,45,30.0,15.0,21.6281422887494,1
2024-03-23 04:00:00,221,0.0,0.0,0.006021882674289414,1
2024-03-26 21:00:00,89,0.0,0.0,0.7741060907524947,1
2024-03-23 14:00:00,216,0.0,5.0,1.8819078733528032,1
2024-03-29 17:00:00,231,110.0,118.0,116.3328941862692,1
2024-03-26 12:00:00,81,1.0,0.0,0.3786112411335989,1
2024-03-29 08:00:00,37,2.0,0.0,1.713919853215835,1
2024-03-29 09:00:00,19,0.0,2.0,0.2700572931564682,1
2024-03-21 11:00:00,72,0.0,2.0,2.013548113152049,1
2024-03-21 00:00:00,230,107.0,89.0,127.65508287014109,1
2024-03-26 09:00:00,105,0.0,0.0,0.004025059214152106,1
2024-03-18 05:00:00,236,26.0,24.0,16.992780208284675,1
2024-03-25 18:00:00,237,271.0,304.0,323.345766045727,1
2024-03-19 11:00:00,238,128.0,136.0,134.99085453838526,1
2024-03-24 19:00:00,171,0.0,1.0,0.06481566375070505,1
2024-03-21 10:00:00,202,0.0,2.0,0.5149413794781765,1
2024-03-23 05:00:00,259,0.0,0.0,0.1970078381504759,1
2024-03-26 06:00:00,144,5.0,3.0,2.5687250690291483,1
2024-03-21 12:00:00,90,113.0,95.0,100.19629170106825,1
2024-03-22 23:00:00,263,103.0,85.0,107.91328955436805,1
2024-03-23 22:00:00,114,254.0,237.0,265.32385912051615,1
2024-03-25 09:00:00,128,0.0,0.0,0.10383625217179457,1
2024-03-24 02:00:00,114,381.0,304.0,330.41131463990223,1
2024-03-26 00:00:00,85,0.0,0.0,0.10881561586908049,1
2024-03-26 20:00:00,163,306.0,359.0,248.49474087896022,1
2024-03-25 19:00:00,215,0.0,0.0,1.050726716213943,1
2024-03-23 13:00:00,84,0.0,0.0,0.004192144736597327,1
2024-03-19 15:00:00,60,0.0,0.0,0.23185080255874493,1
2024-03-22 20:00:00,72,0.0,1.0,0.5438155877085046,1
2024-03-31 21:00:00,89,1.0,0.0,1.0068420379300234,1
2024-03-22 16:00:00,36,0.0,0.0,0.3636245656508314,1
2024-03-28 21:00:00,184,0.0,0.0,0.008612470686202817,1
2024-03-25 06:00:00,152,5.0,4.0,3.141484153857951,1
2024-03-31 12:00:00,5,0.0,0.0,0.004136617885655236,1
2024-03-18 05:00:00,147,0.0,0.0,0.1992805103227254,1
2024-03-31 12:00:00,105,0.0,0.0,0.004136617885655236,1
2024-03-30 09:00:00,37,1.0,5.0,1.4506381368970123,1
2024-03-30 16:00:00,216,4.0,2.0,1.9440388966459763,1
2024-03-29 22:00:00,257,0.0,0.0,0.1454886161726698,1
2024-03-30 06:00:00,89,0.0,1.0,1.1209377639148839,1
2024-03-26 22:00:00,143,45.0,50.0,43.188029963428924,1
2024-03-28 21:00:00,209,23.0,29.0,21.704721523095422,1
2024-03-29 10:00:00,189,2.0,1.0,0.7305061045905159,1
2024-03-23 21:00:00,237,266.0,254.0,198.82517109700464,1
2024-03-24 03:00:00,37,1.0,6.0,3.9524175587621158,1
2024-03-29 11:00:00,129,4.0,1.0,2.742605292038332,1
2024-03-31 23:00:00,132,398.0,655.0,350.2992399530608,1
2024-03-24 19:00:00,53,1.0,1.0,0.07457196854971988,1
2024-03-30 04:00:00,215,1.0,1.0,0.5447114146762561,1
2024-03-18 20:00:00,5,0.0,0.0,0.0038128112438004604,1
2024-03-20 04:00:00,56,0.0,0.0,0.1767307172027303,1
2024-03-20 09:00:00,99,0.0,0.0,0.004031228205534236,1
2024-03-19 04:00:00,93,0.0,0.0,0.3119643821360888,1
2024-03-29 19:00:00,4,14.0,28.0,15.839639338217726,1
2024-03-28 02:00:00,143,0.0,4.0,2.070530230401138,1
2024-03-28 05:00:00,74,7.0,6.0,5.30603103325047,1
2024-03-20 00:00:00,24,1.0,2.0,1.5160483461424656,1
2024-03-27 06:00:00,136,0.0,0.0,0.31312725260585567,1
2024-03-20 06:00:00,9,0.0,0.0,0.14488338697634148,1
2024-03-25 00:00:00,229,16.0,11.0,15.267516817863035,1
2024-03-23 00:00:00,221,0.0,0.0,0.007190122307443214,1
2024-03-23 17:00:00,211,58.0,96.0,101.45260741409832,1
2024-03-29 10:00:00,162,163.0,202.0,179.785149005532,1
2024-03-27 13:00:00,37,0.0,2.0,1.280682984928306,1
2024-03-23 15:00:00,206,0.0,0.0,0.004594884782492134,1
2024-03-28 17:00:00,147,0.0,0.0,0.20451154786592948,1
2024-03-22 12:00:00,70,53.0,40.0,27.49466847837979,1
2024-03-18 03:00:00,43,0.0,0.0,0.9613804346471198,1
2024-03-19 14:00:00,85,1.0,0.0,0.52342870401725,1
2024-03-26 10:00:00,17,0.0,0.0,1.7804786820847351,1
2024-03-31 09:00:00,158,10.0,8.0,9.981103357027518,1
2024-03-24 10:00:00,239,187.0,151.0,178.34761008440037,1
2024-03-26 09:00:00,28,1.0,0.0,1.0555443920586944,1
2024-03-31 04:00:00,225,2.0,0.0,1.0120728729664845,1
2024-03-27 22:00:00,169,0.0,0.0,0.13889482830130861,1
2024-03-28 23:00:00,101,0.0,0.0,0.08524615666075674,1
2024-03-25 19:00:00,27,0.0,0.0,0.009201280785324896,1
2024-03-28 16:00:00,168,3.0,1.0,1.746746547720582,1
2024-03-26 23:00:00,146,3.0,2.0,1.6474952469339912,1
2024-03-31 13:00:00,198,0.0,4.0,0.7205382903779485,1
2024-03-28 05:00:00,176,0.0,0.0,0.003826830599629921,1
2024-03-29 15:00:00,184,0.0,0.0,0.012893766907543541,1
2024-03-18 18:00:00,56,1.0,0.0,0.35926921335112777,1
2024-03-28 09:00:00,152,9.0,3.0,6.163525756303596,1
2024-03-30 09:00:00,224,7.0,21.0,12.14777276975542,1
2024-03-24 09:00:00,230,151.0,82.0,133.33333276888297,1
2024-03-26 19:00:00,172,0.0,0.0,0.0070904316715108065,1
2024-03-18 21:00:00,237,293.0,364.0,235.27423070143507,1
2024-03-18 10:00:00,89,6.0,7.0,2.729506044081972,1
2024-03-19 13:00:00,84,0.0,0.0,0.004068299021695006,1
2024-03-23 12:00:00,99,0.0,0.0,0.004184040372986534,1
2024-03-26 02:00:00,169,0.0,0.0,0.045265696899792596,1
2024-03-30 09:00:00,180,0.0,0.0,0.11969330410584449,1
2024-03-26 13:00:00,113,79.0,63.0,63.31784931271365,1
2024-03-30 06:00:00,146,1.0,1.0,1.6279741476969911,1
2024-03-25 13:00:00,123,2.0,4.0,0.514078225050385,1
2024-03-26 00:00:00,143,5.0,3.0,4.049936566588358,1
2024-03-20 00:00:00,101,0.0,0.0,0.06429543479918913,1
2024-03-23 15:00:00,117,2.0,1.0,0.33107155275128475,1
2024-03-20 11:00:00,244,8.0,8.0,4.663066544777416,1
2024-03-20 11:00:00,109,0.0,0.0,0.003930747900132657,1
2024-03-22 03:00:00,9,0.0,0.0,0.04137961590491734,1
2024-03-24 21:00:00,137,45.0,39.0,37.49794912627229,1
2024-03-22 03:00:00,88,1.0,0.0,1.6339027439327256,1
2024-03-21 09:00:00,185,0.0,0.0,0.40828217513454856,1
2024-03-28 00:00:00,142,35.0,31.0,46.8338333092199,1
2024-03-25 02:00:00,131,0.0,0.0,0.06171935912387516,1
2024-03-19 15:00:00,22,0.0,0.0,0.30427102243722387,1
2024-03-30 19:00:00,114,116.0,120.0,115.19980730684146,1
2024-03-19 18:00:00,91,0.0,1.0,0.6830961796160258,1
2024-03-29 05:00:00,261,2.0,1.0,3.1600395196887385,1
2024-03-28 17:00:00,63,0.0,0.0,0.2823509545431944,1
2024-03-26 23:00:00,54,0.0,0.0,0.1310282552402368,1
2024-03-20 10:00:00,35,3.0,0.0,2.298776068512482,1
2024-03-29 14:00:00,106,0.0,1.0,0.6387713475855212,1
2024-03-29 02:00:00,117,0.0,0.0,0.05077536124804064,1
2024-03-26 11:00:00,264,15.0,17.0,17.994486232949114,1
2024-03-22 14:00:00,102,1.0,0.0,0.3900064997670484,1
2024-03-21 13:00:00,122,0.0,0.0,0.22577195469363415,1
2024-03-22 08:00:00,258,2.0,2.0,0.778091743857156,1
2024-03-18 02:00:00,82,1.0,1.0,0.3407947633771301,1
2024-03-26 02:00:00,92,0.0,0.0,0.07000563705783773,1
2024-03-23 06:00:00,182,1.0,0.0,1.0271943118144784,1
2024-03-26 17:00:00,188,1.0,2.0,1.9333557441672342,1
2024-03-30 15:00:00,236,249.0,339.0,325.6302763468514,1
2024-03-25 10:00:00,6,0.0,0.0,0.11081168145421436,1
2024-03-25 00:00:00,162,19.0,16.0,24.338515940375036,1
2024-03-30 19:00:00,17,4.0,4.0,1.5969790065324885,1
2024-03-20 04:00:00,22,1.0,0.0,0.09024543364377793,1
2024-03-27 18:00:00,163,395.0,343.0,312.1954900459979,1
2024-03-25 10:00:00,196,0.0,2.0,0.6255753455978309,1
2024-03-20 10:00:00,58,0.0,0.0,0.014750486143145057,1
2024-03-24 11:00:00,70,10.0,12.0,22.2867196073671,1
2024-03-31 17:00:00,77,1.0,0.0,0.2888284355859342,1
2024-03-20 19:00:00,264,20.0,31.0,22.872612723751065,1
2024-03-20 17:00:00,99,0.0,0.0,0.0039739349300661085,1
2024-03-25 04:00:00,252,0.0,0.0,0.08858881094927835,1
2024-03-26 19:00:00,114,73.0,80.0,63.86420999955493,1
2024-03-19 12:00:00,141,150.0,152.0,161.01266852526055,1
2024-03-26 23:00:00,238,14.0,19.0,18.731459668313512,1
2024-03-27 07:00:00,170,102.0,114.0,114.10599325114241,1
2024-03-21 19:00:00,56,0.0,0.0,0.2810075857286595,1
2024-03-22 21:00:00,130,0.0,0.0,1.2283126686790125,1
2024-03-27 09:00:00,94,0.0,0.0,0.38506751895061575,1
2024-03-21 22:00:00,36,1.0,0.0,0.3926876678662283,1
2024-03-30 13:00:00,223,2.0,0.0,1.6374005241519098,1
2024-03-23 09:00:00,128,0.0,0.0,0.06292593166607348,1
2024-03-24 20:00:00,187,0.0,0.0,0.008031346303459282,1
2024-03-24 01:00:00,20,0.0,0.0,0.053202277064679004,1
2024-03-19 23:00:00,236,34.0,54.0,67.6566326962148,1
2024-03-30 10:00:00,236,186.0,189.0,235.29968491390804,1
2024-03-21 14:00:00,241,1.0,0.0,0.44766386053987717,1
2024-03-23 05:00:00,117,0.0,0.0,0.29060697179307493,1
2024-03-30 07:00:00,3,0.0,1.0,0.18605154947716104,1
2024-03-20 12:00:00,127,0.0,1.0,0.8254374665767572,1
2024-03-26 05:00:00,4,3.0,0.0,0.7361054774396395,1
2024-03-28 02:00:00,242,0.0,0.0,0.03217130757415711,1
2024-03-30 02:00:00,169,1.0,0.0,0.09178870270238748,1
2024-03-25 02:00:00,20,0.0,0.0,0.04087231036922121,1
2024-03-24 13:00:00,247,1.0,2.0,1.4297598432183412,1
2024-03-23 13:00:00,214,0.0,0.0,0.012518943911554753,1
2024-03-25 02:00:00,37,0.0,0.0,0.42805975471480767,1
2024-03-28 15:00:00,40,0.0,0.0,0.7896358506119012,1
2024-03-23 23:00:00,239,150.0,212.0,176.37477796022733,1
2024-03-18 04:00:00,193,0.0,0.0,0.30718367486517933,1
2024-03-29 23:00:00,215,0.0,3.0,1.2565765333444336,1
2024-03-24 04:00:00,189,0.0,3.0,0.4023689580827571,1
2024-03-30 23:00:00,60,0.0,0.0,0.1113625238270317,1
2024-03-29 02:00:00,9,0.0,0.0,0.03106321240675971,1
2024-03-27 00:00:00,54,0.0,0.0,0.09928544939409056,1
2024-03-23 06:00:00,35,0.0,0.0,0.7425597356410598,1
2024-03-28 10:00:00,123,0.0,2.0,0.5990111970018565,1
2024-03-19 03:00:00,45,0.0,0.0,0.23929903641989542,1
2024-03-27 23:00:00,94,0.0,0.0,0.07633961786632203,1
2024-03-29 06:00:00,259,0.0,0.0,0.7264461472490215,1
2024-03-25 21:00:00,123,0.0,0.0,0.1756324341554582,1
2024-03-21 16:00:00,100,108.0,109.0,109.89215653470471,1
2024-03-18 13:00:00,124,0.0,0.0,0.26555037283277816,1
2024-03-26 09:00:00,124,0.0,1.0,0.3735584369585267,1
2024-03-22 11:00:00,241,0.0,0.0,0.6528979116245465,1
2024-03-24 16:00:00,69,0.0,0.0,0.7208281679301162,1
2024-03-26 00:00:00,95,0.0,0.0,0.6006410135344026,1
2024-03-18 17:00:00,247,2.0,0.0,1.1489788429505785,1
2024-03-21 02:00:00,111,0.0,0.0,0.0045307643123562846,1
2024-03-19 00:00:00,4,3.0,2.0,2.3249207829426384,1
2024-03-25 09:00:00,169,2.0,1.0,0.8495655520396643,1
2024-03-25 23:00:00,18,0.0,0.0,0.16400240846605826,1
2024-03-20 11:00:00,171,0.0,0.0,0.21234617200505043,1
2024-03-23 05:00:00,49,0.0,0.0,0.44972773011343536,1
2024-03-24 13:00:00,128,0.0,0.0,0.08641852529528661,1
2024-03-22 05:00:00,109,0.0,0.0,0.003968995388055084,1
2024-03-31 02:00:00,113,84.0,83.0,84.33131404473659,1
2024-03-18 21:00:00,82,1.0,0.0,0.8742040494214202,1
2024-03-25 14:00:00,259,0.0,0.0,0.2800370476995282,1
2024-03-21 23:00:00,156,0.0,0.0,0.0036883945965019206,1
2024-03-22 07:00:00,223,2.0,0.0,1.700636880303705,1
2024-03-27 16:00:00,86,1.0,0.0,0.253375235134259,1
2024-03-27 20:00:00,41,19.0,11.0,12.414883288069733,1
2024-03-29 12:00:00,159,2.0,1.0,1.1590460382109602,1
2024-03-28 15:00:00,45,14.0,17.0,10.413749194960433,1
2024-03-27 14:00:00,3,0.0,0.0,0.2874135370305824,1
2024-03-27 21:00:00,5,0.0,0.0,0.0036597075900175087,1
2024-03-27 16:00:00,196,0.0,1.0,0.8447977316648192,1
2024-03-30 16:00:00,170,123.0,186.0,155.22529407740998,1
2024-03-18 14:00:00,201,1.0,0.0,0.15532539502957496,1
2024-03-30 04:00:00,62,0.0,0.0,0.4535543908019512,1
2024-03-18 19:00:00,246,81.0,90.0,86.56166588204243,1
2024-03-23 09:00:00,232,7.0,4.0,4.792396607868245,1
2024-03-23 14:00:00,261,49.0,58.0,51.64857285750118,1
2024-03-29 05:00:00,112,0.0,1.0,0.7171778504699257,1
2024-03-23 04:00:00,199,0.0,0.0,0.003935282663672299,1
2024-03-27 22:00:00,137,49.0,62.0,69.65240095480375,1
2024-03-28 12:00:00,83,0.0,0.0,0.5003415481450678,1
2024-03-29 16:00:00,117,0.0,0.0,0.44707377702379203,1
2024-03-29 03:00:00,180,0.0,0.0,0.07474686682386737,1
2024-03-25 09:00:00,129,0.0,1.0,1.9008821332699786,1
2024-03-24 03:00:00,204,0.0,0.0,0.003576043559165289,1
2024-03-29 21:00:00,39,1.0,0.0,1.2536252405323995,1
2024-03-24 08:00:00,265,1.0,1.0,2.2181637486246255,1
2024-03-18 18:00:00,210,0.0,0.0,0.311224676917588,1
2024-03-25 12:00:00,23,0.0,0.0,0.010234909707590096,1
2024-03-21 23:00:00,153,0.0,0.0,0.06851518739042985,1
2024-03-23 03:00:00,91,0.0,0.0,0.21087500684849753,1
2024-03-19 22:00:00,218,0.0,0.0,0.18036288481080742,1
2024-03-25 15:00:00,177,1.0,1.0,1.0135084688180818,1
2024-03-29 22:00:00,146,0.0,2.0,2.0079230526869423,1
2024-03-19 21:00:00,127,0.0,0.0,0.3076527874979508,1
2024-03-22 15:00:00,35,1.0,1.0,1.6328770097247087,1
2024-03-19 23:00:00,45,5.0,3.0,6.144747171850048,1
2024-03-23 22:00:00,93,4.0,1.0,1.1149365467215,1
2024-03-26 10:00:00,27,0.0,0.0,0.010301853292628055,1
2024-03-24 07:00:00,260,2.0,2.0,1.8432190157452484,1
2024-03-30 21:00:00,93,2.0,2.0,1.1485539455734732,1
2024-03-21 12:00:00,12,7.0,9.0,1.7750946564084937,1
2024-03-31 20:00:00,225,4.0,0.0,1.4815044384556189,1
2024-03-18 10:00:00,56,0.0,1.0,0.6118761069321816,1
2024-03-22 22:00:00,16,0.0,0.0,0.06279129626912577,1
2024-03-31 23:00:00,57,0.0,0.0,0.060189150349292876,1
2024-03-20 18:00:00,136,0.0,0.0,0.1495202328420771,1
2024-03-30 07:00:00,166,3.0,8.0,11.265178590712527,1
2024-03-23 12:00:00,263,154.0,173.0,167.4813327883173,1
2024-03-24 18:00:00,229,93.0,106.0,103.16501555079195,1
2024-03-18 12:00:00,10,0.0,2.0,2.519603295445335,1
2024-03-18 13:00:00,100,77.0,79.0,71.09154635704262,1
2024-03-22 15:00:00,120,0.0,0.0,0.02389612122072684,1
2024-03-31 08:00:00,96,0.0,0.0,0.018595601413087876,1
2024-03-29 19:00:00,237,291.0,308.0,319.87914897205815,1
2024-03-18 07:00:00,143,64.0,64.0,69.07251747046311,1
2024-03-27 08:00:00,144,16.0,14.0,13.29883735293003,1
2024-03-18 04:00:00,99,0.0,0.0,0.0035750395478035845,1
2024-03-30 20:00:00,245,0.0,0.0,0.0069569295231422315,1
2024-03-29 15:00:00,116,5.0,4.0,6.890475927999941,1
2024-03-29 21:00:00,203,0.0,0.0,0.07884296483616533,1
2024-03-18 02:00:00,242,0.0,0.0,0.03263213540922972,1
2024-03-27 14:00:00,72,1.0,1.0,1.856685104392506,1
2024-03-22 15:00:00,85,0.0,1.0,0.7720468853951433,1
2024-03-26 19:00:00,14,2.0,1.0,0.4289817528120593,1
2024-03-28 10:00:00,171,0.0,0.0,0.3258875329642833,1
2024-03-24 21:00:00,128,0.0,0.0,0.045119739227460424,1
2024-03-20 11:00:00,39,3.0,2.0,1.653810956386495,1
2024-03-22 00:00:00,222,0.0,0.0,0.11047152662537428,1
2024-03-28 00:00:00,33,1.0,0.0,1.7647717537036645,6
2024-03-20 07:00:00,165,1.0,1.0,0.727947229741471,6
2024-03-24 19:00:00,177,0.0,0.0,0.4851642342432483,6
2024-03-25 17:00:00,199,0.0,0.0,0.004564889136526276,6
2024-03-20 19:00:00,176,0.0,0.0,0.004413836096998053,6
2024-03-21 20:00:00,230,460.0,373.0,316.84053161410975,6
2024-03-26 22:00:00,181,1.0,13.0,3.659778935906332,6
2024-03-21 22:00:00,124,0.0,0.0,0.17329506059206057,6
2024-03-25 05:00:00,185,0.0,0.0,0.2286115692106596,6
2024-03-22 14:00:00,161,379.0,397.0,368.1503107855781,6
2024-03-29 02:00:00,254,0.0,0.0,0.07284590697801425,6
2024-03-21 20:00:00,251,0.0,0.0,0.005270927639598876,6
2024-03-21 10:00:00,38,0.0,0.0,0.3801066473324862,6
2024-03-22 12:00:00,140,155.0,165.0,153.96574700709303,6
2024-03-19 00:00:00,83,0.0,0.0,0.15970374809124369,6
2024-03-21 18:00:00,52,1.0,1.0,1.4429560732654512,6
2024-03-21 08:00:00,5,0.0,0.0,0.004464797783560886,6
2024-03-24 22:00:00,126,0.0,0.0,0.1299435849036581,6
2024-03-26 01:00:00,64,0.0,0.0,0.030676893767935563,6
2024-03-19 03:00:00,134,0.0,0.0,0.11052694969286644,6
2024-03-27 01:00:00,38,0.0,0.0,0.03035742139608762,6
2024-03-23 03:00:00,224,0.0,4.0,4.196901814906374,6
2024-03-18 16:00:00,101,0.0,0.0,0.09256607402397005,6
2024-03-31 20:00:00,133,1.0,0.0,0.13592089523009995,6
2024-03-18 18:00:00,193,2.0,14.0,5.198466523717226,6
2024-03-26 00:00:00,114,45.0,29.0,46.77136317678734,6
2024-03-30 14:00:00,221,0.0,0.0,0.00763502785657803,6
2024-03-27 10:00:00,38,1.0,0.0,0.3636328192069641,6
2024-03-23 10:00:00,124,0.0,0.0,0.25153700999757983,6
2024-03-23 05:00:00,147,0.0,0.0,0.16101272090711102,6
2024-03-28 05:00:00,109,0.0,0.0,0.004300552377387813,6
2024-03-25 00:00:00,54,0.0,0.0,0.0906399084326156,6
2024-03-19 22:00:00,189,1.0,3.0,0.901920317084087,6
2024-03-22 18:00:00,16,0.0,0.0,0.12390541532368429,6
2024-03-22 08:00:00,220,0.0,0.0,0.3878413823956624,6
2024-03-24 18:00:00,80,5.0,1.0,2.46790593996832,6
2024-03-21 17:00:00,81,0.0,0.0,0.22780819216495876,6
2024-03-24 11:00:00,100,69.0,74.0,65.15994993608763,6
2024-03-22 08:00:00,115,0.0,0.0,0.00560652423265536,6
2024-03-28 05:00:00,172,0.0,0.0,0.015230870638611393,6
2024-03-18 05:00:00,189,0.0,0.0,0.39263566493986074,6
2024-03-31 17:00:00,162,224.0,175.0,184.01350698393128,6
2024-03-21 07:00:00,199,0.0,0.0,0.004527148341634689,6
2024-03-19 17:00:00,12,7.0,0.0,2.867518872967702,6
2024-03-21 09:00:00,101,0.0,0.0,0.12170470082763947,6
2024-03-23 22:00:00,164,152.0,251.0,164.59027141195324,6
2024-03-25 09:00:00,191,1.0,2.0,0.8547991619048758,6
2024-03-26 12:00:00,246,94.0,66.0,88.77194896858883,6
2024-03-18 06:00:00,255,0.0,1.0,1.1913441683528927,6
2024-03-22 03:00:00,67,0.0,0.0,0.026850403213676773,6
2024-03-28 14:00:00,226,8.0,5.0,5.135393076019794,6
2024-03-31 23:00:00,212,0.0,0.0,0.12154523324723802,6
2024-03-29 23:00:00,227,1.0,0.0,0.08933305044679563,6
2024-03-21 16:00:00,38,0.0,0.0,0.2816238257332841,6
2024-03-18 05:00:00,234,4.0,4.0,4.749815520725838,6
2024-03-20 15:00:00,33,2.0,2.0,4.093988758883046,6
2024-03-25 11:00:00,49,1.0,1.0,1.4927062954872425,6
2024-03-22 05:00:00,194,0.0,0.0,0.1848062095620481,6
2024-03-22 14:00:00,95,3.0,0.0,1.37505742616656,6
2024-03-23 22:00:00,145,5.0,4.0,5.6367666528083324,6
2024-03-19 19:00:00,19,0.0,0.0,0.1129232898293586,6
2024-03-31 11:00:00,132,158.0,132.0,143.96318756076172,6
2024-03-31 03:00:00,27,0.0,0.0,0.006118014638114791,6
2024-03-26 03:00:00,207,0.0,0.0,0.02383759822198658,6
2024-03-20 23:00:00,173,0.0,0.0,0.07807677603684428,6
2024-03-19 23:00:00,229,35.0,57.0,43.72132825233294,6
2024-03-22 04:00:00,23,0.0,0.0,0.006246816280695898,6
2024-03-21 23:00:00,85,0.0,0.0,0.21098694181304847,6
2024-03-25 19:00:00,117,1.0,0.0,0.14159783781625015,6
2024-03-25 04:00:00,45,0.0,2.0,0.7818136598169002,6
2024-03-26 17:00:00,201,0.0,0.0,0.12281867395218933,6
2024-03-18 04:00:00,60,0.0,0.0,0.12286945574791021,6
2024-03-25 13:00:00,75,36.0,35.0,38.84152882113242,6
2024-03-18 20:00:00,252,0.0,0.0,0.0850957212470697,6
2024-03-24 00:00:00,196,1.0,0.0,0.22270950227049333,6
2024-03-27 12:00:00,72,2.0,3.0,1.5546152020612,6
2024-03-22 11:00:00,38,1.0,0.0,0.36545949415956763,6
2024-03-27 01:00:00,187,0.0,0.0,0.004956426283638901,6
2024-03-18 07:00:00,194,1.0,0.0,0.248157686298936,6
2024-03-28 04:00:00,226,1.0,0.0,1.477633899858935,6
2024-03-25 06:00:00,56,0.0,1.0,0.8501872481582642,6
2024-03-18 00:00:00,65,0.0,0.0,1.848828822743922,6
2024-03-25 15:00:00,99,0.0,0.0,0.004753557458349976,6
2024-03-19 12:00:00,181,5.0,3.0,2.077291921757388,6
2024-03-29 13:00:00,32,1.0,1.0,0.4134825982106849,6
2024-03-29 12:00:00,140,133.0,155.0,160.1848604982964,6
2024-03-21 13:00:00,252,0.0,0.0,0.2105713463969783,6
2024-03-24 09:00:00,206,0.0,0.0,0.004906778351634601,6
2024-03-29 14:00:00,212,1.0,1.0,0.38486893629677904,6
2024-03-19 19:00:00,204,0.0,0.0,0.004335862411912315,6
2024-03-24 04:00:00,52,0.0,0.0,0.4751948830811162,6
2024-03-28 08:00:00,12,1.0,0.0,1.7350746380187356,6
2024-03-26 10:00:00,200,1.0,1.0,0.26554061087077296,6
2024-03-31 07:00:00,2,0.0,0.0,0.003903041939012817,6
2024-03-31 09:00:00,108,0.0,0.0,0.23363431343849989,6
2024-03-25 02:00:00,47,0.0,0.0,0.038416228947284824,6
2024-03-18 02:00:00,255,1.0,0.0,1.1368453087856243,6
2024-03-20 04:00:00,77,0.0,0.0,0.23437237739903982,6
2024-03-21 10:00:00,259,0.0,0.0,0.5063655289747143,6
2024-03-25 09:00:00,52,4.0,4.0,1.7259610608765048,6
2024-03-19 08:00:00,107,145.0,135.0,107.91112810989512,6
2024-03-26 04:00:00,60,0.0,0.0,0.1452101032597849,6
2024-03-22 17:00:00,24,26.0,18.0,24.748661055439687,6
2024-03-22 11:00:00,233,77.0,98.0,79.7375533593156,6
2024-03-30 01:00:00,154,0.0,2.0,0.04007538168111413,6
2024-03-23 19:00:00,30,0.0,0.0,0.009553031785818627,6
2024-03-18 15:00:00,176,0.0,0.0,0.004753557458349976,6
2024-03-18 20:00:00,208,0.0,1.0,0.10131227907029634,6
2024-03-30 11:00:00,20,0.0,0.0,0.22583492160725405,6
2024-03-25 15:00:00,89,3.0,5.0,1.875861247086218,6
2024-03-30 04:00:00,63,0.0,0.0,0.14700624363828024,6
2024-03-30 10:00:00,170,137.0,139.0,131.14863784977032,6
2024-03-19 20:00:00,75,22.0,22.0,28.1104800142378,6
2024-03-22 07:00:00,26,0.0,0.0,0.6808064185386646,6
2024-03-23 11:00:00,55,1.0,1.0,0.4988570251742404,6
2024-03-23 13:00:00,230,237.0,223.0,194.45911821794704,6
2024-03-28 09:00:00,212,2.0,2.0,0.6118258552767545,6
2024-03-22 12:00:00,192,1.0,0.0,0.17931891522169563,6
2024-03-30 20:00:00,160,0.0,0.0,0.17675854044019304,6
2024-03-31 11:00:00,108,0.0,1.0,0.2193046248221158,6
2024-03-24 21:00:00,28,1.0,1.0,0.6210408550765509,6
2024-03-29 18:00:00,60,0.0,0.0,0.15910546260553626,6
2024-03-21 16:00:00,106,1.0,1.0,0.41273463365270696,6
2024-03-19 14:00:00,233,118.0,132.0,89.48504961073223,6
2024-03-21 09:00:00,27,0.0,0.0,0.010303535539703614,6
2024-03-29 06:00:00,210,0.0,0.0,0.8566642821063922,6
2024-03-24 18:00:00,210,0.0,0.0,0.21649297748201174,6
2024-03-21 18:00:00,160,0.0,0.0,0.1715128998683694,6
2024-03-23 16:00:00,220,0.0,0.0,0.18338631972271507,6
2024-03-24 07:00:00,171,0.0,0.0,0.24703687451444187,6
2024-03-23 06:00:00,173,0.0,0.0,0.15806994717204065,6
2024-03-27 22:00:00,128,0.0,0.0,0.05203710793833719,6
2024-03-27 17:00:00,26,1.0,0.0,0.434598744078856,6
2024-03-21 07:00:00,165,0.0,1.0,0.7191599859764317,6
2024-03-30 03:00:00,170,22.0,25.0,21.240590805577412,6
2024-03-24 09:00:00,238,99.0,122.0,102.64284650904585,6
2024-03-20 01:00:00,87,2.0,1.0,4.558804132672047,6
2024-03-22 13:00:00,156,0.0,0.0,0.004422727918258584,6
2024-03-30 10:00:00,211,20.0,18.0,24.031717431459537,6
2024-03-24 01:00:00,221,0.0,0.0,0.004995011337646536,6
2024-03-28 20:00:00,128,0.0,0.0,0.05019343006687839,6
2024-03-29 06:00:00,182,2.0,1.0,1.4404506776301378,6
2024-03-31 14:00:00,39,4.0,4.0,1.5145463434576014,6
2024-03-31 02:00:00,230,50.0,87.0,61.862123964356414,6
2024-03-27 18:00:00,246,284.0,185.0,191.73572713517893,6
2024-03-20 19:00:00,18,0.0,0.0,0.16523951429089212,6
2024-03-28 17:00:00,43,125.0,126.0,136.82873836567663,6
2024-03-24 16:00:00,143,58.0,42.0,67.51018401949649,6
2024-03-18 23:00:00,189,0.0,0.0,0.9285425688000332,6
2024-03-27 19:00:00,87,61.0,55.0,48.110557469519016,6
2024-03-24 19:00:00,165,1.0,0.0,0.17893876057625002,6
2024-03-21 22:00:00,260,1.0,0.0,1.0751090106794639,6
2024-03-18 02:00:00,211,4.0,0.0,4.506044034195786,6
2024-03-21 06:00:00,89,2.0,4.0,1.6867505864564232,6
2024-03-28 16:00:00,144,88.0,54.0,64.58259076804848,6
2024-03-23 19:00:00,160,2.0,0.0,0.20322007081853552,6
2024-03-26 17:00:00,225,2.0,0.0,1.6014636617074363,6
2024-03-22 01:00:00,46,0.0,0.0,0.011299726472506646,6
2024-03-29 02:00:00,131,0.0,0.0,0.060227031070549074,6
2024-03-25 15:00:00,145,8.0,20.0,7.02031759875158,6
2024-03-31 19:00:00,136,0.0,0.0,0.10417860194724125,6
2024-03-25 02:00:00,107,5.0,9.0,9.186207056488884,6
2024-03-28 17:00:00,265,4.0,1.0,3.658861663499074,6
2024-03-29 13:00:00,214,0.0,0.0,0.01122375658906248,6
2024-03-22 11:00:00,44,0.0,0.0,0.0048345453254673414,6
2024-03-18 10:00:00,167,0.0,0.0,0.6367574496304526,6
2024-03-22 18:00:00,126,0.0,0.0,0.23739367293548308,6
2024-03-20 19:00:00,85,1.0,2.0,0.3002074148988816,6
2024-03-22 04:00:00,263,13.0,15.0,11.41225184955468,6
2024-03-22 19:00:00,79,199.0,194.0,183.68274735948557,6
2024-03-25 05:00:00,68,10.0,15.0,11.674436128224388,6
2024-03-22 08:00:00,202,1.0,2.0,0.5870170887842402,6
2024-03-23 09:00:00,198,2.0,1.0,0.4801548449821703,6
2024-03-24 18:00:00,47,0.0,1.0,0.31159032016901556,6
2024-03-21 04:00:00,134,2.0,0.0,0.3449381546940994,6
2024-03-26 16:00:00,242,0.0,0.0,0.4982654243987534,6
2024-03-20 19:00:00,175,0.0,0.0,0.129409297815273,6
2024-03-23 09:00:00,162,106.0,118.0,96.03019560424927,6
2024-03-23 14:00:00,108,0.0,0.0,0.16992891875916452,6
2024-03-23 08:00:00,249,24.0,46.0,31.70268265844152,6
2024-03-20 16:00:00,225,2.0,0.0,1.479258174273619,6
2024-03-18 04:00:00,12,0.0,0.0,0.2935594566413711,6
2024-03-31 13:00:00,174,1.0,0.0,0.2870349198099927,6
2024-03-31 10:00:00,126,0.0,1.0,0.47044940298594673,6
2024-03-29 04:00:00,30,0.0,0.0,0.004854071350073029,6
2024-03-24 16:00:00,34,1.0,0.0,0.20473008889332622,6
2024-03-28 03:00:00,218,0.0,0.0,0.11962364259245706,6
2024-03-29 04:00:00,213,0.0,0.0,0.5417799295716262,6
2024-03-21 05:00:00,150,0.0,0.0,0.1738767915968232,6
2024-03-26 00:00:00,100,17.0,24.0,24.27445986425981,6
2024-03-30 23:00:00,72,0.0,0.0,0.6860711940235791,6
2024-03-26 00:00:00,8,0.0,0.0,0.013634166515164624,6
2024-03-20 20:00:00,187,0.0,0.0,0.00876351042757563,6
2024-03-29 20:00:00,152,13.0,6.0,5.03243026736491,6
2024-03-26 10:00:00,260,3.0,4.0,1.6032404860768201,6
2024-03-26 18:00:00,234,303.0,269.0,288.4727697756839,6
2024-03-18 10:00:00,44,0.0,0.0,0.005131419165507489,6
2024-03-20 07:00:00,175,0.0,0.0,0.18246171703226596,6
2024-03-20 12:00:00,137,75.0,67.0,73.10804337647082,6
2024-03-24 19:00:00,262,49.0,41.0,45.69078351775456,6
2024-03-24 04:00:00,53,0.0,0.0,0.058169933682555026,6
2024-03-24 02:00:00,265,6.0,6.0,4.3416922606283945,6
2024-03-27 22:00:00,37,1.0,0.0,0.9374974789328087,6
2024-03-21 14:00:00,5,0.0,0.0,0.004596009891977221,6
2024-03-24 14:00:00,10,3.0,3.0,3.040954234224737,6
2024-03-20 10:00:00,138,275.0,275.0,204.02048613585004,6
2024-03-28 11:00:00,113,85.0,83.0,73.53314055277599,6
2024-03-18 22:00:00,128,0.0,0.0,0.04370041478443766,6
2024-03-18 05:00:00,127,1.0,0.0,0.45824065503953915,6
2024-03-18 19:00:00,76,1.0,0.0,1.2778104202060958,6
2024-03-29 22:00:00,97,15.0,8.0,4.104462195717491,6
2024-03-31 20:00:00,69,1.0,2.0,0.3472533455475714,6
2024-03-23 13:00:00,168,1.0,1.0,2.092930356762089,6
2024-03-28 22:00:00,128,1.0,0.0,0.053519538783363386,6
2024-03-27 07:00:00,52,3.0,2.0,2.3691084606650428,6
2024-03-30 04:00:00,224,12.0,4.0,5.431510395197904,6
2024-03-20 14:00:00,73,0.0,0.0,0.09494081032235724,6
2024-03-28 06:00:00,214,0.0,0.0,0.010600193631629564,6
2024-03-22 05:00:00,34,0.0,0.0,0.188089336588796,6
2024-03-29 21:00:00,61,2.0,1.0,1.753193903914583,6
2024-03-31 18:00:00,60,0.0,2.0,0.14413471245809578,6
2024-03-28 06:00:00,56,0.0,0.0,0.812744024262555,6
2024-03-29 10:00:00,67,1.0,0.0,0.32336315060384657,6
2024-03-31 14:00:00,31,0.0,0.0,0.04817034336749646,6
2024-03-31 11:00:00,180,0.0,0.0,0.13003430903214697,6
2024-03-27 20:00:00,156,0.0,0.0,0.004438699238540611,6
2024-03-24 15:00:00,46,0.0,0.0,0.024148429455799543,6
2024-03-22 18:00:00,4,9.0,9.0,12.228727011366788,6
2024-03-25 14:00:00,41,10.0,9.0,20.796239842736764,6
2024-03-22 16:00:00,232,4.0,5.0,8.754574171493951,6
2024-03-19 21:00:00,157,0.0,0.0,0.4155006706678705,6
2024-03-25 12:00:00,61,1.0,4.0,3.628241427700319,6
2024-03-19 11:00:00,77,1.0,0.0,0.5977677066414094,6
2024-03-24 13:00:00,4,11.0,2.0,9.02195395019126,6
2024-03-27 22:00:00,179,0.0,0.0,0.619522167262538,6
2024-03-23 18:00:00,85,0.0,0.0,0.2854371460621616,6
2024-03-20 18:00:00,189,2.0,0.0,0.8616915982651123,6
2024-03-20 12:00:00,144,27.0,25.0,36.65436218901718,6
2024-03-22 01:00:00,17,0.0,0.0,0.3747191756891856,6
2024-03-19 12:00:00,3,0.0,0.0,0.3584127154519976,6
2024-03-30 04:00:00,199,0.0,0.0,0.0040677751914154755,6
2024-03-21 03:00:00,95,0.0,0.0,0.2338898313765391,6
2024-03-25 15:00:00,228,3.0,1.0,0.6733455212034889,6
2024-03-30 16:00:00,208,0.0,0.0,0.20160425086577133,6
2024-03-19 09:00:00,158,19.0,28.0,23.779838539279254,6
2024-03-25 12:00:00,72,4.0,3.0,1.5010484692587598,6
2024-03-23 09:00:00,16,0.0,1.0,0.08493449579307503,6
2024-03-26 12:00:00,217,1.0,0.0,0.3872664734222736,6
2024-03-25 04:00:00,62,1.0,2.0,0.5107828985467859,6
2024-03-21 23:00:00,157,0.0,0.0,0.5025956493742171,6
2024-03-31 11:00:00,253,0.0,0.0,0.014157582751830088,6
2024-03-18 01:00:00,216,2.0,1.0,0.35486615097291546,6
2024-03-24 18:00:00,107,97.0,113.0,107.31203979955347,6
2024-03-28 22:00:00,211,85.0,88.0,71.94025774256605,6
2024-03-24 12:00:00,246,100.0,114.0,107.19144597909717,6
2024-03-29 16:00:00,191,1.0,2.0,0.8713087629011163,6
2024-03-18 01:00:00,257,0.0,0.0,0.041759509920865884,6
2024-03-31 17:00:00,215,1.0,0.0,1.257987507555914,6
2024-03-20 11:00:00,35,1.0,4.0,1.7064888331142107,6
2024-03-27 08:00:00,75,54.0,50.0,48.608109723458156,6
2024-03-27 05:00:00,203,1.0,2.0,0.8030393621698891,6
2024-03-29 14:00:00,226,6.0,5.0,4.720789657210342,6
2024-03-29 02:00:00,209,4.0,3.0,2.199278507244667,6
2024-03-18 07:00:00,45,1.0,1.0,2.7643596010966065,6
2024-03-21 06:00:00,70,1.0,0.0,2.009060963235389,6
2024-03-20 18:00:00,146,2.0,3.0,3.444541646837692,6
2024-03-19 04:00:00,137,2.0,5.0,4.0475738750554004,6
2024-03-20 13:00:00,106,1.0,1.0,0.453951815544914,6
2024-03-27 03:00:00,197,1.0,0.0,0.24320599352640165,6
2024-03-22 03:00:00,211,1.0,5.0,6.1874083609018635,6
2024-03-28 15:00:00,49,3.0,2.0,1.7107149632858283,6
2024-03-22 14:00:00,149,0.0,0.0,0.34154627944735066,6
2024-03-24 15:00:00,141,129.0,154.0,147.71758503735572,6
2024-03-18 19:00:00,14,0.0,1.0,0.4833526403108172,6
2024-03-27 13:00:00,140,156.0,178.0,148.44802051581382,6
2024-03-25 23:00:00,57,0.0,0.0,0.01446289659362793,6
2024-03-27 16:00:00,226,5.0,7.0,5.14413139464613,6
2024-03-24 17:00:00,94,0.0,0.0,0.14020130120334623,6
2024-03-29 07:00:00,87,0.0,7.0,11.017138117405304,6
2024-03-26 22:00:00,77,0.0,0.0,0.10193499343478749,6
2024-03-19 11:00:00,237,338.0,336.0,305.2866471881347,6
2024-03-24 12:00:00,257,1.0,0.0,0.18116341325915064,6
2024-03-29 00:00:00,23,0.0,0.0,0.012432655484588,6
2024-03-28 04:00:00,60,0.0,0.0,0.19728298353666765,6
2024-03-30 10:00:00,64,0.0,0.0,0.07554571007431642,6
2024-03-20 10:00:00,215,1.0,0.0,1.3253565732439778,6
2024-03-23 01:00:00,260,0.0,1.0,0.701255524177727,6
2024-03-27 22:00:00,161,451.0,431.0,348.9415065558971,6
2024-03-30 17:00:00,61,2.0,1.0,3.54184400531411,6
2024-03-27 17:00:00,244,18.0,8.0,6.310572848666362,6
2024-03-21 03:00:00,209,0.0,1.0,1.1992921708021445,6
2024-03-24 11:00:00,2,0.0,0.0,0.009019759922622736,6
2024-03-26 09:00:00,30,0.0,0.0,0.006034464937543044,6
2024-03-19 13:00:00,43,102.0,136.0,134.64370065255787,6
2024-03-19 02:00:00,215,0.0,0.0,0.22424548972345448,6
2024-03-24 07:00:00,109,0.0,0.0,0.003903041939012817,6
2024-03-26 16:00:00,95,3.0,0.0,1.2173122038819273,6
2024-03-31 07:00:00,145,4.0,4.0,2.919975148943088,6
2024-03-22 03:00:00,71,0.0,0.0,0.09703388070981922,6
2024-03-31 11:00:00,31,0.0,0.0,0.09035747614259633,6
2024-03-19 19:00:00,140,108.0,123.0,154.05877229669383,6
2024-03-26 00:00:00,236,16.0,8.0,17.25497274778282,6
2024-03-26 06:00:00,63,1.0,0.0,0.6356257020788133,6
2024-03-24 08:00:00,71,1.0,0.0,0.9564297820872331,6
2024-03-24 03:00:00,32,0.0,0.0,0.03814138217273308,6
2024-03-29 01:00:00,1,0.0,0.0,0.10703587778666898,6
2024-03-19 08:00:00,47,0.0,0.0,0.6709339269566971,6
2024-03-26 20:00:00,15,0.0,0.0,0.055219108180116515,6
2024-03-23 00:00:00,204,0.0,0.0,0.0044167169274277685,6
2024-03-21 21:00:00,137,125.0,105.0,70.99318756658305,6
2024-03-19 00:00:00,160,0.0,0.0,0.11360488056191903,6
2024-03-22 16:00:00,58,0.0,0.0,0.01578210363774581,6
2024-03-20 12:00:00,102,0.0,0.0,0.33134362467103523,6
2024-03-19 08:00:00,49,6.0,2.0,1.8250186542315432,6
2024-03-21 08:00:00,119,0.0,1.0,0.9873020163455605,6
2024-03-20 19:00:00,230,378.0,317.0,343.17269062874226,6
2024-03-31 15:00:00,127,0.0,0.0,0.7764663982799386,6
2024-03-25 19:00:00,62,1.0,0.0,0.6032174748165087,6
2024-03-31 08:00:00,117,1.0,1.0,0.6683332599052468,6
2024-03-29 16:00:00,82,1.0,0.0,0.8709723402265184,6
2024-03-19 22:00:00,40,1.0,1.0,0.5879543758066634,6
2024-03-25 04:00:00,69,0.0,0.0,0.3818778924078494,6
2024-03-28 14:00:00,41,22.0,12.0,22.21840024046039,6
2024-03-24 22:00:00,227,1.0,0.0,0.08169052885797119,6
2024-03-31 00:00:00,203,0.0,0.0,0.08659779358880787,6
2024-03-25 13:00:00,161,315.0,299.0,301.84584446862345,6
2024-03-30 17:00:00,105,0.0,0.0,0.0046884218047021885,6
2024-03-22 07:00:00,76,10.0,2.0,5.0152940041075675,6
2024-03-18 03:00:00,83,0.0,0.0,0.0803433972154997,6
2024-03-22 13:00:00,69,3.0,2.0,1.0486583581774362,6
2024-03-25 09:00:00,223,2.0,3.0,1.7037219838508666,6
2024-03-18 09:00:00,215,1.0,0.0,1.4743833264572896,6
2024-03-31 03:00:00,63,0.0,0.0,0.10637409661208704,6
2024-03-30 02:00:00,205,0.0,0.0,0.13064386128370306,6
2024-03-25 21:00:00,60,0.0,0.0,0.06766998774819169,6
2024-03-24 14:00:00,227,0.0,0.0,0.17906387365674312,6
2024-03-24 07:00:00,70,3.0,0.0,4.020652708583598,6
2024-03-21 02:00:00,186,18.0,21.0,17.687416669199482,6
2024-03-19 19:00:00,125,42.0,46.0,36.307707370526245,6
2024-03-24 03:00:00,163,12.0,24.0,16.417866761540463,6
2024-03-25 02:00:00,130,1.0,0.0,0.5187757821166561,6
2024-03-24 15:00:00,185,1.0,2.0,0.22450109449788952,6
2024-03-28 06:00:00,248,2.0,1.0,0.7708740129772573,6
2024-03-29 04:00:00,223,0.0,1.0,0.6166068808880016,6
2024-03-18 18:00:00,74,12.0,22.0,23.8272821217375,6
2024-03-21 03:00:00,15,0.0,0.0,0.025985263877025957,6
2024-03-24 21:00:00,101,0.0,0.0,0.07191897415919603,6
2024-03-31 11:00:00,152,5.0,3.0,4.321251693119804,6
2024-03-23 07:00:00,213,0.0,0.0,0.7631509481236481,6
2024-03-25 22:00:00,67,0.0,0.0,0.055937770715878216,6
2024-03-22 10:00:00,169,0.0,0.0,0.7487750934002431,6
2024-03-24 10:00:00,218,0.0,2.0,0.7896394638727654,6
2024-03-23 15:00:00,250,0.0,1.0,0.28929541465050024,6
2024-03-19 20:00:00,179,1.0,1.0,0.9979035878590959,6
2024-03-30 03:00:00,86,0.0,0.0,0.046023704854152005,6
2024-03-31 18:00:00,165,0.0,1.0,0.24888857562519562,6
2024-03-29 09:00:00,159,2.0,0.0,1.1542825613772327,6
2024-03-25 16:00:00,120,0.0,0.0,0.05971566784637061,6
2024-03-31 10:00:00,206,0.0,0.0,0.006062834731506901,6
2024-03-19 09:00:00,167,1.0,0.0,0.9316517757685098,6
2024-03-28 23:00:00,95,0.0,0.0,1.0983921079972578,6
2024-03-29 16:00:00,113,126.0,109.0,102.50225217191019,6
2024-03-18 23:00:00,188,1.0,1.0,1.0072655988934194,6
2024-03-19 01:00:00,116,0.0,1.0,0.8230746950994683,6
2024-03-22 12:00:00,115,0.0,0.0,0.006330161643504349,6
2024-03-28 23:00:00,24,16.0,6.0,7.879744536574989,6
2024-03-29 08:00:00,48,90.0,101.0,102.52339330153542,6
2024-03-25 02:00:00,64,0.0,0.0,0.022441460268780026,6
2024-03-21 14:00:00,218,1.0,1.0,0.6298159157257384,6
2024-03-21 23:00:00,221,0.0,0.0,0.007675057079569436,6
2024-03-27 21:00:00,87,64.0,51.0,37.57268546150736,6
2024-03-31 14:00:00,219,0.0,0.0,0.8050738018380875,6
2024-03-20 06:00:00,143,22.0,26.0,23.93817607159855,6
2024-03-26 22:00:00,100,127.0,126.0,74.29498255085153,6
2024-03-19 03:00:00,181,0.0,2.0,0.36604588259624754,6
2024-03-28 09:00:00,170,194.0,208.0,196.13576090140995,6
2024-03-22 05:00:00,74,7.0,10.0,6.479601821428775,6
2024-03-21 06:00:00,218,5.0,1.0,1.5245749028495974,6
2024-03-26 19:00:00,86,0.0,0.0,0.09960517733042132,6
2024-03-22 11:00:00,101,1.0,0.0,0.11354800773601506,6
2024-03-27 06:00:00,184,0.0,0.0,0.06630866412793132,6
2024-03-21 03:00:00,146,1.0,0.0,0.5140067536437327,6
2024-03-20 11:00:00,86,0.0,0.0,0.805079693877307,6
2024-03-22 11:00:00,20,0.0,1.0,0.37257094226010046,6
2024-03-20 15:00:00,97,1.0,3.0,2.6886214556330077,6
2024-03-21 10:00:00,100,65.0,101.0,79.3299275277067,6
2024-03-21 02:00:00,193,0.0,0.0,0.2561963573225779,6
2024-03-26 09:00:00,234,103.0,163.0,96.79357468202994,6
2024-03-22 23:00:00,39,0.0,0.0,1.1391217955653283,6
2024-03-18 17:00:00,48,119.0,111.0,127.44388712718072,6
2024-03-24 11:00:00,188,4.0,2.0,1.9511000334929225,6
2024-03-26 05:00:00,65,0.0,2.0,0.6440720960862594,6
2024-03-29 21:00:00,188,0.0,0.0,0.9205520817396039,6
2024-03-20 03:00:00,203,0.0,0.0,0.039276548550292605,6
2024-03-30 00:00:00,237,56.0,53.0,75.26640667212926,6
2024-03-21 14:00:00,131,0.0,0.0,0.4818384744867217,6
2024-03-18 07:00:00,87,8.0,8.0,7.530782345785352,6
2024-03-23 04:00:00,227,0.0,0.0,0.07508882873321303,6
2024-03-19 10:00:00,42,5.0,2.0,7.123678499213274,6
2024-03-26 08:00:00,243,5.0,2.0,1.855837878602123,6
2024-03-19 21:00:00,14,0.0,2.0,0.4405956302614529,6
2024-03-21 08:00:00,224,12.0,17.0,15.38630099718051,6
2024-03-24 15:00:00,75,33.0,21.0,41.4200541950243,6
2024-03-28 22:00:00,165,1.0,2.0,0.2954426012076275,6
2024-03-27 23:00:00,237,77.0,84.0,93.52608562736836,6
2024-03-23 19:00:00,41,25.0,26.0,25.00086493436087,6
2024-03-22 05:00:00,253,0.0,0.0,0.08816701187218845,6
2024-03-31 08:00:00,92,1.0,0.0,0.4532538535591016,6
2024-03-23 07:00:00,181,0.0,1.0,1.2049073514867858,6
2024-03-31 03:00:00,173,0.0,2.0,0.10733987313893305,6
2024-03-29 00:00:00,173,0.0,0.0,0.06699062000821376,6
2024-03-21 19:00:00,179,0.0,0.0,1.2899345605573505,6
2024-03-25 11:00:00,205,0.0,1.0,0.796727410318245,6
2024-03-31 01:00:00,16,1.0,0.0,0.04265708869664749,6
2024-03-28 12:00:00,176,0.0,0.0,0.004575610213305264,6
2024-03-29 13:00:00,22,1.0,3.0,0.5575555223440304,6
2024-03-22 05:00:00,26,0.0,1.0,0.2931927145674563,6
2024-03-31 16:00:00,210,0.0,1.0,0.22789610673200933,6
2024-03-27 15:00:00,133,1.0,0.0,0.3519953930454773,6
2024-03-21 06:00:00,74,10.0,14.0,10.990258837879058,6
2024-03-22 11:00:00,62,0.0,2.0,1.0768743118162387,6
2024-03-28 00:00:00,72,1.0,0.0,0.48762210441617915,6
2024-03-29 14:00:00,223,1.0,3.0,1.5238581681176795,6
2024-03-18 14:00:00,162,229.0,215.0,208.08020275850785,6
2024-03-26 02:00:00,163,6.0,4.0,8.666777594688654,6
2024-03-29 15:00:00,185,0.0,0.0,0.3035122726528112,6
2024-03-20 17:00:00,174,0.0,1.0,0.2899655758460936,6
2024-03-27 17:00:00,220,1.0,0.0,0.24277973731189087,6
2024-03-24 05:00:00,42,6.0,4.0,2.859960960734261,6
2024-03-26 20:00:00,239,155.0,153.0,159.52198458737647,6
2024-03-27 07:00:00,150,0.0,0.0,0.20146930416601921,6
2024-03-20 12:00:00,117,0.0,0.0,0.7253886660747436,6
2024-03-27 17:00:00,172,0.0,0.0,0.00713075794126115,6
2024-03-22 12:00:00,5,0.0,0.0,0.0045194826496730515,6
2024-03-22 03:00:00,155,0.0,0.0,0.06826405595520124,6
2024-03-27 05:00:00,58,0.0,0.0,0.01416106027360054,6
2024-03-19 05:00:00,164,8.0,4.0,7.649511385561124,6
2024-03-31 11:00:00,133,1.0,0.0,0.4196691052217415,6
2024-03-19 03:00:00,199,0.0,0.0,0.003215096295843389,6
2024-03-30 19:00:00,83,1.0,0.0,0.44327433947896283,6
2024-03-30 17:00:00,189,0.0,1.0,1.1236598656933243,6
2024-03-29 05:00:00,122,0.0,0.0,0.1899695944615117,6
2024-03-27 23:00:00,179,0.0,1.0,0.7076985194804121,6
2024-03-25 17:00:00,149,0.0,1.0,0.17855633879679778,6
2024-03-23 05:00:00,189,0.0,0.0,0.33749634866445816,6
2024-03-20 23:00:00,16,0.0,0.0,0.10056480518880123,6
2024-03-24 22:00:00,192,0.0,0.0,0.08113937153706345,6
2024-03-25 01:00:00,192,0.0,0.0,0.040593673907717044,6
2024-03-23 11:00:00,93,1.0,0.0,0.9486700359481548,6
2024-03-23 14:00:00,24,16.0,27.0,24.648419602277396,6
2024-03-19 12:00:00,59,0.0,0.0,0.008263786108618741,6
2024-03-18 22:00:00,33,1.0,2.0,2.336235371898052,6
2024-03-26 18:00:00,250,0.0,1.0,0.20038658323603337,6
2024-03-18 17:00:00,78,1.0,0.0,0.3681488229891906,6
2024-03-21 02:00:00,212,0.0,0.0,0.036245217289914027,6
2024-03-22 11:00:00,60,0.0,0.0,0.37749280337809477,6
2024-03-31 15:00:00,31,0.0,0.0,0.08016281236062668,6
2024-03-30 02:00:00,206,0.0,0.0,0.003913826470124995,6
2024-03-30 19:00:00,153,0.0,0.0,0.08092933964313816,6
2024-03-18 21:00:00,111,0.0,0.0,0.006887173597053545,6
2024-03-30 19:00:00,22,0.0,0.0,0.1091411562973039,6
2024-03-22 23:00:00,191,1.0,0.0,0.27605341127550437,6
2024-03-30 08:00:00,5,0.0,0.0,0.0038950175133676637,6
2024-03-26 07:00:00,5,0.0,0.0,0.004200131147251853,6
2024-03-18 19:00:00,63,1.0,0.0,0.1291289476815302,6
2024-03-21 19:00:00,196,0.0,0.0,0.32781246576261275,6
2024-03-29 14:00:00,1,1.0,0.0,1.257907657476864,6
2024-03-30 12:00:00,208,0.0,0.0,0.25056067063934456,6
2024-03-30 12:00:00,183,0.0,0.0,0.11722859233585525,6
2024-03-22 00:00:00,192,1.0,0.0,0.0718427758315796,6
2024-03-29 00:00:00,129,1.0,0.0,1.0762209134063516,6
2024-03-22 06:00:00,259,0.0,2.0,0.8156015537961231,6
2024-03-31 21:00:00,229,50.0,73.0,56.90198261319651,6
2024-03-27 10:00:00,200,1.0,1.0,0.2998477489108153,6
2024-03-20 09:00:00,232,11.0,6.0,5.195656175670294,6
2024-03-24 22:00:00,119,1.0,0.0,0.15655914756054634,6
2024-03-28 21:00:00,149,0.0,0.0,0.04126438377642831,6
2024-03-20 18:00:00,253,0.0,0.0,0.044885865556304604,6
2024-03-24 15:00:00,223,2.0,1.0,1.5484507046166192,6
2024-03-29 09:00:00,82,0.0,0.0,1.1448642328001448,6
2024-03-28 03:00:00,250,0.0,0.0,0.03653439830700827,6
2024-03-18 23:00:00,24,2.0,0.0,4.599825624504622,6
2024-03-21 03:00:00,147,0.0,0.0,0.0297366372433674,6
2024-03-24 14:00:00,200,0.0,0.0,0.18366594085827434,6
2024-03-22 02:00:00,158,29.0,26.0,21.951939823536335,6
2024-03-23 18:00:00,261,51.0,50.0,50.79853557812055,6
2024-03-25 08:00:00,219,1.0,2.0,0.8976838509782048,6
2024-03-28 06:00:00,162,91.0,81.0,89.97517342532075,6
2024-03-25 21:00:00,124,0.0,0.0,0.14189485310320848,6
2024-03-28 04:00:00,145,0.0,2.0,0.9588697056397545,6
2024-03-22 10:00:00,90,75.0,66.0,77.96901784440317,6
2024-03-20 21:00:00,223,2.0,1.0,1.1541546662982085,6
2024-03-31 17:00:00,45,10.0,12.0,12.327888872273773,6
2024-03-27 08:00:00,208,0.0,0.0,0.5271728309642625,6
2024-03-29 06:00:00,78,0.0,2.0,0.7279830386100281,6
2024-03-19 02:00:00,222,0.0,0.0,0.05156267305560571,6
2024-03-28 11:00:00,138,182.0,225.0,181.8266437799752,6
2024-03-27 00:00:00,137,22.0,15.0,20.865817450292543,6
2024-03-29 22:00:00,57,0.0,0.0,0.01514196470940992,6
2024-03-26 18:00:00,236,330.0,320.0,366.8327989535209,6
2024-03-30 11:00:00,196,2.0,0.0,0.6025917799269268,6
2024-03-26 04:00:00,44,0.0,0.0,0.0036877337878246405,6
2024-03-20 11:00:00,79,53.0,48.0,60.575620580177564,6
2024-03-31 17:00:00,33,7.0,5.0,4.781938963649045,6
2024-03-30 22:00:00,218,0.0,0.0,0.24627757593213181,6
2024-03-29 15:00:00,250,0.0,1.0,0.4618495004501323,6
2024-03-22 17:00:00,239,208.0,252.0,250.5123106509233,6
2024-03-30 18:00:00,58,0.0,0.0,0.013923467106838885,6
2024-03-29 09:00:00,114,21.0,17.0,26.960970421131282,6
2024-03-27 09:00:00,209,8.0,16.0,8.686537051600617,6
2024-03-29 08:00:00,118,0.0,0.0,0.006373326993905938,6
2024-03-25 12:00:00,91,2.0,0.0,1.25007403910839,6
2024-03-21 04:00:00,50,4.0,3.0,3.697085636609815,6
2024-03-22 01:00:00,117,0.0,0.0,0.060493260655331234,6
2024-03-27 05:00:00,194,0.0,0.0,0.19502966250997864,6
2024-03-25 18:00:00,37,0.0,1.0,1.2669405070161504,6
2024-03-19 12:00:00,123,0.0,2.0,0.6720464670578693,6
2024-03-20 23:00:00,203,0.0,0.0,0.1726789330725365,6
2024-03-29 12:00:00,154,0.0,0.0,0.09758674872199402,6
2024-03-20 00:00:00,85,0.0,0.0,0.13687341393276659,6
2024-03-25 19:00:00,151,39.0,46.0,37.986974757724596,6
2024-03-30 11:00:00,19,0.0,1.0,0.1750415186276731,6
2024-03-30 17:00:00,130,4.0,0.0,1.716310247726941,6
2024-03-25 21:00:00,210,0.0,0.0,0.09859325718492033,6
2024-03-28 04:00:00,112,1.0,0.0,0.499386746547864,6
2024-03-27 18:00:00,167,0.0,0.0,0.39870756953264264,6
2024-03-25 14:00:00,157,2.0,4.0,0.5166496044555792,6
2024-03-26 14:00:00,228,1.0,1.0,0.5821221879037339,6
2024-03-23 19:00:00,149,0.0,0.0,0.06659659033437959,6
2024-03-23 06:00:00,226,4.0,3.0,3.22418456797799,6
2024-03-18 12:00:00,149,1.0,0.0,0.44967255131252587,6
2024-03-19 07:00:00,235,0.0,4.0,1.3047917406884306,6
2024-03-19 18:00:00,233,146.0,186.0,132.3406088676946,6
2024-03-26 07:00:00,148,9.0,14.0,9.577886923800213,6
2024-03-18 01:00:00,132,93.0,164.0,77.87014758688538,6
2024-03-24 19:00:00,217,1.0,2.0,0.34006989592584463,6
2024-03-18 00:00:00,43,7.0,4.0,11.10470782707233,6
2024-03-24 19:00:00,69,1.0,1.0,0.3984221562113205,6
2024-03-27 22:00:00,244,1.0,3.0,2.768219473303906,6
2024-03-28 07:00:00,75,56.0,66.0,41.6016707596269,6
2024-03-27 14:00:00,141,162.0,156.0,165.97484913790507,6
2024-03-30 08:00:00,159,0.0,0.0,0.6940067698169556,6
2024-03-20 06:00:00,61,2.0,1.0,3.3090778358289707,6
2024-03-20 05:00:00,114,0.0,1.0,3.843981242479499,6
2024-03-20 04:00:00,9,1.0,0.0,0.037431772329773294,6
2024-03-30 09:00:00,43,43.0,27.0,61.110040162582244,6
2024-03-24 01:00:00,235,0.0,0.0,0.17705597084536942,6
2024-03-30 07:00:00,229,22.0,32.0,33.323571173813114,6
2024-03-21 02:00:00,249,22.0,34.0,29.551073947645893,6
2024-03-26 17:00:00,210,0.0,1.0,0.34307439732372685,6
2024-03-28 04:00:00,254,0.0,1.0,0.5438348394783254,6
2024-03-25 11:00:00,206,0.0,0.0,0.0048321516671755525,6
2024-03-19 12:00:00,120,0.0,0.0,0.023840764426533267,6
2024-03-30 16:00:00,156,0.0,0.0,0.004548502252987064,6
2024-03-28 12:00:00,151,62.0,58.0,61.4928954849865,6
2024-03-22 18:00:00,86,0.0,2.0,0.28718130725001717,6
2024-03-22 20:00:00,3,0.0,1.0,0.062273381919263224,6
2024-03-28 20:00:00,66,5.0,3.0,2.2166762342845714,6
2024-03-25 15:00:00,188,2.0,1.0,2.413291796164635,6
2024-03-25 18:00:00,217,1.0,0.0,0.3339050285646261,6
2024-03-28 01:00:00,225,0.0,0.0,0.2644062197317482,6
2024-03-28 14:00:00,251,0.0,0.0,0.0061245382545207176,6
2024-03-29 03:00:00,113,4.0,24.0,9.226885001911059,6
2024-03-21 18:00:00,215,1.0,0.0,1.2485130596224443,6
2024-03-23 05:00:00,150,0.0,0.0,0.08256884125092206,6
2024-03-18 21:00:00,28,1.0,1.0,0.5635183476619418,6
2024-03-30 23:00:00,162,76.0,91.0,91.6464284263724,6
2024-03-18 21:00:00,201,0.0,0.0,0.04639114907794807,6
2024-03-18 04:00:00,191,0.0,1.0,0.35070428794740643,6
2024-03-24 03:00:00,140,2.0,4.0,8.386070874896685,6
2024-03-19 09:00:00,11,1.0,0.0,0.2585553156589659,6
2024-03-18 10:00:00,250,0.0,0.0,0.4252070141026537,6
2024-03-19 08:00:00,97,1.0,2.0,2.2655241915420596,6
2024-03-24 14:00:00,35,0.0,2.0,1.553818562546129,6
2024-03-23 12:00:00,203,1.0,0.0,0.26460407440440503,6
2024-03-22 18:00:00,182,0.0,0.0,0.46559971484202034,6
2024-03-19 19:00:00,29,0.0,0.0,0.1706924531086411,6
2024-03-24 17:00:00,8,0.0,0.0,0.013777292296057586,6
2024-03-29 12:00:00,181,3.0,0.0,3.0664593408255234,6
2024-03-31 13:00:00,134,1.0,0.0,0.7684066462721925,6
2024-03-26 16:00:00,114,57.0,46.0,48.49419585191588,6
2024-03-31 22:00:00,140,25.0,21.0,26.149387912916055,6
2024-03-19 16:00:00,41,11.0,9.0,18.887251866657696,6
2024-03-26 12:00:00,41,13.0,15.0,18.488210351629764,6
2024-03-22 12:00:00,169,0.0,1.0,0.7292743020667686,6
2024-03-29 02:00:00,95,0.0,0.0,0.1877134850656053,6
2024-03-28 14:00:00,265,1.0,7.0,3.58673992471522,6
2024-03-22 08:00:00,238,142.0,181.0,171.5349128996796,6
2024-03-31 09:00:00,257,0.0,0.0,0.22685022267972238,6
2024-03-23 15:00:00,120,0.0,0.0,0.023728163186487367,6
2024-03-19 13:00:00,2,0.0,0.0,0.0044649652797378115,6
2024-03-21 23:00:00,228,2.0,0.0,0.3668590007592024,6
2024-03-31 11:00:00,7,5.0,2.0,4.47618913612199,6
2024-03-20 05:00:00,107,11.0,16.0,10.55642307124786,6
2024-03-23 01:00:00,83,1.0,0.0,0.12294172866975508,6
2024-03-22 15:00:00,226,5.0,6.0,5.590803452059883,6
2024-03-19 09:00:00,107,158.0,132.0,104.9915377498271,6
2024-03-25 18:00:00,155,0.0,0.0,0.2994398958080154,6
2024-03-26 03:00:00,35,0.0,0.0,0.14948056413774213,6
2024-03-20 12:00:00,190,1.0,0.0,0.1455475317547607,6
2024-03-30 04:00:00,172,0.0,0.0,0.007153336019351567,6
2024-03-30 15:00:00,100,85.0,119.0,96.23486784613601,6
2024-03-27 11:00:00,220,0.0,1.0,0.5008694354887484,6
2024-03-19 19:00:00,162,391.0,370.0,377.97835836186545,6
2024-03-25 15:00:00,169,1.0,0.0,0.563024339533279,6
2024-03-20 02:00:00,105,0.0,0.0,0.003056474445141811,6
2024-03-22 02:00:00,239,5.0,6.0,10.689325548531428,6
2024-03-24 16:00:00,195,1.0,0.0,1.1186564908968675,6
2024-03-20 01:00:00,112,4.0,0.0,0.5426166339780634,6
2024-03-18 06:00:00,33,3.0,3.0,1.8026717144275177,6
2024-03-28 22:00:00,176,0.0,0.0,0.004303939515698369,6
2024-03-21 02:00:00,154,0.0,0.0,0.022279541959609864,6
2024-03-22 20:00:00,162,219.0,263.0,193.26523329696332,6
2024-03-20 23:00:00,99,0.0,0.0,0.004361910025650768,6
2024-03-24 00:00:00,197,0.0,1.0,0.7104327357862769,6
2024-03-22 21:00:00,98,0.0,0.0,0.06363278748734082,6
2024-03-27 21:00:00,15,0.0,0.0,0.0552517026734539,6
2024-03-27 03:00:00,53,0.0,0.0,0.028512431543440166,6
2024-03-18 22:00:00,29,0.0,0.0,0.15134595703192527,6
2024-03-18 03:00:00,127,1.0,0.0,0.1257661073761303,6
2024-03-21 02:00:00,161,8.0,9.0,11.982448849296702,6
2024-03-25 14:00:00,176,0.0,0.0,0.006468135953006875,6
2024-03-20 01:00:00,217,0.0,0.0,0.07859561312554754,6
2024-03-25 06:00:00,146,3.0,4.0,2.058090868841398,6
2024-03-18 13:00:00,156,0.0,0.0,0.004548419693250106,6
2024-03-20 06:00:00,187,0.0,0.0,0.007267601557363074,6
2024-03-19 20:00:00,152,3.0,4.0,3.064043493330371,6
2024-03-20 07:00:00,193,2.0,6.0,4.493309728280416,6
2024-03-30 11:00:00,249,74.0,77.0,89.91704430842886,6
2024-03-22 03:00:00,40,0.0,0.0,0.14711285450223566,6
2024-03-23 17:00:00,146,4.0,7.0,3.6832105931972787,6
2024-03-25 15:00:00,114,52.0,32.0,41.9299270599722,6
2024-03-21 09:00:00,217,0.0,0.0,0.47242047861690145,6
2024-03-22 06:00:00,120,0.0,0.0,0.023390551839439687,6
2024-03-23 10:00:00,13,27.0,29.0,23.949091641447467,6
2024-03-25 23:00:00,177,0.0,0.0,0.4876948101406277,6
2024-03-21 22:00:00,179,0.0,3.0,1.0112719312396976,6
2024-03-30 23:00:00,70,31.0,20.0,19.36185708150233,6
2024-03-18 17:00:00,169,2.0,1.0,0.4945347202459369,6
2024-03-18 14:00:00,152,5.0,7.0,4.396857965604375,6
2024-03-25 09:00:00,66,0.0,2.0,1.5534651291015276,6
2024-03-31 03:00:00,217,2.0,0.0,0.19438010009981083,6
2024-03-25 07:00:00,205,0.0,2.0,1.3745680363205746,6
2024-03-21 16:00:00,10,7.0,7.0,3.5718210846618983,6
2024-03-31 15:00:00,99,0.0,0.0,0.004645778282585884,6
2024-03-20 05:00:00,252,1.0,0.0,0.15093522797464654,6
2024-03-23 23:00:00,107,195.0,277.0,199.29283025789462,6
2024-03-26 17:00:00,31,0.0,0.0,0.016209130144581908,6
2024-03-26 14:00:00,125,28.0,27.0,25.09068664637634,6
2024-03-21 02:00:00,233,3.0,3.0,6.5181480769243265,6
2024-03-26 12:00:00,97,3.0,4.0,2.907893535953702,6
2024-03-29 07:00:00,155,0.0,0.0,1.1267931277466894,6
2024-03-25 00:00:00,71,0.0,0.0,0.3054984929716457,6
2024-03-19 15:00:00,62,0.0,1.0,0.8883382473697956,6
2024-03-21 19:00:00,258,0.0,0.0,0.10690869264841704,6
2024-03-25 05:00:00,171,0.0,1.0,0.15357444420516062,6
2024-03-21 22:00:00,89,0.0,0.0,1.666363970109712,6
2024-03-22 21:00:00,228,0.0,1.0,0.4358780170470567,6
2024-03-27 19:00:00,169,1.0,0.0,0.18942471594788823,6
2024-03-24 02:00:00,73,0.0,0.0,0.01685076199850222,6
2024-03-26 17:00:00,127,1.0,0.0,0.7496486414685313,6
2024-03-30 13:00:00,65,5.0,4.0,7.743237840171814,6
2024-03-26 20:00:00,84,0.0,0.0,0.004343449681379213,6
2024-03-27 07:00:00,55,2.0,1.0,1.5755530411824599,6
2024-03-20 15:00:00,137,84.0,91.0,99.07920016175981,6
2024-03-20 22:00:00,169,0.0,0.0,0.19092190193541184,6
2024-03-29 13:00:00,49,2.0,1.0,1.91347549740548,6
2024-03-19 00:00:00,156,0.0,0.0,0.004088226400919586,6
2024-03-20 12:00:00,146,5.0,5.0,3.6139063049069513,6
2024-03-24 07:00:00,259,0.0,0.0,0.4480288215578086,6
2024-03-23 12:00:00,59,0.0,0.0,0.010726916830524309,6
2024-03-18 04:00:00,149,0.0,0.0,0.08109717653014449,6
2024-03-30 05:00:00,11,0.0,0.0,0.08974164239651801,6
2024-03-25 22:00:00,56,0.0,0.0,0.3291053004025085,6
2024-03-20 09:00:00,246,57.0,71.0,58.65800524861135,6
2024-03-25 09:00:00,134,0.0,0.0,0.9926036283788037,6
2024-03-26 11:00:00,148,17.0,9.0,15.233205761274746,6
2024-03-25 20:00:00,160,1.0,0.0,0.12290063782396995,6
2024-03-23 00:00:00,65,11.0,3.0,3.630941208105739,6
2024-03-30 08:00:00,128,0.0,0.0,0.06737918116189356,6
2024-03-18 01:00:00,213,0.0,0.0,0.14810350963765612,6
2024-03-28 11:00:00,189,0.0,0.0,0.7935253485696243,6
2024-03-23 19:00:00,167,0.0,0.0,0.27320580837761055,6
2024-03-23 15:00:00,83,0.0,0.0,0.39892376884887987,6
2024-03-24 01:00:00,195,0.0,0.0,0.2102939282032441,6
2024-03-18 01:00:00,153,0.0,0.0,0.02680745148067369,6
2024-03-19 11:00:00,44,0.0,0.0,0.004880073790842575,6
2024-03-24 12:00:00,139,0.0,1.0,0.3038807983494689,6
2024-03-19 06:00:00,248,3.0,1.0,0.5262558398632426,6
2024-03-28 12:00:00,187,0.0,0.0,0.009442704084328313,6
2024-03-27 07:00:00,215,2.0,2.0,1.8503031189612638,6
2024-03-19 13:00:00,241,0.0,0.0,0.5143713393339954,6
2024-03-28 18:00:00,63,0.0,0.0,0.24488748886261066,6
2024-03-25 06:00:00,214,0.0,0.0,0.009793740266298371,6
2024-03-27 22:00:00,112,5.0,2.0,2.03686972450798,6
2024-03-29 10:00:00,116,7.0,2.0,6.106693157308966,6
2024-03-24 16:00:00,30,0.0,0.0,0.007233523875197636,6
2024-03-26 15:00:00,158,43.0,40.0,35.827760372958124,6
2024-03-31 06:00:00,79,12.0,12.0,19.943982284260656,6
2024-03-22 01:00:00,234,42.0,42.0,39.818707606499025,6
2024-03-31 02:00:00,194,0.0,0.0,0.07821997480238385,6
2024-03-21 04:00:00,107,4.0,8.0,7.128436754810207,6
2024-03-31 11:00:00,72,1.0,3.0,1.2994011765552158,6
2024-03-28 20:00:00,176,0.0,0.0,0.004335313391222248,6
2024-03-22 09:00:00,34,0.0,0.0,0.2533860022199223,6
2024-03-18 04:00:00,5,0.0,0.0,0.003739866099448928,6
2024-03-19 22:00:00,90,105.0,99.0,84.25144346893856,6
2024-03-31 17:00:00,102,0.0,0.0,0.14183739787227326,6
2024-03-20 05:00:00,105,0.0,0.0,0.0040055556529079205,6
2024-03-30 09:00:00,216,1.0,0.0,1.493751244243508,6
2024-03-24 12:00:00,220,0.0,0.0,0.3308310669977159,6
2024-03-23 07:00:00,75,38.0,31.0,20.47999315183545,6
2024-03-27 22:00:00,235,0.0,0.0,0.20189121007146035,6
2024-03-30 14:00:00,85,1.0,0.0,0.6703801609300492,6
2024-03-27 15:00:00,235,1.0,0.0,0.5586022285225816,6
2024-03-18 19:00:00,107,100.0,77.0,95.71034954077201,6
2024-03-23 05:00:00,212,0.0,1.0,0.2028080240953968,6
2024-03-19 04:00:00,25,1.0,0.0,0.4670940471353399,6
2024-03-22 01:00:00,93,0.0,3.0,0.2075762460606119,6
2024-03-25 17:00:00,250,0.0,1.0,0.2665224880636351,6
2024-03-21 21:00:00,184,0.0,0.0,0.029025495236750836,6
2024-03-29 12:00:00,189,1.0,0.0,0.8963024382595413,6
2024-03-25 07:00:00,157,0.0,0.0,0.9999901370840998,6
2024-03-19 20:00:00,215,0.0,0.0,0.7570001592569168,6
2024-03-30 06:00:00,115,0.0,0.0,0.004364671541999748,6
2024-03-26 00:00:00,106,0.0,0.0,0.2665471173799011,6
2024-03-19 10:00:00,124,1.0,0.0,0.28167887773287076,6
2024-03-29 22:00:00,135,2.0,1.0,0.08442201859216476,6
2024-03-20 23:00:00,181,0.0,2.0,3.5296498965526566,6
2024-03-31 18:00:00,261,50.0,49.0,37.9383598494427,6
2024-03-26 18:00:00,125,43.0,36.0,36.202026865974815,6
2024-03-30 16:00:00,18,0.0,1.0,0.2730237972641747,6
2024-03-18 00:00:00,63,0.0,0.0,0.0869639756372909,6
2024-03-20 08:00:00,99,0.0,0.0,0.004317779529866226,6
2024-03-31 16:00:00,125,26.0,44.0,29.313961721382057,6
2024-03-18 11:00:00,219,0.0,0.0,0.7232720643044925,6
2024-03-23 23:00:00,71,0.0,0.0,0.5220271743144251,6
2024-03-19 07:00:00,82,1.0,2.0,1.0777518444217358,6
2024-03-31 06:00:00,121,0.0,1.0,0.18610147703293958,6
2024-03-29 18:00:00,154,0.0,0.0,0.08777081764525041,6
2024-03-24 01:00:00,30,0.0,0.0,0.006465608260439704,6
2024-03-29 22:00:00,92,0.0,0.0,0.25998848440184086,6
2024-03-30 06:00:00,94,0.0,0.0,0.22911775092591524,6
2024-03-24 15:00:00,78,0.0,0.0,0.5782740879280511,6
2024-03-31 14:00:00,155,0.0,0.0,0.3193235225170513,6
2024-03-23 19:00:00,213,0.0,0.0,0.48113892684220216,6
2024-03-20 03:00:00,160,0.0,0.0,0.0504389068983437,6
2024-03-22 15:00:00,197,0.0,2.0,1.7182922389162136,6
2024-03-30 03:00:00,145,1.0,4.0,2.2302890112777787,6
2024-03-30 23:00:00,55,0.0,0.0,0.16083779536446705,6
2024-03-27 21:00:00,78,0.0,0.0,0.15809868834179308,6
2024-03-22 19:00:00,83,1.0,0.0,0.23803360087463754,6
2024-03-20 16:00:00,57,0.0,0.0,0.019075039683396803,6
2024-03-31 16:00:00,72,0.0,0.0,0.7959437104064021,6
2024-03-18 16:00:00,98,0.0,0.0,0.12232515624252914,6
2024-03-23 22:00:00,11,0.0,0.0,0.05589482207601716,6
2024-03-21 20:00:00,215,0.0,1.0,0.751808266889659,6
2024-03-26 00:00:00,29,1.0,0.0,0.09853533506001964,6
2024-03-21 06:00:00,28,0.0,5.0,1.2212428160043973,6
2024-03-21 18:00:00,135,0.0,0.0,0.11414937362773424,6
2024-03-25 21:00:00,211,38.0,38.0,27.09883391846463,6
2024-03-21 17:00:00,23,0.0,0.0,0.01187518413914937,6
2024-03-31 15:00:00,186,127.0,177.0,190.05494379358726,6
2024-03-25 01:00:00,141,10.0,15.0,10.44791917163886,6
2024-03-30 20:00:00,255,9.0,10.0,5.296792251266996,6
2024-03-31 19:00:00,8,0.0,0.0,0.010929187691942153,6
2024-03-28 10:00:00,149,0.0,0.0,0.4573334942479487,6
2024-03-22 19:00:00,198,0.0,1.0,0.2386400545770984,6
2024-03-20 16:00:00,259,0.0,0.0,0.2267738169252538,6
2024-03-21 06:00:00,36,1.0,0.0,0.5348614336855406,6
2024-03-27 13:00:00,195,1.0,0.0,0.9856024389813363,6
2024-03-24 03:00:00,65,0.0,0.0,1.1562803343124615,6
2024-03-30 18:00:00,102,0.0,0.0,0.1344242211322204,6
2024-03-20 17:00:00,9,0.0,0.0,0.1093854368801771,6
2024-03-30 06:00:00,207,0.0,0.0,0.1461171958132528,6
2024-03-27 10:00:00,251,0.0,0.0,0.006278636244315447,6
2024-03-19 18:00:00,127,0.0,0.0,0.6289651048412275,6
2024-03-30 00:00:00,215,1.0,2.0,0.7217182563816433,6
2024-03-19 01:00:00,94,0.0,0.0,0.02938974961892015,6
2024-03-28 15:00:00,248,0.0,0.0,0.4524527281819769,6
2024-03-24 01:00:00,166,9.0,4.0,6.538311305933856,6
2024-03-31 18:00:00,156,0.0,0.0,0.00436723612578702,6
2024-03-19 11:00:00,150,0.0,0.0,0.19939805061033233,6
2024-03-18 20:00:00,20,0.0,0.0,0.06518264838680898,6
2024-03-21 08:00:00,172,0.0,0.0,0.008112720325321785,6
2024-03-24 08:00:00,38,0.0,0.0,0.2552743811770686,6
2024-03-20 23:00:00,38,0.0,0.0,0.08539003371112239,6
2024-03-25 16:00:00,32,1.0,0.0,0.2417378197048963,6
2024-03-22 01:00:00,28,0.0,1.0,0.1813613828557186,6
2024-03-29 03:00:00,86,0.0,0.0,0.051195406520611816,6
2024-03-24 00:00:00,108,1.0,0.0,0.06704671691056097,6
2024-03-23 22:00:00,43,44.0,38.0,44.351416697308935,6
2024-03-22 14:00:00,79,75.0,87.0,107.02978052697382,6
2024-03-19 03:00:00,142,2.0,0.0,3.543934010341459,6
2024-03-18 18:00:00,12,3.0,1.0,2.7573811211987422,6
2024-03-18 05:00:00,69,0.0,0.0,0.45242551449523455,6
2024-03-29 13:00:00,257,0.0,1.0,0.246073808991628,6
2024-03-25 06:00:00,256,1.0,0.0,1.1658855964269808,6
2024-03-28 17:00:00,94,0.0,0.0,0.1636554459090975,6
2024-03-19 13:00:00,44,0.0,0.0,0.00505851100530827,6
2024-03-20 05:00:00,187,0.0,0.0,0.008170794570655043,6
2024-03-27 21:00:00,133,0.0,0.0,0.12414500636015317,6
2024-03-31 21:00:00,96,0.0,0.0,0.013801258406920314,6
2024-03-22 21:00:00,80,1.0,0.0,0.8180153660025073,6
2024-03-24 12:00:00,156,0.0,0.0,0.004592407155290094,6
2024-03-31 06:00:00,146,2.0,1.0,1.5056612591445324,6
2024-03-25 05:00:00,194,0.0,1.0,0.179566503634694,6
2024-03-28 18:00:00,84,0.0,0.0,0.004393230689732468,6
2024-03-18 02:00:00,171,0.0,0.0,0.021090216979505725,6
2024-03-22 05:00:00,58,0.0,0.0,0.014790667656603047,6
2024-03-20 04:00:00,145,2.0,0.0,1.0482318685000538,6
2024-03-29 05:00:00,190,0.0,0.0,0.1008598267336665,6
2024-03-21 02:00:00,122,0.0,0.0,0.028782411152742767,6
2024-03-31 13:00:00,78,3.0,0.0,0.6294361282638942,6
2024-03-30 03:00:00,25,0.0,1.0,1.2435780129988883,6
2024-03-28 21:00:00,148,139.0,135.0,79.44183955136899,6
2024-03-29 01:00:00,203,0.0,0.0,0.038003920497336516,6
2024-03-22 20:00:00,136,0.0,0.0,0.06680259456360176,6
2024-03-22 15:00:00,153,1.0,0.0,0.11029247677390353,6
2024-03-26 14:00:00,202,0.0,1.0,0.3857887483784243,6
2024-03-29 03:00:00,83,0.0,0.0,0.10831485124177494,6
2024-03-25 05:00:00,6,0.0,0.0,0.09073065719323377,6
2024-03-23 11:00:00,256,8.0,2.0,2.104387155857601,6
2024-03-30 22:00:00,204,0.0,0.0,0.004902876483118559,6
2024-03-30 12:00:00,47,1.0,0.0,0.6368566068563137,6
2024-03-30 16:00:00,210,0.0,0.0,0.20897677661894762,6
2024-03-18 21:00:00,64,0.0,0.0,0.05418055604044289,6
2024-03-28 17:00:00,81,0.0,0.0,0.18197052219873847,6
2024-03-24 00:00:00,139,0.0,0.0,0.10134176442265197,6
2024-03-23 17:00:00,227,0.0,0.0,0.110783258572912,6
2024-03-27 04:00:00,131,0.0,0.0,0.16506037152427308,6
2024-03-24 10:00:00,45,1.0,4.0,5.4341494700574025,6
2024-03-30 15:00:00,45,10.0,16.0,13.560931187538191,6
2024-03-26 15:00:00,78,0.0,0.0,0.5757636185244103,6
2024-03-30 10:00:00,216,4.0,1.0,1.4353511732048352,6
2024-03-18 05:00:00,105,0.0,0.0,0.003954874988376919,6
2024-03-25 05:00:00,148,1.0,3.0,3.763125242257734,6
2024-03-28 21:00:00,215,1.0,2.0,0.8205840543367919,6
2024-03-20 11:00:00,141,153.0,149.0,157.50092472084592,6
2024-03-21 09:00:00,91,1.0,4.0,1.874457077718508,6
2024-03-27 16:00:00,113,114.0,97.0,100.89890902293303,6
2024-03-30 18:00:00,188,2.0,3.0,2.0210564695185336,6
2024-03-22 00:00:00,265,1.0,2.0,3.8068898671473472,6
2024-03-30 17:00:00,122,0.0,0.0,0.1261051486594309,6
2024-03-26 21:00:00,188,0.0,1.0,0.8064578837233284,6
2024-03-26 02:00:00,175,0.0,0.0,0.023291522041593182,6
2024-03-18 18:00:00,243,1.0,1.0,2.5097243368204,6
2024-03-18 08:00:00,145,4.0,11.0,7.78200371089422,6
2024-03-31 22:00:00,114,62.0,87.0,68.89002922062024,6
2024-03-22 07:00:00,205,1.0,2.0,1.8174180048718682,6
2024-03-29 18:00:00,164,162.0,195.0,221.36578979990222,6
2024-03-19 05:00:00,212,0.0,1.0,0.260564901187633,6
2024-03-22 06:00:00,61,5.0,9.0,3.5135836736326453,6
2024-03-29 15:00:00,165,2.0,1.0,0.9534106684718293,6
2024-03-30 05:00:00,51,1.0,0.0,0.5355651197018154,6
2024-03-23 15:00:00,213,0.0,1.0,0.591936417131796,6
2024-03-20 15:00:00,156,0.0,0.0,0.00474845256813439,6
2024-03-26 16:00:00,121,0.0,0.0,0.43199914631512426,6
2024-03-28 23:00:00,195,1.0,0.0,0.49326260757699053,6
2024-03-28 11:00:00,7,2.0,5.0,3.7764789497260414,6
2024-03-19 13:00:00,113,63.0,65.0,77.62780084075543,6
2024-03-18 21:00:00,261,14.0,17.0,17.01137436833204,6
2024-03-22 08:00:00,97,2.0,3.0,2.699748226982718,6
2024-03-25 01:00:00,198,0.0,0.0,0.144056806462939,6
2024-03-24 22:00:00,203,0.0,1.0,0.14184583643091064,6
2024-03-30 13:00:00,168,0.0,1.0,2.3149929816310904,6
2024-03-21 20:00:00,119,0.0,1.0,0.11075654089190087,6
2024-03-23 05:00:00,62,0.0,1.0,0.47532545505484697,6
2024-03-18 05:00:00,131,0.0,0.0,0.3371344659831869,6
2024-03-21 10:00:00,89,1.0,3.0,2.234520511407261,6
2024-03-26 00:00:00,252,0.0,0.0,0.08087514040736232,6
2024-03-18 02:00:00,132,16.0,131.0,26.893080281170292,6
2024-03-21 19:00:00,213,0.0,0.0,0.33401973571603605,6
2024-03-28 00:00:00,118,0.0,0.0,0.007307575825663825,6
2024-03-29 20:00:00,129,3.0,2.0,1.4211847563688729,6
2024-03-22 11:00:00,49,1.0,0.0,1.6041934776760474,6
2024-03-24 22:00:00,44,0.0,0.0,0.006348568932858123,6
2024-03-30 03:00:00,94,0.0,0.0,0.03483800373592365,6
2024-03-27 11:00:00,36,1.0,0.0,0.5347643324072836,6
2024-03-27 08:00:00,187,0.0,0.0,0.008159338455738518,6
2024-03-19 15:00:00,232,9.0,3.0,5.755471974880797,6
2024-03-26 13:00:00,195,0.0,0.0,0.8066857875044355,6
2024-03-18 14:00:00,78,1.0,0.0,0.5430081529539832,6
2024-03-19 20:00:00,35,1.0,0.0,0.7737401746209387,6
2024-03-24 11:00:00,114,27.0,21.0,41.70938394949624,6
2024-03-22 18:00:00,186,281.0,272.0,238.10883766287589,6
2024-03-20 22:00:00,222,0.0,1.0,0.11088041812045846,6
2024-03-21 06:00:00,38,1.0,1.0,0.6539591057629387,6
2024-03-19 01:00:00,211,2.0,4.0,5.503093798614155,6
2024-03-29 05:00:00,208,0.0,0.0,0.39662613922768614,6
2024-03-22 01:00:00,81,0.0,0.0,0.06562904977903433,6
2024-03-29 17:00:00,254,0.0,1.0,0.5911915689805766,6
2024-03-23 00:00:00,172,0.0,0.0,0.0073771462440443795,6
2024-03-20 09:00:00,238,175.0,166.0,164.65617602853698,6
2024-03-20 10:00:00,158,19.0,28.0,25.248717530650968,6
2024-03-22 18:00:00,48,165.0,216.0,193.33685297373702,6
2024-03-18 08:00:00,238,181.0,196.0,121.75066339463078,6
2024-03-21 02:00:00,221,0.0,0.0,0.004280296973900378,6
2024-03-29 22:00:00,160,0.0,0.0,0.1568419957946846,6
2024-03-27 22:00:00,4,14.0,16.0,9.813349684952408,6
2024-03-18 10:00:00,223,2.0,0.0,1.3926036266177393,6
2024-03-18 11:00:00,187,0.0,0.0,0.008042077900221484,6
2024-03-23 16:00:00,70,0.0,41.0,29.08543242549381,6
2024-03-19 21:00:00,132,320.0,318.0,303.17732918683294,6
2024-03-25 15:00:00,180,0.0,0.0,0.20655151237937508,6
2024-03-25 05:00:00,218,0.0,3.0,0.8720590705192786,6
2024-03-30 01:00:00,10,0.0,1.0,0.4162601677613848,6
2024-03-22 08:00:00,174,0.0,1.0,0.6431145361161319,6
2024-03-24 07:00:00,57,0.0,0.0,0.011648297689420297,6
2024-03-20 09:00:00,209,16.0,4.0,9.900919139889993,6
2024-03-27 04:00:00,190,0.0,0.0,0.06355467733470922,6
2024-03-30 23:00:00,38,0.0,0.0,0.11495267269341745,6
2024-03-27 23:00:00,227,0.0,0.0,0.08065411131542112,6
2024-03-21 08:00:00,136,1.0,0.0,0.5320879561386982,6
2024-03-23 13:00:00,98,0.0,0.0,0.11818569350669915,6
2024-03-31 21:00:00,212,2.0,0.0,0.07789226336049307,6
2024-03-27 03:00:00,59,0.0,0.0,0.0038931135116437652,6
2024-03-19 02:00:00,248,0.0,0.0,0.030561107588880983,6
2024-03-29 12:00:00,75,65.0,63.0,58.225426016041524,6
2024-03-31 18:00:00,52,0.0,7.0,1.3493306320978888,6
2024-03-27 01:00:00,255,0.0,0.0,1.0146118067974803,6
2024-03-24 09:00:00,250,1.0,1.0,0.3646164442861959,6
2024-03-27 02:00:00,135,0.0,0.0,0.03167982499091016,6
2024-03-23 15:00:00,18,0.0,0.0,0.32911863088999616,6
2024-03-25 03:00:00,61,2.0,0.0,0.45904805679415894,6
2024-03-23 15:00:00,258,0.0,0.0,0.2550147243780938,6
2024-03-21 09:00:00,121,0.0,0.0,0.9740815177838443,6
2024-03-18 11:00:00,2,0.0,0.0,0.006119206688550106,6
2024-03-20 17:00:00,121,1.0,0.0,0.4769458949517441,6
2024-03-28 02:00:00,28,1.0,0.0,0.1228893928646223,6
2024-03-30 11:00:00,246,93.0,48.0,86.94318627202924,6
2024-03-28 14:00:00,139,0.0,0.0,0.4485044765384872,6
2024-03-20 13:00:00,173,0.0,1.0,0.20070838930479587,6
2024-03-20 17:00:00,246,210.0,182.0,176.14840085223372,6
2024-03-19 07:00:00,39,5.0,2.0,2.6248833000755605,6
2024-03-29 00:00:00,172,0.0,0.0,0.012030392254348151,6
2024-03-22 09:00:00,177,1.0,1.0,1.695443517323855,6
2024-03-24 15:00:00,245,0.0,0.0,0.007911417275528368,6
2024-03-31 22:00:00,108,0.0,0.0,0.09236389126282839,6
2024-03-28 11:00:00,90,95.0,93.0,84.91746938006598,6
2024-03-31 11:00:00,90,90.0,78.0,86.32071689444736,6
2024-03-23 02:00:00,114,423.0,303.0,334.9732101825026,6
2024-03-28 18:00:00,232,19.0,7.0,12.241855047414793,6
2024-03-19 12:00:00,94,0.0,1.0,0.26818206194497146,6
2024-03-25 20:00:00,251,0.0,0.0,0.005913033983298912,6
2024-03-18 17:00:00,187,0.0,0.0,0.009604830478027439,6
2024-03-18 11:00:00,138,232.0,276.0,185.11163904716454,6
2024-03-27 18:00:00,62,2.0,0.0,0.7844585931994429,6
2024-03-19 14:00:00,256,0.0,0.0,1.1111348775574181,6
2024-03-19 18:00:00,208,0.0,0.0,0.15698655797480587,6
2024-03-23 01:00:00,251,0.0,0.0,0.004124230017046987,6
2024-03-28 23:00:00,63,0.0,0.0,0.14615106714971804,6
2024-03-18 12:00:00,53,0.0,0.0,0.11137692614532758,6
2024-03-31 10:00:00,251,0.0,0.0,0.005632564053645703,6
2024-03-31 18:00:00,186,221.0,183.0,201.43319692447125,6
2024-03-21 00:00:00,17,3.0,0.0,0.6632110645168391,6
2024-03-22 01:00:00,9,0.0,0.0,0.029294472076166846,6
2024-03-20 04:00:00,59,0.0,0.0,0.007986956386201494,6
2024-03-26 17:00:00,102,0.0,0.0,0.14689791104085242,6
2024-03-21 00:00:00,198,1.0,0.0,0.13471024770478388,6
2024-03-25 03:00:00,43,1.0,0.0,1.3856379807315045,6
2024-03-27 17:00:00,206,0.0,0.0,0.005159542819066854,6
2024-03-30 01:00:00,128,0.0,0.0,0.02958173334452757,6
2024-03-31 05:00:00,195,0.0,1.0,0.5584320112520861,6
2024-03-27 12:00:00,102,1.0,0.0,0.3434939953923427,6
2024-03-30 04:00:00,44,0.0,0.0,0.0040677751914154755,6
2024-03-29 07:00:00,15,0.0,1.0,0.14394232420387276,6
2024-03-18 12:00:00,131,3.0,0.0,0.529579008477696,6
2024-03-30 20:00:00,52,1.0,0.0,0.8387554081245039,6
2024-03-30 14:00:00,245,0.0,0.0,0.007678483209812812,6
2024-03-18 06:00:00,183,0.0,0.0,0.15448271342346107,6
2024-03-26 03:00:00,206,0.0,0.0,0.003406101930318157,6
2024-03-29 10:00:00,70,16.0,20.0,22.261378367608156,6
2024-03-31 16:00:00,139,0.0,1.0,0.2494792706245515,6
2024-03-23 06:00:00,261,3.0,4.0,3.894000092725862,6
2024-03-27 07:00:00,40,2.0,2.0,1.9569924617174475,6
2024-03-18 09:00:00,200,0.0,0.0,0.3018888911766094,6
2024-03-19 13:00:00,254,0.0,0.0,0.686683014864839,6
2024-03-24 22:00:00,7,10.0,5.0,2.314769175479138,6
2024-03-27 15:00:00,220,0.0,0.0,0.30730650320144554,6
2024-03-31 16:00:00,165,0.0,0.0,0.44444743741240794,6
2024-03-31 13:00:00,222,5.0,2.0,0.7706490159322547,6
2024-03-31 06:00:00,20,0.0,0.0,0.19519744455241902,6
2024-03-21 05:00:00,165,0.0,0.0,0.42368363632449874,6
2024-03-20 10:00:00,5,0.0,0.0,0.004486765897588142,6
2024-03-20 10:00:00,111,0.0,0.0,0.007444539981278654,6
2024-03-27 18:00:00,137,131.0,88.0,112.28580873631043,6
2024-03-26 13:00:00,218,0.0,1.0,0.8071689793123886,6
2024-03-25 19:00:00,171,0.0,0.0,0.05811502580504431,6
2024-03-19 05:00:00,199,0.0,0.0,0.003989549507243781,6
2024-03-19 03:00:00,252,0.0,0.0,0.036545217055331404,6
2024-03-28 18:00:00,59,0.0,0.0,0.0077929851623458925,6
2024-03-24 20:00:00,149,0.0,0.0,0.05040885053401144,6
2024-03-25 20:00:00,135,0.0,0.0,0.08894798738455965,6
2024-03-20 22:00:00,10,2.0,1.0,2.082567357005153,6
2024-03-18 07:00:00,175,1.0,0.0,0.14709554202411812,6
2024-03-20 03:00:00,255,0.0,0.0,0.5511225555654248,6
2024-03-21 17:00:00,144,63.0,55.0,74.5699279926892,6
2024-03-27 11:00:00,92,2.0,0.0,0.6294818432750361,6
2024-03-25 13:00:00,43,121.0,132.0,122.97031149194754,6
2024-03-31 15:00:00,59,0.0,0.0,0.010877906697115101,6
2024-03-26 19:00:00,156,0.0,0.0,0.004347887463820278,6
2024-03-29 08:00:00,123,1.0,1.0,0.6527059801774564,6
2024-03-31 19:00:00,101,1.0,0.0,0.07044781382936767,6
2024-03-18 12:00:00,166,23.0,27.0,27.310691708852655,6
2024-03-18 06:00:00,174,0.0,0.0,0.537547003879302,6
2024-03-23 02:00:00,13,1.0,2.0,4.6680890712059995,6
2024-03-27 04:00:00,146,1.0,1.0,0.783143326096581,6
2024-03-21 08:00:00,92,1.0,1.0,0.7110489894488934,6
2024-03-22 12:00:00,214,0.0,0.0,0.011628935633212144,6
2024-03-22 15:00:00,74,23.0,22.0,25.637158331382196,6
2024-03-19 13:00:00,109,0.0,0.0,0.0044649652797378115,6
2024-03-25 09:00:00,176,0.0,0.0,0.004362971657652423,6
2024-03-23 14:00:00,139,1.0,0.0,0.23077880621630392,6
2024-03-21 01:00:00,153,0.0,0.0,0.029964798661575552,6
2024-03-30 20:00:00,93,2.0,0.0,1.2121738968537634,6
2024-03-22 08:00:00,55,0.0,1.0,1.4628483517311206,6
2024-03-28 13:00:00,203,0.0,0.0,0.38730462039789965,6
2024-03-26 12:00:00,7,3.0,1.0,3.7832735131943274,6
2024-03-19 17:00:00,130,2.0,1.0,1.5351621075698045,6
2024-03-23 17:00:00,123,0.0,1.0,0.14824859702739596,6
2024-03-26 20:00:00,251,0.0,0.0,0.0059342530893473164,6
2024-03-31 18:00:00,81,1.0,0.0,0.137956804399627,6
2024-03-28 00:00:00,246,16.0,31.0,30.153757202232793,6
2024-03-20 00:00:00,20,0.0,0.0,0.06432978944115837,6
2024-03-26 16:00:00,43,146.0,151.0,154.0028344608723,6
2024-03-23 08:00:00,246,16.0,28.0,18.81791422127424,6
2024-03-21 19:00:00,58,0.0,0.0,0.016962614377295897,6
2024-03-28 10:00:00,141,145.0,161.0,150.5449247884076,6
2024-03-25 16:00:00,19,0.0,0.0,0.22232212875810572,6
2024-03-26 17:00:00,154,0.0,0.0,0.09847134325002056,6
2024-03-28 12:00:00,126,1.0,0.0,0.6506778795387312,6
2024-03-30 13:00:00,120,0.0,0.0,0.08947996576527126,6
2024-03-20 08:00:00,259,2.0,2.0,0.6185737768206276,6
2024-03-29 02:00:00,74,0.0,1.0,2.275116856230573,6
2024-03-26 04:00:00,119,0.0,0.0,0.26902816757534553,6
2024-03-19 01:00:00,249,30.0,30.0,35.18317240323956,6
2024-03-31 23:00:00,24,1.0,2.0,6.669297954681455,6
2024-03-22 11:00:00,31,0.0,0.0,0.12707847395774266,6
2024-03-22 13:00:00,28,0.0,1.0,0.7960009157444989,6
2024-03-22 17:00:00,44,0.0,0.0,0.005166540892081983,6
2024-03-29 00:00:00,210,0.0,0.0,0.09146475457476569,6
2024-03-23 19:00:00,196,1.0,0.0,0.41984814315289687,6
2024-03-29 22:00:00,27,0.0,0.0,0.009274051282689632,6
2024-03-20 01:00:00,236,4.0,9.0,9.38116259882373,6
2024-03-18 00:00:00,96,0.0,0.0,0.012829893871037756,6
2024-03-24 00:00:00,174,0.0,0.0,0.08290845874780321,6
2024-03-25 23:00:00,200,0.0,0.0,0.10212386851638865,6
2024-03-21 08:00:00,184,0.0,0.0,0.012165967224003442,6
2024-03-19 18:00:00,211,45.0,47.0,51.25132832809576,6
2024-03-31 05:00:00,227,0.0,1.0,0.1370116832570673,6
2024-03-21 02:00:00,40,0.0,0.0,0.09293635019177786,6
2024-03-18 02:00:00,24,2.0,0.0,0.8535673756861644,6
2024-03-23 02:00:00,183,0.0,0.0,0.024109492165868683,6
2024-03-31 23:00:00,147,0.0,0.0,0.10149516044385486,6
2024-03-29 16:00:00,48,118.0,113.0,154.0753798614137,6
2024-03-19 01:00:00,188,0.0,0.0,0.3247364632737394,6
2024-03-22 08:00:00,139,1.0,0.0,0.6970769406605388,6
2024-03-27 10:00:00,138,204.0,275.0,184.48218239058625,6
2024-03-27 05:00:00,125,2.0,0.0,2.2285207147672783,6
2024-03-18 13:00:00,150,1.0,0.0,0.22867122489592276,6
2024-03-21 15:00:00,98,0.0,0.0,0.1691608694179146,6
2024-03-22 17:00:00,142,236.0,251.0,249.20429402674924,6
2024-03-29 05:00:00,21,1.0,0.0,0.26949343719654667,6
2024-03-23 11:00:00,151,58.0,72.0,63.33476856592064,6
2024-03-25 00:00:00,264,10.0,9.0,7.003315733017776,6
2024-03-29 16:00:00,256,2.0,3.0,2.069277028668124,6
2024-03-25 05:00:00,128,0.0,0.0,0.07106479641697046,6
2024-03-30 06:00:00,19,0.0,0.0,0.14631491373899796,6
2024-03-18 10:00:00,229,105.0,116.0,109.89421885507012,6
2024-03-23 20:00:00,188,1.0,0.0,0.9069148556067638,6
2024-03-22 21:00:00,41,24.0,25.0,13.780068163393434,6
2024-03-22 07:00:00,211,8.0,11.0,9.744096459034049,6
2024-03-23 11:00:00,70,8.0,9.0,16.561541004184175,6
2024-03-26 19:00:00,242,0.0,1.0,0.15533997877001118,6
2024-03-31 12:00:00,188,4.0,4.0,2.544292290080497,6
2024-03-22 11:00:00,71,1.0,3.0,1.1229645355226534,6
2024-03-25 03:00:00,224,0.0,0.0,0.6865248006086803,6
2024-03-26 10:00:00,57,0.0,0.0,0.020769053963741433,6
2024-03-25 16:00:00,198,0.0,0.0,0.5101773966293023,6
2024-03-21 22:00:00,71,0.0,0.0,0.2969231068719729,6
2024-03-21 14:00:00,143,77.0,77.0,82.26465249277847,6
2024-03-19 15:00:00,117,0.0,0.0,0.42281327521459217,6
2024-03-30 11:00:00,178,0.0,0.0,0.07538313993227427,6
2024-03-31 03:00:00,248,0.0,0.0,0.10218617068692122,6
2024-03-25 00:00:00,177,0.0,0.0,0.2636340383799868,6
2024-03-27 19:00:00,220,0.0,0.0,0.13929140123541262,6
2024-03-25 14:00:00,154,0.0,0.0,0.09255084506374996,6
2024-03-25 11:00:00,108,2.0,1.0,0.33563113380125775,6
2024-03-19 07:00:00,208,1.0,1.0,0.6218253866716879,6
2024-03-26 10:00:00,65,0.0,0.0,3.30444356168436,6
2024-03-29 14:00:00,162,212.0,230.0,246.95573626966294,6
2024-03-20 15:00:00,67,0.0,1.0,0.1987961268511869,6
2024-03-24 03:00:00,166,2.0,3.0,2.0126506962252204,6
2024-03-21 18:00:00,251,0.0,0.0,0.005341344207440666,6
2024-03-26 04:00:00,222,1.0,1.0,0.45866359888676184,6
2024-03-20 22:00:00,213,0.0,0.0,0.3603642545962458,6
2024-03-27 04:00:00,109,0.0,0.0,0.0038864333571842365,6
2024-03-28 07:00:00,173,0.0,0.0,0.2510414790705084,6
2024-03-30 12:00:00,138,79.0,98.0,152.67732723132468,6
2024-03-23 01:00:00,59,0.0,0.0,0.008108320148248714,6
2024-03-23 17:00:00,197,0.0,1.0,1.4738743090557378,6
2024-03-30 09:00:00,184,0.0,0.0,0.011981083898464022,6
2024-03-25 09:00:00,181,4.0,0.0,2.1486187853267986,6
2024-03-29 14:00:00,101,0.0,0.0,0.11662529647423131,6
2024-03-27 13:00:00,65,3.0,3.0,4.358576322351439,6
2024-03-18 14:00:00,161,318.0,349.0,361.3948124206849,6
2024-03-25 14:00:00,136,1.0,0.0,0.28196376817434277,6
2024-03-26 13:00:00,21,2.0,0.0,0.34640831715117937,6
2024-03-28 16:00:00,188,4.0,2.0,2.2376999571471194,6
2024-03-18 03:00:00,60,0.0,0.0,0.027753801681206374,6
2024-03-21 23:00:00,36,0.0,1.0,0.4209956809764543,6
2024-03-20 16:00:00,262,71.0,77.0,102.5945658531606,6
2024-03-28 09:00:00,82,0.0,1.0,1.1794267634791966,6
2024-03-21 05:00:00,246,3.0,2.0,6.042310030184544,6
2024-03-21 22:00:00,93,3.0,1.0,0.9284625950992051,6
2024-03-18 19:00:00,207,0.0,0.0,0.12343622450751057,6
2024-03-28 08:00:00,66,5.0,6.0,2.187274867650459,6
2024-03-30 01:00:00,163,44.0,37.0,44.514223214668164,6
2024-03-28 23:00:00,226,1.0,4.0,3.5448054417878336,6
2024-03-22 02:00:00,29,0.0,0.0,0.04895320802932785,6
2024-03-31 15:00:00,90,76.0,102.0,99.1361964648307,6
2024-03-22 23:00:00,209,17.0,34.0,21.046561653835607,6
2024-03-27 03:00:00,68,8.0,4.0,7.385502638204976,6
2024-03-30 22:00:00,4,19.0,16.0,20.26335339202025,6
2024-03-20 02:00:00,188,0.0,0.0,0.16730347602628626,6
2024-03-31 23:00:00,7,3.0,5.0,3.2713095262959864,6
2024-03-24 05:00:00,64,0.0,0.0,0.057511355720577285,6
2024-03-19 14:00:00,175,0.0,0.0,0.1719804372486074,6
2024-03-30 15:00:00,128,0.0,1.0,0.07175321047071848,6
2024-03-28 19:00:00,30,0.0,0.0,0.0061299662789547765,6
2024-03-28 13:00:00,159,1.0,0.0,0.9845526536143958,6
2024-03-22 02:00:00,221,0.0,0.0,0.004381931766074784,6
2024-03-27 16:00:00,237,396.0,434.0,434.72685781276647,6
2024-03-25 05:00:00,244,0.0,0.0,1.1182991478918192,6
2024-03-21 15:00:00,223,0.0,7.0,1.5089350807045667,6
2024-03-20 00:00:00,42,1.0,2.0,3.4099725288381246,6
2024-03-25 10:00:00,175,0.0,0.0,0.14574864147864122,6
2024-03-20 06:00:00,14,0.0,1.0,0.871517192180773,6
2024-03-21 01:00:00,221,0.0,0.0,0.004750251389630042,6
2024-03-20 10:00:00,150,0.0,1.0,0.2014757511801914,6
2024-03-28 09:00:00,231,60.0,63.0,62.56257789770415,6
2024-03-23 03:00:00,253,0.0,0.0,0.022369717365962657,6
2024-03-27 02:00:00,10,0.0,0.0,0.24764068868153993,6
2024-03-26 12:00:00,206,0.0,0.0,0.00516542235636651,6
2024-03-28 13:00:00,47,1.0,0.0,0.7895882980340571,6
2024-03-31 01:00:00,235,0.0,0.0,0.199566026269134,6
2024-03-26 20:00:00,95,0.0,2.0,0.6088630367596549,6
2024-03-28 17:00:00,132,412.0,333.0,302.4512042389514,6
2024-03-26 06:00:00,138,4.0,4.0,10.039726012573881,6
2024-03-31 01:00:00,51,0.0,0.0,0.09040425947524587,6
2024-03-25 02:00:00,250,0.0,1.0,0.029006437754706696,6
2024-03-19 07:00:00,76,6.0,8.0,2.8431865250563693,6
2024-03-30 13:00:00,258,1.0,0.0,0.22657786570813607,6
2024-03-19 21:00:00,152,5.0,0.0,2.4822677215426285,6
2024-03-25 09:00:00,15,1.0,0.0,0.12545166484478112,6
2024-03-23 05:00:00,28,3.0,0.0,0.5473579519757114,6
2024-03-30 11:00:00,215,3.0,2.0,1.32155239751684,6
2024-03-27 15:00:00,102,0.0,0.0,0.2497829476364785,6
2024-03-29 04:00:00,166,5.0,3.0,2.2291252793972958,6
2024-03-28 06:00:00,142,32.0,30.0,34.46381790505439,6
2024-03-18 19:00:00,122,0.0,0.0,0.08076076900123612,6
2024-03-23 22:00:00,80,6.0,2.0,2.9451506328399777,6
2024-03-27 13:00:00,161,352.0,409.0,387.2089462258521,6
2024-03-30 21:00:00,113,148.0,115.0,122.27110129529768,6
2024-03-25 01:00:00,99,0.0,0.0,0.00354323771985804,6
2024-03-18 21:00:00,181,2.0,0.0,1.915691127403553,6
2024-03-23 10:00:00,111,0.0,0.0,0.009460205403589491,6
2024-03-20 10:00:00,264,21.0,21.0,17.13929422757957,6
2024-03-20 11:00:00,121,1.0,1.0,0.6994516974908345,6
2024-03-24 17:00:00,6,0.0,0.0,0.08355514490295865,6
2024-03-18 16:00:00,258,0.0,2.0,0.2707764107014031,6
2024-03-24 12:00:00,165,0.0,0.0,0.5314020940619092,6
2024-03-25 10:00:00,97,3.0,2.0,2.427626568974892,6
2024-03-18 21:00:00,42,2.0,3.0,5.030348148081653,6
2024-03-25 15:00:00,204,0.0,0.0,0.004753557458349976,6
2024-03-24 18:00:00,42,10.0,9.0,11.211397624454122,6
2024-03-25 23:00:00,49,0.0,0.0,1.0148423187013613,6
2024-03-31 05:00:00,242,0.0,0.0,0.23013198160372353,6
2024-03-27 16:00:00,181,4.0,1.0,2.5131847000514496,6
2024-03-20 08:00:00,13,39.0,39.0,39.53735805033904,6
2024-03-21 21:00:00,185,0.0,0.0,0.05261681451783868,6
2024-03-19 18:00:00,43,81.0,121.0,127.56153993872472,6
2024-03-26 04:00:00,259,0.0,0.0,0.0966191868112755,6
2024-03-30 22:00:00,100,99.0,115.0,81.94851296066068,6
2024-03-29 09:00:00,217,0.0,0.0,0.5281250885603171,6
2024-03-30 05:00:00,98,0.0,0.0,0.08131176438655056,6
2024-03-22 14:00:00,144,64.0,66.0,59.02183490650135,6
2024-03-30 22:00:00,120,0.0,0.0,0.07672218003787595,6
2024-03-27 00:00:00,32,0.0,0.0,0.06434141354584579,6
2024-03-21 19:00:00,7,0.0,2.0,3.2283675963010716,6
2024-03-28 11:00:00,231,77.0,76.0,66.29705063331346,6
2024-03-22 19:00:00,155,1.0,1.0,0.21808396196944035,6
2024-03-31 02:00:00,164,69.0,87.0,78.35133698111225,6
2024-03-19 02:00:00,29,0.0,0.0,0.051594777248958834,6
2024-03-24 22:00:00,121,0.0,0.0,0.14142176496380088,6
2024-03-30 21:00:00,216,1.0,3.0,0.93424350697633,6
2024-03-26 08:00:00,14,0.0,2.0,0.8970519897635711,6
2024-03-20 06:00:00,206,0.0,0.0,0.004431759263447939,6
2024-03-19 18:00:00,51,0.0,0.0,0.3770790198658462,6
2024-03-24 08:00:00,262,52.0,64.0,47.48664927084692,6
2024-03-25 05:00:00,172,0.0,1.0,0.007771762790688994,6
2024-03-22 15:00:00,22,0.0,0.0,0.39373486160783455,6
2024-03-31 10:00:00,261,21.0,24.0,21.911486291591956,6
2024-03-20 23:00:00,94,0.0,0.0,0.06482388700543651,6
2024-03-21 01:00:00,201,0.0,0.0,0.034525709017056955,6
2024-03-20 22:00:00,7,0.0,2.0,2.1025842659991025,6
2024-03-23 13:00:00,126,0.0,0.0,0.2995060366476542,6
2024-03-29 07:00:00,209,1.0,3.0,4.64746514473695,6
2024-03-31 05:00:00,14,0.0,0.0,0.35927530256221357,6
2024-03-20 18:00:00,37,0.0,2.0,1.061069271762414,6
2024-03-28 17:00:00,170,251.0,322.0,307.05463421146766,6
2024-03-21 12:00:00,20,0.0,1.0,0.4285483585989709,6
2024-03-18 07:00:00,62,1.0,2.0,1.7035335127333537,6
2024-03-19 00:00:00,140,13.0,10.0,16.375677125199473,6
2024-03-26 10:00:00,217,1.0,1.0,0.3754603161616191,6
2024-03-22 17:00:00,137,125.0,127.0,107.61823827068142,6
2024-03-19 13:00:00,75,42.0,56.0,44.65028934709097,6
2024-03-19 05:00:00,138,3.0,5.0,3.1469682414785023,6
2024-03-29 18:00:00,249,157.0,106.0,185.57097707995857,6
2024-03-30 12:00:00,261,49.0,36.0,46.38185336971767,6
2024-03-26 14:00:00,264,19.0,18.0,20.361248007793705,6
2024-03-23 19:00:00,264,21.0,38.0,22.95874252755485,6
2024-03-20 11:00:00,91,0.0,0.0,1.2125337612940033,6
2024-03-25 10:00:00,189,1.0,0.0,0.8266152149752757,6
2024-03-29 10:00:00,79,78.0,52.0,71.5992378283989,6
2024-03-18 02:00:00,177,0.0,0.0,0.12635575970709387,6
2024-03-24 23:00:00,13,1.0,1.0,8.091355672590192,6
2024-03-19 15:00:00,200,0.0,0.0,0.20292937764452565,6
2024-03-19 07:00:00,262,146.0,164.0,134.46879397251388,6
2024-03-24 12:00:00,173,0.0,0.0,0.2543615651327393,6
2024-03-19 18:00:00,2,0.0,0.0,0.0043606293255316975,6
2024-03-31 16:00:00,94,0.0,0.0,0.13626962878274315,6
2024-03-31 02:00:00,6,0.0,0.0,0.019030182317768603,6
2024-03-20 23:00:00,51,0.0,0.0,0.37438993845629676,6
2024-03-25 14:00:00,215,0.0,1.0,1.7654185856114772,6
2024-03-22 14:00:00,93,0.0,0.0,0.8060845224644732,6
2024-03-26 10:00:00,254,1.0,1.0,0.8563779997539231,6
2024-03-18 22:00:00,253,0.0,0.0,0.016100825911060303,6
2024-03-30 16:00:00,7,7.0,4.0,4.406768890396659,6
2024-03-22 12:00:00,99,0.0,0.0,0.0045194826496730515,6
2024-03-26 18:00:00,52,3.0,0.0,1.1229115004215726,6
2024-03-18 19:00:00,142,170.0,164.0,202.5152496239674,6
2024-03-29 09:00:00,46,0.0,0.0,0.02055152756211941,6
2024-03-31 14:00:00,23,0.0,0.0,0.00998895093483454,6
2024-03-29 09:00:00,107,93.0,107.0,106.93559170628797,6
2024-03-28 21:00:00,256,3.0,2.0,1.8522201975776234,6
2024-03-27 15:00:00,210,2.0,1.0,0.45193784799169895,6
2024-03-28 13:00:00,206,0.0,0.0,0.007686477556689696,6
2024-03-23 21:00:00,250,0.0,0.0,0.1044786955083872,6
2024-03-18 19:00:00,12,1.0,0.0,1.6087354120351638,6
2024-03-20 03:00:00,247,0.0,1.0,0.1350981986627741,6
2024-03-18 12:00:00,63,1.0,0.0,0.44067485494064584,6
2024-03-30 09:00:00,18,0.0,0.0,0.39971583415546635,6
2024-03-29 06:00:00,173,0.0,1.0,0.22195738315319763,6
2024-03-31 13:00:00,153,0.0,0.0,0.11373315335040318,6
2024-03-25 20:00:00,230,236.0,284.0,192.0796932493512,6
2024-03-27 21:00:00,2,0.0,0.0,0.006864085664293262,6
2024-03-22 08:00:00,19,0.0,1.0,0.37001931340530453,6
2024-03-25 09:00:00,208,0.0,1.0,0.4177795568184933,6
2024-03-21 05:00:00,33,0.0,0.0,0.6720517396470178,6
2024-03-31 18:00:00,136,0.0,1.0,0.1458147505467662,6
2024-03-24 05:00:00,235,0.0,0.0,0.6086208225825017,6
2024-03-20 12:00:00,38,1.0,0.0,0.372037684281095,6
2024-03-30 06:00:00,175,0.0,0.0,0.06826808347929438,6
2024-03-18 10:00:00,165,2.0,1.0,0.7291373116042483,6
2024-03-18 14:00:00,19,0.0,0.0,0.2166471314819066,6
2024-03-27 11:00:00,189,1.0,0.0,0.84369159060122,6
2024-03-31 23:00:00,114,40.0,57.0,78.82663855460525,6
2024-03-27 09:00:00,17,4.0,4.0,1.7893583793872783,6
2024-03-28 01:00:00,49,0.0,0.0,0.21230721462592217,6
2024-03-26 04:00:00,7,1.0,0.0,0.8098953266011363,6
2024-03-21 17:00:00,101,0.0,0.0,0.11293504282379518,6
2024-03-27 09:00:00,247,1.0,3.0,1.0817098518055241,6
2024-03-26 09:00:00,220,1.0,0.0,0.5453760503442252,6
2024-03-19 23:00:00,67,0.0,0.0,0.07335841722715829,6
2024-03-24 16:00:00,44,0.0,0.0,0.004509227037673632,6
2024-03-28 09:00:00,106,0.0,0.0,0.5701592326904282,6
2024-03-22 23:00:00,242,0.0,1.0,0.18640782953777135,6
2024-03-24 00:00:00,152,1.0,4.0,3.600700110737854,6
2024-03-29 05:00:00,239,25.0,20.0,18.075456240505833,6
2024-03-20 06:00:00,44,0.0,0.0,0.004509316984269501,6
2024-03-23 06:00:00,155,0.0,0.0,0.31850969428402215,6
2024-03-24 01:00:00,39,0.0,0.0,0.28413118791949454,6
2024-03-21 10:00:00,135,0.0,1.0,0.42429180967341895,6
2024-03-24 03:00:00,79,324.0,290.0,298.06434775438055,6
2024-03-23 01:00:00,211,114.0,117.0,108.50365414487726,6
2024-03-21 17:00:00,97,2.0,6.0,3.6926835631229915,6
2024-03-23 10:00:00,227,0.0,1.0,0.13551036904683844,6
2024-03-31 00:00:00,89,0.0,3.0,0.7726687564799873,6
2024-03-26 17:00:00,88,47.0,40.0,29.837473656181775,6
2024-03-25 18:00:00,147,0.0,0.0,0.13134514487741986,6
2024-03-28 05:00:00,81,0.0,1.0,0.2233143376174969,6
2024-03-22 01:00:00,18,0.0,0.0,0.05882717988267266,6
2024-03-20 00:00:00,59,0.0,0.0,0.00867150369915993,6
2024-03-30 07:00:00,120,0.0,0.0,0.06774419960080705,6
2024-03-22 09:00:00,49,2.0,1.0,1.8562598007736384,6
2024-03-22 11:00:00,150,0.0,0.0,0.21565601448863062,6
2024-03-21 00:00:00,263,17.0,25.0,30.246557597274375,6
2024-03-30 01:00:00,219,0.0,3.0,0.2843995138447627,6
2024-03-22 18:00:00,214,0.0,0.0,0.009758954090185302,6
2024-03-19 19:00:00,2,0.0,0.0,0.004347887463820278,6
2024-03-31 08:00:00,66,0.0,0.0,1.4849418774784708,6
2024-03-27 00:00:00,122,0.0,0.0,0.06028472742160338,6
2024-03-26 17:00:00,97,4.0,1.0,3.1258860089296223,6
2024-03-27 02:00:00,77,0.0,0.0,0.029103363183152257,6
2024-03-31 02:00:00,105,0.0,0.0,0.003497984677374739,6
2024-03-31 01:00:00,242,0.0,0.0,0.05004267821052743,6
2024-03-19 05:00:00,208,0.0,1.0,0.35442865755221664,6
2024-03-26 08:00:00,147,1.0,1.0,0.3301381273574656,6
2024-03-20 10:00:00,262,128.0,139.0,134.7007769709461,6
2024-03-25 13:00:00,196,1.0,1.0,0.643696756138578,6
2024-03-31 16:00:00,183,0.0,0.0,0.08250957077723907,6
2024-03-19 02:00:00,247,0.0,0.0,0.1008266809169469,6
2024-03-30 11:00:00,88,14.0,4.0,11.753700620161089,6
2024-03-26 23:00:00,131,0.0,0.0,0.10932705690824093,6
2024-03-29 13:00:00,60,0.0,1.0,0.4028358820758532,6
2024-03-28 17:00:00,145,2.0,1.0,6.713703210174872,6
2024-03-30 05:00:00,43,2.0,3.0,2.965151225558161,6
2024-03-27 08:00:00,172,0.0,0.0,0.006708758350946418,6
2024-03-28 17:00:00,45,10.0,6.0,11.766556468031803,6
2024-03-21 10:00:00,235,0.0,0.0,0.8986062945773883,6
2024-03-21 19:00:00,260,3.0,0.0,1.1541631799583552,6
2024-03-31 04:00:00,120,0.0,0.0,0.04853940017609041,6
2024-03-29 19:00:00,90,178.0,182.0,140.4995602234905,6
2024-03-27 20:00:00,132,336.0,278.0,264.2540134835949,6
2024-03-25 12:00:00,223,2.0,4.0,1.5161284453891386,6
2024-03-21 08:00:00,109,0.0,0.0,0.004464797783560886,6
2024-03-30 15:00:00,168,1.0,4.0,2.6755192086186885,6
2024-03-23 10:00:00,28,1.0,0.0,0.8139699343423821,6
2024-03-24 23:00:00,229,13.0,38.0,39.17081065672783,6
2024-03-23 12:00:00,238,148.0,117.0,171.34069781147576,6
2024-03-23 17:00:00,14,0.0,0.0,0.5697053326535784,6
2024-03-30 08:00:00,120,0.0,0.0,0.07666183094466886,6
2024-03-18 16:00:00,162,271.0,260.0,235.73428622520962,6
2024-03-27 21:00:00,107,238.0,220.0,143.59877265052322,6
2024-03-29 13:00:00,260,3.0,1.0,1.6208189284181387,6
2024-03-23 09:00:00,102,0.0,0.0,0.2865612599117256,6
2024-03-29 21:00:00,115,0.0,0.0,0.005313540526828682,6
2024-03-21 09:00:00,14,0.0,0.0,0.863244980442192,6
2024-03-25 04:00:00,96,0.0,0.0,0.026169521669416728,6
2024-03-25 22:00:00,38,0.0,0.0,0.0735254554149953,6
2024-03-18 18:00:00,201,0.0,0.0,0.09736544667926887,6
2024-03-29 17:00:00,188,0.0,2.0,2.258608518927469,6
2024-03-29 07:00:00,131,0.0,1.0,0.7903291304431528,6
2024-03-27 09:00:00,47,1.0,0.0,0.7489372561379376,6
2024-03-18 02:00:00,92,0.0,0.0,0.07931861023624384,6
2024-03-25 06:00:00,41,11.0,15.0,7.235318291089225,6
2024-03-18 18:00:00,83,0.0,1.0,0.2937271576112769,6
2024-03-20 07:00:00,80,1.0,0.0,0.887737898416128,6
2024-03-23 10:00:00,114,23.0,20.0,32.30492805217372,6
2024-03-23 19:00:00,42,14.0,7.0,13.281097690386998,6
2024-03-19 13:00:00,106,0.0,0.0,0.4131208493059406,6
2024-03-25 23:00:00,190,0.0,0.0,0.09805532890801183,6
2024-03-21 15:00:00,69,0.0,0.0,0.9800402648124042,6
2024-03-29 03:00:00,234,8.0,6.0,8.647629566351693,6
2024-03-28 22:00:00,223,2.0,0.0,1.372757451647306,6
2024-03-23 02:00:00,248,0.0,0.0,0.07703660041887941,6
2024-03-29 18:00:00,82,0.0,0.0,0.8358354972250233,6
2024-03-27 06:00:00,80,1.0,0.0,0.8091222074988684,6
2024-03-26 00:00:00,208,0.0,0.0,0.08300336456327201,6
2024-03-20 15:00:00,44,0.0,0.0,0.005384368414396885,6
2024-03-21 13:00:00,178,0.0,0.0,0.1744445587687048,6
2024-03-18 08:00:00,197,1.0,1.0,1.3993577527230785,6
2024-03-30 01:00:00,142,29.0,24.0,38.61700257614536,6
2024-03-21 15:00:00,198,0.0,1.0,0.4730384951847263,6
2024-03-23 04:00:00,46,0.0,0.0,0.011601659931549197,6
2024-03-19 17:00:00,199,0.0,0.0,0.004511985589328098,6
2024-03-25 19:00:00,257,1.0,0.0,0.09462422450758752,6
2024-03-27 03:00:00,72,0.0,0.0,0.15298309068387392,6
2024-03-24 09:00:00,123,0.0,1.0,0.3131383671521547,6
2024-03-24 17:00:00,25,4.0,4.0,3.5279253703927136,6
2024-03-31 23:00:00,45,2.0,1.0,8.534838072836903,6
2024-03-18 22:00:00,260,0.0,0.0,1.0359219987705848,6
2024-03-20 15:00:00,175,0.0,0.0,0.17755525887723317,6
2024-03-19 16:00:00,155,0.0,0.0,0.47280005287671717,6
2024-03-24 12:00:00,189,0.0,0.0,0.7294283753691968,6
2024-03-25 05:00:00,229,8.0,7.0,9.438579657434797,6
2024-03-20 22:00:00,48,338.0,265.0,249.05261634568618,6
2024-03-28 19:00:00,248,0.0,0.0,0.167337932659724,6
2024-03-31 13:00:00,180,0.0,0.0,0.1264899601642088,6
2024-03-29 15:00:00,136,0.0,1.0,0.3031082585208087,6
2024-03-28 09:00:00,233,91.0,83.0,85.78577934353822,6
2024-03-20 05:00:00,90,7.0,7.0,5.972098083205738,6
2024-03-29 21:00:00,3,0.0,0.0,0.06132211238147564,6
2024-03-28 00:00:00,24,3.0,1.0,3.6441335984507477,6
2024-03-25 02:00:00,246,18.0,12.0,12.53796563106554,6
2024-03-26 12:00:00,219,1.0,0.0,0.6766876984896978,6
2024-03-25 09:00:00,126,0.0,0.0,0.45829252838021145,6
2024-03-31 17:00:00,101,1.0,0.0,0.08827407774068953,6
2024-03-29 18:00:00,2,0.0,0.0,0.0043824154050939165,6
2024-03-22 21:00:00,92,0.0,0.0,0.21299370516856772,6
2024-03-21 01:00:00,17,0.0,0.0,0.3119682083825543,6
2024-03-29 07:00:00,8,0.0,0.0,0.02305460270697461,6
2024-03-23 13:00:00,164,162.0,121.0,147.09311473630382,6
2024-03-24 20:00:00,161,144.0,134.0,111.18199465603658,6
2024-03-21 09:00:00,61,8.0,4.0,4.084020865977064,6
2024-03-30 20:00:00,9,0.0,0.0,0.062248021095791396,6
2024-03-25 10:00:00,192,0.0,0.0,0.1614145409421239,6
2024-03-25 12:00:00,246,64.0,57.0,85.76041245894359,6
2024-03-30 06:00:00,166,3.0,2.0,6.004690116981764,6
2024-03-23 21:00:00,8,0.0,0.0,0.015814763422499375,6
2024-03-26 12:00:00,235,0.0,2.0,0.7683772687306735,6
2024-03-19 00:00:00,230,57.0,51.0,73.66215614741841,6
2024-03-31 09:00:00,28,1.0,1.0,1.0103884806680272,6
2024-03-29 22:00:00,206,0.0,0.0,0.005421708941103006,6
2024-03-28 11:00:00,120,0.0,0.0,0.09474949126068055,6
2024-03-31 01:00:00,9,0.0,1.0,0.03292578573594728,6
2024-03-22 09:00:00,25,2.0,0.0,2.4475636839392667,6
2024-03-30 06:00:00,193,2.0,1.0,1.2182965131549963,6
2024-03-22 00:00:00,172,0.0,0.0,0.007363845163926669,6
2024-03-20 01:00:00,38,0.0,0.0,0.030470204821016325,6
2024-03-30 06:00:00,54,0.0,0.0,0.12647169300291022,6
2024-03-29 00:00:00,112,2.0,1.0,1.7716217420081468,6
2024-03-27 05:00:00,28,1.0,1.0,0.6472975619336017,6
2024-03-21 05:00:00,146,2.0,1.0,1.2949377041219177,6
2024-03-29 01:00:00,253,0.0,0.0,0.009666033767999885,6
2024-03-31 20:00:00,40,3.0,6.0,0.6174059495812321,6
2024-03-22 09:00:00,91,2.0,1.0,1.7778455947525262,6
2024-03-26 15:00:00,175,0.0,0.0,0.14528544869365712,6
2024-03-23 11:00:00,3,0.0,1.0,0.22482704075899,6
2024-03-21 19:00:00,76,0.0,3.0,1.9175524162924273,6
2024-03-20 22:00:00,182,0.0,0.0,0.17160507794085217,6
2024-03-26 05:00:00,180,0.0,0.0,0.1670128578693747,6
2024-03-21 09:00:00,95,1.0,0.0,1.4164514781822921,6
2024-03-22 09:00:00,248,2.0,0.0,0.6794931935682774,6
2024-03-21 10:00:00,216,3.0,4.0,1.706197603585463,6
2024-03-31 09:00:00,196,0.0,2.0,0.5796868608658148,6
2024-03-25 16:00:00,238,136.0,96.0,126.08421242358176,6
2024-03-27 22:00:00,130,4.0,2.0,1.5793457329913598,6
2024-03-29 11:00:00,36,0.0,0.0,0.6572925530766244,6
2024-03-22 13:00:00,91,2.0,0.0,1.219837343461331,6
2024-03-31 23:00:00,230,63.0,50.0,115.8058724010727,6
2024-03-22 18:00:00,240,0.0,0.0,0.02627670274629453,6
2024-03-19 06:00:00,185,1.0,1.0,0.4425166398919418,6
2024-03-28 17:00:00,38,0.0,0.0,0.23927917253525335,6
2024-03-22 02:00:00,224,0.0,0.0,1.5564066483922365,6
2024-03-19 23:00:00,19,1.0,0.0,0.17025040199969738,6
2024-03-25 20:00:00,188,0.0,0.0,0.9876334450079834,6
2024-03-21 08:00:00,35,4.0,7.0,2.9069617602425493,6
2024-03-21 21:00:00,60,0.0,0.0,0.057738555116876034,6
2024-03-29 18:00:00,213,1.0,0.0,0.4611199662816338,6
2024-03-23 15:00:00,6,2.0,0.0,0.029908445511690845,6
2024-03-26 18:00:00,255,3.0,4.0,2.0354857274853124,6
2024-03-31 16:00:00,173,0.0,0.0,0.283213447010118,6
2024-03-25 21:00:00,160,1.0,0.0,0.13083984648046967,6
2024-03-26 19:00:00,93,1.0,0.0,0.7834325830401346,6
2024-03-18 07:00:00,179,0.0,0.0,1.7369853617091982,6
2024-03-27 16:00:00,234,255.0,268.0,220.21001199061578,6
2024-03-24 01:00:00,251,0.0,0.0,0.005621096623726896,6
2024-03-25 23:00:00,216,1.0,0.0,1.1491393236993657,6
2024-03-28 15:00:00,37,1.0,2.0,1.1425064820426336,6
2024-03-29 09:00:00,122,0.0,0.0,0.28882918694337684,6
2024-03-28 02:00:00,145,2.0,0.0,0.800946273884469,6
2024-03-22 21:00:00,20,0.0,0.0,0.06762464621280888,6
2024-03-23 14:00:00,149,0.0,0.0,0.13588368488580654,6
2024-03-19 08:00:00,139,1.0,1.0,0.5661876298619788,6
2024-03-22 21:00:00,26,0.0,0.0,0.14748249862293064,6
2024-03-24 00:00:00,4,87.0,45.0,56.515897062773185,6
2024-03-27 15:00:00,243,1.0,1.0,2.2367786126202374,6
2024-03-29 18:00:00,176,0.0,0.0,0.004370294858468221,6
2024-03-21 20:00:00,223,1.0,2.0,1.139451483217768,6
2024-03-25 00:00:00,142,14.0,11.0,34.95179923780061,6
2024-03-29 22:00:00,19,0.0,1.0,0.11289004984201985,6
2024-03-23 07:00:00,6,0.0,0.0,0.025322976894313006,6
2024-03-25 02:00:00,127,0.0,0.0,0.12473112694968656,6
2024-03-25 10:00:00,17,1.0,3.0,1.4288741302532448,6
2024-03-29 07:00:00,146,1.0,0.0,3.424055656608518,6
2024-03-27 11:00:00,225,0.0,1.0,1.5985081237015644,6
2024-03-23 18:00:00,214,0.0,0.0,0.010351556371889174,6
2024-03-22 23:00:00,206,0.0,0.0,0.005298529715053138,6
2024-03-26 02:00:00,200,1.0,0.0,0.025537448954261865,6
2024-03-18 16:00:00,87,22.0,26.0,26.67271279479793,6
2024-03-29 07:00:00,194,0.0,0.0,0.2501944878393436,6
2024-03-27 14:00:00,227,1.0,1.0,0.3948606098131132,6
2024-03-18 23:00:00,48,80.0,130.0,71.01613908205891,6
2024-03-18 17:00:00,25,0.0,2.0,3.3550290795531303,6
2024-03-25 22:00:00,8,0.0,0.0,0.014880452017379558,6
2024-03-22 01:00:00,145,2.0,0.0,1.8560317130186161,6
2024-03-19 19:00:00,48,178.0,171.0,163.0010579647717,6
2024-03-24 20:00:00,66,5.0,5.0,1.9647027227245393,6
2024-03-24 02:00:00,43,5.0,4.0,3.4509019145175377,6
2024-03-30 06:00:00,114,2.0,2.0,5.841209608042174,6
2024-03-30 12:00:00,17,3.0,6.0,1.6313638263321373,6
2024-03-20 22:00:00,173,0.0,0.0,0.06256777763672865,6
2024-03-21 01:00:00,123,0.0,0.0,0.05631176024455731,6
2024-03-29 19:00:00,9,0.0,0.0,0.06702571374370134,6
2024-03-25 02:00:00,55,0.0,0.0,0.05897030790024468,6
2024-03-22 23:00:00,49,1.0,0.0,1.6248966940471352,6
2024-03-19 17:00:00,31,0.0,0.0,0.09780027461836684,6
2024-03-30 15:00:00,49,1.0,1.0,1.821320311491148,6
2024-03-23 19:00:00,109,0.0,0.0,0.004686390276481057,6
2024-03-20 20:00:00,32,0.0,0.0,0.08281287282695944,6
2024-03-18 21:00:00,133,0.0,0.0,0.10398892627515294,6
2024-03-19 14:00:00,7,3.0,4.0,4.208710496016764,6
2024-03-24 01:00:00,248,0.0,0.0,0.06741686673362952,6
2024-03-23 10:00:00,24,12.0,19.0,20.304248949756037,6
2024-03-31 07:00:00,55,0.0,0.0,0.5776358628233761,6
2024-03-20 23:00:00,221,0.0,0.0,0.007626194101926146,6
2024-03-20 03:00:00,240,0.0,0.0,0.01013632606662192,6
2024-03-25 06:00:00,95,0.0,0.0,1.2436488367912057,6
2024-03-30 13:00:00,18,0.0,0.0,0.36654472626830464,6
2024-03-21 06:00:00,226,2.0,1.0,3.9762051042840523,6
2024-03-19 12:00:00,118,0.0,0.0,0.008765170198369249,6
2024-03-23 03:00:00,218,0.0,0.0,0.17183526419446055,6
2024-03-26 14:00:00,129,1.0,1.0,1.9437769803440714,6
2024-03-18 23:00:00,193,1.0,0.0,1.1578170479919125,6
2024-03-27 13:00:00,62,1.0,0.0,1.3976308528399022,6
2024-03-25 17:00:00,126,0.0,0.0,0.2880308853323739,6
2024-03-22 05:00:00,157,0.0,1.0,0.8072037213046082,6
2024-03-31 02:00:00,39,0.0,0.0,0.3433165082747816,6
2024-03-19 04:00:00,246,0.0,0.0,5.250221647800925,6
2024-03-31 16:00:00,241,0.0,0.0,0.3582435366445905,6
2024-03-23 11:00:00,28,0.0,1.0,0.8305616549003483,6
2024-03-30 21:00:00,9,1.0,0.0,0.05351200796637577,6
2024-03-21 12:00:00,245,0.0,0.0,0.00802345497060464,6
2024-03-31 08:00:00,76,2.0,1.0,1.9651558302005803,6
2024-03-21 17:00:00,54,0.0,3.0,0.168319473560674,6
2024-03-28 02:00:00,43,0.0,0.0,2.2718859774627203,6
2024-03-28 22:00:00,108,0.0,0.0,0.07904262103111107,6
2024-03-27 08:00:00,118,0.0,0.0,0.006596803719053803,6
2024-03-20 02:00:00,27,0.0,0.0,0.0048822342023319455,6
2024-03-29 14:00:00,44,0.0,0.0,0.004543796989686169,6
2024-03-26 07:00:00,37,1.0,5.0,1.5144274937314555,6
2024-03-18 16:00:00,200,0.0,0.0,0.1431551196992106,6
2024-03-25 16:00:00,185,0.0,2.0,0.24079218708936187,6
2024-03-24 03:00:00,231,63.0,50.0,42.03173184700262,6
2024-03-29 07:00:00,183,0.0,0.0,0.20556606034826036,6
2024-03-31 01:00:00,236,16.0,11.0,14.625212097178412,6
2024-03-30 15:00:00,93,1.0,0.0,1.285807056490074,6
2024-03-22 14:00:00,3,1.0,1.0,0.3153566155366181,6
2024-03-22 18:00:00,89,5.0,1.0,2.4094455479141685,6
2024-03-30 02:00:00,228,1.0,0.0,0.35492457217610407,6
2024-03-21 13:00:00,26,0.0,1.0,0.7473932291604118,6
2024-03-27 21:00:00,162,374.0,381.0,255.6979541396984,6
2024-03-27 08:00:00,93,0.0,1.0,0.9580244866041815,6
2024-03-18 12:00:00,171,0.0,0.0,0.2392875004005311,6
2024-03-23 15:00:00,102,0.0,0.0,0.21655629269541218,6
2024-03-25 10:00:00,206,0.0,0.0,0.005114457316495888,6
2024-03-18 05:00:00,222,0.0,1.0,0.49005592155941935,6
2024-03-20 05:00:00,93,0.0,0.0,0.5358464614764484,6
2024-03-19 15:00:00,111,0.0,0.0,0.00736970433818439,6
2024-03-18 11:00:00,265,2.0,1.0,3.211360933464293,6
2024-03-18 20:00:00,118,0.0,0.0,0.007959059905698321,6
2024-03-24 01:00:00,155,1.0,0.0,0.0690760837942142,6
2024-03-26 06:00:00,35,2.0,2.0,1.9480646359719231,6
2024-03-21 14:00:00,175,0.0,0.0,0.23391030048536815,6
2024-03-24 15:00:00,138,314.0,271.0,230.62212602627653,6
2024-03-31 18:00:00,102,2.0,0.0,0.1261998912307995,6
2024-03-24 01:00:00,22,0.0,0.0,0.060814606560344084,6
2024-03-20 09:00:00,174,0.0,0.0,0.622704794698202,6
2024-03-29 02:00:00,96,0.0,0.0,0.008528348009248444,6
2024-03-19 00:00:00,42,1.0,0.0,2.7074823178991907,6
2024-03-27 18:00:00,158,92.0,56.0,69.43857267512705,6
2024-03-21 22:00:00,183,0.0,0.0,0.05361774466210498,6
2024-03-26 03:00:00,117,0.0,0.0,0.05513911298530341,6
2024-03-28 20:00:00,200,0.0,0.0,0.06001045624007941,6
2024-03-20 03:00:00,102,0.0,0.0,0.03277239408743052,6
2024-03-19 23:00:00,206,0.0,1.0,0.004803490603326419,6
2024-03-20 08:00:00,44,0.0,0.0,0.004950650009527733,6
2024-03-29 15:00:00,86,0.0,0.0,0.47231523929098784,6
2024-03-19 14:00:00,195,0.0,0.0,0.6653875006555249,6
2024-03-27 09:00:00,208,1.0,0.0,0.4755279464047935,6
2024-03-25 22:00:00,174,0.0,0.0,0.07807714976071913,6
2024-03-19 22:00:00,225,0.0,0.0,0.7522690866427404,6
2024-03-18 13:00:00,82,1.0,2.0,1.0656178968161438,6
2024-03-25 03:00:00,98,0.0,0.0,0.03427333521977147,6
2024-03-24 07:00:00,50,25.0,11.0,12.513411980634263,6
2024-03-18 03:00:00,172,1.0,0.0,0.005426037387672138,6
2024-03-26 08:00:00,141,158.0,164.0,149.538947350325,6
2024-03-29 20:00:00,167,1.0,1.0,0.14274871928569902,6
2024-03-27 23:00:00,163,132.0,272.0,121.39958148857717,6
2024-03-18 05:00:00,112,2.0,0.0,0.4466402896502513,6
2024-03-28 23:00:00,108,0.0,0.0,0.08193522991232279,6
2024-03-19 09:00:00,191,0.0,1.0,0.8603590045643021,6
2024-03-28 14:00:00,152,5.0,4.0,5.8097207479145885,6
2024-03-28 21:00:00,75,30.0,21.0,22.52069268583796,6
2024-03-23 10:00:00,234,86.0,99.0,112.8094604850314,6
2024-03-28 02:00:00,126,0.0,0.0,0.042442721423734106,6
2024-03-23 08:00:00,36,2.0,0.0,0.48070529921243915,6
2024-03-24 12:00:00,201,0.0,0.0,0.16735013011936498,6
2024-03-29 01:00:00,175,0.0,0.0,0.036670790788792006,6
2024-03-24 18:00:00,203,0.0,1.0,0.20176579210726872,6
2024-03-23 11:00:00,127,0.0,0.0,0.8202981542481618,6
2024-03-21 07:00:00,88,5.0,4.0,4.502158033286526,6
2024-03-24 18:00:00,27,0.0,0.0,0.009322880622677788,6
2024-03-31 13:00:00,118,0.0,0.0,0.007477942944119656,6
2024-03-30 08:00:00,74,6.0,5.0,13.873527169171872,6
2024-03-24 01:00:00,114,485.0,367.0,449.925057536577,6
2024-03-27 23:00:00,89,1.0,0.0,1.601606016720369,6
2024-03-22 20:00:00,243,4.0,6.0,1.089632837672955,6
2024-03-21 02:00:00,179,0.0,0.0,0.24424664511942207,6
2024-03-29 14:00:00,72,2.0,0.0,1.1221847483149563,6
2024-03-18 02:00:00,237,2.0,6.0,4.999736545963894,6
2024-03-22 15:00:00,175,0.0,0.0,0.2123528214020888,6
2024-03-19 08:00:00,188,3.0,1.0,2.287320919219743,6
2024-03-26 21:00:00,96,0.0,0.0,0.029891783569174647,6
2024-03-24 17:00:00,13,35.0,38.0,37.09364345068757,6
2024-03-21 22:00:00,171,0.0,0.0,0.058154802162025156,6
2024-03-19 11:00:00,81,0.0,1.0,0.378278154450587,6
2024-03-30 01:00:00,257,0.0,0.0,0.05795807010658948,6
2024-03-31 10:00:00,40,0.0,0.0,0.9176426480444235,6
2024-03-20 19:00:00,69,0.0,1.0,0.3382198552244296,6
2024-03-23 15:00:00,101,0.0,0.0,0.07991288345045133,6
2024-03-29 01:00:00,39,0.0,0.0,0.4855160225410352,6
2024-03-20 17:00:00,76,2.0,2.0,1.8120410412283796,6
2024-03-20 13:00:00,200,0.0,0.0,0.27764711951532584,6
2024-03-23 23:00:00,153,0.0,0.0,0.11070113427478342,6
2024-03-23 20:00:00,100,66.0,96.0,79.0758121399385,6
2024-03-30 14:00:00,238,131.0,146.0,152.2604580059945,6
2024-03-23 10:00:00,171,0.0,0.0,0.24238797081097882,6
2024-03-28 15:00:00,30,0.0,0.0,0.006595638717992733,6
2024-03-20 06:00:00,126,2.0,1.0,0.4933418113510183,6
2024-03-29 05:00:00,18,0.0,0.0,0.39679644213432796,6
2024-03-18 15:00:00,27,0.0,0.0,0.011642068052800613,6
2024-03-25 11:00:00,53,0.0,0.0,0.09747246511164266,6
2024-03-18 21:00:00,132,410.0,398.0,375.1757234645352,6
2024-03-28 17:00:00,179,1.0,0.0,1.2346304437717934,6
2024-03-21 13:00:00,210,1.0,2.0,0.7331732319243085,6
2024-03-27 20:00:00,124,0.0,0.0,0.147366205702641,6
2024-03-30 17:00:00,264,30.0,19.0,25.197249121645516,6
2024-03-25 06:00:00,88,1.0,0.0,1.509749800472558,6
2024-03-29 15:00:00,244,18.0,3.0,8.380770430816298,6
2024-03-21 03:00:00,182,0.0,0.0,0.06906967336574274,6
2024-03-22 13:00:00,257,1.0,0.0,0.20737190958914853,6
2024-03-19 02:00:00,150,0.0,0.0,0.03221608238186071,6
2024-03-30 17:00:00,160,0.0,0.0,0.21043723347303442,6
2024-03-24 15:00:00,35,1.0,0.0,1.51763335654908,6
2024-03-18 11:00:00,25,1.0,2.0,2.7545766529471276,6
2024-03-25 18:00:00,109,0.0,0.0,0.004448409990524661,6
2024-03-20 21:00:00,167,0.0,0.0,0.10653119817516897,6
2024-03-19 12:00:00,19,1.0,0.0,0.28452839069411884,6
2024-03-23 05:00:00,157,1.0,2.0,1.4694175768919169,6
2024-03-26 02:00:00,222,0.0,0.0,0.06708578304793567,6
2024-03-29 11:00:00,39,4.0,2.0,1.9365300031219639,6
2024-03-30 11:00:00,124,1.0,0.0,0.18146906996280765,6
2024-03-18 12:00:00,117,0.0,0.0,0.7109280091980527,6
2024-03-30 16:00:00,100,85.0,148.0,96.20535846666317,6
2024-03-30 19:00:00,64,0.0,0.0,0.06672060404245736,6
2024-03-27 16:00:00,19,0.0,1.0,0.27534756007870104,6
2024-03-24 18:00:00,24,11.0,14.0,17.396362270654215,6
2024-03-18 07:00:00,166,22.0,23.0,15.58994497161626,6
2024-03-23 18:00:00,232,13.0,24.0,15.444139478555645,6
2024-03-25 21:00:00,111,0.0,0.0,0.009418864536568372,6
2024-03-24 10:00:00,260,4.0,1.0,1.4933213431899648,6
2024-03-22 09:00:00,65,2.0,3.0,3.6950808445154704,6
2024-03-24 11:00:00,192,0.0,1.0,0.1261129923699732,6
2024-03-19 20:00:00,109,0.0,0.0,0.004355495775769734,6
2024-03-23 02:00:00,64,0.0,0.0,0.03424606133470419,6
2024-03-23 15:00:00,115,0.0,0.0,0.0065511598079286155,6
2024-03-28 21:00:00,13,48.0,72.0,33.43635081583691,6
2024-03-18 06:00:00,250,1.0,0.0,0.3531602206132296,6
2024-03-25 01:00:00,138,47.0,2.0,16.431490199975592,6
2024-03-22 12:00:00,27,0.0,0.0,0.010217076171520763,6
2024-03-28 17:00:00,246,254.0,194.0,189.3835664429714,6
2024-03-19 06:00:00,216,1.0,2.0,1.40467780517201,6
2024-03-26 06:00:00,135,1.0,1.0,0.5176277594431102,6
2024-03-24 19:00:00,146,4.0,7.0,2.7374109567057987,6
2024-03-19 12:00:00,213,0.0,1.0,0.8072336353864543,6
2024-03-30 17:00:00,213,2.0,0.0,0.49936071111276753,6
2024-03-23 14:00:00,28,0.0,1.0,0.7880080950859031,6
2024-03-29 09:00:00,127,1.0,2.0,1.0305877137814057,6
2024-03-25 13:00:00,220,1.0,1.0,0.39392484125286364,6
2024-03-18 04:00:00,61,2.0,3.0,0.8206788355670468,6
2024-03-29 12:00:00,62,1.0,1.0,1.32100784373084,6
2024-03-25 07:00:00,250,2.0,0.0,0.4283736861705198,6
2024-03-27 07:00:00,92,0.0,0.0,0.5668429495537588,6
2024-03-23 03:00:00,187,0.0,0.0,0.005216879256455679,6
2024-03-31 10:00:00,230,174.0,183.0,123.27085309341786,6
2024-03-25 14:00:00,205,0.0,2.0,0.6793062299057036,6
2024-03-24 01:00:00,214,0.0,0.0,0.005855245983947066,6
2024-03-24 04:00:00,60,0.0,0.0,0.13561221374830332,6
2024-03-30 13:00:00,217,0.0,0.0,0.27827786693863416,6
2024-03-27 03:00:00,19,0.0,0.0,0.05351750028265383,6
2024-03-20 04:00:00,131,0.0,1.0,0.13062259223549424,6
2024-03-18 17:00:00,120,0.0,0.0,0.026090741573871132,6
2024-03-29 18:00:00,112,0.0,3.0,1.4414842631230302,6
2024-03-31 00:00:00,68,247.0,194.0,143.54704310176007,6
2024-03-18 04:00:00,132,30.0,33.0,19.871452146898047,6
2024-03-20 14:00:00,254,1.0,0.0,0.6896162132448076,6
2024-03-20 16:00:00,212,0.0,0.0,0.22531016278259794,6
2024-03-31 14:00:00,237,357.0,239.0,275.13371387075824,6
2024-03-29 11:00:00,102,0.0,2.0,0.31481904066506794,6
2024-03-28 18:00:00,166,102.0,59.0,56.4304348045094,6
2024-03-24 09:00:00,129,0.0,1.0,1.5522355405642758,6
2024-03-25 08:00:00,30,0.0,0.0,0.005900162435205536,6
2024-03-20 18:00:00,162,498.0,456.0,489.82282443243156,6
2024-03-28 22:00:00,17,2.0,1.0,0.9963798546137874,6
2024-03-29 10:00:00,19,0.0,0.0,0.2855280168606185,6
2024-03-30 03:00:00,260,1.0,6.0,0.8164111040176406,6
2024-03-27 00:00:00,159,0.0,0.0,0.28249073034577493,6
2024-03-21 05:00:00,139,0.0,0.0,0.6158938945140825,6
2024-03-22 00:00:00,199,0.0,0.0,0.004301711386184845,6
2024-03-25 04:00:00,149,0.0,0.0,0.0883526444822613,6
2024-03-29 13:00:00,251,0.0,0.0,0.006110080557949535,6
2024-03-30 19:00:00,100,83.0,81.0,104.56588608777933,6
2024-03-27 00:00:00,19,0.0,0.0,0.09582407952182062,6
2024-03-20 04:00:00,216,1.0,0.0,0.6298962084774834,6
2024-03-20 04:00:00,113,3.0,2.0,3.2136532517444865,6
2024-03-19 05:00:00,209,1.0,0.0,0.9011280344598411,6
2024-03-24 00:00:00,121,0.0,0.0,0.12521850776798646,6
2024-03-31 04:00:00,128,0.0,0.0,0.034483214843051765,6
2024-03-20 02:00:00,156,0.0,0.0,0.0030649512509918343,6
2024-03-26 13:00:00,222,1.0,1.0,0.7832757743127704,6
2024-03-18 09:00:00,124,0.0,0.0,0.319067344039364,6
2024-03-28 12:00:00,173,1.0,1.0,0.24727702045851577,6
2024-03-19 03:00:00,74,0.0,1.0,0.9898885391395171,6
2024-03-27 03:00:00,128,0.0,0.0,0.019931727180414315,6
2024-03-23 01:00:00,17,0.0,0.0,0.6661652863587366,6
2024-03-19 22:00:00,117,0.0,0.0,0.10228046377145643,6
2024-03-27 00:00:00,172,0.0,0.0,0.006711421611021842,6
2024-03-21 22:00:00,35,0.0,0.0,0.632898442551224,6
2024-03-27 09:00:00,109,0.0,0.0,0.004359387483786219,6
2024-03-23 08:00:00,181,3.0,0.0,1.753625004231155,6
2024-03-29 22:00:00,6,0.0,0.0,0.05303501846747967,6
2024-03-22 04:00:00,99,0.0,0.0,0.003868703215736832,6
2024-03-19 05:00:00,231,2.0,4.0,3.637887411876242,6
2024-03-18 19:00:00,113,80.0,77.0,77.11901789508956,6
2024-03-26 14:00:00,156,0.0,0.0,0.004616555481578598,6
2024-03-28 04:00:00,75,7.0,3.0,3.1224109295936557,6
2024-03-31 20:00:00,77,2.0,0.0,0.09000768703382768,6
2024-03-31 16:00:00,163,193.0,168.0,177.5800896380051,6
2024-03-21 20:00:00,89,3.0,2.0,1.277380841734073,6
2024-03-25 16:00:00,20,1.0,1.0,0.21974560096730383,6
2024-03-31 10:00:00,189,0.0,1.0,0.8379082550530162,6
2024-03-30 14:00:00,127,1.0,1.0,1.0418220095993682,6
2024-03-18 19:00:00,119,0.0,0.0,0.15024288213093337,6
2024-03-30 08:00:00,2,0.0,0.0,0.0038950175133676637,6
2024-03-18 23:00:00,114,60.0,59.0,56.8109785644489,6
2024-03-20 09:00:00,61,4.0,7.0,3.9654395379529026,6
2024-03-18 03:00:00,50,0.0,1.0,2.5864571331271424,6
2024-03-21 04:00:00,209,0.0,1.0,1.0378774319555266,6
2024-03-24 08:00:00,58,0.0,0.0,0.014979652329326318,6
2024-03-28 22:00:00,37,4.0,0.0,1.0614124609879183,6
2024-03-29 18:00:00,221,0.0,0.0,0.007107274912004927,6
2024-03-31 03:00:00,144,103.0,143.0,74.09809988073941,6
2024-03-28 01:00:00,76,0.0,0.0,0.5278777518688501,6
2024-03-25 09:00:00,91,2.0,2.0,1.4816864856099434,6
2024-03-27 09:00:00,32,0.0,2.0,0.5351364187081132,6
2024-03-23 21:00:00,258,0.0,0.0,0.06928103647853442,6
2024-03-24 19:00:00,88,17.0,37.0,16.761231249243945,6
2024-03-19 18:00:00,92,1.0,0.0,0.3176476268305987,6
2024-03-22 14:00:00,45,7.0,7.0,10.070824366900377,6
2024-03-21 03:00:00,35,0.0,0.0,0.17897064847510638,6
2024-03-30 15:00:00,162,174.0,220.0,189.8649740337423,6
2024-03-31 13:00:00,24,20.0,19.0,22.071691516554406,6
2024-03-30 10:00:00,52,3.0,0.0,1.3291123153035007,6
2024-03-25 12:00:00,261,31.0,35.0,33.358817035726055,6
2024-03-29 00:00:00,242,0.0,0.0,0.0776581056225157,6
2024-03-23 18:00:00,262,114.0,116.0,92.45339357740653,6
2024-03-18 21:00:00,229,91.0,92.0,78.07765453525866,6
2024-03-23 14:00:00,167,0.0,0.0,0.557526257233368,6
2024-03-31 02:00:00,92,0.0,1.0,0.17283920390825347,6
2024-03-22 03:00:00,222,0.0,0.0,0.0829663413038736,6
2024-03-18 01:00:00,41,0.0,0.0,2.5040601117477483,6
2024-03-29 03:00:00,238,3.0,4.0,3.9420939441966567,6
2024-03-22 11:00:00,85,2.0,0.0,0.746336344682987,6
2024-03-26 16:00:00,146,3.0,0.0,2.6244988391783357,6
2024-03-28 10:00:00,167,0.0,2.0,0.8056788316136001,6
2024-03-19 17:00:00,116,1.0,2.0,5.093456648411843,6
2024-03-31 17:00:00,208,0.0,0.0,0.18494765492756118,6
2024-03-22 13:00:00,181,4.0,1.0,1.9229629085032214,6
2024-03-18 15:00:00,254,0.0,1.0,0.614516604278603,6
2024-03-21 04:00:00,232,1.0,4.0,1.681268834143537,6
2024-03-29 03:00:00,214,0.0,0.0,0.005549336605205858,6
2024-03-21 01:00:00,263,16.0,17.0,16.921284744608535,6
2024-03-18 01:00:00,173,0.0,0.0,0.04316672469872307,6
2024-03-24 13:00:00,145,2.0,15.0,8.64075642033261,6
2024-03-25 23:00:00,41,5.0,0.0,6.268789344521022,6
2024-03-18 11:00:00,214,0.0,0.0,0.014171461478171353,6
2024-03-25 03:00:00,50,0.0,0.0,2.535057100010371,6
2024-03-24 19:00:00,166,28.0,21.0,22.967531409839697,6
2024-03-19 18:00:00,24,19.0,21.0,17.41906047396359,6
2024-03-26 19:00:00,205,1.0,0.0,0.3276437490818327,6
2024-03-31 19:00:00,3,1.0,0.0,0.08325403278954316,6
2024-03-23 07:00:00,129,2.0,4.0,1.1682417979664383,6
2024-03-23 06:00:00,79,18.0,32.0,21.66765409455977,6
2024-03-25 23:00:00,226,6.0,0.0,2.2557108401329846,6
2024-03-21 15:00:00,253,0.0,0.0,0.0987478678589495,6
2024-03-21 17:00:00,63,0.0,1.0,0.30502057360603335,6
2024-03-18 18:00:00,86,2.0,0.0,0.28754048021128276,6
2024-03-21 18:00:00,8,0.0,0.0,0.00975731909849839,6
2024-03-19 08:00:00,109,0.0,0.0,0.004347672949528772,6
2024-03-25 09:00:00,27,0.0,0.0,0.010374578056407485,6
2024-03-29 04:00:00,151,8.0,1.0,2.5908085883252405,6
2024-03-31 14:00:00,118,0.0,0.0,0.00759891973504605,6
2024-03-28 04:00:00,126,0.0,0.0,0.22877793022267492,6
2024-03-31 04:00:00,188,3.0,0.0,0.6765841053611511,6
2024-03-26 20:00:00,252,2.0,0.0,0.0939930793483837,6
2024-03-26 11:00:00,41,10.0,13.0,14.826318817656208,6
2024-03-25 16:00:00,253,0.0,0.0,0.04875390681994137,6
2024-03-30 04:00:00,186,29.0,22.0,20.962888632132035,6
2024-03-29 22:00:00,234,267.0,263.0,218.4690284055906,6
2024-03-19 21:00:00,67,0.0,0.0,0.04484961542472688,6
2024-03-24 21:00:00,84,0.0,0.0,0.004115487371956981,6
2024-03-25 22:00:00,75,14.0,17.0,12.262737223535407,6
2024-03-18 09:00:00,170,176.0,165.0,139.5136282829623,6
2024-03-24 15:00:00,79,118.0,85.0,110.57136932973754,6
2024-03-23 01:00:00,248,0.0,0.0,0.09045706239130313,6
2024-03-19 05:00:00,24,2.0,1.0,2.0561172309058913,6
2024-03-25 09:00:00,225,2.0,5.0,1.819106821752526,6
2024-03-28 19:00:00,151,77.0,43.0,54.59774141548332,6
2024-03-28 14:00:00,180,0.0,2.0,0.21553537212631854,6
2024-03-18 02:00:00,120,0.0,0.0,0.010661129256228523,6
2024-03-22 21:00:00,125,30.0,42.0,31.78678432015005,6
2024-03-23 14:00:00,75,29.0,33.0,52.70330525005513,6
2024-03-25 23:00:00,264,8.0,9.0,10.953549153612148,6
2024-03-27 16:00:00,116,4.0,2.0,6.16522199158861,6
2024-03-28 23:00:00,198,0.0,1.0,0.2727316661409546,6
2024-03-20 13:00:00,253,0.0,0.0,0.06585902784558285,6
2024-03-27 00:00:00,95,0.0,0.0,0.604151578741476,6
2024-03-25 05:00:00,37,1.0,2.0,0.7609433799311558,6
2024-03-23 07:00:00,133,0.0,0.0,0.25905039299597454,6
2024-03-21 07:00:00,49,2.0,2.0,2.0029226042556756,6
2024-03-19 16:00:00,3,0.0,0.0,0.16778118527788327,6
2024-03-18 13:00:00,73,0.0,0.0,0.1052177714071908,6
2024-03-21 06:00:00,169,1.0,1.0,0.7455885423799447,6
2024-03-21 04:00:00,91,1.0,2.0,0.8879391608668991,6
2024-03-27 18:00:00,109,0.0,0.0,0.004462168672156684,6
2024-03-19 12:00:00,257,0.0,0.0,0.19597004266313348,6
2024-03-21 12:00:00,13,52.0,51.0,46.83437030787708,6
2024-03-26 18:00:00,126,0.0,1.0,0.23049121222987332,6
2024-03-20 04:00:00,18,0.0,0.0,0.28449974828220853,6
2024-03-22 19:00:00,150,0.0,0.0,0.08140623967158378,6
2024-03-19 08:00:00,136,0.0,0.0,0.4733788084239545,6
2024-03-26 14:00:00,173,0.0,0.0,0.20114024313188117,6
2024-03-27 02:00:00,14,0.0,0.0,0.2245356469665319,6
2024-03-28 13:00:00,107,131.0,129.0,118.79627384828622,6
2024-03-20 18:00:00,42,5.0,9.0,10.187278514399296,6
2024-03-23 12:00:00,211,45.0,39.0,48.30014503125224,6
2024-03-25 03:00:00,170,5.0,9.0,5.211123314470998,6
2024-03-18 13:00:00,78,0.0,0.0,0.726694504304846,6
2024-03-31 06:00:00,10,6.0,2.0,1.4763024720120346,6
2024-03-19 22:00:00,156,0.0,0.0,0.004323061949320108,6
2024-03-31 01:00:00,232,34.0,30.0,19.378088139562895,6
2024-03-20 07:00:00,83,1.0,0.0,0.3798452577985061,6
2024-03-22 10:00:00,16,0.0,0.0,0.1347726158604853,6
2024-03-25 06:00:00,155,1.0,1.0,0.58178310225015,6
2024-03-27 11:00:00,265,6.0,2.0,3.241720670347684,6
2024-03-19 23:00:00,171,1.0,0.0,0.08366122457110615,6
2024-03-22 09:00:00,236,285.0,333.0,316.3070898062483,6
2024-03-19 06:00:00,34,0.0,0.0,0.1563894201476967,6
2024-03-19 22:00:00,239,182.0,176.0,125.09485557610658,6
2024-03-27 23:00:00,12,0.0,0.0,1.3343790884506663,6
2024-03-28 22:00:00,189,0.0,2.0,1.0739505018318067,6
2024-03-19 00:00:00,5,0.0,0.0,0.004076919499558489,6
2024-03-24 17:00:00,250,0.0,0.0,0.22564486969316708,6
2024-03-18 07:00:00,209,3.0,2.0,4.634607002949367,6
2024-03-27 11:00:00,234,152.0,159.0,141.6883143546292,6
2024-03-30 23:00:00,21,0.0,0.0,0.11899508460272328,6
2024-03-28 20:00:00,64,0.0,0.0,0.06841914147460401,6
2024-03-27 13:00:00,253,0.0,0.0,0.017751842893709506,6
2024-03-23 23:00:00,30,0.0,0.0,0.009431734441630717,6
2024-03-19 14:00:00,146,4.0,3.0,3.8559493384905195,6
2024-03-27 12:00:00,60,0.0,0.0,0.45506915523007857,6
2024-03-20 14:00:00,180,1.0,1.0,0.24115407354317614,6
2024-03-22 21:00:00,134,1.0,1.0,0.4048024335041408,6
2024-03-19 01:00:00,112,0.0,0.0,0.5811654354886798,6
2024-03-20 12:00:00,49,1.0,0.0,1.829391988400579,6
2024-03-21 23:00:00,253,0.0,0.0,0.04525986271497601,6
2024-03-27 02:00:00,192,0.0,0.0,0.022129743085379665,6
2024-03-27 11:00:00,33,5.0,3.0,3.8460109780977945,6
2024-03-28 17:00:00,194,0.0,0.0,0.22054950230395254,6
2024-03-22 08:00:00,245,0.0,0.0,0.00668475789519662,6
2024-03-23 04:00:00,150,0.0,0.0,0.06243074508291077,6
2024-03-18 01:00:00,206,0.0,0.0,0.004055317752996184,6
2024-03-20 11:00:00,118,0.0,0.0,0.00760896858023254,6
2024-03-31 07:00:00,252,0.0,1.0,0.11698757610242935,6
2024-03-22 17:00:00,117,0.0,0.0,0.2789005248375887,6
2024-03-19 21:00:00,106,0.0,1.0,0.2956724386691906,6
2024-03-31 11:00:00,130,0.0,1.0,1.598316405772274,6
2024-03-28 02:00:00,185,0.0,0.0,0.020059131735263976,6
2024-03-19 15:00:00,140,210.0,191.0,198.99712283513657,6
2024-03-28 02:00:00,256,0.0,1.0,0.575871919538885,6
2024-03-24 07:00:00,1,0.0,1.0,0.4494384957704187,6
2024-03-30 23:00:00,223,0.0,3.0,1.7456098435457932,6
2024-03-21 22:00:00,67,0.0,0.0,0.05643134023541843,6
2024-03-29 18:00:00,18,0.0,0.0,0.21811755919055986,6
2024-03-31 23:00:00,98,0.0,0.0,0.08142189952812799,6
2024-03-27 08:00:00,43,69.0,65.0,68.88947591187521,6
2024-03-26 15:00:00,127,0.0,1.0,0.7632540568076739,6
2024-03-24 11:00:00,15,0.0,0.0,0.0889051139282282,6
2024-03-21 16:00:00,235,0.0,1.0,0.5712460675527263,6
2024-03-19 09:00:00,83,0.0,0.0,0.3996570901277535,6
2024-03-24 12:00:00,133,1.0,0.0,0.32307925331341947,6
2024-03-25 08:00:00,118,0.0,0.0,0.006563542793588507,6
2024-03-19 15:00:00,67,0.0,1.0,0.1750277361755613,6
2024-03-22 12:00:00,2,0.0,0.0,0.010093573132403525,6
2024-03-18 10:00:00,76,8.0,5.0,2.5048113987897427,6
2024-03-28 19:00:00,12,0.0,1.0,2.068283893375608,6
2024-03-18 15:00:00,123,1.0,0.0,0.3843834596348418,6
2024-03-29 16:00:00,215,2.0,0.0,1.5796550821849171,6
2024-03-23 21:00:00,137,72.0,112.0,65.21543968613891,6
2024-03-25 22:00:00,122,0.0,0.0,0.07696216926771107,6
2024-03-24 07:00:00,123,0.0,0.0,0.21671046815917575,6
2024-03-23 18:00:00,70,20.0,18.0,29.11055935238629,6
2024-03-29 06:00:00,251,0.0,0.0,0.005737284428473872,6
2024-03-28 03:00:00,91,0.0,0.0,0.1903773223327154,6
2024-03-24 04:00:00,91,2.0,0.0,0.7857819766374021,6
2024-03-31 20:00:00,100,86.0,83.0,48.75812440816316,6
2024-03-29 16:00:00,10,3.0,4.0,2.823260099126918,6
2024-03-29 13:00:00,25,2.0,5.0,2.9734409347003607,6
2024-03-18 17:00:00,214,0.0,0.0,0.013740838709396345,6
2024-03-20 23:00:00,101,0.0,0.0,0.07483000531601414,6
2024-03-23 00:00:00,48,237.0,293.0,227.67659078889034,6
2024-03-31 16:00:00,114,72.0,91.0,71.47615348964595,6
2024-03-30 15:00:00,214,0.0,0.0,0.011313053319829933,6
2024-03-19 04:00:00,186,9.0,6.0,10.198969779068936,6
2024-03-27 21:00:00,141,126.0,158.0,138.0710152146613,6
2024-03-18 04:00:00,184,0.0,0.0,0.007276688696196587,6
2024-03-26 18:00:00,31,0.0,0.0,0.01288674568220614,6
2024-03-26 19:00:00,141,176.0,135.0,168.72457701089414,6
2024-03-24 20:00:00,64,1.0,0.0,0.07013094819038107,6
2024-03-23 12:00:00,153,0.0,0.0,0.11596977265428558,6
2024-03-24 13:00:00,264,17.0,19.0,19.67626920244793,6
2024-03-18 17:00:00,155,0.0,0.0,0.4572903276058437,6
2024-03-27 08:00:00,19,0.0,0.0,0.40157968373313985,6
2024-03-18 22:00:00,246,62.0,77.0,50.69600589578073,6
2024-03-29 13:00:00,46,0.0,0.0,0.02270488823216015,6
2024-03-26 03:00:00,263,4.0,6.0,5.640919878146173,6
2024-03-29 06:00:00,227,1.0,1.0,0.36407098114158765,6
2024-03-23 23:00:00,237,178.0,191.0,109.39596293863566,6
2024-03-24 12:00:00,68,133.0,132.0,155.60138542887708,6
2024-03-27 18:00:00,202,0.0,0.0,0.27509001834531194,6
2024-03-20 21:00:00,5,0.0,0.0,0.004283576649884092,6
2024-03-23 16:00:00,5,0.0,0.0,0.004535922356163424,6
2024-03-25 19:00:00,240,0.0,0.0,0.04614004606065816,6
2024-03-27 11:00:00,39,1.0,3.0,1.678505043769375,6
2024-03-27 19:00:00,150,0.0,0.0,0.08624019199790955,6
2024-03-19 12:00:00,241,1.0,0.0,0.5901482295097635,6
2024-03-23 03:00:00,41,0.0,1.0,2.884452419783975,6
2024-03-20 21:00:00,4,10.0,9.0,7.127406898732713,6
2024-03-24 13:00:00,100,77.0,79.0,78.67226201397013,6
2024-03-18 08:00:00,22,1.0,3.0,0.65037260032918,6
2024-03-19 02:00:00,10,0.0,0.0,0.31722880113854135,6
2024-03-18 08:00:00,70,17.0,7.0,13.4162550914325,6
2024-03-27 05:00:00,67,0.0,0.0,0.22584324430245814,6
2024-03-19 21:00:00,75,21.0,20.0,20.113224348833768,6
2024-03-23 16:00:00,49,2.0,0.0,1.9954925956246887,6
2024-03-18 04:00:00,245,0.0,0.0,0.004795912015337171,6
2024-03-18 11:00:00,186,204.0,158.0,161.66584814033845,6
2024-03-22 10:00:00,139,0.0,2.0,0.5743191710469626,6
2024-03-27 01:00:00,115,0.0,0.0,0.004320317546333927,6
2024-03-23 01:00:00,163,37.0,43.0,45.2391414315661,6
2024-03-23 12:00:00,149,0.0,0.0,0.14806283591709152,6
2024-03-23 09:00:00,236,148.0,158.0,208.39563073776645,6
2024-03-31 19:00:00,56,1.0,2.0,0.4335741679936308,6
2024-03-18 10:00:00,155,1.0,2.0,0.7840117022334057,6
2024-03-31 08:00:00,40,0.0,0.0,1.426988052590353,6
2024-03-24 02:00:00,220,1.0,0.0,0.10949489001942705,6
2024-03-19 16:00:00,26,0.0,1.0,0.528598063695114,6
2024-03-26 18:00:00,61,3.0,7.0,2.5333931384235093,6
2024-03-18 08:00:00,45,0.0,4.0,3.8417749638539993,6
2024-03-20 05:00:00,9,0.0,1.0,0.09490487856377375,6
2024-03-26 17:00:00,7,4.0,2.0,3.0204353758185243,6
2024-03-18 14:00:00,240,0.0,0.0,0.023485992471385126,6
2024-03-30 08:00:00,81,0.0,1.0,0.34029005649672617,6
2024-03-26 12:00:00,63,0.0,0.0,0.5390146586977148,6
2024-03-26 23:00:00,135,0.0,0.0,0.10797015834311954,6
2024-03-27 10:00:00,1,0.0,0.0,0.5479819171256272,6
2024-03-26 22:00:00,20,0.0,0.0,0.06975524527339794,6
2024-03-21 06:00:00,69,1.0,2.0,1.0183964759689028,6
2024-03-31 17:00:00,261,55.0,44.0,46.682366750836664,6
2024-03-25 21:00:00,139,0.0,0.0,0.06975355119683392,6
2024-03-28 05:00:00,25,0.0,0.0,0.6866942678945287,6
2024-03-19 02:00:00,101,0.0,0.0,0.024885216498077338,6
2024-03-25 10:00:00,8,0.0,0.0,0.023068721824506047,6
2024-03-21 09:00:00,233,83.0,94.0,90.92719609732518,6
2024-03-31 19:00:00,39,2.0,5.0,1.070063995697336,6
2024-03-18 06:00:00,175,0.0,0.0,0.14982371861874227,6
2024-03-28 05:00:00,252,0.0,1.0,0.19404851374824875,6
2024-03-25 21:00:00,223,4.0,1.0,1.1350203976381712,6
2024-03-24 10:00:00,136,1.0,0.0,0.3127725716545202,6
2024-03-24 00:00:00,231,149.0,147.0,111.51198284242737,6
2024-03-19 10:00:00,185,0.0,0.0,0.4086626480653287,6
2024-03-22 05:00:00,62,1.0,2.0,0.7977797424350843,6
2024-03-28 00:00:00,211,20.0,29.0,37.79276298387847,6
2024-03-27 04:00:00,46,0.0,0.0,0.013437953880619668,6
2024-03-28 09:00:00,35,6.0,5.0,2.2671578268263257,6
2024-03-25 16:00:00,114,54.0,36.0,44.220768403417246,6
2024-03-30 20:00:00,159,3.0,1.0,0.35593048711209063,6
2024-03-27 17:00:00,253,0.0,0.0,0.017364734947070283,6
2024-03-26 22:00:00,178,0.0,0.0,0.0514303460498898,6
2024-03-19 04:00:00,210,1.0,0.0,0.2602724177442514,6
2024-03-19 05:00:00,200,0.0,0.0,0.19462387858572439,6
2024-03-18 11:00:00,108,1.0,2.0,0.2929947791949762,6
2024-03-18 01:00:00,92,0.0,0.0,0.08255560094843316,6
2024-03-23 01:00:00,49,0.0,1.0,0.5499612246557555,6
2024-03-21 09:00:00,7,6.0,5.0,4.02100724121466,6
2024-03-27 05:00:00,174,0.0,0.0,0.33285786834843073,6
2024-03-21 07:00:00,223,0.0,1.0,1.6624496282248313,6
2024-03-29 19:00:00,194,0.0,1.0,0.16429671406799615,6
2024-03-29 15:00:00,46,1.0,0.0,0.024338078479093694,6
2024-03-29 23:00:00,256,14.0,9.0,6.519760574464961,6
2024-03-30 07:00:00,138,20.0,4.0,21.525488915360327,6
2024-03-22 00:00:00,146,0.0,1.0,1.1077412674348923,6
2024-03-24 11:00:00,260,0.0,1.0,1.5472434853227628,6
2024-03-22 08:00:00,225,1.0,2.0,2.492446578456145,6
2024-03-27 19:00:00,152,6.0,8.0,4.981542648940121,6
2024-03-25 03:00:00,200,0.0,0.0,0.03150722884829357,6
2024-03-19 18:00:00,264,23.0,15.0,25.100726144688796,6
2024-03-18 14:00:00,167,0.0,0.0,0.5720491030310244,6
2024-03-19 05:00:00,16,1.0,1.0,0.10349686835283407,6
2024-03-24 10:00:00,67,2.0,1.0,0.1538507560298505,6
2024-03-27 15:00:00,25,3.0,1.0,3.750889049626859,6
2024-03-29 23:00:00,167,0.0,0.0,0.16735589972601633,6
2024-03-19 12:00:00,45,12.0,17.0,6.98375703025273,6
2024-03-22 12:00:00,245,0.0,0.0,0.0075839778202286415,6
2024-03-31 13:00:00,41,51.0,35.0,24.696962335389237,6
2024-03-26 19:00:00,251,0.0,0.0,0.00607703971103584,6
2024-03-19 07:00:00,209,4.0,2.0,4.544254630948855,6
2024-03-31 09:00:00,241,2.0,0.0,0.4976337856403639,6
2024-03-25 08:00:00,113,55.0,66.0,55.026814317747125,6
2024-03-18 16:00:00,259,0.0,1.0,0.21841109933042008,6
2024-03-27 10:00:00,35,1.0,3.0,1.823080055460472,6
2024-03-20 19:00:00,98,0.0,0.0,0.07151220106869537,6
2024-03-20 19:00:00,148,52.0,45.0,46.07282003681804,6
2024-03-22 19:00:00,244,9.0,17.0,6.875329909024876,6
2024-03-22 11:00:00,87,17.0,13.0,22.65570549931552,6
2024-03-22 08:00:00,45,4.0,6.0,4.092752906209763,6
2024-03-18 06:00:00,150,0.0,0.0,0.1787756049608076,6
2024-03-20 00:00:00,237,31.0,35.0,29.663825664080594,6
2024-03-22 08:00:00,34,0.0,1.0,0.25801567848155466,6
2024-03-18 05:00:00,161,14.0,8.0,10.358076408619029,6
2024-03-24 21:00:00,122,0.0,0.0,0.06952475653454035,6
2024-03-24 15:00:00,129,3.0,5.0,2.3914158447197043,6
2024-03-20 11:00:00,193,7.0,9.0,5.586396622366718,6
2024-03-19 04:00:00,78,0.0,1.0,0.24089181128397963,6
2024-03-26 18:00:00,162,447.0,490.0,450.1545376300257,6
2024-03-28 21:00:00,158,114.0,122.0,90.14240527190427,6
2024-03-21 17:00:00,108,0.0,0.0,0.1967684085501255,6
2024-03-25 23:00:00,245,0.0,0.0,0.007536191593292325,6
2024-03-30 20:00:00,77,1.0,0.0,0.09646497965994165,6
2024-03-24 02:00:00,52,0.0,0.0,0.2791935194961234,6
2024-03-22 00:00:00,92,0.0,0.0,0.19853538131768142,6
2024-03-23 15:00:00,67,0.0,0.0,0.10666399556621747,6
2024-03-24 00:00:00,130,1.0,1.0,1.9859192261066076,6
2024-03-25 03:00:00,131,0.0,0.0,0.04218609428671956,6
2024-03-27 16:00:00,254,0.0,1.0,0.7216927825053855,6
2024-03-28 13:00:00,187,0.0,0.0,0.009962503676151448,6
2024-03-31 11:00:00,29,0.0,1.0,0.3486914073668111,6
2024-03-29 08:00:00,165,1.0,0.0,0.7288671066074089,6
2024-03-28 15:00:00,12,12.0,2.0,4.525029691153423,6
2024-03-26 00:00:00,257,0.0,0.0,0.0781333828354377,6
2024-03-27 12:00:00,222,3.0,1.0,1.2439539273089963,6
2024-03-18 23:00:00,227,0.0,0.0,0.08703476230114272,6
2024-03-18 03:00:00,234,3.0,4.0,4.3335634905912555,6
2024-03-21 15:00:00,111,0.0,0.0,0.007441913106432493,6
2024-03-18 18:00:00,96,0.0,0.0,0.014376639584678507,6
2024-03-21 04:00:00,127,0.0,0.0,0.2941652954143511,6
2024-03-31 21:00:00,196,1.0,1.0,0.28537771055754424,6
2024-03-25 01:00:00,62,0.0,0.0,0.18852530673970808,6
2024-03-29 16:00:00,120,0.0,1.0,0.08455600392807032,6
2024-03-30 13:00:00,201,1.0,0.0,0.14302851751902412,6
2024-03-30 14:00:00,220,1.0,2.0,0.20721242344989668,6
2024-03-22 13:00:00,70,29.0,64.0,34.930146585593874,6
2024-03-29 08:00:00,85,0.0,2.0,1.248814401140837,6
2024-03-30 20:00:00,105,0.0,0.0,0.004983524402035515,6
2024-03-28 18:00:00,192,0.0,0.0,0.09924007388423241,6
2024-03-18 07:00:00,123,0.0,0.0,0.5445984592238167,6
2024-03-20 13:00:00,157,1.0,1.0,0.5647368840271652,6
2024-03-22 06:00:00,40,2.0,3.0,1.3397444032761343,6
2024-03-24 06:00:00,195,0.0,1.0,1.3132478758141868,6
2024-03-19 14:00:00,224,8.0,7.0,7.839393258200695,6
2024-03-20 19:00:00,6,0.0,0.0,0.025054310107146045,6
2024-03-28 05:00:00,129,1.0,1.0,0.8064855830276746,6
2024-03-26 22:00:00,64,0.0,0.0,0.06947754684304536,6
2024-03-30 19:00:00,259,0.0,0.0,0.07750109637871647,6
2024-03-30 16:00:00,65,10.0,3.0,6.9781812810189265,6
2024-03-26 03:00:00,138,0.0,0.0,2.428961012803151,6
2024-03-18 19:00:00,170,176.0,169.0,176.59098098399505,6
2024-03-25 05:00:00,183,0.0,1.0,0.1228419110857603,6
2024-03-19 12:00:00,67,0.0,1.0,0.32230428967615227,6
2024-03-27 05:00:00,127,0.0,0.0,0.4993414347234462,6
2024-03-29 04:00:00,133,0.0,0.0,0.158373124840304,6
2024-03-28 01:00:00,215,0.0,0.0,0.22190592282910657,6
2024-03-20 09:00:00,265,2.0,2.0,3.2266195815066236,6
2024-03-26 07:00:00,102,1.0,1.0,0.44538040439507587,6
2024-03-26 18:00:00,72,0.0,0.0,0.9306480803237186,6
2024-03-21 21:00:00,156,0.0,0.0,0.004247789064231615,6
2024-03-29 10:00:00,59,0.0,0.0,0.00851688640896695,6
2024-03-23 11:00:00,61,0.0,4.0,2.9842241393008937,6
2024-03-30 19:00:00,77,0.0,1.0,0.15243821401607674,6
2024-03-23 04:00:00,111,0.0,0.0,0.006255634070734902,6
2024-03-27 09:00:00,74,20.0,14.0,24.20387174642764,6
2024-03-20 07:00:00,199,0.0,0.0,0.00417220274539578,6
2024-03-29 11:00:00,78,1.0,1.0,0.8210612587943575,6
2024-03-27 21:00:00,245,0.0,0.0,0.007689063642655768,6
2024-03-30 23:00:00,36,0.0,3.0,0.9612519257101344,6
2024-03-23 21:00:00,129,4.0,4.0,1.4947105364157038,6
2024-03-19 05:00:00,68,12.0,10.0,10.720752770165006,6
2024-03-31 03:00:00,202,0.0,0.0,0.15273432588922728,6
2024-03-25 20:00:00,184,0.0,0.0,0.027665774217060686,6
2024-03-21 07:00:00,109,0.0,0.0,0.004527148341634689,6
2024-03-30 04:00:00,136,0.0,0.0,0.08976950087120468,6
2024-03-31 19:00:00,54,0.0,0.0,0.13513599949944527,6
2024-03-27 21:00:00,96,0.0,0.0,0.013504364200818584,6
2024-03-31 11:00:00,136,0.0,0.0,0.3709418659512019,6
2024-03-29 20:00:00,184,0.0,0.0,0.011854481377557388,6
2024-03-20 10:00:00,31,0.0,0.0,0.15651815235435773,6
2024-03-18 06:00:00,2,0.0,0.0,0.0056080114138047565,6
2024-03-20 23:00:00,66,1.0,1.0,1.9829500595966543,6
2024-03-22 20:00:00,118,0.0,0.0,0.006895848567167001,6
2024-03-21 08:00:00,237,245.0,268.0,246.8398640890348,6
2024-03-24 10:00:00,144,24.0,14.0,23.40526846793118,6
2024-03-19 15:00:00,144,44.0,45.0,41.3863163489732,6
2024-03-22 00:00:00,113,106.0,56.0,61.75914229049408,6
2024-03-26 20:00:00,206,0.0,0.0,0.0049154407569318255,6
2024-03-19 19:00:00,90,121.0,109.0,117.19503364584942,6
2024-03-28 06:00:00,90,16.0,18.0,21.79229131068075,6
2024-03-20 14:00:00,4,1.0,1.0,5.158463542580708,6
2024-03-30 16:00:00,88,38.0,21.0,24.530708878343038,6
2024-03-25 02:00:00,168,0.0,0.0,0.4612714642942492,6
2024-03-21 13:00:00,205,0.0,2.0,1.0584461626603379,6
2024-03-26 09:00:00,83,1.0,0.0,0.39560909973609276,6
2024-03-25 05:00:00,58,0.0,0.0,0.01544434348367997,6
2024-03-24 06:00:00,17,3.0,2.0,1.101338484420825,6
2024-03-23 22:00:00,71,0.0,0.0,0.352952800375511,6
2024-03-28 13:00:00,73,1.0,1.0,0.11575159315705015,6
2024-03-20 03:00:00,112,0.0,0.0,0.40735690984800094,6
2024-03-25 03:00:00,167,0.0,0.0,0.08680296875966043,6
2024-03-28 20:00:00,209,29.0,23.0,16.981705043210045,6
2024-03-20 13:00:00,143,66.0,86.0,79.03885993162561,6
2024-03-22 18:00:00,112,3.0,1.0,1.4927975588854743,6
2024-03-27 02:00:00,181,1.0,0.0,0.5273173420232727,6
2024-03-23 03:00:00,123,1.0,0.0,0.08254206886201315,6
2024-03-20 03:00:00,242,0.0,0.0,0.036377984600418356,6
2024-03-31 10:00:00,19,1.0,0.0,0.20076040237200068,6
2024-03-23 19:00:00,260,4.0,3.0,1.5795770176296016,6
2024-03-21 03:00:00,90,3.0,6.0,8.648375718531447,6
2024-03-23 10:00:00,62,0.0,0.0,0.7965602207217521,6
2024-03-29 08:00:00,237,141.0,182.0,205.98219786898156,6
2024-03-26 00:00:00,86,0.0,0.0,0.06649199088195072,6
2024-03-29 13:00:00,30,0.0,0.0,0.00617510265059799,6
2024-03-22 03:00:00,205,0.0,0.0,0.113144573387141,6
2024-03-20 06:00:00,168,3.0,1.0,1.5616007108399717,6
2024-03-25 21:00:00,26,0.0,2.0,0.23381679599215968,6
2024-03-23 04:00:00,22,0.0,0.0,0.13393505304735803,6
2024-03-20 14:00:00,25,2.0,4.0,2.820567134875637,6
2024-03-25 17:00:00,20,0.0,0.0,0.18213905084109958,6
2024-03-18 20:00:00,98,0.0,0.0,0.05670110345882014,6
2024-03-22 23:00:00,193,1.0,2.0,2.1153544596378193,6
2024-03-18 17:00:00,3,0.0,0.0,0.15485310231880842,6
2024-03-21 15:00:00,87,26.0,27.0,39.626214319462754,6
2024-03-23 04:00:00,138,1.0,2.0,2.5137564961843952,6
2024-03-22 22:00:00,98,0.0,0.0,0.0752353411212177,6
2024-03-18 01:00:00,171,0.0,0.0,0.026185405258065998,6
2024-03-26 20:00:00,129,1.0,2.0,1.168985155839754,6
2024-03-31 11:00:00,138,73.0,149.0,118.28702379919335,6
2024-03-23 08:00:00,244,1.0,3.0,3.5184828162352533,6
2024-03-27 22:00:00,141,88.0,91.0,107.87395930628384,6
2024-03-21 17:00:00,66,2.0,7.0,3.5706113031294096,6
2024-03-23 08:00:00,215,0.0,0.0,0.9187731507362047,6
2024-03-22 20:00:00,216,0.0,1.0,1.0773453589373028,6
2024-03-21 07:00:00,89,5.0,8.0,3.71846830723075,6
2024-03-25 18:00:00,240,0.0,0.0,0.05051122664492407,6
2024-03-28 07:00:00,209,2.0,4.0,5.267614384930692,6
2024-03-29 10:00:00,264,12.0,17.0,14.864075279056422,6
2024-03-23 13:00:00,176,0.0,0.0,0.004623152008369578,6
2024-03-29 20:00:00,134,1.0,0.0,0.30794600761193247,6
2024-03-27 05:00:00,55,1.0,3.0,0.7505768643607321,6
2024-03-25 17:00:00,67,0.0,0.0,0.12820914796955102,6
2024-03-25 08:00:00,97,4.0,1.0,2.543454838453737,6
2024-03-31 08:00:00,226,6.0,7.0,4.652584827292877,6
2024-03-19 07:00:00,44,0.0,0.0,0.004819951446582103,6
2024-03-30 06:00:00,252,0.0,0.0,0.0927173877053693,6
2024-03-31 19:00:00,13,27.0,33.0,23.534348601792043,6
2024-03-28 04:00:00,200,0.0,0.0,0.10324552657891063,6
2024-03-19 01:00:00,163,11.0,10.0,13.103563431213763,6
2024-03-31 00:00:00,165,0.0,0.0,0.1320347350202465,6
2024-03-30 13:00:00,92,3.0,0.0,0.40980843706903375,6
2024-03-23 04:00:00,76,3.0,0.0,0.8798900276207977,6
2024-03-24 09:00:00,41,20.0,20.0,17.9093596127054,6
2024-03-18 15:00:00,28,0.0,0.0,0.7577957378304742,6
2024-03-31 17:00:00,177,1.0,0.0,0.9316661925630323,6
2024-03-25 09:00:00,34,0.0,0.0,0.1517814987259753,6
2024-03-23 12:00:00,41,14.0,18.0,27.847738369545002,6
2024-03-18 12:00:00,141,140.0,142.0,146.33799108255755,6
2024-03-21 06:00:00,254,0.0,1.0,1.0240254952912908,6
2024-03-22 01:00:00,8,0.0,0.0,0.006081705484221882,6
2024-03-29 11:00:00,217,1.0,0.0,0.4147846993700808,6
2024-03-20 12:00:00,155,1.0,2.0,0.8509896334197143,6
2024-03-24 15:00:00,243,0.0,0.0,2.2627994974933086,6
2024-03-23 20:00:00,101,0.0,0.0,0.07384526091796902,6
2024-03-30 04:00:00,90,36.0,36.0,30.056619185457603,6
2024-03-28 16:00:00,66,3.0,1.0,3.565341104895359,6
2024-03-19 15:00:00,9,0.0,0.0,0.10667506012206836,6
2024-03-23 08:00:00,99,0.0,0.0,0.0038950175133676637,6
2024-03-23 14:00:00,109,0.0,0.0,0.0045694847643911515,6
2024-03-20 22:00:00,145,9.0,6.0,3.9228000832472754,6
2024-03-26 23:00:00,193,0.0,0.0,1.4098896879740235,6
2024-03-31 13:00:00,263,140.0,128.0,143.83860169957777,6
2024-03-31 01:00:00,119,0.0,0.0,0.0703248816744328,6
2024-03-24 20:00:00,199,0.0,0.0,0.004759676630397194,6
2024-03-21 01:00:00,200,0.0,0.0,0.03525304273831923,6
2024-03-28 18:00:00,29,1.0,1.0,0.20124479781120297,6
2024-03-29 06:00:00,198,1.0,0.0,0.7170698157821076,6
2024-03-19 09:00:00,69,1.0,1.0,1.330207852911268,6
2024-03-31 21:00:00,100,66.0,64.0,45.417577788897766,6
2024-03-26 09:00:00,158,30.0,19.0,22.39552717396788,6
2024-03-20 13:00:00,240,0.0,0.0,0.03626850974061872,6
2024-03-25 22:00:00,131,0.0,0.0,0.0875571203700321,6
2024-03-28 21:00:00,255,7.0,5.0,1.9077304793380765,6
2024-03-21 19:00:00,127,0.0,3.0,0.4211977887674338,6
2024-03-29 23:00:00,137,107.0,67.0,75.26828831531894,6
2024-03-30 17:00:00,143,71.0,88.0,95.9507989843054,6
2024-03-18 15:00:00,102,1.0,0.0,0.1851299500417401,6
2024-03-23 13:00:00,202,1.0,2.0,0.44136270015936885,6
2024-03-29 16:00:00,115,0.0,0.0,0.005727142980888213,6
2024-03-23 05:00:00,218,0.0,2.0,0.5326365538750812,6
2024-03-24 11:00:00,263,119.0,139.0,130.35196986652954,6
2024-03-20 21:00:00,252,0.0,0.0,0.08247115713651314,6
2024-03-22 08:00:00,259,1.0,1.0,0.6690073117153003,6
2024-03-19 02:00:00,258,0.0,0.0,0.04009657004658475,6
2024-03-20 23:00:00,10,0.0,0.0,1.8881087294282715,6
2024-03-25 22:00:00,90,70.0,61.0,56.04887861219258,6
2024-03-20 01:00:00,16,0.0,0.0,0.033309604701151435,6
2024-03-18 13:00:00,197,3.0,3.0,1.5573446506195479,6
2024-03-28 06:00:00,255,0.0,0.0,0.8738824475477422,6
2024-03-27 03:00:00,220,0.0,0.0,0.053160663298677704,6
2024-03-27 08:00:00,59,0.0,0.0,0.0058290149364889215,6
2024-03-29 08:00:00,55,2.0,0.0,1.4636523668603967,6
2024-03-25 17:00:00,228,0.0,1.0,0.6137580600528316,6
2024-03-19 23:00:00,32,0.0,0.0,0.10225454952680495,6
2024-03-31 02:00:00,139,0.0,1.0,0.034189281028351906,6
2024-03-23 13:00:00,132,167.0,179.0,233.81080365864125,6
2024-03-18 00:00:00,61,0.0,0.0,0.7239024204986264,6
2024-03-20 08:00:00,155,0.0,3.0,0.9718028114254772,6
2024-03-20 15:00:00,126,0.0,1.0,0.40100301577767433,6
2024-03-22 01:00:00,217,0.0,0.0,0.08359047548765651,6
2024-03-22 16:00:00,203,0.0,1.0,0.37803931693747556,6
2024-03-25 05:00:00,175,0.0,0.0,0.1335328192256348,6
2024-03-29 04:00:00,259,0.0,1.0,0.11944983717142116,6
2024-03-31 22:00:00,73,0.0,0.0,0.047281567424597895,6
2024-03-18 17:00:00,148,21.0,20.0,26.890808956028852,6
2024-03-19 12:00:00,36,0.0,0.0,0.44545998425015804,6
2024-03-25 06:00:00,258,0.0,0.0,0.6590304067099867,6
2024-03-25 13:00:00,32,0.0,0.0,0.3762497809488633,6
2024-03-23 23:00:00,26,0.0,0.0,0.1995662686950146,6
2024-03-19 22:00:00,59,0.0,0.0,0.005654171812166229,6
2024-03-18 17:00:00,251,0.0,0.0,0.00630260029486847,6
2024-03-25 08:00:00,196,0.0,0.0,0.6393064976860358,6
2024-03-20 06:00:00,140,41.0,40.0,38.210041620199576,6
2024-03-22 14:00:00,74,17.0,33.0,25.012313225189907,6
2024-03-31 15:00:00,157,0.0,0.0,0.7876774395469179,6
2024-03-28 09:00:00,230,157.0,211.0,145.93129592610464,6
2024-03-22 23:00:00,159,1.0,0.0,0.6779881932674382,6
2024-03-29 20:00:00,16,0.0,0.0,0.07091603025984528,6
2024-03-25 13:00:00,35,1.0,2.0,1.6297203851419697,6
2024-03-22 19:00:00,199,0.0,0.0,0.00446105443498874,6
2024-03-28 09:00:00,199,0.0,0.0,0.004327810726055391,6
2024-03-29 12:00:00,131,1.0,0.0,0.6695716831426024,6
2024-03-31 02:00:00,150,0.0,0.0,0.04094447601627521,6
2024-03-25 01:00:00,81,0.0,0.0,0.06537363372725372,6
2024-03-20 20:00:00,66,7.0,1.0,1.6602363464250822,6
2024-03-28 09:00:00,126,0.0,0.0,0.7328868061582148,6
2024-03-27 14:00:00,112,1.0,0.0,1.2158134674665226,6
2024-03-30 02:00:00,16,0.0,0.0,0.041814261352371616,6
2024-03-27 05:00:00,180,0.0,0.0,0.1755639261629718,6
2024-03-22 18:00:00,218,0.0,2.0,0.5119110862844405,6
2024-03-20 13:00:00,197,2.0,4.0,1.4530560866748063,6
2024-03-27 14:00:00,146,5.0,5.0,3.352508680496393,6
2024-03-26 00:00:00,124,2.0,0.0,0.13573300393999532,6
2024-03-31 00:00:00,80,3.0,10.0,4.791318799975101,6
2024-03-22 05:00:00,64,0.0,0.0,0.07695114980713506,6
2024-03-18 04:00:00,259,0.0,0.0,0.09159982960927515,6
2024-03-28 15:00:00,39,5.0,0.0,1.7067902903168073,6
2024-03-22 01:00:00,122,0.0,0.0,0.03728869694289269,6
2024-03-21 06:00:00,228,0.0,0.0,0.4824114085916212,6
2024-03-19 05:00:00,147,1.0,0.0,0.1847832070336329,6
2024-03-29 08:00:00,227,0.0,0.0,0.3954500956029665,6
2024-03-25 17:00:00,80,1.0,0.0,1.249748126270115,6
2024-03-20 02:00:00,117,0.0,0.0,0.03877983137073227,6
2024-03-18 00:00:00,130,4.0,4.0,1.1262116645774638,6
2024-03-26 03:00:00,153,0.0,0.0,0.026374458707194445,6
2024-03-19 15:00:00,44,0.0,0.0,0.005350968304658704,6
2024-03-30 22:00:00,205,0.0,1.0,0.2883073185713638,6
2024-03-29 09:00:00,188,4.0,1.0,2.3545725270722397,6
2024-03-19 20:00:00,97,2.0,6.0,2.3560804231234482,6
2024-03-28 15:00:00,64,0.0,0.0,0.11367401658525383,6
2024-03-26 07:00:00,184,0.0,0.0,0.04621013000202515,6
2024-03-31 02:00:00,124,0.0,0.0,0.06292215287592516,6
2024-03-18 14:00:00,14,2.0,1.0,0.6168045845825793,6
2024-03-20 17:00:00,187,0.0,0.0,0.009580785650936606,6
2024-03-27 03:00:00,26,0.0,0.0,0.052083888436226695,6
2024-03-27 07:00:00,249,64.0,58.0,65.9825826384013,6
2024-03-19 16:00:00,22,0.0,0.0,0.23433052359901385,6
2024-03-21 03:00:00,91,0.0,0.0,0.12967620669794327,6
2024-03-25 07:00:00,111,0.0,0.0,0.006312651818940575,6
2024-03-28 03:00:00,81,0.0,0.0,0.0684393682861849,6
2024-03-30 19:00:00,191,0.0,0.0,0.25620059992622346,6
2024-03-21 13:00:00,27,0.0,0.0,0.011277746773976482,6
2024-03-31 18:00:00,138,211.0,314.0,251.5609262322532,6
2024-03-28 22:00:00,230,284.0,490.0,366.33325559933206,6
2024-03-25 13:00:00,167,1.0,1.0,0.8322702178929893,6
2024-03-29 23:00:00,27,0.0,0.0,0.0102720948046987,6
2024-03-23 07:00:00,130,4.0,0.0,1.3947441028970073,6
2024-03-31 01:00:00,206,0.0,0.0,0.004350455500391391,6
2024-03-24 14:00:00,85,0.0,0.0,0.5530655828681874,6
2024-03-22 08:00:00,121,1.0,1.0,1.0465661746601889,6
2024-03-26 23:00:00,142,100.0,182.0,163.85697343004307,6
2024-03-25 15:00:00,70,40.0,45.0,33.66678219733928,6
2024-03-28 13:00:00,67,1.0,0.0,0.2664813617967068,6
2024-03-31 15:00:00,142,219.0,195.0,198.295259573083,6
2024-03-28 13:00:00,42,7.0,4.0,11.129670390090354,6
2024-03-30 22:00:00,30,0.0,0.0,0.006856901778221223,6
2024-03-29 06:00:00,229,19.0,26.0,26.94155545309608,6
2024-03-29 22:00:00,37,0.0,0.0,1.1138312478644112,6
2024-03-25 14:00:00,144,47.0,42.0,49.16843191668451,6
2024-03-27 21:00:00,65,3.0,2.0,3.4039913006508993,6
2024-03-19 00:00:00,206,0.0,0.0,0.0046765036966079695,6
2024-03-31 22:00:00,48,114.0,114.0,116.73698238847818,6
2024-03-23 15:00:00,186,336.0,160.0,248.0676069674245,6
2024-03-24 21:00:00,219,1.0,0.0,0.6575867958931115,6
2024-03-28 13:00:00,133,1.0,2.0,0.5317899991247845,6
2024-03-18 12:00:00,16,0.0,0.0,0.12485727549279475,6
2024-03-31 11:00:00,219,0.0,0.0,0.636832173285295,6
2024-03-29 19:00:00,180,0.0,0.0,0.0846344711397667,6
2024-03-28 11:00:00,259,1.0,1.0,0.42826077305409016,6
2024-03-27 06:00:00,148,7.0,9.0,7.703280590352372,6
2024-03-24 12:00:00,261,62.0,37.0,37.2990606851027,6
2024-03-26 21:00:00,49,2.0,1.0,0.746515588438526,6
2024-03-18 15:00:00,97,0.0,1.0,2.650818075244131,6
2024-03-18 05:00:00,96,0.0,0.0,0.013018306173036195,6
2024-03-23 12:00:00,129,1.0,3.0,1.8698113419727507,6
2024-03-19 06:00:00,116,7.0,2.0,3.7434629493456097,6
2024-03-31 07:00:00,235,0.0,0.0,1.187187415322787,6
2024-03-23 07:00:00,36,2.0,0.0,0.4355160445237517,6
2024-03-26 17:00:00,173,0.0,0.0,0.14297895362975066,6
2024-03-27 08:00:00,183,0.0,0.0,0.17763958610142838,6
2024-03-21 17:00:00,41,23.0,34.0,25.824575911705242,6
2024-03-20 00:00:00,159,0.0,0.0,0.2185134505132654,6
2024-03-29 13:00:00,75,56.0,45.0,56.38447068055446,6
2024-03-22 02:00:00,7,0.0,1.0,0.7155288744944419,6
2024-03-24 16:00:00,70,26.0,40.0,30.318530778836916,6
2024-03-26 14:00:00,208,0.0,1.0,0.27693836487862666,6
2024-03-18 19:00:00,134,0.0,0.0,0.4795438269818343,6
2024-03-27 21:00:00,184,0.0,0.0,0.025943823614840652,6
2024-03-28 21:00:00,210,0.0,0.0,0.10060917041825636,6
2024-03-19 04:00:00,178,0.0,0.0,0.05922004963780992,6
2024-03-21 20:00:00,220,0.0,1.0,0.12367471852525884,6
2024-03-27 12:00:00,236,390.0,332.0,346.24886127203575,6
2024-03-30 12:00:00,7,4.0,4.0,4.813860821270385,6
2024-03-31 01:00:00,156,0.0,0.0,0.003811649293542299,6
2024-03-24 06:00:00,75,11.0,22.0,10.868868814241118,6
2024-03-18 05:00:00,192,0.0,0.0,0.10066935616307997,6
2024-03-19 11:00:00,180,0.0,0.0,0.23663703762422872,6
2024-03-30 13:00:00,76,5.0,0.0,2.5756993872998533,6
2024-03-22 18:00:00,264,34.0,29.0,22.71063404873139,6
2024-03-25 20:00:00,2,0.0,0.0,0.00613508503477326,6
2024-03-29 09:00:00,166,26.0,31.0,34.136369391742285,6
2024-03-18 13:00:00,72,0.0,2.0,1.350341168338389,6
2024-03-18 01:00:00,51,0.0,0.0,0.13763146165205337,6
2024-03-30 00:00:00,221,0.0,0.0,0.007340728640487717,6
2024-03-23 19:00:00,259,0.0,0.0,0.0969052019118885,6
2024-03-29 01:00:00,26,0.0,0.0,0.06704580245099691,6
2024-03-30 16:00:00,206,0.0,0.0,0.005970216839235983,6
2024-03-19 10:00:00,43,118.0,76.0,83.14440443917522,6
2024-03-29 06:00:00,257,0.0,1.0,0.3120774696026524,6
2024-03-28 07:00:00,151,73.0,68.0,70.14149869776625,6
2024-03-26 16:00:00,61,1.0,2.0,2.3597805200646986,6
2024-03-29 05:00:00,140,19.0,12.0,11.771930523114642,6
2024-03-19 21:00:00,260,1.0,1.0,0.8607713170700091,6
2024-03-23 10:00:00,173,1.0,0.0,0.1883128349508339,6
2024-03-19 18:00:00,124,0.0,0.0,0.16178045646351633,6
2024-03-22 04:00:00,214,0.0,0.0,0.006171161706698515,6
2024-03-27 19:00:00,136,0.0,0.0,0.08813676643804808,6
2024-03-26 09:00:00,162,263.0,274.0,197.33284004316505,6
2024-03-30 02:00:00,57,0.0,0.0,0.011424457580826742,6
2024-03-22 18:00:00,239,225.0,230.0,262.68192117126756,6
2024-03-29 04:00:00,55,1.0,0.0,0.3295991252739487,6
2024-03-28 16:00:00,227,0.0,0.0,0.30095107974303825,6
2024-03-29 20:00:00,32,0.0,0.0,0.06856144338106976,6
2024-03-27 07:00:00,198,0.0,1.0,0.7588361382351729,6
2024-03-29 01:00:00,265,3.0,8.0,1.7483428692501795,6
2024-03-30 07:00:00,10,5.0,3.0,1.377374209053465,6
2024-03-24 22:00:00,133,0.0,0.0,0.12191197097551915,6
2024-03-24 15:00:00,93,2.0,0.0,1.2976404690490269,6
2024-03-30 23:00:00,199,0.0,0.0,0.0048266924265792975,6
2024-03-26 18:00:00,263,136.0,106.0,138.62547514770486,6
2024-03-25 23:00:00,149,0.0,0.0,0.07204964158853402,6
2024-03-23 01:00:00,164,125.0,134.0,106.21543737222026,6
2024-03-31 13:00:00,233,80.0,80.0,69.58904401487877,6
2024-03-30 08:00:00,14,0.0,1.0,0.44860578977403254,6
2024-03-21 02:00:00,145,0.0,0.0,0.7306909744016963,6
2024-03-27 17:00:00,85,0.0,0.0,0.48359925313667335,6
2024-03-31 17:00:00,106,1.0,1.0,0.46918108463128416,6
2024-03-27 09:00:00,25,2.0,0.0,2.9292678677498314,6
2024-03-31 18:00:00,49,2.0,1.0,2.07693586788438,6
2024-03-28 21:00:00,159,1.0,1.0,0.34125627072646125,6
2024-03-25 16:00:00,163,176.0,234.0,205.24217768244185,6
2024-03-23 12:00:00,9,0.0,0.0,0.08920936483197775,6
2024-03-25 15:00:00,36,0.0,0.0,0.5743113894223224,6
2024-03-30 01:00:00,27,0.0,0.0,0.005843123530840416,6
2024-03-23 23:00:00,36,3.0,2.0,1.2821474478430233,6
2024-03-25 07:00:00,188,2.0,1.0,2.663619328277998,6
2024-03-18 19:00:00,256,2.0,2.0,1.5555907648751508,6
2024-03-19 12:00:00,8,0.0,0.0,0.01383220448230647,6
2024-03-30 06:00:00,77,0.0,0.0,0.31729423263782214,6
2024-03-28 18:00:00,9,0.0,0.0,0.09686477990441941,6
2024-03-30 10:00:00,149,0.0,0.0,0.13125584880345215,6
2024-03-27 01:00:00,94,0.0,0.0,0.03085724649186995,6
2024-03-24 18:00:00,6,0.0,0.0,0.06725427775214735,6
2024-03-25 10:00:00,99,0.0,0.0,0.0044715457625483755,6
2024-03-25 08:00:00,68,133.0,92.0,84.9116544093242,6
2024-03-25 10:00:00,263,111.0,90.0,103.38011251356296,6
2024-03-26 18:00:00,39,0.0,0.0,1.4912278778987547,6
2024-03-18 03:00:00,262,1.0,2.0,2.47190421711036,6
2024-03-25 21:00:00,228,0.0,0.0,0.551386352238231,6
2024-03-23 13:00:00,116,9.0,7.0,7.6410363632095475,6
2024-03-19 15:00:00,156,0.0,0.0,0.004718997147432089,6
2024-03-19 12:00:00,134,0.0,1.0,1.0250990874125736,6
2024-03-19 10:00:00,228,0.0,0.0,0.522657334528818,6
2024-03-23 10:00:00,75,33.0,37.0,43.01643963987069,6
2024-03-19 15:00:00,208,0.0,1.0,0.2803534822882377,6
2024-03-21 11:00:00,2,0.0,0.0,0.007030166586733698,6
2024-03-20 00:00:00,19,0.0,0.0,0.09286745059823202,6
2024-03-25 18:00:00,26,0.0,0.0,0.42434745810146157,6
2024-03-18 09:00:00,151,46.0,64.0,52.961975610420666,6
2024-03-25 13:00:00,30,0.0,0.0,0.006393994408117432,6
2024-03-23 14:00:00,141,200.0,188.0,186.86079003792943,6
2024-03-25 19:00:00,15,0.0,0.0,0.06298895789210045,6
2024-03-29 01:00:00,158,46.0,39.0,32.44362526449308,6
2024-03-27 02:00:00,216,0.0,0.0,0.3190797678812167,6
2024-03-29 02:00:00,162,23.0,12.0,14.37734216642607,6
2024-03-27 08:00:00,229,130.0,135.0,138.42065075881698,6
2024-03-23 21:00:00,128,0.0,0.0,0.04902883391278894,6
2024-03-28 02:00:00,245,0.0,0.0,0.004126754068639327,6
2024-03-27 20:00:00,15,0.0,0.0,0.05571305233770227,6
2024-03-18 18:00:00,226,8.0,11.0,4.766204342089079,6
2024-03-22 03:00:00,185,0.0,0.0,0.025180005120895015,6
2024-03-30 13:00:00,117,1.0,0.0,0.4044644091450077,6
2024-03-31 02:00:00,178,0.0,0.0,0.023207234348761884,6
2024-03-26 20:00:00,170,275.0,236.0,203.91948385582884,6
2024-03-30 18:00:00,202,0.0,1.0,0.23437241984707397,6
2024-03-20 00:00:00,82,0.0,2.0,0.6100002961894826,6
2024-03-23 07:00:00,252,0.0,0.0,0.09822644099932087,6
2024-03-20 21:00:00,54,0.0,0.0,0.10644558261886022,6
2024-03-30 04:00:00,49,2.0,0.0,0.892312706312512,6
2024-03-21 05:00:00,254,0.0,2.0,0.8448028663426962,6
2024-03-30 22:00:00,42,9.0,6.0,7.6697946147866585,6
2024-03-27 23:00:00,172,0.0,0.0,0.0070111174203648695,6
2024-03-30 02:00:00,190,0.0,0.0,0.03164954503727048,6
2024-03-20 20:00:00,91,0.0,0.0,0.2791089983766795,6
2024-03-29 15:00:00,81,0.0,1.0,0.2323924131462986,6
2024-03-28 05:00:00,90,12.0,12.0,9.38978118751622,6
2024-03-26 18:00:00,86,0.0,0.0,0.17980009646755224,6
2024-03-21 17:00:00,33,5.0,9.0,5.2465618490387955,6
2024-03-29 10:00:00,7,2.0,3.0,3.397824160134303,6
2024-03-21 19:00:00,146,1.0,1.0,2.8996582283561683,6
2024-03-25 14:00:00,81,1.0,0.0,0.2912547168857723,6
2024-03-18 19:00:00,169,0.0,0.0,0.23513033277173,6
2024-03-20 19:00:00,192,0.0,0.0,0.08460323351795548,6
2024-03-27 03:00:00,215,1.0,1.0,0.18282135905132793,6
2024-03-28 13:00:00,163,130.0,231.0,209.9025783825986,6
2024-03-18 05:00:00,8,0.0,0.0,0.010920850420815463,6
2024-03-23 18:00:00,175,0.0,0.0,0.12060031841227557,6
2024-03-30 18:00:00,205,1.0,0.0,0.5144353009933628,6
2024-03-21 14:00:00,150,0.0,0.0,0.20632041658847258,6
2024-03-31 21:00:00,42,10.0,10.0,5.945814843717554,6
2024-03-28 13:00:00,44,0.0,0.0,0.004492641515293769,6
2024-03-20 03:00:00,170,1.0,3.0,5.5095278423115035,6
2024-03-27 01:00:00,43,2.0,3.0,4.459650601622704,6
2024-03-28 19:00:00,38,0.0,0.0,0.089669580119942,6
2024-03-24 09:00:00,142,99.0,143.0,96.62385606331907,6
2024-03-21 22:00:00,20,0.0,0.0,0.07632458742279442,6
2024-03-27 22:00:00,63,0.0,0.0,0.13203043901825381,6
2024-03-22 08:00:00,261,9.0,22.0,17.242278170491957,6
2024-03-25 22:00:00,53,0.0,0.0,0.06681566607411055,6
2024-03-22 20:00:00,207,0.0,0.0,0.060304072765753176,6
2024-03-24 23:00:00,185,0.0,0.0,0.08855990859410201,6
2024-03-23 15:00:00,46,0.0,0.0,0.026805355019516714,6
2024-03-28 18:00:00,196,0.0,0.0,0.43829852167907096,6
2024-03-25 06:00:00,215,3.0,4.0,1.6608879539845744,6
2024-03-19 12:00:00,61,1.0,4.0,3.158717032890181,6
2024-03-18 01:00:00,80,0.0,0.0,0.6885728232580421,6
2024-03-30 07:00:00,76,6.0,0.0,1.3397181681732082,6
2024-03-19 09:00:00,57,0.0,0.0,0.013364492585085857,6
2024-03-28 18:00:00,144,114.0,78.0,96.4293160004798,6
2024-03-28 01:00:00,261,0.0,1.0,4.308035307579196,6
2024-03-25 22:00:00,142,117.0,135.0,169.09327262893362,6
2024-03-20 19:00:00,89,3.0,1.0,1.4484448037286115,6
2024-03-29 01:00:00,238,5.0,6.0,9.327917176427881,6
2024-03-25 23:00:00,158,22.0,25.0,27.725631853511768,6
2024-03-24 20:00:00,22,1.0,0.0,0.08075623966148772,6
2024-03-20 19:00:00,130,1.0,0.0,1.2389603062119674,6
2024-03-19 01:00:00,86,0.0,0.0,0.08802481286791133,6
2024-03-20 20:00:00,228,0.0,0.0,0.39120384819483783,6
2024-03-21 14:00:00,11,0.0,0.0,0.1968185789987102,6
2024-03-24 04:00:00,18,1.0,0.0,0.2088267324021505,6
2024-03-29 01:00:00,207,0.0,0.0,0.02983380267229649,6
2024-03-29 19:00:00,114,141.0,95.0,105.3463950200418,6
2024-03-29 10:00:00,111,0.0,0.0,0.00847539345514555,6
2024-03-25 02:00:00,28,0.0,0.0,0.17143402078164732,6
2024-03-28 19:00:00,39,0.0,1.0,1.3156794232604738,6
2024-03-19 23:00:00,181,4.0,1.0,3.1067789881681724,6
2024-03-20 06:00:00,97,2.0,2.0,1.3537803222593263,6
2024-03-31 10:00:00,191,0.0,1.0,0.7282197886064035,6
2024-03-27 11:00:00,145,14.0,4.0,6.6926666274114135,6
2024-03-26 02:00:00,154,2.0,0.0,0.021778177629673226,6
2024-03-28 03:00:00,7,0.0,0.0,0.6124869364240644,6
2024-03-25 20:00:00,128,0.0,0.0,0.04934264255217357,6
2024-03-26 02:00:00,179,0.0,1.0,0.23559465241988703,6
2024-03-25 04:00:00,144,1.0,0.0,4.300539301371206,6
2024-03-24 20:00:00,147,0.0,0.0,0.09113381904189935,6
2024-03-21 01:00:00,245,0.0,0.0,0.004542695984557268,6
2024-03-20 23:00:00,152,1.0,2.0,2.792059683293082,6
2024-03-22 13:00:00,216,1.0,1.0,2.2535683205066883,6
2024-03-23 06:00:00,53,0.0,0.0,0.05773540122656137,6
2024-03-18 05:00:00,72,2.0,3.0,1.097527227395482,6
2024-03-24 10:00:00,38,0.0,0.0,0.2366156760304316,6
2024-03-27 09:00:00,88,4.0,4.0,9.497962304827542,6
2024-03-19 16:00:00,133,0.0,0.0,0.2956867929591914,6
2024-03-28 01:00:00,87,1.0,3.0,6.5848396951246695,6
2024-03-28 23:00:00,212,0.0,0.0,0.11385707606833266,6
2024-03-27 17:00:00,189,0.0,1.0,0.9160184625323142,6
2024-03-27 06:00:00,244,2.0,1.0,3.2524382770571636,6
2024-03-31 08:00:00,151,29.0,23.0,32.04741729267678,6
2024-03-24 23:00:00,228,2.0,0.0,0.5910102762309045,6
2024-03-23 13:00:00,154,0.0,0.0,0.09446296287004165,6
2024-03-22 16:00:00,10,4.0,6.0,3.115236128108113,6
2024-03-19 08:00:00,48,140.0,149.0,112.41426407976608,6
2024-03-25 18:00:00,6,0.0,0.0,0.06366066343599085,6
2024-03-18 14:00:00,150,0.0,0.0,0.1768957463748971,6
2024-03-21 00:00:00,139,0.0,0.0,0.08052271222614768,6
2024-03-19 04:00:00,105,0.0,0.0,0.0036877337878246405,6
2024-03-25 00:00:00,183,0.0,0.0,0.040719009189179256,6
2024-03-25 14:00:00,92,1.0,0.0,0.4682294470315504,6
2024-03-23 21:00:00,68,159.0,237.0,158.86089254461484,6
2024-03-25 14:00:00,235,0.0,2.0,0.5118473742823654,6
2024-03-22 04:00:00,116,1.0,0.0,1.4831025266585636,6
2024-03-27 12:00:00,119,0.0,3.0,0.8127679886812436,6
2024-03-25 08:00:00,32,2.0,1.0,0.5040636886955888,6
2024-03-31 19:00:00,252,0.0,0.0,0.103742691756425,6
2024-03-25 08:00:00,145,2.0,4.0,4.958804761637798,6
2024-03-29 13:00:00,96,0.0,0.0,0.02245549198983481,6
2024-03-18 10:00:00,77,0.0,0.0,0.6137979403482694,6
2024-03-27 16:00:00,58,0.0,0.0,0.017538598762896835,6
2024-03-20 18:00:00,231,151.0,142.0,134.3413010274818,6
2024-03-31 02:00:00,221,0.0,0.0,0.004666492501810907,6
2024-03-30 13:00:00,99,0.0,0.0,0.004623152008369578,6
2024-03-29 15:00:00,112,0.0,2.0,1.347039381019296,6
2024-03-21 08:00:00,86,1.0,1.0,1.1813815334138564,6
2024-03-28 01:00:00,65,1.0,1.0,1.0484431293462546,6
2024-03-18 08:00:00,252,0.0,0.0,0.2054838534863879,6
2024-03-23 16:00:00,219,0.0,0.0,0.9095598552488493,6
2024-03-19 23:00:00,175,0.0,0.0,0.10425870784120059,6
2024-03-31 10:00:00,239,176.0,187.0,177.3937756231107,6
2024-03-23 17:00:00,111,0.0,0.0,0.00898294649958789,6
2024-03-27 19:00:00,82,0.0,1.0,0.8951577386683882,6
2024-03-18 15:00:00,108,0.0,1.0,0.21871526217050935,6
2024-03-27 02:00:00,76,0.0,0.0,0.3088449115530277,6
2024-03-19 11:00:00,187,0.0,0.0,0.00798588071788491,6
2024-03-28 22:00:00,58,0.0,0.0,0.01458515043068249,6
2024-03-29 22:00:00,265,8.0,4.0,3.6423988281559985,6
2024-03-19 22:00:00,65,2.0,2.0,2.2936823607377277,6
2024-03-24 08:00:00,197,2.0,3.0,1.0299616203250814,6
2024-03-20 21:00:00,131,0.0,0.0,0.08022994071579137,6
2024-03-20 21:00:00,62,0.0,1.0,0.3048487550593968,6
2024-03-29 04:00:00,255,1.0,0.0,0.7194462338644928,6
2024-03-28 02:00:00,214,0.0,0.0,0.004769050329566259,6
2024-03-26 21:00:00,2,0.0,0.0,0.006148952747792389,6
2024-03-26 18:00:00,252,0.0,0.0,0.14916627573047936,6
2024-03-31 20:00:00,265,5.0,2.0,3.1604686173571173,6
2024-03-25 08:00:00,225,8.0,1.0,2.24095584887817,6
2024-03-25 09:00:00,114,19.0,22.0,21.843294033468805,6
2024-03-23 22:00:00,14,0.0,0.0,0.49295642366362813,6
2024-03-19 03:00:00,57,0.0,0.0,0.008487802236523019,6
2024-03-28 01:00:00,53,0.0,0.0,0.031533069149278406,6
2024-03-29 17:00:00,151,90.0,66.0,73.24418008243134,6
2024-03-25 01:00:00,233,9.0,1.0,6.611431156997669,6
2024-03-24 00:00:00,257,0.0,1.0,0.11300569229415476,6
2024-03-26 23:00:00,176,0.0,0.0,0.004181408199006705,6
2024-03-29 05:00:00,246,5.0,5.0,5.777191257744383,6
2024-03-19 01:00:00,130,1.0,1.0,0.5024771903076123,6
2024-03-20 04:00:00,76,2.0,0.0,0.8377649863872988,6
2024-03-30 07:00:00,245,0.0,0.0,0.006067443487882544,6
2024-03-18 06:00:00,161,40.0,22.0,34.640969527605485,6
2024-03-28 20:00:00,32,0.0,0.0,0.07179003096898681,6
2024-03-18 00:00:00,228,0.0,0.0,0.3745857374155006,6
2024-03-23 12:00:00,197,1.0,3.0,1.4158934016280493,6
2024-03-29 22:00:00,214,0.0,0.0,0.009316432671015028,6
2024-03-26 05:00:00,226,2.0,1.0,1.344309960170899,6
2024-03-18 13:00:00,202,1.0,1.0,0.4424734534277058,6
2024-03-27 10:00:00,39,2.0,3.0,1.9739042125473238,6
2024-03-23 22:00:00,231,103.0,145.0,87.6520261309968,6
2024-03-18 15:00:00,39,1.0,1.0,1.23023627168557,6
2024-03-21 13:00:00,51,0.0,2.0,0.9158710336233549,6
2024-03-18 19:00:00,106,0.0,0.0,0.2815323211767197,6
2024-03-23 02:00:00,237,17.0,16.0,18.31154056175753,6
2024-03-25 03:00:00,185,0.0,0.0,0.022739817249366065,6
2024-03-28 20:00:00,117,0.0,0.0,0.07979655570504983,6
2024-03-28 05:00:00,199,0.0,0.0,0.004300552377387813,6
2024-03-31 10:00:00,39,2.0,1.0,1.8789305809706853,6
2024-03-24 00:00:00,235,0.0,0.0,0.17984786502342043,6
2024-03-21 07:00:00,102,0.0,0.0,0.43060165740454365,6
2024-03-28 03:00:00,196,0.0,0.0,0.09252354529904526,6
2024-03-30 12:00:00,117,0.0,0.0,0.4870805171798898,6
2024-03-31 17:00:00,43,135.0,128.0,158.46915105025872,6
2024-03-18 22:00:00,57,0.0,0.0,0.014836869158847838,6
2024-03-22 01:00:00,261,4.0,7.0,5.951151583069319,6
2024-03-25 20:00:00,86,0.0,0.0,0.08231907664241962,6
2024-03-18 23:00:00,129,1.0,3.0,1.6112334994792041,6
2024-03-29 03:00:00,131,0.0,0.0,0.06700662357984583,6
2024-03-30 09:00:00,195,0.0,1.0,1.3635968461192718,6
2024-03-28 07:00:00,219,1.0,2.0,1.186365168250233,6
2024-03-26 10:00:00,134,0.0,1.0,0.8571768661894869,6
2024-03-18 15:00:00,12,6.0,9.0,5.439440005748107,6
2024-03-18 04:00:00,215,0.0,2.0,0.5930856552247301,6
2024-03-18 23:00:00,224,3.0,2.0,3.397627913338813,6
2024-03-28 23:00:00,192,0.0,0.0,0.09163190432681928,6
2024-03-25 22:00:00,262,15.0,14.0,23.104675749865418,6
2024-03-18 20:00:00,259,0.0,0.0,0.06042144225690346,6
2024-03-23 03:00:00,46,0.0,0.0,0.011130953288048227,6
2024-03-19 04:00:00,24,0.0,4.0,0.963878455594521,6
2024-03-31 19:00:00,222,0.0,0.0,0.16943147901696032,6
2024-03-22 01:00:00,92,0.0,0.0,0.08097979064765178,6
2024-03-30 16:00:00,107,111.0,129.0,158.1822314629265,6
2024-03-23 14:00:00,17,0.0,0.0,1.3726889588170166,6
2024-03-18 18:00:00,198,1.0,0.0,0.2942831230318055,6
2024-03-19 03:00:00,203,2.0,0.0,0.04311947659428187,6
2024-03-23 14:00:00,186,272.0,195.0,238.71194826846607,6
2024-03-27 01:00:00,225,0.0,0.0,0.2758815861026861,6
2024-03-18 23:00:00,139,0.0,0.0,0.12443462002910802,6
2024-03-19 12:00:00,186,238.0,174.0,192.97851814415202,6
2024-03-19 08:00:00,251,0.0,0.0,0.006069744620260965,6
2024-03-24 11:00:00,239,218.0,195.0,214.9231473975499,6
2024-03-28 06:00:00,10,4.0,3.0,1.7966486508248776,6
2024-03-18 06:00:00,122,0.0,0.0,0.3222786001786114,6
2024-03-20 02:00:00,92,0.0,0.0,0.07150987452796487,6
2024-03-24 06:00:00,77,0.0,0.0,0.6230177844474949,6
2024-03-18 01:00:00,142,17.0,6.0,12.663901445125246,6
2024-03-21 20:00:00,226,2.0,3.0,3.5403800369626675,6
2024-03-27 21:00:00,155,1.0,1.0,0.13477352998658712,6
2024-03-23 23:00:00,8,0.0,0.0,0.013240822571508446,6
2024-03-21 18:00:00,17,0.0,2.0,1.3055430231161542,6
2024-03-24 13:00:00,239,243.0,237.0,254.31915320562814,6
2024-03-25 09:00:00,124,0.0,0.0,0.3588654753574007,6
2024-03-22 21:00:00,119,0.0,0.0,0.1305830810546816,6
2024-03-28 16:00:00,191,0.0,2.0,0.7953255468333711,6
2024-03-24 00:00:00,242,0.0,0.0,0.09546859620978729,6
2024-03-25 05:00:00,35,0.0,2.0,1.009908251746594,6
2024-03-30 10:00:00,140,84.0,98.0,103.9680476787783,6
2024-03-24 13:00:00,26,1.0,0.0,0.33165476497952223,6
2024-03-22 10:00:00,93,0.0,1.0,0.6418207560278989,6
2024-03-26 00:00:00,118,0.0,0.0,0.0071385185222168435,6
2024-03-20 02:00:00,120,0.0,0.0,0.00907841662438061,6
2024-03-29 18:00:00,99,0.0,0.0,0.004370294858468221,6
2024-03-27 19:00:00,121,0.0,0.0,0.19554093128771308,6
2024-03-26 08:00:00,252,0.0,0.0,0.25547228766481583,6
2024-03-24 09:00:00,85,0.0,0.0,0.8288095714137539,6
2024-03-27 02:00:00,94,0.0,0.0,0.0219061660134204,6
2024-03-19 05:00:00,198,0.0,1.0,0.3845393027716458,6
2024-03-31 14:00:00,202,0.0,0.0,0.34634703315990134,6
2024-03-21 21:00:00,12,2.0,0.0,0.8508013121276053,6
2024-03-22 08:00:00,65,1.0,5.0,3.757537845840535,6
2024-03-25 21:00:00,180,0.0,0.0,0.08530632668643615,6
2024-03-20 09:00:00,195,0.0,0.0,1.615045417344989,6
2024-03-29 00:00:00,216,1.0,0.0,0.877281399723101,6
2024-03-30 13:00:00,247,0.0,3.0,0.9865436565336274,6
2024-03-25 06:00:00,260,1.0,0.0,1.3381422201707553,6
2024-03-28 13:00:00,8,0.0,0.0,0.015604828758382833,6
2024-03-18 20:00:00,69,0.0,3.0,0.2444223831797652,6
2024-03-22 03:00:00,48,45.0,31.0,33.16032210638344,6
2024-03-19 21:00:00,176,0.0,0.0,0.004287736100204566,6
2024-03-22 21:00:00,88,14.0,28.0,17.55460584288206,6
2024-03-26 13:00:00,92,0.0,0.0,0.5237216837382039,6
2024-03-26 20:00:00,245,0.0,0.0,0.007540696365110199,6
2024-03-22 16:00:00,209,12.0,8.0,18.478966901487393,6
2024-03-28 11:00:00,157,2.0,0.0,0.5620593483002712,6
2024-03-18 18:00:00,265,7.0,9.0,3.7603995853527517,6
2024-03-18 00:00:00,66,0.0,0.0,0.9695364944732743,6
2024-03-29 09:00:00,42,4.0,4.0,11.086201706119898,6
2024-03-21 22:00:00,240,0.0,0.0,0.018155312993389065,6
2024-03-25 07:00:00,163,49.0,33.0,46.44444081285971,6
2024-03-21 21:00:00,34,0.0,0.0,0.09781162535245919,6
2024-03-19 18:00:00,141,152.0,164.0,188.16496662936552,6
2024-03-23 22:00:00,28,2.0,0.0,0.6508697017186824,6
2024-03-20 21:00:00,208,0.0,0.0,0.10797203892436678,6
2024-03-18 01:00:00,146,0.0,1.0,0.870781027101775,6
2024-03-25 16:00:00,10,4.0,4.0,3.383322330979596,6
2024-03-26 21:00:00,160,0.0,0.0,0.1230220014069541,6
2024-03-31 23:00:00,4,1.0,4.0,16.662992874875368,6
2024-03-27 01:00:00,10,1.0,1.0,0.36410476186018276,6
2024-03-29 12:00:00,10,2.0,2.0,2.0009279573968834,6
2024-03-24 05:00:00,115,0.0,0.0,0.005207321007049001,6
2024-03-24 09:00:00,105,0.0,0.0,0.004308266870204217,6
2024-03-28 16:00:00,8,0.0,0.0,0.01624097739499495,6
2024-03-20 06:00:00,246,5.0,2.0,8.07281276994414,6
2024-03-20 01:00:00,233,4.0,5.0,6.84047429935223,6
2024-03-23 03:00:00,178,0.0,0.0,0.028959545116573657,6
2024-03-28 21:00:00,229,166.0,189.0,122.63887693066768,6
2024-03-18 12:00:00,233,83.0,74.0,71.938919547415,6
2024-03-30 20:00:00,201,0.0,0.0,0.07661258550032393,6
2024-03-23 10:00:00,102,1.0,0.0,0.2689990502719296,6
2024-03-21 06:00:00,55,0.0,3.0,1.2862309980197155,6
2024-03-28 10:00:00,37,3.0,2.0,1.4192961993044027,6
2024-03-22 07:00:00,36,3.0,0.0,0.7483137161908077,6
2024-03-27 14:00:00,211,39.0,37.0,42.25386795028364,6
2024-03-27 16:00:00,70,16.0,30.0,31.85264993748158,6
2024-03-23 07:00:00,23,0.0,0.0,0.009603011832378404,6
2024-03-31 16:00:00,122,0.0,0.0,0.14980456889296584,6
2024-03-19 00:00:00,145,2.0,1.0,3.033295877504074,6
2024-03-23 05:00:00,211,5.0,5.0,3.7676509662634503,6
2024-03-25 17:00:00,169,0.0,2.0,0.4822562564120638,6
2024-03-29 23:00:00,168,0.0,3.0,2.065063634373207,6
2024-03-28 15:00:00,114,61.0,54.0,57.17062003536389,6
2024-03-21 23:00:00,201,0.0,0.0,0.07839770336944549,6
2024-03-22 14:00:00,196,0.0,0.0,0.7170556505881233,6
2024-03-24 00:00:00,265,5.0,7.0,4.384795737766135,6
2024-03-25 18:00:00,69,0.0,1.0,0.6029751212640121,6
2024-03-28 06:00:00,208,0.0,0.0,0.5827845273948594,6
2024-03-31 21:00:00,75,24.0,33.0,14.728220065298451,6
2024-03-26 00:00:00,258,0.0,0.0,0.06602334278978764,6
2024-03-30 17:00:00,36,0.0,0.0,0.6427076052996606,6
2024-03-21 02:00:00,64,0.0,0.0,0.022159021953160267,6
2024-03-30 16:00:00,54,0.0,0.0,0.15246893473143833,6
2024-03-19 14:00:00,102,0.0,0.0,0.20182922491754074,6
2024-03-29 08:00:00,201,1.0,1.0,0.3184847533683972,6
2024-03-23 03:00:00,96,0.0,0.0,0.01844886439767479,6
2024-03-24 09:00:00,223,3.0,4.0,1.759089662199537,6
2024-03-27 02:00:00,209,1.0,0.0,1.3347405956559042,6
2024-03-29 20:00:00,99,0.0,0.0,0.004410945605441291,6
2024-03-27 19:00:00,130,2.0,1.0,1.29688908558284,6
2024-03-23 01:00:00,76,0.0,0.0,0.5585011306931451,6
2024-03-21 10:00:00,88,12.0,10.0,10.286568390039418,6
2024-03-20 02:00:00,206,0.0,0.0,0.003247036919494762,6
2024-03-20 18:00:00,17,0.0,4.0,1.2567536306759663,6
2024-03-20 07:00:00,160,1.0,0.0,0.3674502449575815,6
2024-03-19 14:00:00,162,245.0,230.0,241.14671817289337,6
2024-03-23 17:00:00,158,86.0,102.0,95.76895782846934,6
2024-03-25 14:00:00,16,1.0,0.0,0.18011644851890257,6
2024-03-26 03:00:00,49,0.0,0.0,0.1838337266064596,6
2024-03-26 04:00:00,13,0.0,0.0,1.2224541178801465,6
2024-03-31 04:00:00,193,0.0,0.0,0.532187387438294,6
2024-03-25 13:00:00,225,0.0,4.0,1.707889231971938,6
2024-03-22 12:00:00,160,0.0,0.0,0.3971925382208507,6
2024-03-19 12:00:00,143,91.0,96.0,80.45960424032909,6
2024-03-19 23:00:00,244,3.0,2.0,1.9843200936686922,6
2024-03-25 08:00:00,217,0.0,2.0,0.5164009937286097,6
2024-03-31 22:00:00,95,2.0,2.0,1.1319604514046915,6
2024-03-29 21:00:00,57,0.0,0.0,0.01716841518532559,6
2024-03-29 13:00:00,156,0.0,0.0,0.004422727918258584,6
2024-03-31 20:00:00,218,2.0,1.0,0.20359862456286,6
2024-03-26 09:00:00,61,5.0,8.0,3.3183393369105034,6
2024-03-29 15:00:00,233,52.0,79.0,93.05913534341153,6
2024-03-21 20:00:00,152,10.0,1.0,3.5200982408522234,6
2024-03-26 10:00:00,37,4.0,1.0,1.332530695459125,6
2024-03-29 00:00:00,79,291.0,171.0,196.41590826111613,6
2024-03-20 11:00:00,143,82.0,85.0,83.42411538279079,6
2024-03-31 06:00:00,65,0.0,1.0,1.3412251191563629,6
2024-03-31 11:00:00,84,0.0,0.0,0.0062303853617414065,6
2024-03-21 19:00:00,33,4.0,23.0,4.622626403670897,6
2024-03-26 05:00:00,186,52.0,61.0,56.97362035612833,6
2024-03-25 06:00:00,31,0.0,0.0,0.06349159700784864,6
2024-03-23 22:00:00,70,21.0,23.0,20.63075803925136,6
2024-03-21 21:00:00,101,0.0,0.0,0.07549623724134914,6
2024-03-31 06:00:00,138,3.0,5.0,7.099758056627155,6
2024-03-30 09:00:00,47,1.0,2.0,0.5838147663240024,6
2024-03-24 02:00:00,49,0.0,2.0,0.3366764089100082,6
2024-03-22 01:00:00,78,0.0,0.0,0.06981910926570972,6
2024-03-29 22:00:00,129,1.0,1.0,1.6731937246665083,6
2024-03-22 04:00:00,2,0.0,0.0,0.008036825377626724,6
2024-03-24 10:00:00,229,106.0,119.0,84.09831196346732,6
2024-03-22 05:00:00,68,16.0,24.0,15.66919881504163,6
2024-03-22 12:00:00,191,2.0,2.0,0.9977974909048898,6
2024-03-27 17:00:00,88,51.0,52.0,32.8989782144812,6
2024-03-27 18:00:00,237,445.0,371.0,486.67700162151004,6
2024-03-23 07:00:00,25,0.0,7.0,1.701786176435812,6
2024-03-25 12:00:00,206,0.0,0.0,0.005196821490920287,6
2024-03-22 07:00:00,254,2.0,1.0,1.0327175715658414,6
2024-03-30 19:00:00,196,0.0,1.0,0.45890895258566217,6
2024-03-30 20:00:00,3,0.0,0.0,0.08424933168965103,6
2024-03-29 14:00:00,69,1.0,2.0,0.8318277633484473,6
2024-03-23 11:00:00,111,0.0,0.0,0.008484626381686247,6
2024-03-18 13:00:00,108,1.0,0.0,0.26864609259107564,6
2024-03-19 23:00:00,241,0.0,0.0,0.12595478811476668,6
2024-03-25 05:00:00,81,0.0,0.0,0.2390668433675205,6
2024-03-30 18:00:00,36,0.0,2.0,0.6319567876777649,6
2024-03-27 13:00:00,188,3.0,2.0,2.6056642061200317,6
2024-03-28 19:00:00,199,0.0,0.0,0.004321640871513676,6
2024-03-21 20:00:00,38,0.0,0.0,0.06146918346647864,6
2024-03-19 12:00:00,5,0.0,0.0,0.004535362393357859,6
2024-03-28 03:00:00,185,0.0,0.0,0.022961029907096246,6
2024-03-18 18:00:00,192,0.0,0.0,0.10600786679510152,6
2024-03-18 07:00:00,206,0.0,0.0,0.005351240020206051,6
2024-03-30 01:00:00,218,0.0,0.0,0.1163378678732191,6
2024-03-26 03:00:00,7,1.0,0.0,0.616326952620568,6
2024-03-23 04:00:00,188,0.0,0.0,0.7054988298980481,6
2024-03-31 21:00:00,174,0.0,0.0,0.0795974172796953,6
2024-03-30 18:00:00,83,0.0,0.0,0.4585803551183713,6
2024-03-24 15:00:00,54,0.0,0.0,0.1926989739289559,6
2024-03-31 22:00:00,261,15.0,9.0,10.60966569265212,6
2024-03-21 12:00:00,41,13.0,19.0,22.3367958847704,6
2024-03-18 02:00:00,63,0.0,0.0,0.05103417993404816,6
2024-03-20 01:00:00,67,0.0,0.0,0.027624645388458553,6
2024-03-29 19:00:00,46,0.0,0.0,0.02334192776276267,6
2024-03-21 02:00:00,77,0.0,0.0,0.03977326491213024,6
2024-03-24 10:00:00,87,11.0,29.0,16.513975758108135,6
2024-03-28 22:00:00,153,0.0,0.0,0.05778833335296152,6
2024-03-20 10:00:00,212,0.0,0.0,0.5078704620492218,6
2024-03-30 23:00:00,159,0.0,0.0,0.4871785128766653,6
2024-03-23 15:00:00,24,11.0,19.0,21.127484996259756,6
2024-03-31 15:00:00,227,0.0,0.0,0.1655171358832663,6
2024-03-27 19:00:00,92,0.0,0.0,0.2299570937190077,6
2024-03-23 14:00:00,116,11.0,3.0,7.328476691869999,6
2024-03-25 11:00:00,256,0.0,2.0,2.3633905241874604,6
2024-03-30 23:00:00,10,1.0,4.0,2.2050641401442257,6
2024-03-27 11:00:00,2,0.0,0.0,0.009660078035328468,6
2024-03-22 10:00:00,185,1.0,0.0,0.42031870140839034,6
2024-03-22 10:00:00,144,14.0,15.0,29.233945012225714,6
2024-03-22 03:00:00,93,0.0,0.0,0.16071436036756181,6
2024-03-29 09:00:00,257,0.0,1.0,0.29877361133749747,6
2024-03-26 08:00:00,233,82.0,81.0,77.56873324926539,6
2024-03-19 18:00:00,176,0.0,0.0,0.004348569033165062,6
2024-03-27 20:00:00,53,0.0,0.0,0.06474652971887651,6
2024-03-23 00:00:00,120,0.0,0.0,0.023441070554754792,6
2024-03-30 15:00:00,119,0.0,0.0,0.5729598595456974,6
2024-03-22 10:00:00,71,0.0,0.0,1.3470107820612283,6
2024-03-18 17:00:00,94,0.0,0.0,0.14270433203856048,6
2024-03-24 15:00:00,37,1.0,1.0,1.245333213007654,6
2024-03-28 14:00:00,95,1.0,2.0,1.393651821138942,6
2024-03-20 16:00:00,154,0.0,0.0,0.10577631466998588,6
2024-03-31 19:00:00,193,3.0,0.0,2.2245104804542235,6
2024-03-25 07:00:00,201,0.0,0.0,0.27894182203881845,6
2024-03-29 14:00:00,8,0.0,0.0,0.02043402797896819,6
2024-03-27 20:00:00,101,0.0,0.0,0.06833777474734183,6
2024-03-25 08:00:00,233,85.0,59.0,54.45585008633291,6
2024-03-31 15:00:00,175,0.0,0.0,0.10481004555729093,6
2024-03-30 09:00:00,221,0.0,0.0,0.0075624593938939015,6
2024-03-21 19:00:00,83,1.0,0.0,0.2220565261262617,6
2024-03-29 12:00:00,87,38.0,17.0,28.621617407962507,6
2024-03-31 07:00:00,241,0.0,1.0,0.4354469773991077,6
2024-03-31 16:00:00,37,0.0,0.0,1.2735876755553124,6
2024-03-31 22:00:00,19,1.0,0.0,0.11418264110975893,6
2024-03-22 19:00:00,89,1.0,0.0,1.5199027401601748,6
2024-03-24 14:00:00,154,0.0,0.0,0.0862963610593992,6
2024-03-28 04:00:00,137,6.0,7.0,6.171208765394985,6
2024-03-29 11:00:00,92,0.0,2.0,0.629154711474021,6
2024-03-25 17:00:00,70,40.0,19.0,29.48981080180705,6
2024-03-24 13:00:00,39,1.0,0.0,1.5946363370681809,6
2024-03-22 10:00:00,163,147.0,147.0,141.1931756825103,6
2024-03-27 21:00:00,208,0.0,0.0,0.09049545323327042,6
2024-03-28 17:00:00,184,0.0,0.0,0.01545234870348989,6
2024-03-29 16:00:00,260,1.0,7.0,1.58382012283156,6
2024-03-27 12:00:00,159,0.0,0.0,0.9912221274129226,6
2024-03-18 09:00:00,27,0.0,0.0,0.010374578056407485,6
2024-03-30 17:00:00,95,3.0,1.0,1.1611489076591541,6
2024-03-30 14:00:00,38,0.0,1.0,0.17533276590436053,6
2024-03-22 22:00:00,133,0.0,0.0,0.12025622879722878,6
2024-03-29 08:00:00,97,0.0,2.0,3.1429448564704634,6
2024-03-29 03:00:00,221,0.0,0.0,0.004829703026318366,6
2024-03-24 12:00:00,9,0.0,0.0,0.11033547573238593,6
2024-03-18 16:00:00,94,0.0,1.0,0.14133357427956209,6
2024-03-26 00:00:00,264,6.0,2.0,6.1892070443310345,6
2024-03-23 12:00:00,118,0.0,0.0,0.007791766185478907,6
2024-03-27 23:00:00,174,0.0,0.0,0.08848553726576211,6
2024-03-23 00:00:00,177,0.0,1.0,0.25517411299428483,6
2024-03-18 09:00:00,239,160.0,193.0,167.77979960934837,6
2024-03-28 10:00:00,57,0.0,0.0,0.021261629812252787,6
2024-03-30 04:00:00,2,0.0,0.0,0.0040677751914154755,6
2024-03-20 14:00:00,132,261.0,328.0,272.43771390104996,6
2024-03-18 05:00:00,215,0.0,0.0,0.8236785354076842,6
2024-03-28 03:00:00,42,1.0,0.0,0.9398855516468064,6
2024-03-23 10:00:00,199,0.0,0.0,0.004695302403195602,6
2024-03-30 04:00:00,256,14.0,6.0,3.4577694656104847,6
2024-03-22 10:00:00,219,2.0,1.0,0.8228690647228951,6
2024-03-21 23:00:00,66,1.0,1.0,2.519219885779114,6
2024-03-27 06:00:00,94,0.0,0.0,0.362496812287608,6
2024-03-22 01:00:00,94,0.0,0.0,0.03203138388607128,6
2024-03-24 19:00:00,158,63.0,51.0,50.47674208347055,6
2024-03-18 21:00:00,45,8.0,6.0,6.328779470219295,6
2024-03-25 02:00:00,96,0.0,0.0,0.012380839639403148,6
2024-03-28 03:00:00,175,0.0,0.0,0.03393109014116102,6
2024-03-29 19:00:00,118,0.0,0.0,0.007499432300004242,6
2024-03-19 07:00:00,12,0.0,0.0,1.0860119460928626,6
2024-03-23 03:00:00,248,0.0,0.0,0.11196158129128966,6
2024-03-31 01:00:00,141,46.0,61.0,48.10519407730231,6
2024-03-26 16:00:00,221,0.0,0.0,0.010095569256280483,6
2024-03-24 07:00:00,223,0.0,1.0,1.1844230794447117,6
2024-03-26 17:00:00,247,0.0,2.0,0.7971490461150008,6
2024-03-28 23:00:00,155,0.0,0.0,0.2736057299303256,6
2024-03-29 02:00:00,204,0.0,0.0,0.0032751928106462425,6
2024-03-22 02:00:00,113,33.0,10.0,22.029403052295326,6
2024-03-19 04:00:00,49,1.0,0.0,0.45301014863933003,6
2024-03-23 18:00:00,90,117.0,172.0,167.1920273700434,6
2024-03-22 04:00:00,33,1.0,1.0,0.6223937124318047,6
2024-03-27 12:00:00,31,0.0,0.0,0.02103969302942061,6
2024-03-23 06:00:00,232,2.0,4.0,2.328389177087064,6
2024-03-28 15:00:00,167,0.0,1.0,0.4999370990368206,6
2024-03-25 01:00:00,207,0.0,0.0,0.030089184698920413,6
2024-03-19 04:00:00,98,0.0,0.0,0.07021690628983576,6
2024-03-21 20:00:00,144,76.0,106.0,76.91247657584886,6
2024-03-18 18:00:00,257,0.0,2.0,0.10802682108248961,6
2024-03-21 11:00:00,226,7.0,3.0,5.127213333550342,6
2024-03-29 04:00:00,73,0.0,0.0,0.044798564973875854,6
2024-03-24 03:00:00,96,0.0,0.0,0.024133398438909315,6
2024-03-18 14:00:00,86,1.0,1.0,0.48182369232795824,6
2024-03-21 15:00:00,196,0.0,1.0,0.6541055139757178,6
2024-03-18 07:00:00,174,0.0,0.0,0.6145760408257667,6
2024-03-20 21:00:00,211,107.0,87.0,50.400915093808116,6
2024-03-27 01:00:00,235,0.0,0.0,0.11073344000486567,6
2024-03-24 00:00:00,254,0.0,0.0,0.1731253446804449,6
2024-03-24 01:00:00,93,3.0,0.0,0.4435808891525748,6
2024-03-23 02:00:00,261,7.0,5.0,7.739102048540258,6
2024-03-30 21:00:00,132,280.0,349.0,285.7573106007482,6
2024-03-28 22:00:00,105,0.0,0.0,0.004303939515698369,6
2024-03-26 20:00:00,264,29.0,21.0,17.95381165091998,6
2024-03-31 03:00:00,213,0.0,1.0,0.137111239257589,6
2024-03-28 08:00:00,248,1.0,0.0,0.6993256762498643,6
2024-03-29 03:00:00,192,0.0,0.0,0.032863817915919656,6
2024-03-26 02:00:00,129,1.0,0.0,0.5142781283273907,6
2024-03-23 05:00:00,142,9.0,14.0,8.698883797831083,6
2024-03-27 19:00:00,239,161.0,227.0,209.22343809341686,6
2024-03-24 11:00:00,257,0.0,0.0,0.17184628370759789,6
2024-03-20 11:00:00,34,0.0,0.0,0.24661698712735042,6
2024-03-27 18:00:00,87,89.0,65.0,56.592203018647275,6
2024-03-24 19:00:00,98,0.0,1.0,0.06936290122216142,6
2024-03-28 10:00:00,219,0.0,0.0,0.7807173702273335,6
2024-03-28 23:00:00,78,0.0,0.0,0.1576720442045085,6
2024-03-22 13:00:00,74,24.0,21.0,24.753628900375794,6
2024-03-18 07:00:00,222,1.0,1.0,0.9704981853580129,6
2024-03-30 13:00:00,29,0.0,0.0,0.4504788239488486,6
2024-03-29 23:00:00,217,0.0,1.0,0.28161801537236336,6
2024-03-27 20:00:00,21,0.0,0.0,0.08854138456776718,6
2024-03-18 04:00:00,49,2.0,0.0,0.42312313955711633,6
2024-03-26 00:00:00,235,0.0,1.0,0.11874993225003223,6
2024-03-20 05:00:00,113,1.0,4.0,3.6611569427889226,6
2024-03-22 01:00:00,215,0.0,0.0,0.23875149837081208,6
2024-03-25 20:00:00,174,2.0,0.0,0.07938529584513626,6
2024-03-31 04:00:00,248,0.0,0.0,0.2331489927187053,6
2024-03-24 13:00:00,210,0.0,1.0,0.3872307920261382,6
2024-03-29 06:00:00,47,2.0,0.0,0.7060133108573908,6
2024-03-19 07:00:00,168,4.0,1.0,1.6066817253852086,6
2024-03-24 03:00:00,194,0.0,0.0,0.10938869540952685,6
2024-03-18 00:00:00,109,0.0,0.0,0.00416378158975625,6
2024-03-28 04:00:00,119,0.0,1.0,0.21758118698917606,6
2024-03-24 23:00:00,56,0.0,0.0,0.3948199995422261,6
2024-03-26 02:00:00,238,1.0,2.0,3.0225637378715304,6
2024-03-21 20:00:00,42,13.0,15.0,7.253925459930137,6
2024-03-19 14:00:00,260,5.0,2.0,1.4599516891222686,6
2024-03-24 18:00:00,134,0.0,0.0,0.7416658809683097,6
2024-03-19 05:00:00,25,0.0,1.0,0.538926149888846,6
2024-03-31 22:00:00,41,10.0,5.0,9.276198996858986,6
2024-03-23 04:00:00,1,1.0,0.0,0.2645713677075505,6
2024-03-21 21:00:00,50,57.0,73.0,37.15657011993096,6
2024-03-18 21:00:00,101,0.0,0.0,0.06578773220821245,6
2024-03-23 10:00:00,67,0.0,0.0,0.11652306443996766,6
2024-03-26 02:00:00,32,0.0,0.0,0.022227481941102384,6
2024-03-30 14:00:00,91,0.0,0.0,0.6855158858496901,6
2024-03-23 20:00:00,255,10.0,12.0,6.255025356855543,6
2024-03-28 08:00:00,264,11.0,24.0,15.54197899884958,6
2024-03-30 17:00:00,182,0.0,0.0,0.5746268034591709,6
2024-03-19 07:00:00,144,7.0,8.0,11.401769848953434,6
2024-03-29 13:00:00,53,0.0,0.0,0.12280697437512639,6
2024-03-29 05:00:00,262,25.0,22.0,14.321385237630507,6
2024-03-26 11:00:00,169,0.0,2.0,0.6233994773852665,6
2024-03-27 20:00:00,163,333.0,360.0,254.01444470774516,6
2024-03-25 06:00:00,46,0.0,0.0,0.0181131375940152,6
2024-03-23 02:00:00,251,0.0,0.0,0.0037481575506698186,6
2024-03-18 09:00:00,60,1.0,0.0,0.36520703396854454,6
2024-03-31 21:00:00,94,0.0,0.0,0.04661855010337979,6
2024-03-24 20:00:00,125,29.0,27.0,19.30648720567002,6
2024-03-27 21:00:00,192,0.0,0.0,0.0680034218148155,6
2024-03-25 22:00:00,192,0.0,0.0,0.07401232823157743,6
2024-03-25 07:00:00,256,2.0,0.0,2.015469368846952,6
2024-03-27 22:00:00,205,0.0,0.0,0.31830413158225684,6
2024-03-26 23:00:00,204,0.0,0.0,0.004181408199006705,6
2024-03-31 10:00:00,264,15.0,14.0,12.717527953417868,6
2024-03-28 10:00:00,120,0.0,0.0,0.10662007246182727,6
2024-03-20 08:00:00,188,3.0,5.0,2.4917110609279645,6
2024-03-29 07:00:00,99,0.0,0.0,0.0044028722487884555,6
2024-03-24 09:00:00,56,0.0,0.0,0.6634976347913099,6
2024-03-28 07:00:00,195,1.0,0.0,1.8331797283900904,6
2024-03-27 10:00:00,48,119.0,115.0,108.64196882742955,6
2024-03-21 14:00:00,23,0.0,0.0,0.010324337780958792,6
2024-03-28 09:00:00,156,0.0,0.0,0.004327810726055391,6
2024-03-30 08:00:00,11,0.0,0.0,0.09405794268428072,6
2024-03-27 21:00:00,39,0.0,0.0,0.7048165240547744,6
2024-03-19 09:00:00,175,0.0,0.0,0.17129096994314608,6
2024-03-19 10:00:00,204,0.0,0.0,0.00447083459799521,6
2024-03-27 07:00:00,140,95.0,100.0,120.14260245339877,6
2024-03-29 17:00:00,55,0.0,0.0,0.4725557659565994,6
2024-03-18 23:00:00,214,0.0,0.0,0.010103523018353258,6
2024-03-23 18:00:00,59,0.0,0.0,0.00981374283599657,6
2024-03-20 12:00:00,92,0.0,3.0,0.6003238787343572,6
2024-03-30 19:00:00,167,0.0,0.0,0.28523731174931277,6
2024-03-21 03:00:00,117,0.0,0.0,0.05058636032948353,6
2024-03-28 12:00:00,155,0.0,3.0,0.8575094603147757,6
2024-03-26 20:00:00,58,0.0,0.0,0.014895391595652606,6
2024-03-28 05:00:00,4,4.0,5.0,1.9821019410513592,6
2024-03-28 11:00:00,164,162.0,164.0,122.29629032309158,6
2024-03-30 07:00:00,264,6.0,4.0,6.125188185549701,6
2024-03-23 01:00:00,238,10.0,10.0,14.554439038212442,6
2024-03-19 15:00:00,21,1.0,0.0,0.2849381337889137,6
2024-03-28 12:00:00,51,2.0,2.0,1.04109244631553,6
2024-03-29 02:00:00,189,0.0,0.0,0.1423368008658758,6
2024-03-23 14:00:00,221,0.0,0.0,0.00763502785657803,6
2024-03-26 19:00:00,18,0.0,0.0,0.13277515540995058,6
2024-03-20 22:00:00,165,0.0,0.0,0.30016963264641644,6
2024-03-20 09:00:00,167,0.0,0.0,1.065408511202676,6
2024-03-23 09:00:00,142,111.0,108.0,116.7802860786545,6
2024-03-31 21:00:00,8,0.0,1.0,0.010067893823152325,6
2024-03-22 12:00:00,100,95.0,84.0,88.52295420018969,6
2024-03-24 06:00:00,169,0.0,4.0,0.5455196443418111,6
2024-03-31 17:00:00,234,118.0,160.0,169.04185773498963,6
2024-03-29 03:00:00,152,0.0,0.0,0.8937030302379473,6
2024-03-27 14:00:00,6,0.0,0.0,0.11082877314315112,6
2024-03-29 14:00:00,20,0.0,0.0,0.2602515975850119,6
2024-03-29 03:00:00,236,1.0,3.0,3.946329187584384,6
2024-03-19 04:00:00,27,0.0,0.0,0.006103834158569323,6
2024-03-26 13:00:00,225,0.0,2.0,1.7293805199071628,6
2024-03-24 16:00:00,154,0.0,0.0,0.08394123056723764,6
2024-03-27 20:00:00,251,0.0,0.0,0.006047615707843993,6
2024-03-18 21:00:00,227,0.0,0.0,0.06614911417190546,6
2024-03-22 11:00:00,53,0.0,0.0,0.10779630150726663,6
2024-03-25 03:00:00,247,0.0,0.0,0.13928449139647395,6
2024-03-26 07:00:00,34,0.0,0.0,0.14868256824868578,6
2024-03-20 20:00:00,63,1.0,0.0,0.10942527086830098,6
2024-03-23 20:00:00,222,1.0,0.0,0.1278994045539708,6
2024-03-31 12:00:00,209,7.0,11.0,12.45691937102737,6
2024-03-30 07:00:00,17,1.0,1.0,1.1567483570508517,6
2024-03-24 01:00:00,158,211.0,184.0,176.06897263845724,6
2024-03-21 02:00:00,101,0.0,0.0,0.026927349948486928,6
2024-03-30 06:00:00,55,0.0,2.0,0.3482623814403267,6
2024-03-20 16:00:00,121,3.0,1.0,0.6370514918049694,6
2024-03-20 13:00:00,21,0.0,0.0,0.40854759070945373,6
2024-03-20 00:00:00,164,54.0,53.0,53.556053261680795,6
2024-03-29 22:00:00,243,1.0,1.0,1.7097055465977502,6
2024-03-23 08:00:00,23,0.0,0.0,0.010739139492589514,6
2024-03-19 23:00:00,13,7.0,2.0,11.46803005724242,6
2024-03-22 07:00:00,53,0.0,1.0,0.12821492019185945,6
2024-03-20 09:00:00,169,0.0,1.0,0.8590028141703424,6
2024-03-18 17:00:00,231,111.0,102.0,82.36567669961573,6
2024-03-20 22:00:00,203,1.0,0.0,0.10992022485386706,6
2024-03-26 06:00:00,117,2.0,2.0,0.9779891612419273,6
2024-03-19 11:00:00,262,110.0,104.0,92.32977323460474,6
2024-03-29 22:00:00,195,0.0,0.0,0.34728836136295876,6
2024-03-24 10:00:00,194,0.0,0.0,0.21535519008087772,6
2024-03-23 15:00:00,146,2.0,8.0,3.634336550138629,6
2024-03-24 06:00:00,178,0.0,0.0,0.09304281068395388,6
2024-03-21 19:00:00,232,9.0,13.0,11.72457982324788,6
2024-03-20 10:00:00,115,0.0,0.0,0.007674725172680073,6
2024-03-25 10:00:00,63,0.0,2.0,0.503623341712499,6
2024-03-25 12:00:00,120,0.0,0.0,0.06457127332760998,6
2024-03-26 05:00:00,214,0.0,0.0,0.009559624833817953,6
2024-03-28 00:00:00,98,0.0,1.0,0.05233464640617715,6
2024-03-28 15:00:00,11,0.0,0.0,0.16678860407467194,6
2024-03-27 12:00:00,250,0.0,0.0,0.4846555996097206,6
2024-03-30 10:00:00,196,1.0,1.0,0.5710566343832523,6
2024-03-31 21:00:00,225,3.0,0.0,0.6317019498366147,6
2024-03-23 10:00:00,2,0.0,0.0,0.012746306089739565,6
2024-03-19 00:00:00,47,0.0,0.0,0.08373752582194242,6
2024-03-22 03:00:00,223,0.0,0.0,0.40335191839843954,6
2024-03-23 00:00:00,168,0.0,0.0,1.2646722143421312,6
2024-03-24 10:00:00,165,0.0,0.0,0.5175933672832852,6
2024-03-18 04:00:00,236,4.0,4.0,4.5345336313064655,6
2024-03-22 08:00:00,141,162.0,170.0,162.59764614641676,6
2024-03-19 17:00:00,15,0.0,0.0,0.08080650617228956,6
2024-03-26 21:00:00,196,0.0,0.0,0.25819440087258366,6
2024-03-27 15:00:00,206,0.0,0.0,0.005408115366813645,6
2024-03-21 10:00:00,177,2.0,2.0,1.288654838970615,6
2024-03-26 16:00:00,66,3.0,2.0,2.902316144158671,6
2024-03-23 05:00:00,54,0.0,0.0,0.12142163000689714,6
2024-03-29 04:00:00,51,3.0,2.0,0.9877945036076661,6
2024-03-21 18:00:00,166,59.0,44.0,53.04540773960583,6
2024-03-25 16:00:00,260,2.0,0.0,1.4900896431366972,6
2024-03-29 22:00:00,202,0.0,1.0,0.20271206684786486,6
2024-03-29 03:00:00,137,9.0,5.0,8.097475824129722,6
2024-03-22 10:00:00,24,23.0,14.0,20.32380049475316,6
2024-03-22 21:00:00,195,0.0,0.0,0.30867916895449843,6
2024-03-28 16:00:00,195,0.0,0.0,0.49745710802661486,6
2024-03-20 05:00:00,264,4.0,0.0,2.1486718587173286,6
2024-03-27 17:00:00,261,63.0,47.0,59.693734653768956,6
2024-03-29 03:00:00,1,0.0,0.0,0.06888842426231864,6
2024-03-30 20:00:00,257,0.0,0.0,0.12038558073948354,6
2024-03-29 07:00:00,71,1.0,4.0,1.6971662499900317,6
2024-03-30 07:00:00,56,1.0,0.0,0.4993784696146684,6
2024-03-22 20:00:00,44,0.0,0.0,0.0049567431516674785,6
2024-03-27 10:00:00,117,0.0,1.0,0.7659601062772554,6
2024-03-23 01:00:00,160,0.0,0.0,0.10809336805017913,6
2024-03-21 06:00:00,222,2.0,2.0,1.064593377444383,6
2024-03-26 19:00:00,259,1.0,0.0,0.0658672453455847,6
2024-03-22 02:00:00,252,0.0,0.0,0.0332453327679817,6
2024-03-22 04:00:00,160,0.0,0.0,0.1477263564881972,6
2024-03-30 02:00:00,107,52.0,72.0,84.19577775369339,6
2024-03-25 01:00:00,124,0.0,0.0,0.06405118397469221,6
2024-03-19 12:00:00,243,2.0,2.0,2.2981748142481293,6
2024-03-30 14:00:00,150,0.0,0.0,0.12347922120344561,6
2024-03-24 06:00:00,252,0.0,0.0,0.17194761974130035,6
2024-03-21 08:00:00,245,0.0,0.0,0.007120078077770474,6
2024-03-29 13:00:00,255,3.0,1.0,2.0263226499005755,6
2024-03-30 01:00:00,205,0.0,0.0,0.14966755954349187,6
2024-03-21 04:00:00,196,0.0,0.0,0.22447064969919636,6
2024-03-21 08:00:00,99,0.0,0.0,0.004464797783560886,6
2024-03-24 06:00:00,6,0.0,0.0,0.08802095219355859,6
2024-03-19 07:00:00,234,42.0,36.0,48.37673458877105,6
2024-03-26 17:00:00,231,144.0,115.0,110.0797592009331,6
2024-03-27 04:00:00,6,0.0,0.0,0.058901979947720735,6
2024-03-22 09:00:00,244,3.0,2.0,6.871154223844256,6
2024-03-22 03:00:00,109,0.0,0.0,0.00377079295891525,6
2024-03-28 03:00:00,158,8.0,6.0,5.857345418187511,6
2024-03-24 06:00:00,189,1.0,0.0,0.4278120741799721,6
2024-03-29 22:00:00,41,28.0,11.0,15.974231716848308,6
2024-03-31 02:00:00,57,0.0,0.0,0.01934187210814963,6
2024-03-26 17:00:00,64,0.0,0.0,0.08065476276477188,6
2024-03-22 14:00:00,4,3.0,6.0,7.656274257589138,6
2024-03-26 21:00:00,177,0.0,0.0,0.35652038918876655,6
2024-03-28 10:00:00,163,162.0,150.0,158.5138228735383,6
2024-03-25 18:00:00,161,493.0,500.0,417.87691749618824,6
2024-03-31 18:00:00,166,33.0,30.0,31.547684109033575,6
2024-03-20 00:00:00,93,1.0,0.0,0.4874325471526033,6
2024-03-21 17:00:00,160,0.0,0.0,0.20698446815271265,6
2024-03-24 06:00:00,160,0.0,0.0,0.24367405615356144,6
2024-03-30 09:00:00,242,0.0,0.0,0.3121762047103222,6
2024-03-28 03:00:00,100,2.0,4.0,10.455309827989016,6
2024-03-26 19:00:00,258,0.0,0.0,0.12872630548452946,6
2024-03-18 22:00:00,225,0.0,3.0,0.8027791903982406,6
2024-03-19 01:00:00,123,0.0,0.0,0.09446222651920215,6
2024-03-28 20:00:00,105,0.0,0.0,0.004335313391222248,6
2024-03-29 02:00:00,210,0.0,0.0,0.04227619569814874,6
2024-03-26 15:00:00,36,0.0,1.0,0.4556988550105041,6
2024-03-25 21:00:00,78,0.0,0.0,0.10422657393648692,6
2024-03-25 14:00:00,67,0.0,0.0,0.20768282224501827,6
2024-03-21 23:00:00,65,2.0,3.0,3.163599728223693,6
2024-03-20 01:00:00,184,0.0,0.0,0.005813247429226751,6
2024-03-31 00:00:00,39,2.0,0.0,0.6731405984945837,6
2024-03-21 05:00:00,37,0.0,4.0,0.9463971722051231,6
2024-03-28 02:00:00,188,0.0,0.0,0.25437336216278017,6
2024-03-25 10:00:00,118,0.0,0.0,0.007718490730905434,6
2024-03-23 22:00:00,133,0.0,0.0,0.19313865649218626,6
2024-03-20 01:00:00,193,0.0,0.0,0.5951569539432754,6
2024-03-21 01:00:00,239,6.0,11.0,12.314196323294807,6
2024-03-21 03:00:00,232,0.0,2.0,1.663641794903532,6
2024-03-22 04:00:00,19,0.0,0.0,0.12373082520492565,6
2024-03-29 05:00:00,61,6.0,4.0,1.5574260087933225,6
2024-03-31 12:00:00,198,1.0,0.0,0.722617016603554,6
2024-03-25 13:00:00,177,1.0,2.0,1.1110450379951589,6
2024-03-23 12:00:00,58,0.0,0.0,0.01565033513993551,6
2024-03-24 21:00:00,235,1.0,0.0,0.1665907411473034,6
2024-03-20 22:00:00,4,16.0,7.0,8.119059129426253,6
2024-03-27 03:00:00,87,0.0,1.0,1.1823510379037128,6
2024-03-27 17:00:00,118,0.0,0.0,0.007807096277785331,6
2024-03-23 19:00:00,202,2.0,1.0,0.28041367279128804,6
2024-03-26 00:00:00,242,0.0,0.0,0.07109842781427445,6
2024-03-25 08:00:00,183,0.0,1.0,0.17232634957938345,6
2024-03-31 03:00:00,228,1.0,1.0,0.8228755782613462,6
2024-03-25 16:00:00,116,1.0,1.0,6.496823128168351,6
2024-03-26 11:00:00,175,0.0,0.0,0.14176713472736338,6
2024-03-22 04:00:00,52,0.0,0.0,0.37427266963030625,6
2024-03-22 17:00:00,254,1.0,0.0,0.6228707432666946,6
2024-03-19 02:00:00,240,0.0,0.0,0.009168706241247167,6
2024-03-30 12:00:00,230,163.0,247.0,202.96653949688638,6
2024-03-22 04:00:00,114,7.0,6.0,13.022108144892474,6
2024-03-24 23:00:00,24,2.0,2.0,6.050113610533574,6
2024-03-18 14:00:00,56,0.0,0.0,0.546385885519223,6
2024-03-31 23:00:00,190,0.0,0.0,0.11570152987784288,6
2024-03-27 19:00:00,61,4.0,1.0,2.491424667526867,6
2024-03-23 16:00:00,244,5.0,0.0,7.038956650663466,6
2024-03-27 23:00:00,26,0.0,0.0,0.17446906932329287,6
2024-03-27 11:00:00,236,331.0,340.0,348.1804739806478,6
2024-03-21 13:00:00,199,0.0,0.0,0.004492641515293769,6
2024-03-24 15:00:00,225,1.0,2.0,1.607048933020501,6
2024-03-21 11:00:00,75,44.0,50.0,51.00877798824278,6
2024-03-30 12:00:00,165,0.0,0.0,0.5448559018109759,6
2024-03-23 18:00:00,128,0.0,0.0,0.04443247341918317,6
2024-03-22 14:00:00,244,6.0,1.0,8.115444992037101,6
2024-03-21 05:00:00,96,0.0,0.0,0.052797909066980224,6
2024-03-28 14:00:00,39,0.0,3.0,1.7764515800804386,6
2024-03-19 17:00:00,26,1.0,0.0,0.3853276581898683,6
2024-03-28 01:00:00,239,10.0,6.0,12.762485071910909,6
2024-03-25 20:00:00,26,1.0,0.0,0.2471970961832423,6
2024-03-30 06:00:00,5,0.0,0.0,0.0037625684318062175,6
2024-03-29 11:00:00,84,0.0,0.0,0.004305949913613323,6
2024-03-22 07:00:00,123,0.0,1.0,0.4471417515880747,6
2024-03-18 20:00:00,136,0.0,0.0,0.06137908254560076,6
2024-03-31 01:00:00,12,0.0,0.0,0.8788310331679532,6
2024-03-24 04:00:00,173,1.0,2.0,0.09030398619449327,6
2024-03-19 03:00:00,119,0.0,0.0,0.04584383417022187,6
2024-03-20 01:00:00,206,0.0,0.0,0.0037638117563803405,6
2024-03-19 04:00:00,177,0.0,0.0,0.45760473494485765,6
2024-03-23 12:00:00,181,2.0,1.0,3.7993675911557037,6
2024-03-31 12:00:00,159,3.0,2.0,0.8677467575577685,6
2024-03-31 12:00:00,163,159.0,156.0,152.77698329393124,6
2024-03-23 04:00:00,79,137.0,140.0,90.93345424831854,6
2024-03-20 05:00:00,24,2.0,1.0,2.2207262662888168,6
2024-03-22 12:00:00,40,0.0,0.0,0.8900912102884944,6
2024-03-31 02:00:00,36,1.0,7.0,1.5623543334314054,6
2024-03-26 16:00:00,159,1.0,0.0,0.72019292514772,6
2024-03-19 16:00:00,13,58.0,55.0,52.69114594842197,6
2024-03-27 19:00:00,185,0.0,0.0,0.08593895800340448,6
2024-03-18 13:00:00,212,1.0,0.0,0.40612700392084133,6
2024-03-18 08:00:00,129,1.0,2.0,1.8057792753291224,6
2024-03-26 06:00:00,187,0.0,0.0,0.007279803052852573,6
2024-03-23 06:00:00,145,2.0,3.0,2.2860976907327206,6
2024-03-19 02:00:00,42,0.0,1.0,0.8398968831475948,6
2024-03-26 11:00:00,49,3.0,1.0,1.286965528908786,6
2024-03-20 07:00:00,246,28.0,25.0,25.62553584201425,6
2024-03-18 21:00:00,223,1.0,1.0,1.108048969731341,6
2024-03-18 14:00:00,105,0.0,0.0,0.004650835146044307,6
2024-03-31 17:00:00,116,4.0,2.0,6.56326509411818,6
2024-03-19 11:00:00,188,0.0,3.0,2.096552135820679,6
2024-03-29 03:00:00,22,0.0,0.0,0.03934860721183211,6
2024-03-20 00:00:00,186,63.0,56.0,78.7781901236165,6
2024-03-21 22:00:00,59,0.0,0.0,0.006915847674756749,6
2024-03-26 19:00:00,21,0.0,1.0,0.10892698801042928,6
2024-03-27 14:00:00,172,0.0,0.0,0.007204163753245956,6
2024-03-21 13:00:00,191,1.0,1.0,0.935598055098645,6
2024-03-31 11:00:00,244,6.0,5.0,4.690788204232804,6
2024-03-25 18:00:00,243,1.0,1.0,2.820218962597869,6
2024-03-28 08:00:00,3,2.0,0.0,0.4913923724767694,6
2024-03-23 11:00:00,185,0.0,0.0,0.22359541786625325,6
2024-03-19 08:00:00,57,0.0,0.0,0.015163834454472945,6
2024-03-31 13:00:00,159,3.0,0.0,0.8614555506960405,6
2024-03-19 21:00:00,92,0.0,0.0,0.20481834714174968,6
2024-03-20 22:00:00,87,42.0,69.0,34.45963078143898,6
2024-03-25 17:00:00,198,0.0,0.0,0.43593290879046087,6
2024-03-22 10:00:00,249,71.0,76.0,72.81186117909304,6
2024-03-18 19:00:00,254,1.0,1.0,0.2773289016669993,6
2024-03-25 11:00:00,57,0.0,0.0,0.016708658295545697,6
2024-03-19 01:00:00,191,0.0,0.0,0.0811126407085241,6
2024-03-25 19:00:00,203,1.0,0.0,0.11801851376087145,6
2024-03-25 03:00:00,161,2.0,12.0,5.803731484739835,6
2024-03-27 12:00:00,88,20.0,9.0,16.119803710793285,6
2024-03-29 11:00:00,29,2.0,0.0,0.5426488668414624,6
2024-03-30 00:00:00,161,71.0,97.0,119.02548989003935,6
2024-03-26 00:00:00,120,0.0,0.0,0.04227822110753918,6
2024-03-30 05:00:00,58,0.0,0.0,0.011908779138249354,6
2024-03-29 04:00:00,150,0.0,0.0,0.08439856269320926,6
2024-03-25 23:00:00,248,0.0,0.0,0.15987708911374793,6
2024-03-31 05:00:00,4,3.0,2.0,2.474252366741854,6
2024-03-22 18:00:00,102,0.0,0.0,0.1951627965553732,6
2024-03-22 21:00:00,25,5.0,4.0,2.549888252880107,6
2024-03-28 02:00:00,62,0.0,0.0,0.1585446414422096,6
2024-03-26 04:00:00,36,1.0,0.0,0.5590845038486665,6
2024-03-19 19:00:00,26,2.0,0.0,0.21136343804459615,6
2024-03-28 03:00:00,92,0.0,0.0,0.07995748273723342,6
2024-03-29 10:00:00,53,0.0,0.0,0.11973989444988774,6
2024-03-27 17:00:00,197,0.0,2.0,1.184442237751539,6
2024-03-24 02:00:00,35,0.0,0.0,0.23018072744704424,6
2024-03-20 16:00:00,214,0.0,0.0,0.012392895736095267,6
2024-03-31 13:00:00,35,1.0,2.0,1.5501854075325214,6
2024-03-29 16:00:00,96,0.0,0.0,0.022881743991065306,6
2024-03-30 13:00:00,30,0.0,0.0,0.006486370479206444,6
2024-03-29 16:00:00,25,2.0,5.0,3.6359447907659073,6
2024-03-29 16:00:00,249,116.0,103.0,113.81960501301037,6
2024-03-30 03:00:00,92,0.0,1.0,0.24337630910778282,6
2024-03-24 20:00:00,207,0.0,1.0,0.05588525890620674,6
2024-03-23 10:00:00,164,102.0,94.0,92.1001213794536,6
2024-03-23 23:00:00,123,0.0,0.0,0.12142088969971651,6
2024-03-18 23:00:00,198,0.0,0.0,0.27444530291555796,6
2024-03-18 22:00:00,173,0.0,0.0,0.06080033389513288,6
2024-03-22 08:00:00,187,0.0,0.0,0.007868582724151313,6
2024-03-27 21:00:00,61,1.0,2.0,1.366184576150966,6
2024-03-19 21:00:00,187,0.0,0.0,0.009338141935822162,6
2024-03-20 09:00:00,223,1.0,2.0,1.7773962492911684,6
2024-03-24 23:00:00,246,38.0,28.0,34.48551531698148,6
2024-03-20 05:00:00,129,0.0,0.0,0.7617571314954185,6
2024-03-29 22:00:00,10,1.0,1.0,1.8457872342425856,6
2024-03-31 13:00:00,62,1.0,1.0,1.2661804652645825,6
2024-03-21 05:00:00,213,0.0,2.0,0.8181921071063235,6
2024-03-31 11:00:00,1,2.0,0.0,0.5742095687607305,6
2024-03-29 03:00:00,101,0.0,0.0,0.031663866581997976,6
2024-03-21 10:00:00,30,0.0,0.0,0.013759997372494165,6
2024-03-20 11:00:00,83,0.0,0.0,0.3317347813987304,6
2024-03-25 09:00:00,216,0.0,0.0,1.7697548386353097,6
2024-03-26 02:00:00,141,3.0,8.0,6.782419699897388,6
2024-03-22 07:00:00,163,45.0,51.0,52.01506005208258,6
2024-03-27 13:00:00,155,1.0,0.0,0.7723479854985403,6
2024-03-25 11:00:00,86,0.0,1.0,0.7589556878522523,6
2024-03-31 10:00:00,163,124.0,130.0,99.84011200497702,6
2024-03-18 21:00:00,122,0.0,0.0,0.06616331126002745,6
2024-03-25 10:00:00,33,3.0,2.0,3.2380909120024643,6
2024-03-28 14:00:00,40,1.0,0.0,0.7959687063443328,6
2024-03-28 19:00:00,72,2.0,0.0,0.7402186088663171,6
2024-03-19 00:00:00,38,0.0,0.0,0.06384782370139888,6
2024-03-28 22:00:00,206,0.0,0.0,0.0054290677066263695,6
2024-03-24 23:00:00,28,1.0,1.0,0.6700428063382169,6
2024-03-27 03:00:00,34,0.0,0.0,0.03179925252145491,6
2024-03-30 18:00:00,63,0.0,0.0,0.16697510083440062,6
2024-03-24 04:00:00,262,4.0,11.0,5.404870760689512,6
2024-03-20 10:00:00,71,2.0,3.0,1.2962303465404623,6
2024-03-21 19:00:00,21,0.0,0.0,0.12606389205567187,6
2024-03-31 04:00:00,119,2.0,0.0,0.22178206583029925,6
2024-03-19 00:00:00,236,8.0,9.0,17.502066019097906,6
2024-03-20 06:00:00,188,5.0,5.0,2.31373735321441,6
2024-03-31 02:00:00,78,1.0,0.0,0.06890934830816256,6
2024-03-26 20:00:00,29,0.0,0.0,0.10862630481526929,6
2024-03-28 04:00:00,111,0.0,0.0,0.004984177633374166,6
2024-03-26 17:00:00,229,138.0,120.0,130.1658318819732,6
2024-03-27 03:00:00,219,0.0,0.0,0.17633580415647823,6
2024-03-24 20:00:00,128,2.0,0.0,0.05275893679829467,6
2024-03-28 06:00:00,151,32.0,33.0,24.83890384339505,6
2024-03-26 02:00:00,131,0.0,0.0,0.043317847992185174,6
2024-03-20 20:00:00,62,1.0,0.0,0.3687572151641429,6
2024-03-22 04:00:00,219,0.0,0.0,0.4333900151313526,6
2024-03-28 06:00:00,52,2.0,1.0,1.2419571821242992,6
2024-03-22 21:00:00,49,1.0,0.0,0.9361356655952151,6
2024-03-27 05:00:00,64,0.0,0.0,0.10125275494677902,6
2024-03-19 23:00:00,172,0.0,0.0,0.00742792428965643,6
2024-03-19 17:00:00,258,0.0,0.0,0.21543455210493612,6
2024-03-23 12:00:00,223,2.0,3.0,1.7662354351319058,6
2024-03-26 09:00:00,254,1.0,3.0,0.9447660767308662,6
2024-03-26 02:00:00,73,0.0,0.0,0.015509384875493701,6
2024-03-19 17:00:00,93,0.0,0.0,0.9463050029304444,6
2024-03-24 19:00:00,75,45.0,43.0,25.017533361223624,6
2024-03-31 19:00:00,30,0.0,0.0,0.0061332366583538135,6
2024-03-23 22:00:00,46,0.0,0.0,0.020783920922863505,6
2024-03-27 10:00:00,198,1.0,0.0,0.5892612085730647,6
2024-03-31 10:00:00,181,0.0,0.0,2.4058176581711757,6
2024-03-23 11:00:00,138,120.0,131.0,121.63795230781078,6
2024-03-29 05:00:00,253,0.0,0.0,0.02311608195135071,6
2024-03-28 04:00:00,229,6.0,10.0,6.48003174163321,6
2024-03-18 18:00:00,248,0.0,0.0,0.2162307850987785,6
2024-03-19 07:00:00,203,0.0,0.0,0.6847809127621354,6
2024-03-30 11:00:00,45,5.0,4.0,7.328522571154801,6
2024-03-28 05:00:00,147,0.0,0.0,0.22856070512433443,6
2024-03-30 09:00:00,203,0.0,0.0,0.2972533242937125,6
2024-03-19 13:00:00,181,0.0,0.0,1.9983843412677633,6
2024-03-29 06:00:00,220,0.0,1.0,0.36174844923531535,6
2024-03-26 15:00:00,21,1.0,1.0,0.36728939984702613,6
2024-03-19 06:00:00,220,0.0,0.0,0.2906458631981574,6
2024-03-31 22:00:00,15,0.0,0.0,0.07683269129839533,6
2024-03-31 16:00:00,204,0.0,0.0,0.004509227037673632,6
2024-03-31 19:00:00,171,0.0,0.0,0.08750620688758862,6
2024-03-22 21:00:00,105,0.0,0.0,0.004240725579624483,6
2024-03-28 05:00:00,123,0.0,0.0,0.372231003877025,6
2024-03-29 18:00:00,158,75.0,77.0,71.64201517599716,6
2024-03-29 06:00:00,38,2.0,2.0,0.6112769618694225,6
2024-03-29 19:00:00,141,244.0,292.0,193.44939912847607,6
2024-03-24 02:00:00,4,59.0,72.0,42.96504661264695,6
2024-03-21 14:00:00,25,4.0,1.0,2.891363303795407,6
2024-03-23 21:00:00,138,204.0,102.0,118.68753544432273,6
2024-03-29 15:00:00,209,13.0,21.0,15.780532276371304,6
2024-03-27 17:00:00,54,0.0,1.0,0.17059757790984856,6
2024-03-27 08:00:00,199,0.0,0.0,0.004317779529866226,6
2024-03-22 23:00:00,181,18.0,1.0,5.086360279784347,6
2024-03-29 06:00:00,60,0.0,2.0,0.4801759984921958,6
2024-03-24 05:00:00,57,0.0,0.0,0.011785998453582174,6
2024-03-28 13:00:00,216,3.0,3.0,2.1899486942475006,6
2024-03-22 17:00:00,193,12.0,6.0,5.0776077940315325,6
2024-03-22 15:00:00,202,1.0,0.0,0.4978310782382007,6
2024-03-19 18:00:00,77,2.0,0.0,0.23924153910016097,6
2024-03-21 02:00:00,244,0.0,0.0,0.6981649933544771,6
2024-03-22 20:00:00,200,1.0,0.0,0.07466079480359888,6
2024-03-27 04:00:00,189,0.0,1.0,0.3714897794471533,6
2024-03-31 03:00:00,257,1.0,0.0,0.06738817329671719,6
2024-03-20 12:00:00,254,1.0,1.0,0.9874305813184124,6
2024-03-23 01:00:00,6,0.0,0.0,0.013917051581321345,6
2024-03-25 05:00:00,13,1.0,5.0,1.8611838538372492,6
2024-03-18 06:00:00,171,0.0,0.0,0.2658604080691901,6
2024-03-30 07:00:00,1,0.0,0.0,0.2572546422978816,6
2024-03-20 03:00:00,25,0.0,0.0,0.3558623321496762,6
2024-03-20 09:00:00,105,0.0,0.0,0.004359387483786219,6
2024-03-21 22:00:00,70,35.0,38.0,28.03960566338033,6
2024-03-30 21:00:00,183,0.0,0.0,0.03950302053076822,6
2024-03-27 00:00:00,119,0.0,0.0,0.10461607339886236,6
2024-03-21 21:00:00,152,7.0,5.0,3.0024555772713617,6
2024-03-29 08:00:00,257,0.0,0.0,0.3649864809546101,6
2024-03-19 21:00:00,231,130.0,153.0,91.1195571843774,6
2024-03-25 00:00:00,127,0.0,0.0,0.22658510173053456,6
2024-03-30 07:00:00,210,0.0,0.0,0.32302494345042887,6
2024-03-26 17:00:00,10,1.0,2.0,2.7759787430465734,6
2024-03-21 07:00:00,253,0.0,0.0,0.13970627965851065,6
2024-03-19 17:00:00,241,0.0,0.0,0.255149608018537,6
2024-03-21 01:00:00,87,3.0,3.0,6.858328258865704,6
2024-03-23 08:00:00,204,0.0,0.0,0.0038950175133676637,6
2024-03-30 22:00:00,111,0.0,0.0,0.007789033390058423,6
2024-03-31 23:00:00,40,0.0,1.0,0.8969232750430925,6
2024-03-21 18:00:00,218,0.0,0.0,0.43079075967939245,6
2024-03-26 09:00:00,49,3.0,3.0,1.5541687753329516,6
2024-03-21 21:00:00,147,0.0,0.0,0.06813951941744857,6
2024-03-23 19:00:00,232,8.0,24.0,14.188707087549428,6
2024-03-22 02:00:00,138,1.0,1.0,4.615933592266799,6
2024-03-18 01:00:00,251,0.0,0.0,0.004145853002817775,6
2024-03-25 09:00:00,116,3.0,7.0,6.427962866544777,6
2024-03-20 13:00:00,171,0.0,1.0,0.20397116963953496,6
2024-03-25 02:00:00,205,0.0,1.0,0.06985023498007409,6
2024-03-27 19:00:00,138,219.0,237.0,239.71104490040742,6
2024-03-31 23:00:00,152,1.0,2.0,3.0907946365088654,6
2024-03-23 11:00:00,242,0.0,1.0,0.2795544047288819,6
2024-03-20 22:00:00,69,0.0,0.0,0.3194644597506396,6
2024-03-18 00:00:00,16,0.0,0.0,0.060314727933659315,6
2024-03-18 19:00:00,164,150.0,115.0,127.23390917259303,6
2024-03-18 18:00:00,27,0.0,0.0,0.009610646124271642,6
2024-03-21 16:00:00,22,0.0,0.0,0.38983248732127035,6
2024-03-18 22:00:00,125,25.0,16.0,17.344223944833367,6
2024-03-25 23:00:00,113,26.0,23.0,37.02164573674812,6
2024-03-23 03:00:00,240,0.0,0.0,0.01215494860458558,6
2024-03-25 14:00:00,78,0.0,1.0,0.5796884512236476,6
2024-03-20 16:00:00,106,0.0,0.0,0.40354098467914423,6
2024-03-26 10:00:00,74,10.0,15.0,15.24797699046579,6
2024-03-28 06:00:00,164,23.0,29.0,22.854602745038473,6
2024-03-24 17:00:00,47,0.0,0.0,0.36544752789806384,6
2024-03-21 07:00:00,113,43.0,49.0,47.83034782269674,6
2024-03-26 09:00:00,182,1.0,2.0,1.2026085143555152,6
2024-03-25 07:00:00,159,3.0,2.0,1.033963387296406,6
2024-03-21 15:00:00,99,0.0,0.0,0.004742596202387911,6
2024-03-30 13:00:00,50,36.0,53.0,51.41607480202196,6
2024-03-28 11:00:00,11,0.0,1.0,0.2942928844436532,6
2024-03-20 17:00:00,87,74.0,50.0,48.881196712486485,6
2024-03-20 03:00:00,232,2.0,1.0,0.9837181457348436,6
2024-03-23 04:00:00,229,17.0,16.0,15.007816711466033,6
2024-03-19 19:00:00,258,0.0,1.0,0.09488871711661992,6
2024-03-19 23:00:00,10,0.0,3.0,1.764980493369602,6
2024-03-23 16:00:00,31,0.0,0.0,0.049156347023682746,6
2024-03-28 03:00:00,99,0.0,0.0,0.003326950291508718,6
2024-03-30 16:00:00,250,0.0,0.0,0.30765387853928156,6
2024-03-22 01:00:00,248,0.0,0.0,0.05326968013334797,6
2024-03-18 10:00:00,180,0.0,0.0,0.23379105554096777,6
2024-03-18 11:00:00,199,0.0,0.0,0.0043632253709882645,6
2024-03-24 01:00:00,9,1.0,0.0,0.03641494555376339,6
2024-03-21 12:00:00,84,0.0,0.0,0.004575610213305264,6
2024-03-19 05:00:00,144,1.0,0.0,2.1736741263155523,6
2024-03-27 09:00:00,36,0.0,0.0,0.6214236680399778,6
2024-03-31 19:00:00,70,26.0,23.0,26.107136865295526,6
2024-03-27 17:00:00,142,317.0,253.0,262.6200080031763,6
2024-03-23 10:00:00,48,115.0,124.0,105.82681472347538,6
2024-03-30 10:00:00,139,0.0,0.0,0.2679462788541576,6
2024-03-29 17:00:00,134,2.0,1.0,0.7521254741930141,6
2024-03-30 04:00:00,48,110.0,84.0,64.40128708883817,6
2024-03-20 14:00:00,220,0.0,0.0,0.2982110604149336,6
2024-03-21 17:00:00,106,1.0,2.0,0.34569605217187455,6
2024-03-29 15:00:00,82,1.0,0.0,0.8775654142708712,6
2024-03-20 11:00:00,230,201.0,181.0,177.59733338202696,6
2024-03-19 22:00:00,5,0.0,0.0,0.004311105557906003,6
2024-03-31 12:00:00,151,67.0,74.0,65.92897625411845,6
2024-03-29 08:00:00,121,0.0,1.0,0.7813448685926024,6
2024-03-23 08:00:00,114,7.0,10.0,11.900784235148349,6
2024-03-24 18:00:00,184,0.0,0.0,0.04284509887388953,6
2024-03-23 05:00:00,55,1.0,0.0,0.2756266701935912,6
2024-03-28 18:00:00,48,208.0,184.0,212.55006031071835,6
2024-03-24 20:00:00,154,0.0,0.0,0.08720138009370812,6
2024-03-31 08:00:00,213,2.0,1.0,1.1629908748556157,6
2024-03-19 03:00:00,117,0.0,0.0,0.03867369407728523,6
2024-03-18 07:00:00,178,1.0,0.0,0.1377495715271916,6
2024-03-29 04:00:00,19,0.0,0.0,0.11948650631508467,6
2024-03-27 16:00:00,114,66.0,56.0,62.51875858576718,6
2024-03-31 02:00:00,60,0.0,0.0,0.03435829035742792,6
2024-03-24 09:00:00,204,0.0,0.0,0.004308266870204217,6
2024-03-24 05:00:00,33,1.0,1.0,0.6681888542399753,6
2024-03-20 23:00:00,211,31.0,36.0,48.944712699491404,6
2024-03-23 22:00:00,152,5.0,3.0,4.007250859644983,6
2024-03-26 22:00:00,218,0.0,0.0,0.31245599624281845,6
2024-03-19 13:00:00,239,202.0,176.0,189.46097000483527,6
2024-03-24 19:00:00,179,2.0,4.0,1.0347328176387047,6
2024-03-27 00:00:00,125,8.0,5.0,9.265088077317424,6
2024-03-30 19:00:00,119,0.0,0.0,0.24044509789141308,6
2024-03-19 03:00:00,120,0.0,0.0,0.010461909529962973,6
2024-03-26 21:00:00,37,0.0,0.0,0.6838021797964912,6
2024-03-21 22:00:00,101,0.0,0.0,0.07776490824607199,6
2024-03-18 04:00:00,24,2.0,1.0,1.031699272020667,6
2024-03-27 00:00:00,245,0.0,0.0,0.0074665009834701205,6
2024-03-25 02:00:00,211,1.0,4.0,4.826146669758467,6
2024-03-28 16:00:00,112,0.0,2.0,1.2312717129342152,6
2024-03-30 21:00:00,208,0.0,0.0,0.09662632374695025,6
2024-03-21 00:00:00,143,7.0,4.0,12.868100473499554,6
2024-03-25 18:00:00,61,1.0,1.0,2.7549184684660464,6
2024-03-19 13:00:00,224,19.0,5.0,7.7789305834522935,6
2024-03-29 05:00:00,229,14.0,18.0,12.188168879059404,6
2024-03-19 00:00:00,189,0.0,0.0,0.39624106509741663,6
2024-03-29 19:00:00,185,0.0,0.0,0.08611440093225436,6
2024-03-24 22:00:00,205,0.0,0.0,0.27701388963652557,6
2024-03-21 01:00:00,31,0.0,0.0,0.023551626801341288,6
2024-03-26 10:00:00,71,4.0,2.0,1.1960507063406534,6
2024-03-25 19:00:00,200,0.0,0.0,0.07486824830773318,6
2024-03-28 04:00:00,32,0.0,0.0,0.09172409730969124,6
2024-03-27 01:00:00,107,10.0,12.0,15.25405844003106,6
2024-03-31 05:00:00,98,0.0,0.0,0.09120455916119975,6
2024-03-27 23:00:00,187,0.0,0.0,0.008950451746035133,6
2024-03-23 13:00:00,51,1.0,1.0,0.8337454488035917,6
2024-03-26 03:00:00,243,0.0,0.0,0.18132945820155988,6
2024-03-21 09:00:00,63,0.0,1.0,0.6649773220567471,6
2024-03-21 20:00:00,85,0.0,1.0,0.1659992653101789,6
2024-03-22 13:00:00,9,1.0,0.0,0.15034251909248197,6
2024-03-19 21:00:00,113,137.0,167.0,107.93245785963907,6
2024-03-18 13:00:00,31,0.0,0.0,0.06647115067150862,6
2024-03-25 04:00:00,163,1.0,14.0,7.0797009485323805,6
2024-03-28 07:00:00,70,6.0,2.0,6.61888531700604,6
2024-03-21 02:00:00,253,0.0,0.0,0.015655786837897433,6
2024-03-31 15:00:00,35,1.0,1.0,1.2038982418206308,6
2024-03-25 18:00:00,214,0.0,0.0,0.009789607191779012,6
2024-03-26 14:00:00,172,0.0,0.0,0.007195202172003127,6
2024-03-26 07:00:00,150,0.0,1.0,0.15437762297860608,6
2024-03-27 11:00:00,144,22.0,19.0,33.51651346877523,6
2024-03-21 23:00:00,99,0.0,0.0,0.004326194347951698,6
2024-03-25 20:00:00,31,0.0,0.0,0.021029582426428165,6
2024-03-30 23:00:00,206,0.0,0.0,0.006004995626671994,6
2024-03-18 01:00:00,265,3.0,5.0,1.8619910601084444,6
2024-03-29 08:00:00,83,0.0,2.0,0.4346936177849918,6
2024-03-23 05:00:00,89,1.0,0.0,0.5445408884339642,6
2024-03-19 06:00:00,16,0.0,0.0,0.10385616083514454,6
2024-03-26 20:00:00,216,1.0,1.0,1.0081199850230826,6
2024-03-29 03:00:00,14,2.0,1.0,0.2916097690177638,6
2024-03-27 03:00:00,265,1.0,0.0,0.9255494916156333,6
2024-03-24 04:00:00,247,1.0,0.0,0.4020800776797669,6
2024-03-26 20:00:00,68,235.0,250.0,184.720018248034,6
2024-03-31 12:00:00,261,54.0,62.0,38.8134019491704,6
2024-03-21 01:00:00,50,5.0,5.0,7.585046792250114,6
2024-03-19 07:00:00,89,5.0,7.0,2.217197307926483,6
2024-03-24 17:00:00,222,1.0,0.0,0.32610715522220635,6
2024-03-29 16:00:00,170,172.0,213.0,211.161467539888,6
2024-03-27 02:00:00,222,0.0,0.0,0.09043315515517052,6
2024-03-26 17:00:00,44,0.0,0.0,0.004511985589328098,6
2024-03-21 18:00:00,196,0.0,1.0,0.3956918410741257,6
2024-03-18 21:00:00,16,0.0,0.0,0.06656914829774697,6
2024-03-25 16:00:00,21,0.0,1.0,0.28030410460649946,6
2024-03-21 07:00:00,67,0.0,0.0,0.4294358507006355,6
2024-03-18 21:00:00,159,0.0,0.0,0.2979157055700305,6
2024-03-19 08:00:00,52,3.0,5.0,2.7881448671529547,6
2024-03-28 16:00:00,48,172.0,125.0,144.9371397695123,6
2024-03-30 00:00:00,214,0.0,0.0,0.009876961634245209,6
2024-03-22 00:00:00,223,0.0,1.0,1.0313317904235006,6
2024-03-20 20:00:00,226,1.0,6.0,3.766210238923606,6
2024-03-21 14:00:00,108,2.0,1.0,0.3263506594931266,6
2024-03-26 12:00:00,265,5.0,10.0,3.1874892769446634,6
2024-03-28 05:00:00,181,1.0,0.0,0.6405437389703744,6
2024-03-28 20:00:00,106,1.0,1.0,0.3709365171087148,6
2024-03-29 09:00:00,92,1.0,0.0,0.6016585740322322,6
2024-03-31 07:00:00,89,0.0,1.0,1.7353452740359796,6
2024-03-29 00:00:00,44,0.0,0.0,0.004301711386184845,6
2024-03-26 16:00:00,179,2.0,1.0,1.5362161018342755,6
2024-03-30 18:00:00,219,1.0,0.0,0.7545622869552174,6
2024-03-22 16:00:00,57,0.0,0.0,0.016116929847704804,6
2024-03-26 00:00:00,262,2.0,4.0,7.168247236476281,6
2024-03-29 06:00:00,28,2.0,0.0,1.2742355787460509,6
2024-03-27 02:00:00,183,0.0,0.0,0.019707394780346846,6
2024-03-19 16:00:00,49,3.0,2.0,1.8820349981747744,6
2024-03-29 10:00:00,241,3.0,0.0,0.6443217363069598,6
2024-03-28 18:00:00,58,0.0,0.0,0.013677894787895033,6
2024-03-21 20:00:00,56,0.0,0.0,0.23540440476387012,6
2024-03-31 11:00:00,68,120.0,124.0,136.47172071438573,6
2024-03-30 04:00:00,192,0.0,0.0,0.06390337128220087,6
2024-03-26 15:00:00,188,1.0,1.0,2.3042450015882667,6
2024-03-29 11:00:00,143,102.0,83.0,87.09676009220293,6
2024-03-29 05:00:00,201,0.0,0.0,0.24058188312355971,6
2024-03-18 12:00:00,31,1.0,0.0,0.11784132503591856,6
2024-03-31 14:00:00,5,0.0,0.0,0.004610019767821819,6
2024-03-18 00:00:00,182,0.0,0.0,0.11661373009390935,6
2024-03-18 16:00:00,211,42.0,39.0,41.65731357119371,6
2024-03-31 13:00:00,151,65.0,80.0,67.83961339827273,6
2024-03-21 19:00:00,28,0.0,1.0,0.5589454111743101,6
2024-03-30 14:00:00,112,1.0,5.0,1.3454122286937167,6
2024-03-25 09:00:00,133,0.0,2.0,0.4233786325320797,6
2024-03-24 07:00:00,197,1.0,1.0,1.0026602070878035,6
2024-03-26 03:00:00,145,0.0,2.0,0.5590331593846745,6
2024-03-24 03:00:00,246,134.0,118.0,90.5497951933541,6
2024-03-26 14:00:00,247,1.0,0.0,0.869254929581986,6
2024-03-22 16:00:00,120,1.0,0.0,0.024645369790597914,6
2024-03-22 03:00:00,86,0.0,0.0,0.04803512856820942,6
2024-03-27 07:00:00,208,1.0,4.0,0.576893046068811,6
2024-03-27 12:00:00,52,0.0,0.0,1.347884831467868,6
2024-03-19 15:00:00,242,1.0,0.0,0.5914423883585663,6
2024-03-22 16:00:00,79,94.0,91.0,117.31289496545722,6
2024-03-19 05:00:00,106,0.0,0.0,0.26867500121041826,6
2024-03-26 18:00:00,7,6.0,4.0,3.1517917371063193,6
2024-03-23 05:00:00,12,0.0,0.0,0.28233501055257343,6
2024-03-21 21:00:00,225,0.0,0.0,0.7225456239707276,6
2024-03-18 03:00:00,181,0.0,0.0,0.43981753374767873,6
2024-03-18 18:00:00,16,0.0,0.0,0.10992902434140442,6
2024-03-31 03:00:00,161,8.0,9.0,11.577214804119357,6
2024-03-26 05:00:00,221,0.0,0.0,0.008550317060030848,6
2024-03-22 06:00:00,48,63.0,79.0,99.74139886965142,6
2024-03-27 03:00:00,182,0.0,0.0,0.08114345547443054,6
2024-03-31 17:00:00,35,1.0,0.0,1.0210816255774058,6
2024-03-19 18:00:00,265,1.0,3.0,3.524124633140333,6
2024-03-31 00:00:00,98,1.0,0.0,0.06556863871664784,6
2024-03-18 08:00:00,135,0.0,1.0,0.5148618943625077,6
2024-03-25 00:00:00,112,1.0,0.0,1.819668293430007,6
2024-03-31 01:00:00,52,0.0,2.0,0.30928462661272793,6
2024-03-31 17:00:00,107,89.0,90.0,113.37006109752919,6
2024-03-23 22:00:00,264,16.0,31.0,16.846779237713882,6
2024-03-31 21:00:00,22,1.0,0.0,0.06796377448425582,6
2024-03-18 10:00:00,153,0.0,0.0,0.10640498605059526,6
2024-03-29 05:00:00,175,2.0,0.0,0.1378785738749568,6
2024-03-21 01:00:00,258,0.0,0.0,0.037103886720111605,6
2024-03-27 19:00:00,30,0.0,0.0,0.0062912252093984735,6
2024-03-24 17:00:00,221,0.0,0.0,0.008046399206880377,6
2024-03-29 03:00:00,233,4.0,5.0,5.52531831762888,6
2024-03-28 11:00:00,79,61.0,66.0,67.84076373614927,6
2024-03-22 14:00:00,108,1.0,0.0,0.42461540027143285,6
2024-03-22 19:00:00,81,1.0,0.0,0.09563717826735355,6
2024-03-18 13:00:00,234,130.0,139.0,130.83018533625244,6
2024-03-26 20:00:00,157,1.0,0.0,0.44868967728604686,6
2024-03-18 10:00:00,253,0.0,0.0,0.014613940417037966,6
2024-03-18 07:00:00,66,1.0,2.0,1.5339910743305452,6
2024-03-20 12:00:00,93,1.0,0.0,0.7870943269573255,6
2024-03-24 04:00:00,135,0.0,0.0,0.09878355351111108,6
2024-03-24 02:00:00,137,32.0,54.0,38.025127082957326,6
2024-03-23 10:00:00,179,5.0,9.0,1.535404672255078,6
2024-03-24 04:00:00,165,0.0,0.0,0.18287576882722836,6
2024-03-26 00:00:00,137,18.0,10.0,18.60881112391039,6
2024-03-24 18:00:00,28,2.0,0.0,0.6877276333777403,6
2024-03-20 18:00:00,105,0.0,0.0,0.004396113998122382,6
2024-03-22 05:00:00,151,9.0,12.0,6.496913687367344,6
2024-03-31 12:00:00,71,1.0,4.0,1.187690866682147,6
2024-03-18 10:00:00,92,1.0,0.0,0.5305696864077576,6
2024-03-28 08:00:00,196,1.0,1.0,0.7418901795384442,6
2024-03-30 08:00:00,137,19.0,29.0,29.371527624910023,6
2024-03-18 11:00:00,148,16.0,12.0,15.588595306003649,6
2024-03-24 10:00:00,224,16.0,17.0,9.698273256665008,6
2024-03-29 13:00:00,59,0.0,0.0,0.006084032339343236,6
2024-03-30 23:00:00,65,4.0,3.0,5.926850998988084,6
2024-03-24 13:00:00,27,0.0,0.0,0.010423569324948567,6
2024-03-28 20:00:00,168,3.0,0.0,1.1600141445266359,6
2024-03-22 11:00:00,193,6.0,5.0,5.121124042708167,6
2024-03-21 03:00:00,60,0.0,0.0,0.02821760605167772,6
2024-03-28 08:00:00,41,46.0,38.0,30.88422076105507,6
2024-03-28 05:00:00,2,0.0,0.0,0.005194739260440053,6
2024-03-22 19:00:00,50,54.0,51.0,37.738132440095264,6
2024-03-31 05:00:00,182,0.0,1.0,0.6718719865965412,6
2024-03-22 07:00:00,5,0.0,0.0,0.0044028722487884555,6
2024-03-23 16:00:00,177,0.0,0.0,0.9035960338993194,6
2024-03-20 10:00:00,61,4.0,3.0,3.5160186069600345,6
2024-03-21 04:00:00,35,1.0,5.0,0.7084536122237678,6
2024-03-26 07:00:00,11,0.0,0.0,0.303809798458478,6
2024-03-22 16:00:00,172,0.0,0.0,0.008289717247244088,6
2024-03-25 04:00:00,7,3.0,0.0,0.9824419778800303,6
2024-03-29 07:00:00,31,0.0,0.0,0.0239593827489871,6
2024-03-22 22:00:00,195,0.0,1.0,0.41281164646400553,6
2024-03-23 20:00:00,124,0.0,0.0,0.1699029584948811,6
2024-03-23 01:00:00,168,1.0,1.0,0.7352398016950424,6
2024-03-22 14:00:00,170,222.0,250.0,246.6012698465913,6
2024-03-31 22:00:00,35,1.0,0.0,0.4605224280541879,6
2024-03-26 20:00:00,171,0.0,0.0,0.05219379605977195,6
2024-03-22 09:00:00,109,0.0,0.0,0.004312603213235728,6
2024-03-29 18:00:00,91,0.0,0.0,0.815526267130331,6
2024-03-25 23:00:00,225,0.0,0.0,0.8483984415089503,6
2024-03-22 16:00:00,22,0.0,3.0,0.334985505513454,6
2024-03-23 08:00:00,174,0.0,0.0,0.2601077459174917,6
2024-03-31 23:00:00,265,4.0,1.0,3.9715383341196264,6
2024-03-30 05:00:00,38,0.0,0.0,0.21295779970265064,6
2024-03-23 21:00:00,256,5.0,9.0,3.4697503234111693,6
2024-03-21 09:00:00,157,2.0,0.0,0.756045951213119,6
2024-03-18 07:00:00,172,0.0,0.0,0.006389652097595149,6
2024-03-20 02:00:00,263,9.0,9.0,9.165088931213436,6
2024-03-29 09:00:00,179,0.0,0.0,1.3825947846063855,6
2024-03-24 06:00:00,170,18.0,20.0,21.76177389270776,6
2024-03-20 00:00:00,144,19.0,26.0,19.617483880734095,6
2024-03-26 16:00:00,93,0.0,2.0,1.0539342923721924,6
2024-03-20 10:00:00,137,57.0,67.0,65.99562862782368,6
2024-03-26 05:00:00,37,0.0,1.0,0.9442031668403605,6
2024-03-29 17:00:00,95,6.0,0.0,1.2298109155000916,6
2024-03-18 21:00:00,203,0.0,0.0,0.08212297559504549,6
2024-03-24 16:00:00,33,6.0,4.0,4.133333182807609,6
2024-03-28 13:00:00,89,3.0,1.0,2.4117596197476936,6
2024-03-23 03:00:00,216,0.0,0.0,0.5154218036017487,6
2024-03-25 23:00:00,146,3.0,2.0,1.327225330311623,6
2024-03-19 17:00:00,102,0.0,0.0,0.14440742440795865,6
2024-03-29 04:00:00,242,1.0,0.0,0.18476930463401983,6
2024-03-26 21:00:00,201,0.0,0.0,0.04594093790837235,6
2024-03-27 10:00:00,107,117.0,100.0,108.93694528202468,6
2024-03-22 14:00:00,183,1.0,0.0,0.11476386279191005,6
2024-03-28 23:00:00,44,0.0,0.0,0.004326194347951698,6
2024-03-27 08:00:00,44,0.0,0.0,0.004317779529866226,6
2024-03-20 08:00:00,180,0.0,1.0,0.2882479540644692,6
2024-03-26 01:00:00,128,0.0,0.0,0.022779492205087543,6
2024-03-25 01:00:00,2,0.0,0.0,0.004724361065372326,6
2024-03-29 21:00:00,23,0.0,0.0,0.013310776795255514,6
2024-03-28 01:00:00,68,23.0,28.0,28.963061258767105,6
2024-03-28 01:00:00,260,0.0,0.0,0.4474602483049031,6
2024-03-30 02:00:00,251,0.0,0.0,0.003983805038307338,6
2024-03-30 14:00:00,66,7.0,3.0,4.285175928449892,6
2024-03-20 22:00:00,262,25.0,21.0,33.365196381701445,6
2024-03-28 20:00:00,132,302.0,350.0,280.15898176675483,6
2024-03-21 16:00:00,45,11.0,16.0,10.018222303170775,6
2024-03-21 12:00:00,206,0.0,0.0,0.005211261469301743,6
2024-03-20 02:00:00,40,0.0,0.0,0.09246619419984792,6
2024-03-28 02:00:00,249,22.0,22.0,29.661389389365535,6
2024-03-29 09:00:00,45,2.0,4.0,4.851795966420784,6
2024-03-22 11:00:00,237,322.0,297.0,337.00949146031456,6
2024-03-21 06:00:00,10,3.0,2.0,2.014087898574713,6
2024-03-23 13:00:00,16,0.0,0.0,0.10976068285341377,6
2024-03-31 22:00:00,245,0.0,0.0,0.009381828282664083,6
2024-03-21 00:00:00,149,0.0,0.0,0.045043270256955516,6
2024-03-22 11:00:00,94,0.0,0.0,0.3147819139094145,6
2024-03-30 10:00:00,127,0.0,1.0,0.7839786360915256,6
2024-03-23 18:00:00,233,80.0,111.0,125.41313282533537,6
2024-03-24 02:00:00,219,0.0,0.0,0.33380096989459124,6
2024-03-22 02:00:00,161,21.0,15.0,15.286057013403385,6
2024-03-19 05:00:00,262,24.0,18.0,15.373645060907611,6
2024-03-26 04:00:00,25,0.0,1.0,0.47748787214525823,6
2024-03-30 03:00:00,65,1.0,0.0,1.6614835835102042,6
2024-03-26 09:00:00,201,0.0,0.0,0.21921568646080306,6
2024-03-22 14:00:00,115,0.0,0.0,0.00616875839819052,6
2024-03-26 00:00:00,204,0.0,0.0,0.004076919499558489,6
2024-03-25 23:00:00,192,0.0,0.0,0.09836083582046266,6
2024-03-25 22:00:00,185,0.0,0.0,0.06285049519732294,6
2024-03-29 18:00:00,253,0.0,0.0,0.018931922072712104,6
2024-03-27 10:00:00,213,0.0,2.0,0.9935050962780223,6
2024-03-29 14:00:00,56,1.0,0.0,0.41986953870181387,6
2024-03-21 22:00:00,25,1.0,8.0,4.036086050123456,6
2024-03-25 03:00:00,214,0.0,0.0,0.005021929317302988,6
2024-03-18 00:00:00,230,36.0,38.0,69.76486227853235,6
2024-03-26 12:00:00,83,0.0,0.0,0.38551645487988323,6
2024-03-24 16:00:00,212,1.0,0.0,0.2055810450641393,6
2024-03-20 08:00:00,38,1.0,0.0,0.5013413188143018,6
2024-03-20 03:00:00,69,0.0,0.0,0.0767251220732788,6
2024-03-24 18:00:00,70,34.0,33.0,30.387601230026636,6
2024-03-21 16:00:00,141,168.0,156.0,165.99972116566678,6
2024-03-20 21:00:00,114,192.0,169.0,116.39768511941617,6
2024-03-30 02:00:00,234,42.0,59.0,60.723101163632684,6
2024-03-23 11:00:00,21,1.0,0.0,0.1445520020018811,6
2024-03-23 08:00:00,144,4.0,9.0,11.113164267180258,6
2024-03-29 15:00:00,65,9.0,5.0,5.0741356428064295,6
2024-03-19 02:00:00,183,0.0,0.0,0.02140844577913209,6
2024-03-30 18:00:00,223,2.0,2.0,1.835398366320242,6
2024-03-30 17:00:00,124,0.0,0.0,0.156673361466525,6
2024-03-30 01:00:00,193,1.0,0.0,0.46076869295597983,6
2024-03-22 20:00:00,98,0.0,0.0,0.06406121040194317,6
2024-03-29 01:00:00,142,36.0,24.0,25.993787194650597,6
2024-03-28 11:00:00,160,0.0,1.0,0.3967388885511907,6
2024-03-28 07:00:00,124,1.0,1.0,0.6117519003193785,6
2024-03-26 08:00:00,236,324.0,322.0,355.36150327720816,6
2024-03-23 01:00:00,196,0.0,0.0,0.1436528599592686,6
2024-03-29 09:00:00,18,1.0,0.0,0.6340479259528801,6
2024-03-29 13:00:00,207,0.0,0.0,0.6622727059666004,6
2024-03-26 04:00:00,226,1.0,3.0,1.0933159676033142,6
2024-03-26 08:00:00,133,0.0,0.0,0.5260253958730051,6
2024-03-27 21:00:00,106,1.0,1.0,0.36698224857692185,6
2024-03-23 01:00:00,115,0.0,0.0,0.004949023320002995,6
2024-03-28 23:00:00,61,1.0,0.0,1.6499890431164772,6
2024-03-29 19:00:00,63,2.0,0.0,0.13341127853538587,6
2024-03-23 18:00:00,158,49.0,103.0,89.03456870478999,6
2024-03-19 14:00:00,27,0.0,0.0,0.010123800133289044,6
2024-03-27 14:00:00,55,2.0,1.0,0.6780729676364797,6
2024-03-20 16:00:00,86,0.0,1.0,0.37598426900868476,6
2024-03-21 06:00:00,212,2.0,1.0,0.6311487737271645,6
2024-03-18 16:00:00,79,58.0,54.0,79.38290817561216,6
2024-03-19 13:00:00,67,0.0,1.0,0.2344836411258074,6
2024-03-23 20:00:00,206,0.0,0.0,0.00563980723984148,6
2024-03-20 04:00:00,126,0.0,0.0,0.1347670813248918,6
2024-03-21 18:00:00,119,0.0,0.0,0.333990770407737,6
2024-03-27 03:00:00,248,0.0,0.0,0.04963425023875023,6
2024-03-22 11:00:00,12,1.0,1.0,1.9721236244229443,6
2024-03-29 00:00:00,29,0.0,0.0,0.11976041643302025,6
2024-03-25 00:00:00,129,0.0,0.0,1.1746361879127565,6
2024-03-21 13:00:00,233,110.0,102.0,103.34599775093278,6
2024-03-23 23:00:00,13,18.0,20.0,15.776855959268367,6
2024-03-28 14:00:00,23,0.0,0.0,0.015162209079403854,6
2024-03-27 19:00:00,22,1.0,1.0,0.09520627824256539,6
2024-03-25 20:00:00,79,98.0,109.0,97.86487256290418,6
2024-03-26 17:00:00,91,0.0,0.0,0.854936928791836,6
2024-03-30 12:00:00,107,129.0,169.0,159.41822267593665,6
2024-03-26 16:00:00,231,105.0,91.0,86.09647875383882,6
2024-03-24 18:00:00,173,0.0,0.0,0.17861597146613337,6
2024-03-22 10:00:00,199,0.0,0.0,0.004467046114224272,6
2024-03-26 09:00:00,232,12.0,10.0,4.725605174857783,6
2024-03-21 22:00:00,38,0.0,0.0,0.0754413723368414,6
2024-03-26 21:00:00,139,0.0,0.0,0.07368989594124349,6
2024-03-22 13:00:00,88,18.0,13.0,18.799367272216873,6
2024-03-25 16:00:00,62,0.0,0.0,0.9394601789004713,6
2024-03-24 03:00:00,193,1.0,0.0,0.4280332327195395,6
2024-03-30 05:00:00,97,4.0,0.0,0.5408133301727687,6
2024-03-20 03:00:00,115,0.0,0.0,0.005103780700393149,6
2024-03-30 13:00:00,211,53.0,45.0,58.23025228166476,6
2024-03-23 13:00:00,37,1.0,2.0,1.4781074385923947,6
2024-03-24 18:00:00,34,0.0,0.0,0.18198272829921225,6
2024-03-24 02:00:00,187,0.0,0.0,0.004851956998995882,6
2024-03-20 20:00:00,22,1.0,0.0,0.05932120631538923,6
2024-03-22 18:00:00,257,0.0,0.0,0.15406515181676783,6
2024-03-27 12:00:00,248,0.0,0.0,0.553101143354091,6
2024-03-20 15:00:00,188,2.0,0.0,2.4937015947245635,6
2024-03-31 16:00:00,97,1.0,1.0,3.1664858946468213,6
2024-03-27 23:00:00,40,0.0,1.0,0.8474382690582789,6
2024-03-23 01:00:00,240,0.0,0.0,0.011462549742424043,6
2024-03-22 01:00:00,138,3.0,9.0,16.01341424911645,6
2024-03-25 20:00:00,111,0.0,0.0,0.009106911331090924,6
2024-03-27 13:00:00,42,4.0,6.0,9.001458189738692,6
2024-03-20 05:00:00,248,0.0,0.0,0.5293116763619319,6
2024-03-28 06:00:00,87,14.0,21.0,5.61605560145793,6
2024-03-22 03:00:00,74,1.0,2.0,1.7856240247439294,6
2024-03-26 01:00:00,72,0.0,0.0,0.18262291848130174,6
2024-03-23 00:00:00,99,0.0,0.0,0.0044167169274277685,6
2024-03-21 03:00:00,20,0.0,0.0,0.036517156134852166,6
2024-03-27 10:00:00,180,0.0,0.0,0.26065479960527116,6
2024-03-26 20:00:00,13,60.0,69.0,42.27524885676734,6
2024-03-29 13:00:00,93,2.0,2.0,0.7758104901747491,6
2024-03-30 17:00:00,69,0.0,0.0,0.6429056754178933,6
2024-03-23 11:00:00,197,1.0,1.0,1.1435372512953625,6
2024-03-28 15:00:00,13,51.0,47.0,63.73508183638101,6
2024-03-21 15:00:00,18,0.0,0.0,0.4270753168687921,6
2024-03-22 15:00:00,255,1.0,0.0,1.6029625520669806,6
2024-03-23 04:00:00,78,0.0,1.0,0.23692448033407246,6
2024-03-24 08:00:00,252,0.0,0.0,0.2115908914235381,6
2024-03-26 20:00:00,205,1.0,1.0,0.21124085420106442,6
2024-03-22 07:00:00,246,13.0,25.0,22.780214174332666,6
2024-03-20 07:00:00,43,41.0,56.0,46.37891167429935,6
2024-03-29 16:00:00,200,0.0,0.0,0.1791564841653826,6
2024-03-21 21:00:00,187,0.0,0.0,0.009272552168705246,6
2024-03-18 18:00:00,41,21.0,11.0,23.316175411593864,6
2024-03-25 19:00:00,140,124.0,103.0,106.69470631352404,6
2024-03-20 02:00:00,18,0.0,0.0,0.04178752692258179,6
2024-03-22 06:00:00,117,1.0,2.0,1.3313414316947498,6
2024-03-18 03:00:00,178,0.0,0.0,0.02388217577334605,6
2024-03-27 05:00:00,70,0.0,1.0,0.7435885145747755,6
2024-03-19 00:00:00,166,6.0,4.0,4.258577171374155,6
2024-03-23 07:00:00,30,0.0,0.0,0.0072553080908523936,6
2024-03-24 13:00:00,209,12.0,9.0,14.309306335597002,6
2024-03-18 04:00:00,167,0.0,0.0,0.21968331732105917,6
2024-03-27 23:00:00,68,134.0,114.0,121.31485057191915,6
2024-03-20 15:00:00,173,0.0,0.0,0.1444585676983439,6
2024-03-29 12:00:00,73,0.0,0.0,0.11212855529662752,6
2024-03-26 16:00:00,75,47.0,32.0,47.900413692838114,6
2024-03-23 08:00:00,21,0.0,0.0,0.1296704103170613,6
2024-03-30 00:00:00,62,0.0,0.0,0.38383384016287464,6
2024-03-29 14:00:00,35,1.0,1.0,1.7377482901890866,6
2024-03-29 17:00:00,152,11.0,11.0,8.225435624274017,6
2024-03-29 20:00:00,22,1.0,0.0,0.0888753385742772,6
2024-03-24 15:00:00,86,0.0,0.0,0.3402620913618966,6
2024-03-18 17:00:00,11,0.0,0.0,0.10481507127189654,6
2024-03-30 06:00:00,2,0.0,0.0,0.0037625684318062175,6
2024-03-29 22:00:00,222,0.0,0.0,0.19894596905674808,6
2024-03-31 01:00:00,19,1.0,0.0,0.05769315591100085,6
2024-03-24 01:00:00,185,0.0,0.0,0.03269275768115886,6
2024-03-23 04:00:00,237,5.0,8.0,8.609446431849491,6
2024-03-24 08:00:00,49,1.0,1.0,1.356445372347624,6
2024-03-31 10:00:00,94,0.0,0.0,0.3053373868383294,6
2024-03-27 18:00:00,181,2.0,2.0,3.1104673497645434,6
2024-03-29 01:00:00,260,0.0,1.0,0.45934299154763625,6
2024-03-23 20:00:00,131,0.0,0.0,0.08648578152536962,6
2024-03-21 11:00:00,197,1.0,3.0,1.20801163314113,6
2024-03-27 16:00:00,186,148.0,223.0,189.09411755340756,6
2024-03-22 04:00:00,256,0.0,2.0,0.5797218520888031,6
2024-03-21 09:00:00,53,0.0,0.0,0.11746535616713571,6
2024-03-31 18:00:00,247,0.0,2.0,1.0098063548550475,6
2024-03-29 23:00:00,87,60.0,23.0,39.049659814014326,6
2024-03-31 05:00:00,165,0.0,0.0,0.22685328147073297,6
2024-03-26 12:00:00,98,0.0,1.0,0.21793158809814706,6
2024-03-27 06:00:00,81,0.0,1.0,0.4312271344173323,6
2024-03-18 14:00:00,199,0.0,0.0,0.004650835146044307,6
2024-03-25 04:00:00,156,0.0,0.0,0.003739866099448928,6
2024-03-22 01:00:00,5,0.0,0.0,0.003669834735092815,6
2024-03-29 11:00:00,93,1.0,0.0,0.706457380006366,6
2024-03-21 09:00:00,246,67.0,75.0,57.091986999572825,6
2024-03-24 19:00:00,141,124.0,132.0,121.49236246285612,6
2024-03-26 09:00:00,118,0.0,0.0,0.007314825637425578,6
2024-03-18 02:00:00,36,0.0,0.0,0.3328194323465603,6
2024-03-23 02:00:00,33,0.0,1.0,1.2803943206251371,6
2024-03-21 20:00:00,243,1.0,8.0,1.145577962460047,6
2024-03-31 01:00:00,90,140.0,126.0,114.81673175777117,6
2024-03-19 04:00:00,184,0.0,0.0,0.006177557127591373,6
2024-03-22 06:00:00,177,5.0,2.0,1.5157614392737935,6
2024-03-20 21:00:00,172,0.0,0.0,0.00795241296132321,6
2024-03-31 07:00:00,138,20.0,9.0,21.999817306084687,6
2024-03-23 07:00:00,74,9.0,12.0,9.70009077216601,6
2024-03-22 20:00:00,209,31.0,37.0,20.40763552868756,6
2024-03-27 13:00:00,81,0.0,0.0,0.3536330502257021,6
2024-03-20 11:00:00,199,0.0,0.0,0.00437797323453208,6
2024-03-18 09:00:00,129,1.0,1.0,1.6077997999561449,6
2024-03-29 11:00:00,91,2.0,2.0,1.4683852651893357,6
2024-03-24 22:00:00,43,14.0,11.0,19.451025646211946,6
2024-03-19 20:00:00,252,0.0,0.0,0.08442431744924508,6
2024-03-20 15:00:00,247,0.0,0.0,1.158074088413625,6
2024-03-30 11:00:00,54,2.0,1.0,0.1973485810747211,6
2024-03-27 00:00:00,45,5.0,1.0,5.002203752088263,6
2024-03-24 06:00:00,238,26.0,29.0,21.304521144719907,6
2024-03-23 15:00:00,265,0.0,4.0,3.740965399598116,6
2024-03-22 18:00:00,5,0.0,0.0,0.004370294858468221,6
2024-03-25 19:00:00,204,0.0,0.0,0.00434676283218531,6
2024-03-18 10:00:00,221,0.0,0.0,0.007268647284850123,6
2024-03-22 17:00:00,93,1.0,1.0,0.8414734632005669,6
2024-03-24 03:00:00,49,0.0,1.0,0.37459451133637167,6
2024-03-30 03:00:00,171,0.0,0.0,0.04055573330354817,6
2024-03-30 10:00:00,175,0.0,0.0,0.0895007151071277,6
2024-03-21 22:00:00,198,0.0,0.0,0.23004695229495795,6
2024-03-20 19:00:00,257,0.0,0.0,0.11404085600011989,6
2024-03-29 15:00:00,28,0.0,1.0,0.8010408708549109,6
2024-03-25 23:00:00,125,14.0,10.0,13.917123577507919,6
2024-03-28 12:00:00,190,1.0,0.0,0.13879125631591824,6
2024-03-24 01:00:00,33,1.0,1.0,2.1026193338996406,6
2024-03-20 04:00:00,254,0.0,0.0,0.46410472792383606,6
2024-03-29 04:00:00,42,4.0,2.0,2.8289065773728006,6
2024-03-31 12:00:00,63,0.0,0.0,0.32408970361600453,6
2024-03-31 07:00:00,158,2.0,6.0,4.31901214203669,6
2024-03-24 15:00:00,88,15.0,20.0,19.135060366999518,6
2024-03-23 00:00:00,182,0.0,0.0,0.22268193693561572,6
2024-03-21 02:00:00,242,0.0,0.0,0.038912036604725475,6
2024-03-23 22:00:00,37,3.0,2.0,1.5596270891174755,6
2024-03-24 08:00:00,199,0.0,0.0,0.004087432957124979,6
2024-03-29 11:00:00,25,3.0,1.0,2.8917756193558612,6
2024-03-29 21:00:00,91,0.0,1.0,0.4115997490279355,6
2024-03-24 09:00:00,260,5.0,4.0,1.4002961400356684,6
2024-03-19 20:00:00,159,0.0,0.0,0.339362646039244,6
2024-03-23 18:00:00,2,0.0,0.0,0.008632653328162997,6
2024-03-27 16:00:00,261,57.0,42.0,49.93114392377085,6
2024-03-22 04:00:00,157,0.0,2.0,0.6814445602773848,6
2024-03-21 16:00:00,170,241.0,285.0,251.61962774589688,6
2024-03-18 07:00:00,159,2.0,0.0,1.051396227855562,6
2024-03-26 22:00:00,161,515.0,410.0,358.7940948087306,6
2024-03-26 04:00:00,183,1.0,0.0,0.06102041813098068,6
2024-03-24 09:00:00,132,108.0,161.0,133.396396229214,6
2024-03-28 03:00:00,17,1.0,0.0,0.32341676452184875,6
2024-03-25 11:00:00,26,0.0,2.0,0.6611904358643231,6
2024-03-26 21:00:00,146,1.0,4.0,1.3201051653255857,6
2024-03-30 20:00:00,127,1.0,4.0,0.5448361931285406,6
2024-03-24 13:00:00,21,0.0,0.0,0.1824418080135696,6
2024-03-26 05:00:00,10,1.0,1.0,0.7103698233383126,6
2024-03-20 04:00:00,4,0.0,0.0,1.0138621652829964,6
2024-03-28 23:00:00,16,0.0,0.0,0.10400648990540562,6
2024-03-19 21:00:00,46,0.0,0.0,0.0221515307291396,6
2024-03-30 10:00:00,258,1.0,0.0,0.2852611828940112,6
2024-03-23 11:00:00,241,1.0,0.0,0.39660243693006925,6
2024-03-23 23:00:00,131,0.0,0.0,0.13281694817540615,6
2024-03-26 14:00:00,201,1.0,0.0,0.17436452341353645,6
2024-03-27 02:00:00,200,0.0,0.0,0.02710185195883335,6
2024-03-18 14:00:00,170,210.0,185.0,167.88816837450605,6
2024-03-31 12:00:00,29,0.0,0.0,0.3839238053343047,6
2024-03-21 05:00:00,28,0.0,1.0,0.6046169593971157,6
2024-03-18 00:00:00,194,0.0,0.0,0.1245772427375976,6
2024-03-27 05:00:00,261,1.0,1.0,1.7964001782176346,6
2024-03-28 17:00:00,47,0.0,0.0,0.37377347979885694,6
2024-03-27 22:00:00,32,0.0,0.0,0.0729172691271747,6
2024-03-18 01:00:00,76,1.0,0.0,0.2991187026750577,6
2024-03-24 18:00:00,94,0.0,0.0,0.10112840641542734,6
2024-03-22 12:00:00,182,0.0,1.0,1.0294348406751366,6
2024-03-21 02:00:00,205,0.0,0.0,0.1064460751879478,6
2024-03-20 10:00:00,193,4.0,10.0,5.184096433122281,6
2024-03-18 08:00:00,247,2.0,3.0,1.0945555875993087,6
2024-03-24 05:00:00,200,0.0,0.0,0.17584576745082817,6
2024-03-23 08:00:00,100,32.0,38.0,38.900073944189344,6
2024-03-20 23:00:00,17,0.0,0.0,0.9504739864246918,6
2024-03-21 20:00:00,235,0.0,0.0,0.2089905634328003,6
2024-03-27 04:00:00,11,0.0,0.0,0.069353084719331,6
2024-03-26 06:00:00,13,8.0,11.0,7.185674703768901,6
2024-03-22 13:00:00,82,1.0,1.0,1.2854372181653058,6
2024-03-27 03:00:00,183,0.0,0.0,0.02235349800814313,6
2024-03-18 20:00:00,33,4.0,4.0,2.6190608866812983,6
2024-03-21 11:00:00,31,0.0,0.0,0.13285393503481183,6
2024-03-26 06:00:00,249,13.0,31.0,22.261189135005168,6
2024-03-31 07:00:00,71,1.0,1.0,1.0540624277723059,6
2024-03-19 15:00:00,191,0.0,0.0,0.7808797756696022,6
2024-03-30 00:00:00,222,0.0,0.0,0.1348257287609475,6
2024-03-28 14:00:00,21,0.0,3.0,0.4305908980239134,6
2024-03-26 23:00:00,26,0.0,0.0,0.2034785350437791,6
2024-03-26 13:00:00,201,0.0,0.0,0.20335503433162447,6
2024-03-21 11:00:00,53,0.0,0.0,0.11514556933309285,6
2024-03-24 10:00:00,253,0.0,0.0,0.04999006700007078,6
2024-03-20 02:00:00,168,1.0,0.0,0.3285031507347683,6
2024-03-20 10:00:00,89,5.0,1.0,2.0598426056780914,6
2024-03-19 05:00:00,249,5.0,7.0,8.525846673828438,6
2024-03-31 23:00:00,182,0.0,0.0,0.2775135001652774,6
2024-03-23 09:00:00,113,38.0,44.0,46.52984725150954,6
2024-03-28 09:00:00,74,20.0,14.0,22.846568955029362,6
2024-03-23 07:00:00,186,44.0,53.0,42.72462199210424,6
2024-03-20 16:00:00,68,208.0,155.0,185.08738934234285,6
2024-03-24 09:00:00,234,51.0,57.0,57.87555251622965,6
2024-03-22 18:00:00,127,0.0,0.0,0.7532798121871165,6
2024-03-20 11:00:00,209,3.0,10.0,10.312665230190103,6
2024-03-21 10:00:00,59,0.0,0.0,0.00852846516247544,6
2024-03-29 07:00:00,91,5.0,9.0,2.5368195589193827,6
2024-03-21 02:00:00,234,7.0,5.0,11.37928197459023,6
2024-03-29 03:00:00,63,0.0,0.0,0.07210431445899093,6
2024-03-27 01:00:00,142,16.0,21.0,12.355766789074305,6
2024-03-18 12:00:00,27,0.0,0.0,0.01108090740825247,6
2024-03-20 12:00:00,231,61.0,71.0,71.1497728859746,6
2024-03-23 14:00:00,77,0.0,0.0,0.3614314622323237,6
2024-03-27 09:00:00,101,0.0,0.0,0.14165296208574724,6
2024-03-25 13:00:00,108,0.0,1.0,0.3097426950901837,6
2024-03-20 02:00:00,239,4.0,1.0,5.648569487310099,6
2024-03-21 23:00:00,41,8.0,13.0,10.330669838840508,6
2024-03-18 09:00:00,169,1.0,1.0,0.701252783121207,6
2024-03-21 17:00:00,133,0.0,0.0,0.2168544401755706,6
2024-03-18 22:00:00,254,0.0,0.0,0.18597015457063837,6
2024-03-21 12:00:00,3,2.0,0.0,0.4299506103717171,6
2024-03-27 09:00:00,65,9.0,0.0,3.9491127649009603,6
2024-03-31 10:00:00,123,1.0,0.0,0.2550328100914429,6
2024-03-23 04:00:00,32,0.0,1.0,0.11859761373119597,6
2024-03-30 00:00:00,199,0.0,0.0,0.0044167169274277685,6
2024-03-23 14:00:00,45,14.0,12.0,10.905775666210712,6
2024-03-21 07:00:00,204,0.0,0.0,0.004527148341634689,6
2024-03-22 12:00:00,80,0.0,0.0,0.7120917819473447,6
2024-03-22 18:00:00,80,0.0,0.0,0.9532248673026449,6
2024-03-27 21:00:00,209,16.0,31.0,16.030086553939753,6
2024-03-20 20:00:00,28,0.0,0.0,0.5587945004330567,6
2024-03-25 04:00:00,173,0.0,0.0,0.07106269145273099,6
2024-03-24 02:00:00,191,0.0,0.0,0.0927512057798298,6
2024-03-22 05:00:00,3,0.0,1.0,0.30905659711727484,6
2024-03-25 15:00:00,230,157.0,183.0,161.99823564118913,6
2024-03-22 14:00:00,139,0.0,0.0,0.45667474885593257,6
2024-03-24 18:00:00,122,0.0,0.0,0.10232865359249829,6
2024-03-20 16:00:00,198,1.0,0.0,0.397743919288681,6
2024-03-26 17:00:00,236,357.0,281.0,362.7197384447602,6
2024-03-29 15:00:00,156,0.0,0.0,0.00467605065605982,6
2024-03-21 00:00:00,90,42.0,28.0,41.231525197802945,6
2024-03-20 16:00:00,233,134.0,135.0,110.31113403453008,6
2024-03-30 15:00:00,197,1.0,1.0,1.2326541996905143,6
2024-03-29 14:00:00,170,168.0,222.0,239.31071718840906,6
2024-03-24 16:00:00,179,2.0,0.0,1.6002512962923618,6
2024-03-21 02:00:00,151,2.0,2.0,1.8851082501233234,6
2024-03-21 00:00:00,22,0.0,1.0,0.06322114110936619,6
2024-03-29 04:00:00,189,0.0,0.0,0.3755071774055632,6
2024-03-31 10:00:00,15,1.0,0.0,0.09328263681389344,6
2024-03-30 17:00:00,99,0.0,0.0,0.0046884218047021885,6
2024-03-20 04:00:00,250,1.0,0.0,0.18133583555018404,6
2024-03-29 01:00:00,219,0.0,0.0,0.2241272868638991,6
2024-03-28 16:00:00,189,0.0,0.0,0.8315666675043223,6
2024-03-27 16:00:00,193,8.0,8.0,5.253168056336809,6
2024-03-23 11:00:00,73,0.0,0.0,0.06728346825939359,6
2024-03-20 23:00:00,189,0.0,1.0,1.095930235654994,6
2024-03-29 22:00:00,16,0.0,0.0,0.08556703011019241,6
2024-03-29 11:00:00,126,1.0,1.0,0.5017037152133649,6
2024-03-24 17:00:00,154,0.0,0.0,0.08502984496347661,6
2024-03-29 02:00:00,121,0.0,0.0,0.03207873722125917,6
2024-03-22 09:00:00,117,1.0,3.0,1.0650874416906801,6
2024-03-28 20:00:00,23,0.0,0.0,0.012807019625999288,6
2024-03-20 07:00:00,119,1.0,3.0,0.9353864792107176,6
2024-03-22 00:00:00,225,0.0,1.0,0.7032015329759026,6
2024-03-22 10:00:00,236,244.0,325.0,298.35241384439024,6
2024-03-20 02:00:00,249,18.0,28.0,22.753794978308203,6
2024-03-19 20:00:00,101,0.0,0.0,0.07272240815195323,6
2024-03-26 01:00:00,66,0.0,0.0,0.33947486506122704,6
2024-03-31 23:00:00,17,1.0,0.0,1.1174502795810914,6
2024-03-28 05:00:00,19,0.0,0.0,0.20305854829276732,6
2024-03-31 05:00:00,244,1.0,5.0,1.2791413524569117,6
2024-03-27 02:00:00,37,0.0,0.0,0.3693450733019715,6
2024-03-25 23:00:00,4,3.0,0.0,4.834936558334404,6
2024-03-26 14:00:00,6,0.0,0.0,0.10264986217731875,6
2024-03-22 23:00:00,121,0.0,0.0,0.1826120986847347,6
2024-03-23 06:00:00,144,1.0,0.0,6.053979868015623,6
2024-03-26 11:00:00,243,1.0,0.0,2.030485090228114,6
2024-03-28 00:00:00,13,5.0,1.0,9.871654675471076,6
2024-03-30 22:00:00,47,0.0,0.0,0.21315217355152458,6
2024-03-21 03:00:00,161,10.0,9.0,7.967165723983931,6
2024-03-23 15:00:00,190,1.0,0.0,0.15047276715383853,6
2024-03-24 01:00:00,102,0.0,0.0,0.05348412835069602,6
2024-03-30 22:00:00,219,5.0,1.0,0.7751837348202695,6
2024-03-31 13:00:00,101,0.0,0.0,0.10304129534901486,6
2024-03-31 02:00:00,225,1.0,0.0,0.5106213815371147,6
2024-03-30 23:00:00,25,5.0,11.0,6.138616399009922,6
2024-03-28 05:00:00,157,0.0,0.0,0.6658338917581333,6
2024-03-28 16:00:00,68,209.0,185.0,203.26189208831693,6
2024-03-19 18:00:00,193,4.0,7.0,4.960076712115832,6
2024-03-23 05:00:00,217,0.0,3.0,0.14245811511954162,6
2024-03-20 12:00:00,259,0.0,0.0,0.45444052584256356,6
2024-03-31 09:00:00,68,64.0,61.0,69.06730612417827,6
2024-03-30 14:00:00,213,0.0,0.0,0.5925521183188909,6
2024-03-25 09:00:00,186,236.0,249.0,195.94058793192175,6
2024-03-24 06:00:00,188,0.0,3.0,1.400758612968632,6
2024-03-18 13:00:00,146,2.0,6.0,3.756639883384683,6
2024-03-21 05:00:00,184,0.0,0.0,0.01261132850654669,6
2024-03-28 03:00:00,258,0.0,0.0,0.051625190107740304,6
2024-03-26 16:00:00,184,0.0,0.0,0.04377673930122871,6
2024-03-30 23:00:00,121,0.0,0.0,0.15804078688656953,6
2024-03-20 16:00:00,167,0.0,1.0,0.4342852550183761,6
2024-03-22 14:00:00,243,2.0,2.0,2.418418396372038,6
2024-03-21 02:00:00,44,0.0,0.0,0.0032925935365510223,6
2024-03-19 01:00:00,16,0.0,0.0,0.03148712382176337,6
2024-03-29 13:00:00,58,0.0,0.0,0.015131863335875925,6
2024-03-31 07:00:00,196,0.0,1.0,0.4759384126051055,6
2024-03-21 17:00:00,118,0.0,0.0,0.007769311215569705,6
2024-03-24 08:00:00,8,0.0,0.0,0.012627220373124198,6
2024-03-30 17:00:00,145,3.0,11.0,6.467072004330693,6
2024-03-18 23:00:00,175,0.0,0.0,0.10441813777156997,6
2024-03-28 16:00:00,93,3.0,1.0,1.0579801275666771,6
2024-03-28 07:00:00,11,0.0,0.0,0.3802514619475246,6
2024-03-20 12:00:00,90,79.0,76.0,90.47395967079744,6
2024-03-20 22:00:00,68,219.0,188.0,178.55068012714628,6
2024-03-31 11:00:00,126,0.0,1.0,0.4470558499661992,6
2024-03-19 06:00:00,36,0.0,0.0,0.47791224462714194,6
2024-03-30 20:00:00,75,58.0,46.0,31.068751613752838,6
2024-03-23 08:00:00,167,0.0,3.0,0.6288127914902402,6
2024-03-30 18:00:00,170,156.0,185.0,219.2760415523533,6
2024-03-28 14:00:00,220,1.0,0.0,0.33348157987632715,6
2024-03-28 23:00:00,153,0.0,0.0,0.07490942626320586,6
2024-03-27 06:00:00,84,0.0,0.0,0.004012786486347209,6
2024-03-28 15:00:00,240,0.0,0.0,0.09896321485517441,6
2024-03-26 15:00:00,30,0.0,0.0,0.006531641337100972,6
2024-03-20 15:00:00,205,1.0,1.0,0.7063251916237248,6
2024-03-31 15:00:00,96,0.0,0.0,0.01587885086969558,6
2024-03-26 23:00:00,180,0.0,0.0,0.12969226431571398,6
2024-03-20 13:00:00,255,1.0,0.0,1.4022839824038988,6
2024-03-28 18:00:00,108,0.0,0.0,0.14983287351148433,6
2024-03-21 04:00:00,223,0.0,0.0,0.5967173443751822,6
2024-03-31 04:00:00,93,0.0,0.0,0.6508167824626047,6
2024-03-29 22:00:00,111,0.0,0.0,0.007153101076373267,6
2024-03-31 14:00:00,87,34.0,27.0,26.98411225079428,6
2024-03-27 16:00:00,102,0.0,0.0,0.19936261634546165,6
2024-03-26 07:00:00,94,1.0,1.0,0.2913202106658045,6
2024-03-30 01:00:00,243,0.0,0.0,0.5212854577373798,6
2024-03-21 14:00:00,68,171.0,208.0,183.47338243200753,6
2024-03-22 00:00:00,36,0.0,1.0,0.4468563685005821,6
2024-03-20 00:00:00,133,0.0,0.0,0.10958661053347837,6
2024-03-23 04:00:00,153,0.0,0.0,0.08448318551388782,6
2024-03-23 22:00:00,18,1.0,0.0,0.15848981719430466,6
2024-03-22 10:00:00,155,1.0,0.0,0.8704688866616774,6
2024-03-31 18:00:00,44,0.0,0.0,0.004355157560841648,6
2024-03-26 07:00:00,66,1.0,0.0,1.5547469755795378,6
2024-03-23 03:00:00,162,10.0,13.0,12.500132221148212,6
2024-03-26 08:00:00,78,3.0,1.0,0.9103634027922107,6
2024-03-18 03:00:00,115,0.0,0.0,0.005230310477181375,6
2024-03-29 09:00:00,193,8.0,2.0,4.595556797858471,6
2024-03-23 18:00:00,130,0.0,0.0,1.9980388842639987,6
2024-03-25 03:00:00,230,15.0,29.0,13.36607663428471,6
2024-03-23 09:00:00,190,0.0,0.0,0.10161493686300743,6
2024-03-21 23:00:00,9,0.0,0.0,0.06044663031110076,6
2024-03-29 14:00:00,209,18.0,9.0,15.468940369501352,6
2024-03-19 22:00:00,152,2.0,2.0,2.3433293508268664,6
2024-03-29 00:00:00,214,0.0,0.0,0.009619778451069488,6
2024-03-30 20:00:00,113,165.0,95.0,119.24218572660753,6
2024-03-20 20:00:00,60,0.0,1.0,0.06529574547144212,6
2024-03-30 01:00:00,4,98.0,107.0,48.84157778464858,6
2024-03-27 22:00:00,45,12.0,11.0,9.890553103486095,6
2024-03-20 05:00:00,195,0.0,1.0,0.32792686946945826,6
2024-03-23 18:00:00,80,8.0,3.0,2.7035771394345076,6
2024-03-20 10:00:00,153,0.0,0.0,0.12025948867297447,6
2024-03-25 00:00:00,98,0.0,0.0,0.05472516879179951,6
2024-03-29 19:00:00,18,0.0,1.0,0.18160841371332329,6
2024-03-26 00:00:00,82,1.0,0.0,0.6890202240650968,6
2024-03-24 22:00:00,167,0.0,0.0,0.23566670787734315,6
2024-03-31 13:00:00,37,3.0,1.0,1.458822695358909,6
2024-03-20 16:00:00,65,6.0,7.0,4.54773979132598,6
2024-03-19 02:00:00,246,8.0,2.0,7.849363669708005,6
2024-03-25 02:00:00,257,0.0,0.0,0.04094208544815831,6
2024-03-20 02:00:00,64,0.0,0.0,0.021886795545273695,6
2024-03-27 06:00:00,140,33.0,41.0,37.32594368705521,6
2024-03-29 22:00:00,143,56.0,27.0,55.211871116422714,6
2024-03-30 01:00:00,14,0.0,0.0,0.5511911313016185,6
2024-03-22 17:00:00,10,2.0,2.0,2.662788894307463,6
2024-03-29 04:00:00,155,0.0,0.0,0.2677127603012899,6
2024-03-23 04:00:00,14,1.0,1.0,0.6131946659824029,6
2024-03-30 23:00:00,40,0.0,1.0,1.1976645566005513,6
2024-03-24 03:00:00,235,0.0,0.0,0.21225750355446438,6
2024-03-25 19:00:00,88,20.0,11.0,17.907503978230615,6
2024-03-23 06:00:00,70,2.0,2.0,1.3506838260950245,6
2024-03-20 07:00:00,24,16.0,22.0,21.853636667426226,6
2024-03-19 11:00:00,152,6.0,4.0,4.113907044159939,6
2024-03-27 10:00:00,112,1.0,0.0,0.9848678278126172,6
2024-03-29 20:00:00,17,0.0,0.0,0.9434779672482119,6
2024-03-25 08:00:00,94,0.0,0.0,0.3088890641470247,6
2024-03-21 01:00:00,135,0.0,0.0,0.03787764282685383,6
2024-03-21 14:00:00,22,1.0,0.0,0.42543570870398545,6
2024-03-26 13:00:00,235,0.0,0.0,0.6793658244809183,6
2024-03-22 15:00:00,178,0.0,0.0,0.12778217654818355,6
2024-03-24 13:00:00,193,4.0,2.0,3.740884533595718,6
2024-03-24 04:00:00,126,0.0,0.0,0.17092255145687493,6
2024-03-24 19:00:00,9,0.0,0.0,0.059964786960985485,6
2024-03-23 11:00:00,90,107.0,74.0,98.16898604281579,6
2024-03-25 15:00:00,181,3.0,0.0,2.655417136351096,6
2024-03-30 01:00:00,40,0.0,0.0,0.2719702544419613,6
2024-03-24 01:00:00,160,0.0,3.0,0.10092025122847019,6
2024-03-29 00:00:00,97,4.0,2.0,3.234341271663115,6
2024-03-19 03:00:00,111,0.0,0.0,0.003964449367123355,6
2024-03-22 00:00:00,149,0.0,0.0,0.05933984448946649,6
2024-03-25 18:00:00,48,122.0,127.0,128.10156547797567,6
2024-03-24 09:00:00,89,2.0,0.0,1.7640621263578604,6
2024-03-30 18:00:00,91,1.0,0.0,0.539786095822365,6
2024-03-28 06:00:00,66,0.0,1.0,1.1200963499838354,6
2024-03-28 11:00:00,232,3.0,5.0,6.315596562757938,6
2024-03-18 05:00:00,219,1.0,3.0,0.5315252663403006,6
2024-03-21 23:00:00,61,0.0,0.0,1.4204378192086704,6
2024-03-20 23:00:00,44,0.0,0.0,0.004723951112599588,6
2024-03-22 15:00:00,192,0.0,1.0,0.15178817277891032,6
2024-03-19 21:00:00,4,13.0,8.0,6.209456186328317,6
2024-03-18 05:00:00,109,0.0,0.0,0.003954874988376919,6
2024-03-27 23:00:00,113,97.0,66.0,79.93907863488668,6
2024-03-23 18:00:00,61,2.0,3.0,2.823800938594463,6
2024-03-19 17:00:00,51,1.0,1.0,0.4644191059121132,6
2024-03-24 09:00:00,183,0.0,0.0,0.12811412826086246,6
2024-03-18 07:00:00,41,15.0,16.0,17.174275155129525,6
2024-03-24 10:00:00,240,0.0,0.0,0.06341459901151097,6
2024-03-28 10:00:00,30,0.0,0.0,0.006304549029202166,6
2024-03-29 11:00:00,191,0.0,4.0,0.9442598253717658,6
2024-03-26 13:00:00,41,18.0,15.0,18.95221398671942,6
2024-03-18 10:00:00,40,0.0,0.0,0.8525500449114336,6
2024-03-28 04:00:00,202,0.0,0.0,0.1807078690830429,6
2024-03-23 15:00:00,43,230.0,68.0,202.19817574236126,6
2024-03-28 08:00:00,239,246.0,236.0,234.19413475768397,6
2024-03-24 14:00:00,177,2.0,0.0,0.993421669653504,6
2024-03-18 19:00:00,52,0.0,0.0,0.9566258463615614,6
2024-03-26 06:00:00,208,1.0,1.0,0.522887414537738,6
2024-03-27 00:00:00,80,0.0,2.0,0.8809718686670285,6
2024-03-23 05:00:00,168,0.0,0.0,0.9339096734148958,6
2024-03-22 06:00:00,118,0.0,0.0,0.006267613597800843,6
2024-03-19 22:00:00,124,0.0,0.0,0.15206923038377296,6
2024-03-30 19:00:00,241,0.0,1.0,0.23312339348339908,6
2024-03-26 18:00:00,73,0.0,0.0,0.05982121843269123,6
2024-03-31 10:00:00,198,1.0,2.0,0.6421419340119653,6
2024-03-24 03:00:00,27,0.0,0.0,0.006118014638114791,6
2024-03-25 04:00:00,71,1.0,1.0,0.5260092891680062,6
2024-03-31 19:00:00,174,0.0,0.0,0.12093200436294224,6
2024-03-19 16:00:00,54,1.0,0.0,0.15178261800475942,6
2024-03-28 02:00:00,42,1.0,1.0,1.040980140543125,6
2024-03-30 03:00:00,218,0.0,0.0,0.12172872789422096,6
2024-03-27 03:00:00,132,28.0,16.0,19.494829584645096,6
2024-03-22 00:00:00,138,80.0,91.0,63.062831557840084,6
2024-03-22 14:00:00,106,1.0,1.0,0.5241912692777984,6
2024-03-28 12:00:00,78,1.0,0.0,0.8121001141173565,6
2024-03-27 07:00:00,163,63.0,63.0,55.1422691841746,6
2024-03-25 23:00:00,166,3.0,3.0,11.151390738481735,6
2024-03-19 21:00:00,109,0.0,0.0,0.004299627678920476,6
2024-03-20 12:00:00,249,79.0,61.0,66.5507364556867,6
2024-03-29 18:00:00,236,362.0,351.0,379.29634550440045,6
2024-03-31 19:00:00,36,1.0,3.0,0.6947262410463282,6
2024-03-27 22:00:00,77,0.0,0.0,0.09850948284922695,6
2024-03-18 01:00:00,99,0.0,0.0,0.00354323771985804,6
2024-03-31 16:00:00,222,0.0,0.0,0.2842910755116883,6
2024-03-27 13:00:00,112,1.0,2.0,1.1202878873074855,6
2024-03-19 06:00:00,213,6.0,2.0,1.2730296094951705,6
2024-03-25 09:00:00,6,0.0,0.0,0.10982991846806914,6
2024-03-22 22:00:00,181,14.0,2.0,3.5851289369004697,6
2024-03-20 13:00:00,50,33.0,38.0,35.3675951277595,6
2024-03-24 13:00:00,118,0.0,0.0,0.007477942944119656,6
2024-03-19 16:00:00,173,0.0,0.0,0.1381292467061739,6
2024-03-21 20:00:00,21,0.0,0.0,0.09911773290360319,6
2024-03-25 21:00:00,55,0.0,0.0,0.13793815251282943,6
2024-03-25 10:00:00,234,94.0,107.0,92.48832088155797,6
2024-03-30 00:00:00,135,0.0,0.0,0.07928033799397842,6
2024-03-20 06:00:00,28,2.0,1.0,1.1792742587368499,6
2024-03-31 14:00:00,56,0.0,2.0,0.5620309561866693,6
2024-03-30 01:00:00,167,0.0,0.0,0.09208890515581546,6
2024-03-25 10:00:00,149,0.0,0.0,0.3980428366492762,6
2024-03-22 12:00:00,63,0.0,0.0,0.5025320529240913,6
2024-03-30 16:00:00,32,0.0,0.0,0.21694014127255185,6
2024-03-22 17:00:00,246,159.0,212.0,151.9323890791817,6
2024-03-31 17:00:00,185,0.0,0.0,0.1669637413519032,6
2024-03-27 14:00:00,84,0.0,0.0,0.004609622822073461,6
2024-03-29 16:00:00,174,0.0,0.0,0.30257500579474217,6
2024-03-27 05:00:00,119,1.0,0.0,0.46831146031481974,6
2024-03-18 13:00:00,97,2.0,7.0,2.490257615228832,6
2024-03-26 04:00:00,23,0.0,0.0,0.006215262227693091,6
2024-03-19 16:00:00,174,0.0,1.0,0.29915504710436946,6
2024-03-26 03:00:00,213,0.0,0.0,0.09246534001505585,6
2024-03-23 22:00:00,66,4.0,6.0,2.9292176179200395,6
2024-03-29 07:00:00,208,0.0,2.0,0.5546662186330781,6
2024-03-30 06:00:00,27,0.0,0.0,0.009281912719115245,6
2024-03-28 00:00:00,125,8.0,7.0,12.42034461996652,6
2024-03-25 05:00:00,111,0.0,0.0,0.006202542096118876,6
2024-03-22 17:00:00,196,1.0,1.0,0.47686153200099085,6
2024-03-31 20:00:00,82,4.0,6.0,1.125175127955354,6
2024-03-24 01:00:00,170,62.0,96.0,63.32626882846008,6
2024-03-23 20:00:00,243,4.0,3.0,1.1649612418717614,6
2024-03-26 12:00:00,212,0.0,0.0,0.5245138507877277,6
2024-03-29 06:00:00,218,0.0,2.0,1.742447456621473,6
2024-03-23 23:00:00,250,0.0,1.0,0.17809629739029734,6
2024-03-22 13:00:00,262,87.0,119.0,95.02691919864786,6
2024-03-31 17:00:00,85,1.0,0.0,0.6784735458036228,6
2024-03-18 08:00:00,21,2.0,1.0,0.33856135103503027,6
2024-03-25 10:00:00,200,0.0,0.0,0.2624030890410562,6
2024-03-20 19:00:00,174,0.0,0.0,0.14503087859071126,6
2024-03-23 14:00:00,71,1.0,0.0,0.6945911901484916,6
2024-03-30 17:00:00,84,0.0,0.0,0.0046884218047021885,6
2024-03-19 19:00:00,83,1.0,0.0,0.23627128344020826,6
2024-03-20 23:00:00,131,0.0,0.0,0.10264939581569353,6
2024-03-21 11:00:00,145,7.0,18.0,6.6511588491483185,6
2024-03-28 20:00:00,250,0.0,0.0,0.09629763107538208,6
2024-03-26 15:00:00,224,6.0,0.0,7.6445357583553815,6
2024-03-23 10:00:00,69,0.0,0.0,0.8072983727295915,6
2024-03-21 01:00:00,137,13.0,13.0,14.706664522918881,6
2024-03-30 01:00:00,235,0.0,2.0,0.19474266851009983,6
2024-03-25 08:00:00,2,0.0,0.0,0.007168578038044863,6
2024-03-31 04:00:00,2,0.0,0.0,0.003966104748674824,6
2024-03-19 22:00:00,242,0.0,0.0,0.09841711684959838,6
2024-03-28 17:00:00,60,1.0,0.0,0.21623919413325768,6
2024-03-21 15:00:00,171,0.0,0.0,0.15430788498996587,6
2024-03-27 12:00:00,17,2.0,1.0,1.324413227196445,6
2024-03-27 22:00:00,237,152.0,192.0,198.70674952247862,6
2024-03-20 14:00:00,44,0.0,0.0,0.005052324435863884,6
2024-03-22 07:00:00,98,0.0,0.0,0.21100731546939402,6
2024-03-28 09:00:00,185,0.0,0.0,0.4040299735796259,6
2024-03-31 02:00:00,257,0.0,0.0,0.06228025386335619,6
2024-03-27 19:00:00,173,0.0,0.0,0.08111744237110113,6
2024-03-22 13:00:00,73,0.0,0.0,0.10549676631445877,6
2024-03-30 11:00:00,202,1.0,1.0,0.2647709028451735,6
2024-03-21 16:00:00,19,1.0,1.0,0.25727089664066827,6
2024-03-24 04:00:00,257,0.0,0.0,0.10613143958842654,6
2024-03-19 03:00:00,114,1.0,2.0,4.861279133050472,6
2024-03-23 13:00:00,89,2.0,1.0,2.4992770404956426,6
2024-03-24 00:00:00,224,25.0,23.0,10.90377521143529,6
2024-03-23 19:00:00,242,1.0,0.0,0.18533539746412173,6
2024-03-20 13:00:00,210,0.0,0.0,0.7271633719239168,6
2024-03-20 17:00:00,55,1.0,0.0,0.5639507917626951,6
2024-03-31 02:00:00,239,12.0,10.0,18.74571442006984,6
2024-03-25 12:00:00,176,0.0,0.0,0.004562931572451929,6
2024-03-28 13:00:00,169,1.0,0.0,0.5733115807430145,6
2024-03-27 06:00:00,134,1.0,1.0,0.7892898684624253,6
2024-03-21 19:00:00,228,1.0,2.0,0.4029906385409543,6
2024-03-31 17:00:00,178,0.0,0.0,0.07087439127668162,6
2024-03-26 18:00:00,109,0.0,0.0,0.004413909310993176,6
2024-03-31 03:00:00,221,0.0,0.0,0.0052115861085104305,6
2024-03-27 14:00:00,144,54.0,47.0,54.37526697068912,6
2024-03-30 11:00:00,101,0.0,0.0,0.06931803346996254,6
2024-03-21 13:00:00,85,1.0,0.0,0.7763307248295087,6
2024-03-26 18:00:00,149,0.0,0.0,0.10970093181487754,6
2024-03-24 17:00:00,84,0.0,0.0,0.004575451293450826,6
2024-03-22 22:00:00,237,213.0,253.0,220.72897729060705,6
2024-03-21 08:00:00,43,70.0,90.0,70.5954603944975,6
2024-03-19 10:00:00,147,0.0,1.0,0.3372247626460846,6
2024-03-26 07:00:00,47,1.0,1.0,0.8573969800832909,6
2024-03-28 12:00:00,229,147.0,135.0,132.27483619750734,6
2024-03-20 12:00:00,30,0.0,0.0,0.037223152681156634,6
2024-03-27 23:00:00,262,15.0,14.0,17.312742069884973,6
2024-03-23 15:00:00,29,0.0,0.0,0.339671411548246,6
2024-03-21 18:00:00,50,34.0,63.0,48.159367961413665,6
2024-03-22 18:00:00,44,0.0,0.0,0.00473303189145198,6
2024-03-19 23:00:00,86,0.0,0.0,0.14936181356006292,6
2024-03-24 10:00:00,80,5.0,3.0,2.156520902691303,6
2024-03-28 14:00:00,60,1.0,0.0,0.3389040146292005,6
2024-03-26 11:00:00,51,1.0,2.0,0.9194048986824703,6
2024-03-20 23:00:00,256,0.0,3.0,2.3287457847659403,6
2024-03-31 18:00:00,39,3.0,2.0,1.303973552426197,6
2024-03-23 05:00:00,203,0.0,1.0,0.28033271137167765,6
2024-03-20 18:00:00,163,343.0,349.0,352.0157663095529,6
2024-03-18 09:00:00,66,2.0,2.0,1.7189576920509693,6
2024-03-20 00:00:00,123,0.0,0.0,0.11185148717983498,6
2024-03-30 15:00:00,123,2.0,1.0,0.1719328218929531,6
2024-03-28 05:00:00,152,0.0,3.0,1.2026639084357558,6
2024-03-19 22:00:00,165,0.0,0.0,0.2578473727596646,6
2024-03-28 14:00:00,239,294.0,195.0,200.8093259312907,6
2024-03-25 02:00:00,166,1.0,0.0,1.6128574175504524,6
2024-03-31 05:00:00,115,0.0,0.0,0.0045838693103448895,6
2024-03-29 12:00:00,246,119.0,85.0,92.83015221886014,6
2024-03-29 14:00:00,254,2.0,1.0,0.7490677109305967,6
2024-03-24 23:00:00,138,289.0,279.0,194.69638419504608,6
2024-03-27 00:00:00,85,0.0,0.0,0.10637516651687759,6
2024-03-31 17:00:00,72,0.0,0.0,0.7523855400013102,6
2024-03-18 18:00:00,187,0.0,0.0,0.008407745799189764,6
2024-03-21 15:00:00,3,1.0,1.0,0.2822366177157614,6
2024-03-21 07:00:00,27,0.0,0.0,0.01011140659501905,6
2024-03-23 16:00:00,229,90.0,124.0,130.1559555172728,6
2024-03-25 11:00:00,161,247.0,247.0,228.26226249995517,6
2024-03-26 10:00:00,114,31.0,38.0,24.445243658662356,6
2024-03-22 18:00:00,168,3.0,5.0,2.1008546620352084,6
2024-03-30 15:00:00,253,0.0,0.0,0.015161290447684144,6
2024-03-23 13:00:00,166,38.0,43.0,39.80525156153339,6
2024-03-30 08:00:00,263,42.0,39.0,68.6165482288605,6
2024-03-23 08:00:00,105,0.0,0.0,0.0038950175133676637,6
2024-03-23 04:00:00,155,0.0,0.0,0.21844374320161242,6
2024-03-18 15:00:00,140,187.0,214.0,163.2895130132652,6
2024-03-26 12:00:00,213,2.0,0.0,0.8305200048466643,6
2024-03-18 14:00:00,33,3.0,3.0,4.103703928014791,6
2024-03-26 09:00:00,46,0.0,0.0,0.02513553426451684,6
2024-03-24 16:00:00,119,0.0,0.0,0.2905254855745127,6
2024-03-26 23:00:00,28,0.0,0.0,0.6174950196839216,6
2024-03-27 11:00:00,188,4.0,0.0,2.1894011407866785,6
2024-03-30 15:00:00,28,0.0,1.0,0.7304617694603581,6
2024-03-26 21:00:00,114,172.0,153.0,101.76918297703777,6
2024-03-23 21:00:00,74,15.0,18.0,11.490551964190738,6
2024-03-21 22:00:00,46,0.0,0.0,0.02378146406097373,6
2024-03-31 05:00:00,36,5.0,5.0,0.9698801692384331,6
2024-03-18 01:00:00,122,0.0,0.0,0.03267534650752383,6
2024-03-30 08:00:00,113,21.0,27.0,26.53290875721218,6
2024-03-26 08:00:00,76,6.0,7.0,3.733226365655742,6
2024-03-21 20:00:00,161,650.0,547.0,543.3478772127634,6
2024-03-22 14:00:00,156,0.0,0.0,0.004556398725965924,6
2024-03-28 21:00:00,151,50.0,19.0,30.16590823470087,6
2024-03-27 21:00:00,223,0.0,2.0,1.0780778903022408,6
2024-03-29 01:00:00,20,0.0,0.0,0.03947180413764548,6
2024-03-31 22:00:00,196,0.0,0.0,0.31938626233823986,6
2024-03-30 12:00:00,131,0.0,0.0,0.2916093465970275,6
2024-03-28 20:00:00,161,370.0,650.0,492.9543729149706,6
2024-03-20 06:00:00,27,0.0,0.0,0.008534525265330993,6
2024-03-25 19:00:00,81,0.0,0.0,0.10462932526660909,6
2024-03-26 23:00:00,91,0.0,0.0,0.5587109005895972,6
2024-03-22 05:00:00,107,23.0,19.0,14.416967779894309,6
2024-03-31 13:00:00,127,0.0,0.0,0.7793368844301055,6
2024-03-25 19:00:00,244,2.0,2.0,5.318279479426539,6
2024-03-31 01:00:00,34,0.0,0.0,0.04927758325276488,6
2024-03-28 20:00:00,214,0.0,0.0,0.00922261084291597,6
2024-03-30 09:00:00,71,0.0,0.0,0.9905355228604683,6
2024-03-24 22:00:00,207,0.0,0.0,0.06658682733926229,6
2024-03-24 08:00:00,218,3.0,1.0,1.1845759424034927,6
2024-03-28 16:00:00,95,1.0,0.0,1.343900943694165,6
2024-03-25 19:00:00,249,86.0,99.0,105.04763341116686,6
2024-03-27 00:00:00,49,0.0,1.0,0.5252480965865459,6
2024-03-23 05:00:00,25,0.0,2.0,0.6633360494934637,6
2024-03-19 16:00:00,122,0.0,0.0,0.1306539359555582,6
2024-03-22 06:00:00,23,0.0,0.0,0.009010080177304097,6
2024-03-28 22:00:00,115,0.0,0.0,0.00528592838788293,6
2024-03-27 10:00:00,90,79.0,70.0,78.6377033961387,6
2024-03-22 22:00:00,56,0.0,0.0,0.29493956804169513,6
2024-03-30 16:00:00,35,0.0,2.0,1.1220929479925716,6
2024-03-24 19:00:00,256,30.0,6.0,5.276857826413149,6
2024-03-30 13:00:00,63,0.0,0.0,0.26273104139667786,6
2024-03-21 15:00:00,65,8.0,7.0,4.898383716838124,6
2024-03-24 15:00:00,105,0.0,0.0,0.004645778282585884,6
2024-03-31 03:00:00,133,1.0,1.0,0.15051494201955282,6
2024-03-18 17:00:00,114,40.0,45.0,46.05452006903609,6
2024-03-29 12:00:00,240,0.0,0.0,0.11245880089798975,6
2024-03-19 17:00:00,23,0.0,0.0,0.01316984802895135,6
2024-03-30 23:00:00,261,21.0,21.0,21.24693437925217,6
2024-03-29 13:00:00,199,0.0,0.0,0.004422727918258584,6
2024-03-27 13:00:00,93,0.0,1.0,0.8407903271362654,6
2024-03-19 17:00:00,167,0.0,0.0,0.41709311884310935,6
2024-03-20 13:00:00,234,145.0,185.0,181.52174181442146,6
2024-03-19 11:00:00,127,2.0,1.0,0.7252901238891354,6
2024-03-27 07:00:00,146,3.0,3.0,3.2551253159281353,6
2024-03-24 23:00:00,80,4.0,0.0,3.5035380962861518,6
2024-03-19 08:00:00,226,6.0,7.0,5.81523873176094,6
2024-03-24 01:00:00,259,0.0,0.0,0.03772680569135745,6
2024-03-25 21:00:00,164,158.0,132.0,103.08670655378903,6
2024-03-19 00:00:00,51,0.0,0.0,0.23201429323495182,6
2024-03-30 06:00:00,124,0.0,0.0,0.12744846933306514,6
2024-03-27 13:00:00,10,3.0,4.0,2.3503059989456543,6
2024-03-24 09:00:00,23,0.0,0.0,0.010090039819179435,6
2024-03-23 01:00:00,64,0.0,0.0,0.041142366781010055,6
2024-03-30 15:00:00,217,0.0,1.0,0.2916859802073639,6
2024-03-31 12:00:00,228,0.0,1.0,0.5261566780931245,6
2024-03-31 21:00:00,64,0.0,0.0,0.06522502456833325,6
2024-03-24 12:00:00,161,202.0,238.0,211.1710497180866,6
2024-03-31 00:00:00,129,1.0,2.0,1.6816052421687695,6
2024-03-25 17:00:00,171,1.0,0.0,0.11734132119722658,6
2024-03-29 10:00:00,169,2.0,0.0,0.7119422265074549,6
2024-03-24 02:00:00,172,0.0,0.0,0.0049502986816430256,6
2024-03-31 22:00:00,167,0.0,0.0,0.20193125788391497,6
2024-03-27 06:00:00,20,0.0,0.0,0.4446203268184133,6
2024-03-19 00:00:00,75,6.0,8.0,4.9374414330392495,6
2024-03-21 14:00:00,38,0.0,0.0,0.33520232250554866,6
2024-03-30 03:00:00,71,0.0,0.0,0.2272909346148175,6
2024-03-19 07:00:00,184,0.0,0.0,0.009530227401001507,6
2024-03-30 22:00:00,253,0.0,0.0,0.015181807755092406,6
2024-03-20 00:00:00,22,0.0,0.0,0.06103803015560529,6
2024-03-29 23:00:00,224,21.0,14.0,11.650840817339613,6
2024-03-25 05:00:00,77,0.0,0.0,0.4156064190408358,6
2024-03-21 19:00:00,185,0.0,0.0,0.0819101556718532,6
2024-03-27 07:00:00,199,0.0,0.0,0.00417220274539578,6
2024-03-31 08:00:00,141,52.0,58.0,55.530768124049565,6
2024-03-20 16:00:00,40,0.0,0.0,0.6469799569091236,6
2024-03-18 07:00:00,18,1.0,0.0,0.6536862483514274,6
2024-03-31 20:00:00,150,0.0,0.0,0.07450628253085001,6
2024-03-19 21:00:00,246,154.0,143.0,99.57829383046412,6
2024-03-24 12:00:00,175,0.0,0.0,0.12279582997633588,6
2024-03-29 23:00:00,76,1.0,0.0,1.5152627932563745,6
2024-03-28 04:00:00,74,2.0,3.0,1.9275076725507387,6
2024-03-21 08:00:00,57,0.0,0.0,0.017244600819485534,6
2024-03-27 01:00:00,226,2.0,0.0,1.4170467989381512,6
2024-03-31 08:00:00,72,2.0,4.0,1.2708847478782737,6
2024-03-21 11:00:00,37,2.0,2.0,1.2216342178527173,6
2024-03-24 01:00:00,77,0.0,0.0,0.0537464715816973,6
2024-03-25 00:00:00,64,0.0,0.0,0.05899284606908753,6
2024-03-23 14:00:00,79,189.0,126.0,144.69019125000275,6
2024-03-26 14:00:00,91,2.0,0.0,0.9429823079474668,6
2024-03-19 13:00:00,42,8.0,8.0,9.051895410192042,6
2024-03-21 05:00:00,84,0.0,0.0,0.004300552377387813,6
2024-03-26 10:00:00,218,0.0,0.0,0.9103046191445701,6
2024-03-25 11:00:00,107,80.0,88.0,90.8292318661004,6
2024-03-24 02:00:00,47,0.0,0.0,0.057539296960539534,6
2024-03-21 01:00:00,96,0.0,0.0,0.014443511221929245,6
2024-03-27 18:00:00,194,1.0,0.0,0.18934357275082803,6
2024-03-30 07:00:00,156,0.0,0.0,0.0036508793270909135,6
2024-03-30 09:00:00,262,88.0,96.0,107.7601574334269,6
2024-03-28 16:00:00,61,4.0,3.0,2.805435044443773,6
2024-03-25 09:00:00,255,0.0,0.0,2.9523781591208578,6
2024-03-30 11:00:00,52,0.0,1.0,1.3565889079069975,6
2024-03-18 06:00:00,9,0.0,0.0,0.1314009656786385,6
2024-03-19 09:00:00,9,0.0,0.0,0.13209571705280337,6
2024-03-28 22:00:00,96,0.0,0.0,0.018105858211889366,6
2024-03-26 17:00:00,4,5.0,3.0,5.651565818375496,6
2024-03-29 09:00:00,130,1.0,0.0,1.7558290181474383,6
2024-03-21 21:00:00,167,0.0,0.0,0.12502285431210308,6
2024-03-25 17:00:00,99,0.0,0.0,0.004564889136526276,6
2024-03-29 02:00:00,50,21.0,3.0,6.5626002185489165,6
2024-03-25 12:00:00,178,0.0,0.0,0.15219999303808657,6
2024-03-26 14:00:00,105,0.0,0.0,0.0046037873683824945,6
2024-03-20 11:00:00,190,0.0,0.0,0.132963088889163,6
2024-03-20 02:00:00,191,1.0,0.0,0.05423447872909442,6
2024-03-22 10:00:00,89,1.0,2.0,2.320530688997988,6
2024-03-30 01:00:00,69,0.0,0.0,0.11036157799101787,6
2024-03-19 18:00:00,75,33.0,52.0,51.663690529273545,6
2024-03-28 05:00:00,83,1.0,0.0,0.3299891415740872,6
2024-03-27 02:00:00,85,0.0,0.0,0.05539160708256168,6
2024-03-31 08:00:00,131,0.0,2.0,0.3710151759757908,6
2024-03-26 03:00:00,194,0.0,0.0,0.049626647554215066,6
2024-03-18 03:00:00,132,21.0,58.0,19.94402303568755,6
2024-03-20 22:00:00,197,0.0,1.0,0.7514676183893934,6
2024-03-31 17:00:00,193,0.0,2.0,3.392930965004711,6
2024-03-24 10:00:00,201,1.0,0.0,0.16082511042748507,6
2024-03-20 15:00:00,138,252.0,327.0,226.56045938953503,6
2024-03-21 03:00:00,256,0.0,1.0,0.4929689184819414,6
2024-03-30 06:00:00,102,1.0,0.0,0.19835542718648375,6
2024-03-18 07:00:00,180,2.0,1.0,0.2724082128520011,6
2024-03-25 17:00:00,232,3.0,2.0,8.352663803635652,6
2024-03-21 06:00:00,192,0.0,0.0,0.14279564493718228,6
2024-03-28 17:00:00,231,150.0,150.0,128.68297326954198,6
2024-03-27 12:00:00,94,0.0,0.0,0.3903202662681098,6
2024-03-18 15:00:00,234,152.0,143.0,148.9244619430253,6
2024-03-29 10:00:00,245,0.0,0.0,0.007627330926599141,6
2024-03-28 18:00:00,137,122.0,99.0,124.61260276534723,6
2024-03-21 11:00:00,138,225.0,286.0,180.32000499713072,6
2024-03-29 11:00:00,130,2.0,4.0,1.6269973123862096,6
2024-03-18 10:00:00,131,0.0,1.0,0.5017950449802996,6
2024-03-28 21:00:00,212,0.0,0.0,0.08172326249635414,6
2024-03-26 12:00:00,21,0.0,1.0,0.3579995655408604,6
2024-03-27 11:00:00,204,0.0,0.0,0.00437797323453208,6
2024-03-25 08:00:00,65,6.0,4.0,3.318764823661775,6
2024-03-27 03:00:00,109,0.0,0.0,0.0034246400605825304,6
2024-03-18 14:00:00,4,5.0,0.0,4.971287737572212,6
2024-03-29 07:00:00,212,0.0,0.0,0.8783163216516158,6
2024-03-30 17:00:00,100,80.0,106.0,111.72010216488937,6
2024-03-26 12:00:00,101,0.0,0.0,0.10806365448629895,6
2024-03-22 21:00:00,170,180.0,207.0,162.47930375894234,6
2024-03-27 06:00:00,185,2.0,0.0,0.48338015661082046,6
2024-03-30 19:00:00,150,2.0,0.0,0.07783845947763351,6
2024-03-28 03:00:00,262,0.0,0.0,2.648102096744306,6
2024-03-20 08:00:00,22,0.0,0.0,0.7544852506203095,6
2024-03-18 19:00:00,182,0.0,0.0,0.17024502453210852,6
2024-03-28 10:00:00,164,113.0,105.0,111.02829725749051,6
2024-03-30 22:00:00,187,0.0,0.0,0.00888011510181584,6
2024-03-31 18:00:00,15,0.0,0.0,0.07542607324730198,6
2024-03-27 06:00:00,127,1.0,0.0,0.7278010625219908,6
2024-03-24 14:00:00,99,0.0,0.0,0.004610019767821819,6
2024-03-26 07:00:00,124,0.0,2.0,0.40944809773207047,6
2024-03-18 17:00:00,198,0.0,0.0,0.31431168187722947,6
2024-03-27 18:00:00,229,180.0,162.0,172.71082988596606,6
2024-03-31 22:00:00,242,1.0,1.0,0.09929865419523902,6
2024-03-22 05:00:00,265,1.0,1.0,1.0650909565258213,6
2024-03-21 07:00:00,74,27.0,27.0,19.939213827558195,6
2024-03-23 20:00:00,238,145.0,117.0,94.25512775275683,6
2024-03-25 06:00:00,49,1.0,0.0,1.0586495245427854,6
2024-03-31 06:00:00,47,1.0,1.0,0.5194323431279216,6
2024-03-20 21:00:00,251,0.0,0.0,0.00591698906737268,6
2024-03-20 09:00:00,87,21.0,21.0,19.844938065850624,6
2024-03-24 22:00:00,151,17.0,10.0,17.21573403664121,6
2024-03-29 23:00:00,207,0.0,0.0,0.09333167272606936,6
2024-03-27 03:00:00,35,0.0,0.0,0.20814354503493546,6
2024-03-26 04:00:00,64,0.0,0.0,0.04330168582237562,6
2024-03-26 23:00:00,115,0.0,0.0,0.005271262491612845,6
2024-03-24 04:00:00,139,0.0,0.0,0.12322000677366148,6
2024-03-19 09:00:00,166,26.0,21.0,24.56711903368443,6
2024-03-22 07:00:00,35,5.0,2.0,3.305978482919092,6
2024-03-21 10:00:00,132,122.0,104.0,149.99711214616255,6
2024-03-25 08:00:00,5,0.0,0.0,0.004320467111233684,6
2024-03-24 14:00:00,77,1.0,1.0,0.4367321888337238,6
2024-03-29 23:00:00,195,1.0,0.0,0.46102577442155057,6
2024-03-19 00:00:00,245,0.0,0.0,0.007340445328619944,6
2024-03-28 07:00:00,178,0.0,0.0,0.19651386403880836,6
2024-03-31 17:00:00,173,0.0,0.0,0.22971516077155527,6
2024-03-31 22:00:00,101,0.0,0.0,0.08152323174586823,6
2024-03-24 08:00:00,109,0.0,0.0,0.004087432957124979,6
2024-03-23 07:00:00,46,0.0,0.0,0.020102897690502494,6
2024-03-24 03:00:00,29,0.0,0.0,0.05293804428936788,6
2024-03-21 03:00:00,130,0.0,0.0,0.4020307221260497,6
2024-03-31 23:00:00,123,0.0,0.0,0.1251445104311403,6
2024-03-23 11:00:00,146,4.0,7.0,3.353306311431664,6
2024-03-28 16:00:00,201,0.0,0.0,0.16694137848952895,6
2024-03-19 03:00:00,146,1.0,0.0,0.5188283804695865,6
2024-03-27 22:00:00,217,0.0,0.0,0.2314889221283603,6
2024-03-31 01:00:00,1,0.0,0.0,0.0769305245191566,6
2024-03-23 22:00:00,68,143.0,243.0,166.84240126964406,6
2024-03-28 00:00:00,102,0.0,0.0,0.0617911035769732,6
2024-03-21 19:00:00,118,0.0,0.0,0.007364086233596796,6
2024-03-22 03:00:00,219,0.0,0.0,0.20828382738354329,6
2024-03-19 10:00:00,13,22.0,38.0,24.14977102677578,6
2024-03-27 00:00:00,106,1.0,0.0,0.298207448602667,6
2024-03-24 12:00:00,117,0.0,2.0,0.48334561481491894,6
2024-03-22 12:00:00,12,3.0,1.0,2.8391607137640453,6
2024-03-30 18:00:00,16,0.0,0.0,0.12057765802734759,6
2024-03-30 03:00:00,75,5.0,2.0,3.412677999506497,6
2024-03-31 09:00:00,159,3.0,2.0,0.9455382843489188,6
2024-03-21 11:00:00,220,2.0,0.0,0.4285903195080922,6
2024-03-31 00:00:00,148,318.0,370.0,333.4099964955543,6
2024-03-27 16:00:00,165,0.0,0.0,0.9520933389088552,6
2024-03-22 12:00:00,193,8.0,9.0,5.151298745181738,6
2024-03-27 21:00:00,115,0.0,0.0,0.005383896826412448,6
2024-03-31 13:00:00,221,1.0,0.0,0.007844074081469346,6
2024-03-24 16:00:00,197,0.0,0.0,1.521255711284245,6
2024-03-26 07:00:00,3,0.0,0.0,0.3784832177170025,6
2024-03-30 02:00:00,189,0.0,0.0,0.30248890062549666,6
2024-03-25 11:00:00,97,4.0,2.0,2.5956921425698685,6
2024-03-23 15:00:00,90,171.0,126.0,142.2066532556546,6
2024-03-25 13:00:00,121,0.0,2.0,0.6411349627504849,6
2024-03-18 09:00:00,222,1.0,2.0,1.1125356472195105,6
2024-03-23 13:00:00,177,4.0,1.0,1.1087240809112453,6
2024-03-19 04:00:00,39,1.0,0.0,0.7193953789489622,6
2024-03-23 10:00:00,12,1.0,0.0,1.5323060751441855,6
2024-03-27 22:00:00,231,122.0,112.0,89.46066990360342,6
2024-03-21 04:00:00,264,2.0,3.0,2.0889565203406097,6
2024-03-30 22:00:00,202,0.0,1.0,0.2097623472955587,6
2024-03-23 08:00:00,68,45.0,60.0,42.87350601448129,6
2024-03-21 19:00:00,27,0.0,0.0,0.010733222539203712,6
2024-03-30 16:00:00,228,0.0,1.0,0.450952710892222,6
2024-03-20 16:00:00,179,0.0,0.0,1.8238732175294197,6
2024-03-28 09:00:00,70,34.0,30.0,20.610139563760583,6
2024-03-31 12:00:00,212,0.0,2.0,0.506289075485812,6
2024-03-29 01:00:00,191,0.0,0.0,0.10042711361457507,6
2024-03-18 22:00:00,212,0.0,0.0,0.07234404531696992,6
2024-03-30 08:00:00,224,4.0,8.0,8.665714515363064,6
2024-03-20 21:00:00,228,0.0,0.0,0.37909859965547205,6
2024-03-21 14:00:00,27,0.0,0.0,0.010093841302782973,6
2024-03-24 01:00:00,94,0.0,0.0,0.036818918783919935,6
2024-03-18 15:00:00,48,101.0,99.0,112.1307908078393,6
2024-03-24 17:00:00,11,0.0,0.0,0.08524427954705668,6
2024-03-23 20:00:00,109,0.0,0.0,0.004997345675389212,6
2024-03-28 03:00:00,27,0.0,0.0,0.005402199259282803,6
2024-03-20 14:00:00,5,0.0,0.0,0.004609622822073461,6
2024-03-24 22:00:00,125,22.0,16.0,17.69990951834491,6
2024-03-26 07:00:00,251,0.0,0.0,0.0058439490120102645,6
2024-03-20 07:00:00,139,0.0,2.0,0.9168585097801488,6
2024-03-19 05:00:00,241,0.0,1.0,0.33913765973773247,6
2024-03-19 20:00:00,227,0.0,0.0,0.06828554486725172,6
2024-03-31 21:00:00,84,0.0,0.0,0.0056932062105309374,6
2024-03-28 09:00:00,115,0.0,0.0,0.005399879741882901,6
2024-03-25 02:00:00,217,0.0,0.0,0.07066215745557836,6
2024-03-25 21:00:00,200,0.0,1.0,0.05739664257951337,6
2024-03-29 04:00:00,84,0.0,0.0,0.003868703215736832,6
2024-03-31 15:00:00,49,0.0,0.0,1.6762720011955696,6
2024-03-21 20:00:00,210,1.0,0.0,0.12674100160345014,6
2024-03-30 21:00:00,180,0.0,0.0,0.08491355210162956,6
2024-03-29 15:00:00,51,1.0,1.0,0.5892609923561111,6
2024-03-25 04:00:00,181,0.0,1.0,0.5419974837422663,6
2024-03-24 18:00:00,193,1.0,0.0,3.0396860743023666,6
2024-03-24 03:00:00,177,1.0,0.0,0.2117048266492405,6
2024-03-27 16:00:00,250,0.0,0.0,0.4867851223277436,6
2024-03-19 20:00:00,237,325.0,338.0,334.6896618508537,6
2024-03-18 02:00:00,206,0.0,0.0,0.003478989251064023,6
2024-03-18 07:00:00,16,0.0,0.0,0.11416732393700173,6
2024-03-29 21:00:00,6,0.0,0.0,0.05186018614667767,6
2024-03-25 06:00:00,38,2.0,2.0,0.45600689309104275,6
2024-03-18 04:00:00,113,4.0,3.0,4.108003383715387,6
2024-03-29 11:00:00,163,130.0,194.0,144.07022317804748,6
2024-03-23 13:00:00,33,8.0,5.0,4.899161943429248,6
2024-03-31 13:00:00,116,11.0,5.0,7.2492081188793,6
2024-03-27 01:00:00,82,0.0,0.0,0.3386453832447716,6
2024-03-18 19:00:00,197,1.0,1.0,1.0073916931158302,6
2024-03-25 02:00:00,16,0.0,0.0,0.03469013649900937,6
2024-03-26 15:00:00,157,0.0,0.0,0.49168621892454906,6
2024-03-26 23:00:00,138,210.0,210.0,175.95878328163374,6
2024-03-29 01:00:00,84,0.0,0.0,0.003669834735092815,6
2024-03-26 09:00:00,199,0.0,0.0,0.004325991316776917,6
2024-03-31 15:00:00,230,179.0,180.0,169.32289026264675,6
2024-03-21 17:00:00,112,0.0,1.0,1.1214546945991286,6
2024-03-31 13:00:00,119,0.0,2.0,0.6130852257365381,6
2024-03-27 02:00:00,19,0.0,0.0,0.0409838352086519,6
2024-03-21 12:00:00,21,1.0,0.0,0.4269367911056727,6
2024-03-26 11:00:00,178,0.0,0.0,0.1279835378537319,6
2024-03-20 16:00:00,158,59.0,45.0,48.438303976210165,6
2024-03-23 07:00:00,41,5.0,9.0,7.693760038357347,6
2024-03-22 06:00:00,229,26.0,21.0,28.887365300262715,6
2024-03-18 23:00:00,187,0.0,0.0,0.00867639352115945,6
2024-03-27 08:00:00,130,2.0,0.0,1.9562388419270536,6
2024-03-29 14:00:00,36,0.0,0.0,0.5908768960078923,6
2024-03-24 16:00:00,185,0.0,0.0,0.18386035851949892,6
2024-03-26 07:00:00,97,0.0,1.0,2.616078687461767,6
2024-03-19 17:00:00,87,46.0,42.0,43.863969416800835,6
2024-03-18 07:00:00,88,2.0,4.0,4.2192129676052925,6
2024-03-19 03:00:00,256,0.0,0.0,0.4253737716919045,6
2024-03-26 12:00:00,165,1.0,2.0,0.894675166822773,6
2024-03-26 04:00:00,155,0.0,0.0,0.20411701988396047,6
2024-03-28 20:00:00,157,0.0,0.0,0.4265348521737307,6
2024-03-30 04:00:00,19,0.0,0.0,0.08054665241921419,6
2024-03-19 17:00:00,256,2.0,0.0,1.1314920901979821,6
2024-03-23 17:00:00,195,3.0,4.0,0.6769889588054891,6
2024-03-28 20:00:00,163,267.0,326.0,248.8100790466377,6
2024-03-27 09:00:00,160,0.0,0.0,0.3955079927947657,6
2024-03-29 21:00:00,137,83.0,75.0,80.03428971197756,6
2024-03-30 09:00:00,63,0.0,1.0,0.3999519467136039,6
2024-03-28 00:00:00,174,0.0,0.0,0.06490467510508979,6
2024-03-20 07:00:00,13,34.0,22.0,23.05491875241366,6
2024-03-25 23:00:00,14,0.0,0.0,0.5841352172956263,6
2024-03-29 06:00:00,219,2.0,1.0,0.8039530452039956,6
2024-03-29 07:00:00,265,1.0,1.0,2.3096046240637076,6
2024-03-20 16:00:00,83,1.0,0.0,0.33295747521094066,6
2024-03-23 01:00:00,41,2.0,1.0,5.491277259976633,6
2024-03-21 07:00:00,229,104.0,107.0,97.38936412529273,6
2024-03-25 19:00:00,34,0.0,1.0,0.10993751499639723,6
2024-03-25 06:00:00,201,1.0,1.0,0.27556788295330353,6
2024-03-30 21:00:00,214,0.0,0.0,0.009760413482391246,6
2024-03-29 15:00:00,69,2.0,1.0,0.7127643159930664,6
2024-03-23 05:00:00,126,1.0,0.0,0.20187027141689418,6
2024-03-25 12:00:00,30,0.0,0.0,0.006358559143568187,6
2024-03-22 08:00:00,137,59.0,55.0,55.81921114240871,6
2024-03-26 00:00:00,150,0.0,0.0,0.05219810104672965,6
2024-03-29 04:00:00,169,0.0,0.0,0.20759835328568618,6
2024-03-24 13:00:00,212,1.0,1.0,0.43161009475484335,6
2024-03-18 05:00:00,217,0.0,1.0,0.23292354367429757,6
2024-03-19 23:00:00,82,2.0,1.0,1.1284833624752848,6
2024-03-26 02:00:00,42,1.0,0.0,0.8384424943474067,6
2024-03-21 15:00:00,135,0.0,0.0,0.23365100137291306,6
2024-03-20 23:00:00,205,0.0,0.0,0.30860962254906643,6
2024-03-18 16:00:00,128,0.0,0.0,0.07871915463554635,6
2024-03-25 15:00:00,202,0.0,1.0,0.4330699607254869,6
2024-03-31 15:00:00,93,0.0,2.0,1.159522304138338,6
2024-03-26 04:00:00,231,1.0,3.0,3.0101624684073482,6
2024-03-27 16:00:00,247,1.0,2.0,1.0272062387397332,6
2024-03-19 10:00:00,187,0.0,0.0,0.009564039666481809,6
2024-03-26 23:00:00,219,0.0,0.0,0.7163027212960401,6
2024-03-26 11:00:00,9,0.0,0.0,0.1808451735711827,6
2024-03-28 13:00:00,1,2.0,1.0,0.9318607274046979,6
2024-03-29 10:00:00,114,25.0,20.0,28.542910216891308,6
2024-03-20 02:00:00,205,0.0,0.0,0.07974719606010468,6
2024-03-22 15:00:00,169,1.0,0.0,0.5261039078634314,6
2024-03-26 00:00:00,123,0.0,0.0,0.13649363473960555,6
2024-03-20 19:00:00,169,0.0,1.0,0.2181291172181199,6
2024-03-21 09:00:00,114,29.0,24.0,28.242199344050892,6
2024-03-30 16:00:00,176,0.0,0.0,0.004535922356163424,6
2024-03-24 07:00:00,247,6.0,1.0,1.1291024057876136,6
2024-03-25 02:00:00,93,1.0,0.0,0.18683534047979558,6
2024-03-23 17:00:00,253,0.0,0.0,0.04599834405868858,6
2024-03-30 16:00:00,253,0.0,0.0,0.015672786374814222,6
2024-03-19 15:00:00,23,0.0,0.0,0.013623548215227165,6
2024-03-23 04:00:00,41,1.0,1.0,2.6733804513204458,6
2024-03-19 08:00:00,178,0.0,0.0,0.17071230444694047,6
2024-03-30 18:00:00,231,97.0,77.0,119.00940407220587,6
2024-03-29 13:00:00,254,1.0,2.0,0.9900094030647689,6
2024-03-21 19:00:00,184,0.0,0.0,0.034782026128704784,6
2024-03-25 11:00:00,226,6.0,3.0,4.545350873387457,6
2024-03-28 13:00:00,155,1.0,1.0,0.7557431958474881,6
2024-03-27 16:00:00,69,0.0,1.0,0.8785972368770589,6
2024-03-28 20:00:00,261,56.0,55.0,37.333270507787475,6
2024-03-28 21:00:00,174,0.0,0.0,0.07165853722348839,6
2024-03-22 23:00:00,25,13.0,4.0,4.372145381539577,6
2024-03-18 04:00:00,21,0.0,0.0,0.07918295883578255,6
2024-03-22 12:00:00,141,132.0,194.0,162.2233523704101,6
2024-03-30 02:00:00,59,0.0,0.0,0.004003192572418561,6
2024-03-27 16:00:00,169,0.0,1.0,0.4246841215984186,6
2024-03-27 00:00:00,13,5.0,4.0,6.854272929927374,6
2024-03-18 08:00:00,55,1.0,0.0,1.3295944759671865,6
2024-03-31 14:00:00,46,0.0,0.0,0.023417694547339014,6
2024-03-19 14:00:00,190,0.0,0.0,0.15548672451790718,6
2024-03-18 21:00:00,151,20.0,9.0,20.825163692835048,6
2024-03-22 14:00:00,84,0.0,0.0,0.004543796989686169,6
2024-03-31 14:00:00,250,0.0,1.0,0.31577533788707124,6
2024-03-19 21:00:00,237,418.0,409.0,305.8547640358206,6
2024-03-18 04:00:00,78,0.0,0.0,0.23318006946811157,6
2024-03-25 20:00:00,257,0.0,1.0,0.08636719512645542,6
2024-03-23 10:00:00,105,0.0,0.0,0.004695302403195602,6
2024-03-24 00:00:00,22,0.0,0.0,0.0927264251878071,6
2024-03-20 09:00:00,225,2.0,0.0,1.958893043325901,6
2024-03-30 19:00:00,71,2.0,2.0,0.5671033309984747,6
2024-03-27 23:00:00,124,3.0,0.0,0.14103812021720333,6
2024-03-28 06:00:00,202,0.0,0.0,0.46508933860568463,6
2024-03-29 15:00:00,249,96.0,85.0,104.3325857366992,6
2024-03-19 20:00:00,88,32.0,28.0,21.544541914561062,6
2024-03-31 22:00:00,23,0.0,0.0,0.010386594250513838,6
2024-03-25 00:00:00,151,2.0,3.0,7.835401191837748,6
2024-03-25 23:00:00,259,0.0,0.0,0.08526552898242552,6
2024-03-29 05:00:00,218,2.0,1.0,1.1281173984934447,6
2024-03-21 06:00:00,259,1.0,1.0,0.8507907162437354,6
2024-03-28 21:00:00,147,0.0,0.0,0.06738912326641149,6
2024-03-31 15:00:00,254,1.0,1.0,0.6408779461327803,6
2024-03-30 09:00:00,170,100.0,103.0,100.53613136879481,6
2024-03-21 09:00:00,206,0.0,0.0,0.004929037271912086,6
2024-03-25 00:00:00,86,1.0,0.0,0.06850281025949811,6
2024-03-22 22:00:00,2,0.0,0.0,0.010754439375919769,6
2024-03-20 14:00:00,16,0.0,1.0,0.17944042147469821,6
2024-03-25 18:00:00,207,0.0,0.0,0.13182422662536492,6
2024-03-18 05:00:00,49,2.0,0.0,0.5542611660876217,6
2024-03-31 12:00:00,219,1.0,2.0,0.6806215520112171,6
2024-03-25 00:00:00,45,3.0,0.0,3.8146174204920684,6
2024-03-23 00:00:00,45,30.0,15.0,17.084761386362864,6
2024-03-23 04:00:00,221,0.0,0.0,0.005302101001964325,6
2024-03-26 21:00:00,89,0.0,0.0,1.139783550886059,6
2024-03-23 14:00:00,216,0.0,5.0,2.3487526619441152,6
2024-03-29 17:00:00,231,110.0,118.0,110.63577896266727,6
2024-03-26 12:00:00,81,1.0,0.0,0.4309709177294639,6
2024-03-29 08:00:00,37,2.0,0.0,1.466741503887585,6
2024-03-29 09:00:00,19,0.0,2.0,0.3087743706272418,6
2024-03-21 11:00:00,72,0.0,2.0,1.6497609049496262,6
2024-03-21 00:00:00,230,107.0,89.0,99.96602202026995,6
2024-03-26 09:00:00,105,0.0,0.0,0.004325991316776917,6
2024-03-18 05:00:00,236,26.0,24.0,16.869264196738225,6
2024-03-25 18:00:00,237,271.0,304.0,319.3264713418627,6
2024-03-19 11:00:00,238,128.0,136.0,136.83296575935202,6
2024-03-24 19:00:00,171,0.0,1.0,0.06884118151284191,6
2024-03-21 10:00:00,202,0.0,2.0,0.567748128041077,6
2024-03-23 05:00:00,259,0.0,0.0,0.2124221161929446,6
2024-03-26 06:00:00,144,5.0,3.0,7.568101079329635,6
2024-03-21 12:00:00,90,113.0,95.0,93.56778037864825,6
2024-03-22 23:00:00,263,103.0,85.0,114.44263236383753,6
2024-03-23 22:00:00,114,254.0,237.0,226.0151263409729,6
2024-03-25 09:00:00,128,0.0,0.0,0.09337304212482991,6
2024-03-24 02:00:00,114,381.0,304.0,366.9100663326485,6
2024-03-26 00:00:00,85,0.0,0.0,0.10350209785459491,6
2024-03-26 20:00:00,163,306.0,359.0,241.26000021697564,6
2024-03-25 19:00:00,215,0.0,0.0,1.2382442157394578,6
2024-03-23 13:00:00,84,0.0,0.0,0.004623152008369578,6
2024-03-19 15:00:00,60,0.0,0.0,0.23821020229992323,6
2024-03-22 20:00:00,72,0.0,1.0,0.5455600524203696,6
2024-03-31 21:00:00,89,1.0,0.0,0.867573689237619,6
2024-03-22 16:00:00,36,0.0,0.0,0.4658562339525249,6
2024-03-28 21:00:00,184,0.0,0.0,0.00999336410422286,6
2024-03-25 06:00:00,152,5.0,4.0,2.572844223566628,6
2024-03-31 12:00:00,5,0.0,0.0,0.004592407155290094,6
2024-03-18 05:00:00,147,0.0,0.0,0.20562013026789952,6
2024-03-31 12:00:00,105,0.0,0.0,0.004592407155290094,6
2024-03-30 09:00:00,37,1.0,5.0,1.2089275146194842,6
2024-03-30 16:00:00,216,4.0,2.0,2.2819376777868867,6
2024-03-29 22:00:00,257,0.0,0.0,0.12888268295707714,6
2024-03-30 06:00:00,89,0.0,1.0,1.0717998964570634,6
2024-03-26 22:00:00,143,45.0,50.0,43.92776714318642,6
2024-03-28 21:00:00,209,23.0,29.0,16.913844433154082,6
2024-03-29 10:00:00,189,2.0,1.0,0.8023105641634246,6
2024-03-23 21:00:00,237,266.0,254.0,166.26893863432798,6
2024-03-24 03:00:00,37,1.0,6.0,2.7539891424937446,6
2024-03-29 11:00:00,129,4.0,1.0,1.7703319819444352,6
2024-03-31 23:00:00,132,398.0,655.0,337.92456940107496,6
2024-03-24 19:00:00,53,1.0,1.0,0.06951703862944833,6
2024-03-30 04:00:00,215,1.0,1.0,0.5683136378200022,6
2024-03-18 20:00:00,5,0.0,0.0,0.004327918810346674,6
2024-03-20 04:00:00,56,0.0,0.0,0.19858974023688888,6
2024-03-20 09:00:00,99,0.0,0.0,0.004359387483786219,6
2024-03-19 04:00:00,93,0.0,0.0,0.34433531521624894,6
2024-03-29 19:00:00,4,14.0,28.0,16.623233054828372,6
2024-03-28 02:00:00,143,0.0,4.0,2.686455745767716,6
2024-03-28 05:00:00,74,7.0,6.0,5.536281340521298,6
2024-03-20 00:00:00,24,1.0,2.0,3.2229278988962355,6
2024-03-27 06:00:00,136,0.0,0.0,0.406760324979509,6
2024-03-20 06:00:00,9,0.0,0.0,0.14946263802684395,6
2024-03-25 00:00:00,229,16.0,11.0,20.796609274880844,6
2024-03-23 00:00:00,221,0.0,0.0,0.007340728640487717,6
2024-03-23 17:00:00,211,58.0,96.0,90.1230887994721,6
2024-03-29 10:00:00,162,163.0,202.0,173.51428526991853,6
2024-03-27 13:00:00,37,0.0,2.0,1.3492701705003798,6
2024-03-23 15:00:00,206,0.0,0.0,0.005336017943193074,6
2024-03-28 17:00:00,147,0.0,0.0,0.17983241070479375,6
2024-03-22 12:00:00,70,53.0,40.0,29.736184128677795,6
2024-03-18 03:00:00,43,0.0,0.0,1.4215648384320003,6
2024-03-19 14:00:00,85,1.0,0.0,0.6077665358328337,6
2024-03-26 10:00:00,17,0.0,0.0,1.4594371659546166,6
2024-03-31 09:00:00,158,10.0,8.0,15.089740550804686,6
2024-03-24 10:00:00,239,187.0,151.0,184.6204045343569,6
2024-03-26 09:00:00,28,1.0,0.0,1.0518141020862322,6
2024-03-31 04:00:00,225,2.0,0.0,0.8599577333333169,6
2024-03-27 22:00:00,169,0.0,0.0,0.15933223299615085,6
2024-03-28 23:00:00,101,0.0,0.0,0.09167624893102556,6
2024-03-25 19:00:00,27,0.0,0.0,0.010795615413236143,6
2024-03-28 16:00:00,168,3.0,1.0,2.384439237607935,6
2024-03-26 23:00:00,146,3.0,2.0,1.3893431170208062,6
2024-03-31 13:00:00,198,0.0,4.0,0.6256277659503306,6
2024-03-28 05:00:00,176,0.0,0.0,0.004300552377387813,6
2024-03-29 15:00:00,184,0.0,0.0,0.012411314446222954,6
2024-03-18 18:00:00,56,1.0,0.0,0.3241060283348359,6
2024-03-28 09:00:00,152,9.0,3.0,4.7881266881956535,6
2024-03-30 09:00:00,224,7.0,21.0,13.594933007001552,6
2024-03-24 09:00:00,230,151.0,82.0,98.559705357185,6
2024-03-26 19:00:00,172,0.0,0.0,0.007040620745024488,6
2024-03-18 21:00:00,237,293.0,364.0,212.80610403388926,6
2024-03-18 10:00:00,89,6.0,7.0,1.98158535651676,6
2024-03-19 13:00:00,84,0.0,0.0,0.0044649652797378115,6
2024-03-23 12:00:00,99,0.0,0.0,0.004755511661975081,6
2024-03-26 02:00:00,169,0.0,0.0,0.05833394387210868,6
2024-03-30 09:00:00,180,0.0,0.0,0.10764257286597112,6
2024-03-26 13:00:00,113,79.0,63.0,79.06377780855127,6
2024-03-30 06:00:00,146,1.0,1.0,1.5889389246448369,6
2024-03-25 13:00:00,123,2.0,4.0,0.4680722795484901,6
2024-03-26 00:00:00,143,5.0,3.0,8.79808754675025,6
2024-03-20 00:00:00,101,0.0,0.0,0.06579027549090617,6
2024-03-23 15:00:00,117,2.0,1.0,0.3608512726153878,6
2024-03-20 11:00:00,244,8.0,8.0,5.654232984687821,6
2024-03-20 11:00:00,109,0.0,0.0,0.0043901150763147635,6
2024-03-22 03:00:00,9,0.0,0.0,0.025432368860343283,6
2024-03-24 21:00:00,137,45.0,39.0,34.15245918914816,6
2024-03-22 03:00:00,88,1.0,0.0,1.3856451547384523,6
2024-03-21 09:00:00,185,0.0,0.0,0.37498106319525015,6
2024-03-28 00:00:00,142,35.0,31.0,43.85631588621455,6
2024-03-25 02:00:00,131,0.0,0.0,0.04449356684584385,6
2024-03-19 15:00:00,22,0.0,0.0,0.2790194656639588,6
2024-03-30 19:00:00,114,116.0,120.0,159.70192138050297,6
2024-03-19 18:00:00,91,0.0,1.0,0.6960682465136069,6
2024-03-29 05:00:00,261,2.0,1.0,1.8887740170986846,6
2024-03-28 17:00:00,63,0.0,0.0,0.30371571105468564,6
2024-03-26 23:00:00,54,0.0,0.0,0.12794792281194653,6
2024-03-20 10:00:00,35,3.0,0.0,1.946955189506251,6
2024-03-29 14:00:00,106,0.0,1.0,0.5685966660723549,6
2024-03-29 02:00:00,117,0.0,0.0,0.04460501217837875,6
2024-03-26 11:00:00,264,15.0,17.0,16.533606725108836,6
2024-03-22 14:00:00,102,1.0,0.0,0.2984532627714055,6
2024-03-21 13:00:00,122,0.0,0.0,0.2198725230675997,6
2024-03-22 08:00:00,258,2.0,2.0,0.7665935107605086,6
2024-03-18 02:00:00,82,1.0,1.0,0.33512386801421196,6
2024-03-26 02:00:00,92,0.0,0.0,0.07139444536745593,6
2024-03-23 06:00:00,182,1.0,0.0,0.8165613122186475,6
2024-03-26 17:00:00,188,1.0,2.0,2.196073276471039,6
2024-03-30 15:00:00,236,249.0,339.0,301.38087650352014,6
2024-03-25 10:00:00,6,0.0,0.0,0.11510248326971698,6
2024-03-25 00:00:00,162,19.0,16.0,29.143982552308145,6
2024-03-30 19:00:00,17,4.0,4.0,1.356358995507984,6
2024-03-20 04:00:00,22,1.0,0.0,0.09083668356434212,6
2024-03-27 18:00:00,163,395.0,343.0,348.94860341826313,6
2024-03-25 10:00:00,196,0.0,2.0,0.6347134971606726,6
2024-03-20 10:00:00,58,0.0,0.0,0.016393005964189144,6
2024-03-24 11:00:00,70,10.0,12.0,18.813033540139305,6
2024-03-31 17:00:00,77,1.0,0.0,0.23843387352007955,6
2024-03-20 19:00:00,264,20.0,31.0,25.4682817800333,6
2024-03-20 17:00:00,99,0.0,0.0,0.004517670743315871,6
2024-03-25 04:00:00,252,0.0,0.0,0.09388409605095085,6
2024-03-26 19:00:00,114,73.0,80.0,81.27227206086842,6
2024-03-19 12:00:00,141,150.0,152.0,153.6696816574488,6
2024-03-26 23:00:00,238,14.0,19.0,26.004144762902513,6
2024-03-27 07:00:00,170,102.0,114.0,105.15355224201808,6
2024-03-21 19:00:00,56,0.0,0.0,0.25273240339258746,6
2024-03-22 21:00:00,130,0.0,0.0,1.3973137240867788,6
2024-03-27 09:00:00,94,0.0,0.0,0.3353330242736746,6
2024-03-21 22:00:00,36,1.0,0.0,0.36161185351235703,6
2024-03-30 13:00:00,223,2.0,0.0,1.6805240575135674,6
2024-03-23 09:00:00,128,0.0,0.0,0.04826531553263021,6
2024-03-24 20:00:00,187,0.0,0.0,0.008845079343290539,6
2024-03-24 01:00:00,20,0.0,0.0,0.045904677950545585,6
2024-03-19 23:00:00,236,34.0,54.0,49.54211080271644,6
2024-03-30 10:00:00,236,186.0,189.0,236.74190855297337,6
2024-03-21 14:00:00,241,1.0,0.0,0.46398393500987095,6
2024-03-23 05:00:00,117,0.0,0.0,0.28893223881193714,6
2024-03-30 07:00:00,3,0.0,1.0,0.1686734464395934,6
2024-03-20 12:00:00,127,0.0,1.0,0.901337720417693,6
2024-03-26 05:00:00,4,3.0,0.0,1.3663900868979184,6
2024-03-28 02:00:00,242,0.0,0.0,0.027003239473664738,6
2024-03-30 02:00:00,169,1.0,0.0,0.061931275247281974,6
2024-03-25 02:00:00,20,0.0,0.0,0.030081323973116796,6
2024-03-24 13:00:00,247,1.0,2.0,1.1525528736429653,6
2024-03-23 13:00:00,214,0.0,0.0,0.011460528023546225,6
2024-03-25 02:00:00,37,0.0,0.0,0.4367815315081202,6
2024-03-28 15:00:00,40,0.0,0.0,0.8290561122132095,6
2024-03-23 23:00:00,239,150.0,212.0,151.0099630970054,6
2024-03-18 04:00:00,193,0.0,0.0,0.5277234494129489,6
2024-03-29 23:00:00,215,0.0,3.0,1.4413876885374437,6
2024-03-24 04:00:00,189,0.0,3.0,0.5104219570702271,6
2024-03-30 23:00:00,60,0.0,0.0,0.10961057555703874,6
2024-03-29 02:00:00,9,0.0,0.0,0.02207546977249141,6
2024-03-27 00:00:00,54,0.0,0.0,0.09010122464550875,6
2024-03-23 06:00:00,35,0.0,0.0,1.1641884509845788,6
2024-03-28 10:00:00,123,0.0,2.0,0.670514333746063,6
2024-03-19 03:00:00,45,0.0,0.0,0.622332981770976,6
2024-03-27 23:00:00,94,0.0,0.0,0.06826004409907394,6
2024-03-29 06:00:00,259,0.0,0.0,0.7783169845398719,6
2024-03-25 21:00:00,123,0.0,0.0,0.11799434849526419,6
2024-03-21 16:00:00,100,108.0,109.0,108.47358242596732,6
2024-03-18 13:00:00,124,0.0,0.0,0.27586724932266443,6
2024-03-26 09:00:00,124,0.0,1.0,0.3818817569763722,6
2024-03-22 11:00:00,241,0.0,0.0,0.5422402274126639,6
2024-03-24 16:00:00,69,0.0,0.0,0.8366758576981576,6
2024-03-26 00:00:00,95,0.0,0.0,0.5704169936672796,6
2024-03-18 17:00:00,247,2.0,0.0,0.9268084853439729,6
2024-03-21 02:00:00,111,0.0,0.0,0.0038060211373094426,6
2024-03-19 00:00:00,4,3.0,2.0,4.826006890052039,6
2024-03-25 09:00:00,169,2.0,1.0,0.7057540301241296,6
2024-03-25 23:00:00,18,0.0,0.0,0.15674087455094196,6
2024-03-20 11:00:00,171,0.0,0.0,0.2271421700923536,6
2024-03-23 05:00:00,49,0.0,0.0,0.5178410210743962,6
2024-03-24 13:00:00,128,0.0,0.0,0.07634185438760159,6
2024-03-22 05:00:00,109,0.0,0.0,0.004147114671257665,6
2024-03-31 02:00:00,113,84.0,83.0,88.93523129285104,6
2024-03-18 21:00:00,82,1.0,0.0,0.8584667278877589,6
2024-03-25 14:00:00,259,0.0,0.0,0.2518843537971929,6
2024-03-21 23:00:00,156,0.0,0.0,0.004326194347951698,6
2024-03-22 07:00:00,223,2.0,0.0,1.6464452013618498,6
2024-03-27 16:00:00,86,1.0,0.0,0.34868884887723856,6
2024-03-27 20:00:00,41,19.0,11.0,13.826275555487967,6
2024-03-29 12:00:00,159,2.0,1.0,0.9827600948197942,6
2024-03-28 15:00:00,45,14.0,17.0,10.970693441853621,6
2024-03-27 14:00:00,3,0.0,0.0,0.37786073654405516,6
2024-03-27 21:00:00,5,0.0,0.0,0.004283576649884092,6
2024-03-27 16:00:00,196,0.0,1.0,0.6961574342020143,6
2024-03-30 16:00:00,170,123.0,186.0,196.88276137274693,6
2024-03-18 14:00:00,201,1.0,0.0,0.16463717865261127,6
2024-03-30 04:00:00,62,0.0,0.0,0.5688445925623502,6
2024-03-18 19:00:00,246,81.0,90.0,98.01232168120859,6
2024-03-23 09:00:00,232,7.0,4.0,4.388648225193569,6
2024-03-23 14:00:00,261,49.0,58.0,51.904367698054216,6
2024-03-29 05:00:00,112,0.0,1.0,0.5128405960310863,6
2024-03-23 04:00:00,199,0.0,0.0,0.0040677751914154755,6
2024-03-27 22:00:00,137,49.0,62.0,55.407371434234975,6
2024-03-28 12:00:00,83,0.0,0.0,0.398581257698394,6
2024-03-29 16:00:00,117,0.0,0.0,0.4033117102132775,6
2024-03-29 03:00:00,180,0.0,0.0,0.06298634424172944,6
2024-03-25 09:00:00,129,0.0,1.0,1.7237905493655483,6
2024-03-24 03:00:00,204,0.0,0.0,0.0038828234310253075,6
2024-03-29 21:00:00,39,1.0,0.0,1.0073292749538725,6
2024-03-24 08:00:00,265,1.0,1.0,2.0562648823596033,6
2024-03-18 18:00:00,210,0.0,0.0,0.2824579938931705,6
2024-03-25 12:00:00,23,0.0,0.0,0.011599992395356109,6
2024-03-21 23:00:00,153,0.0,0.0,0.0717906535621833,6
2024-03-23 03:00:00,91,0.0,0.0,0.280656911347269,6
2024-03-19 22:00:00,218,0.0,0.0,0.2350162566423852,6
2024-03-25 15:00:00,177,1.0,1.0,0.8646543910757423,6
2024-03-29 22:00:00,146,0.0,2.0,1.8539851559803706,6
2024-03-19 21:00:00,127,0.0,0.0,0.30740290644201945,6
2024-03-22 15:00:00,35,1.0,1.0,1.613939789094285,6
2024-03-19 23:00:00,45,5.0,3.0,5.083083382165558,6
2024-03-23 22:00:00,93,4.0,1.0,1.3209104361890402,6
2024-03-26 10:00:00,27,0.0,0.0,0.010858067597661636,6
2024-03-24 07:00:00,260,2.0,2.0,1.1983433444085323,6
2024-03-30 21:00:00,93,2.0,2.0,1.055761527086578,6
2024-03-21 12:00:00,12,7.0,9.0,3.1202277725901784,6
2024-03-31 20:00:00,225,4.0,0.0,0.739547046744352,6
2024-03-18 10:00:00,56,0.0,1.0,0.6481982812829258,6
2024-03-22 22:00:00,16,0.0,0.0,0.07479541226407281,6
2024-03-31 23:00:00,57,0.0,0.0,0.048007998126889974,6
2024-03-20 18:00:00,136,0.0,0.0,0.15011937182911034,6
2024-03-30 07:00:00,166,3.0,8.0,11.647016193770575,6
2024-03-23 12:00:00,263,154.0,173.0,183.27116669399047,6
2024-03-24 18:00:00,229,93.0,106.0,109.02477914673747,6
2024-03-18 12:00:00,10,0.0,2.0,2.7707540633343903,6
2024-03-18 13:00:00,100,77.0,79.0,75.70474440042469,6
2024-03-22 15:00:00,120,0.0,0.0,0.02727770830004484,6
2024-03-31 08:00:00,96,0.0,0.0,0.015756781111664203,6
2024-03-29 19:00:00,237,291.0,308.0,349.2214043031883,6
2024-03-18 07:00:00,143,64.0,64.0,67.80856609579426,6
2024-03-27 08:00:00,144,16.0,14.0,29.613097213450146,6
2024-03-18 04:00:00,99,0.0,0.0,0.003739866099448928,6
2024-03-30 20:00:00,245,0.0,0.0,0.007848466408137363,6
2024-03-29 15:00:00,116,5.0,4.0,6.551508563085699,6
2024-03-29 21:00:00,203,0.0,0.0,0.0778323074749391,6
2024-03-18 02:00:00,242,0.0,0.0,0.026259523700143766,6
2024-03-27 14:00:00,72,1.0,1.0,1.2492400614653856,6
2024-03-22 15:00:00,85,0.0,1.0,0.6257397176779229,6
2024-03-26 19:00:00,14,2.0,1.0,0.48920214076803215,6
2024-03-28 10:00:00,171,0.0,0.0,0.2783643255903586,6
2024-03-24 21:00:00,128,0.0,0.0,0.0496192444967986,6
2024-03-20 11:00:00,39,3.0,2.0,1.6624134156657664,6
2024-03-22 00:00:00,222,0.0,0.0,0.1038712911192488,6
2024-03-28 00:00:00,33,1.0,0.0,0.7860712664152871,24
2024-03-20 07:00:00,165,1.0,1.0,0.7905659264384882,24
2024-03-24 19:00:00,177,0.0,0.0,0.6802189525692891,24
2024-03-25 17:00:00,199,0.0,0.0,0.004372647285653913,24
2024-03-20 19:00:00,176,0.0,0.0,0.003784645512929502,24
2024-03-21 20:00:00,230,460.0,373.0,353.341816557835,24
2024-03-26 22:00:00,181,1.0,13.0,4.25510031619413,24
2024-03-21 22:00:00,124,0.0,0.0,0.1660119342661992,24
2024-03-25 05:00:00,185,0.0,0.0,0.2199069951244998,24
2024-03-22 14:00:00,161,379.0,397.0,396.36807589622794,24
2024-03-29 02:00:00,254,0.0,0.0,0.09752216952561943,24
2024-03-21 20:00:00,251,0.0,0.0,0.00614808324139857,24
2024-03-21 10:00:00,38,0.0,0.0,0.412418560556067,24
2024-03-22 12:00:00,140,155.0,165.0,159.73102111086646,24
2024-03-19 00:00:00,83,0.0,0.0,0.16709417907067267,24
2024-03-21 18:00:00,52,1.0,1.0,1.3542464380619372,24
2024-03-21 08:00:00,5,0.0,0.0,0.0037574448437247324,24
2024-03-24 22:00:00,126,0.0,0.0,0.13901468142987528,24
2024-03-26 01:00:00,64,0.0,0.0,0.036649963679421256,24
2024-03-19 03:00:00,134,0.0,0.0,0.10039110941470375,24
2024-03-27 01:00:00,38,0.0,0.0,0.033015432612810806,24
2024-03-23 03:00:00,224,0.0,4.0,6.286381169505243,24
2024-03-18 16:00:00,101,0.0,0.0,0.08461480669948573,24
2024-03-31 20:00:00,133,1.0,0.0,0.23725131175240988,24
2024-03-18 18:00:00,193,2.0,14.0,3.9890921785237867,24
2024-03-26 00:00:00,114,45.0,29.0,40.149478988142405,24
2024-03-30 14:00:00,221,0.0,0.0,0.007241953583056815,24
2024-03-27 10:00:00,38,1.0,0.0,0.47252452969175734,24
2024-03-23 10:00:00,124,0.0,0.0,0.23910225587207354,24
2024-03-23 05:00:00,147,0.0,0.0,0.1344704228758538,24
2024-03-28 05:00:00,109,0.0,0.0,0.0037048683932143964,24
2024-03-25 00:00:00,54,0.0,0.0,0.0831450179717033,24
2024-03-19 22:00:00,189,1.0,3.0,0.8636180565604428,24
2024-03-22 18:00:00,16,0.0,0.0,0.11136029535382927,24
2024-03-22 08:00:00,220,0.0,0.0,0.43182410970498464,24
2024-03-24 18:00:00,80,5.0,1.0,1.5879574434454269,24
2024-03-21 17:00:00,81,0.0,0.0,0.21601834197567465,24
2024-03-24 11:00:00,100,69.0,74.0,71.459449688127,24
2024-03-22 08:00:00,115,0.0,0.0,0.006076711881409444,24
2024-03-28 05:00:00,172,0.0,0.0,0.008187679463208803,24
2024-03-18 05:00:00,189,0.0,0.0,0.4778823027644525,24
2024-03-31 17:00:00,162,224.0,175.0,176.91314314785757,24
2024-03-21 07:00:00,199,0.0,0.0,0.004369335387852751,24
2024-03-19 17:00:00,12,7.0,0.0,3.5166100291174254,24
2024-03-21 09:00:00,101,0.0,0.0,0.09637716937417144,24
2024-03-23 22:00:00,164,152.0,251.0,145.26362582640996,24
2024-03-25 09:00:00,191,1.0,2.0,0.7248904325894074,24
2024-03-26 12:00:00,246,94.0,66.0,88.73345370271835,24
2024-03-18 06:00:00,255,0.0,1.0,1.4295795563044,24
2024-03-22 03:00:00,67,0.0,0.0,0.03560486970220449,24
2024-03-28 14:00:00,226,8.0,5.0,5.506732406658927,24
2024-03-31 23:00:00,212,0.0,0.0,0.15789115585709348,24
2024-03-29 23:00:00,227,1.0,0.0,0.14367762889594357,24
2024-03-21 16:00:00,38,0.0,0.0,0.21803554708238893,24
2024-03-18 05:00:00,234,4.0,4.0,13.774098991522642,24
2024-03-20 15:00:00,33,2.0,2.0,4.302194993840975,24
2024-03-25 11:00:00,49,1.0,1.0,1.274471941481644,24
2024-03-22 05:00:00,194,0.0,0.0,0.176652255509101,24
2024-03-22 14:00:00,95,3.0,0.0,1.5875033964149787,24
2024-03-23 22:00:00,145,5.0,4.0,3.591753416848414,24
2024-03-19 19:00:00,19,0.0,0.0,0.13353692161055739,24
2024-03-31 11:00:00,132,158.0,132.0,130.779579594965,24
2024-03-31 03:00:00,27,0.0,0.0,0.008807356699888975,24
2024-03-26 03:00:00,207,0.0,0.0,0.026186088436059872,24
2024-03-20 23:00:00,173,0.0,0.0,0.09864149008302898,24
2024-03-19 23:00:00,229,35.0,57.0,53.775683540570576,24
2024-03-22 04:00:00,23,0.0,0.0,0.008905405224015079,24
2024-03-21 23:00:00,85,0.0,0.0,0.3160901174270235,24
2024-03-25 19:00:00,117,1.0,0.0,0.14419396678011898,24
2024-03-25 04:00:00,45,0.0,2.0,1.5759340815194927,24
2024-03-26 17:00:00,201,0.0,0.0,0.15871986195914986,24
2024-03-18 04:00:00,60,0.0,0.0,0.14579589226673179,24
2024-03-25 13:00:00,75,36.0,35.0,44.60844543982429,24
2024-03-18 20:00:00,252,0.0,0.0,0.124747977206613,24
2024-03-24 00:00:00,196,1.0,0.0,0.26381420263412675,24
2024-03-27 12:00:00,72,2.0,3.0,2.157668998078066,24
2024-03-22 11:00:00,38,1.0,0.0,0.3475059524890625,24
2024-03-27 01:00:00,187,0.0,0.0,0.007057755147899801,24
2024-03-18 07:00:00,194,1.0,0.0,0.35557016209423703,24
2024-03-28 04:00:00,226,1.0,0.0,1.8900496691327056,24
2024-03-25 06:00:00,56,0.0,1.0,0.8681485721146087,24
2024-03-18 00:00:00,65,0.0,0.0,1.9006153392969287,24
2024-03-25 15:00:00,99,0.0,0.0,0.003710292820174222,24
2024-03-19 12:00:00,181,5.0,3.0,2.702407029014175,24
2024-03-29 13:00:00,32,1.0,1.0,0.42534287776583124,24
2024-03-29 12:00:00,140,133.0,155.0,161.57591804626335,24
2024-03-21 13:00:00,252,0.0,0.0,0.24831248146315155,24
2024-03-24 09:00:00,206,0.0,0.0,0.00534446066582127,24
2024-03-29 14:00:00,212,1.0,1.0,0.6146996565991784,24
2024-03-19 19:00:00,204,0.0,0.0,0.0037299727913352207,24
2024-03-24 04:00:00,52,0.0,0.0,0.30090009917187766,24
2024-03-28 08:00:00,12,1.0,0.0,0.7656834324922246,24
2024-03-26 10:00:00,200,1.0,1.0,0.2712703660790638,24
2024-03-31 07:00:00,2,0.0,0.0,0.0038750670372754118,24
2024-03-31 09:00:00,108,0.0,0.0,0.25158081623592154,24
2024-03-25 02:00:00,47,0.0,0.0,0.04648600929345505,24
2024-03-18 02:00:00,255,1.0,0.0,1.1194765664635826,24
2024-03-20 04:00:00,77,0.0,0.0,0.3602647866490022,24
2024-03-21 10:00:00,259,0.0,0.0,0.5240426889282278,24
2024-03-25 09:00:00,52,4.0,4.0,1.3519750053851745,24
2024-03-19 08:00:00,107,145.0,135.0,120.97644053166441,24
2024-03-26 04:00:00,60,0.0,0.0,0.15889514266719817,24
2024-03-22 17:00:00,24,26.0,18.0,20.266927281150803,24
2024-03-22 11:00:00,233,77.0,98.0,74.02159976649325,24
2024-03-30 01:00:00,154,0.0,2.0,0.03837156517127413,24
2024-03-23 19:00:00,30,0.0,0.0,0.00846542413013624,24
2024-03-18 15:00:00,176,0.0,0.0,0.003710292820174222,24
2024-03-18 20:00:00,208,0.0,1.0,0.15226881767371667,24
2024-03-30 11:00:00,20,0.0,0.0,0.18545510546938607,24
2024-03-25 15:00:00,89,3.0,5.0,2.1053564034213372,24
2024-03-30 04:00:00,63,0.0,0.0,0.2365066608957875,24
2024-03-30 10:00:00,170,137.0,139.0,120.92534790581291,24
2024-03-19 20:00:00,75,22.0,22.0,40.8035807204806,24
2024-03-22 07:00:00,26,0.0,0.0,0.7852403342958996,24
2024-03-23 11:00:00,55,1.0,1.0,0.6315713720905146,24
2024-03-23 13:00:00,230,237.0,223.0,221.13440670388712,24
2024-03-28 09:00:00,212,2.0,2.0,0.6161934648539801,24
2024-03-22 12:00:00,192,1.0,0.0,0.1751963565540061,24
2024-03-30 20:00:00,160,0.0,0.0,0.15490573033316796,24
2024-03-31 11:00:00,108,0.0,1.0,0.20518104796854117,24
2024-03-24 21:00:00,28,1.0,1.0,0.6204353671729249,24
2024-03-29 18:00:00,60,0.0,0.0,0.22909840823466102,24
2024-03-21 16:00:00,106,1.0,1.0,0.4130734766702089,24
2024-03-19 14:00:00,233,118.0,132.0,93.49852071406322,24
2024-03-21 09:00:00,27,0.0,0.0,0.01100925635415671,24
2024-03-29 06:00:00,210,0.0,0.0,1.0856638405842487,24
2024-03-24 18:00:00,210,0.0,0.0,0.24812772357277674,24
2024-03-21 18:00:00,160,0.0,0.0,0.24689631175894808,24
2024-03-23 16:00:00,220,0.0,0.0,0.1578342851037978,24
2024-03-24 07:00:00,171,0.0,0.0,0.22913303537310095,24
2024-03-23 06:00:00,173,0.0,0.0,0.12058562106907965,24
2024-03-27 22:00:00,128,0.0,0.0,0.07394680495713063,24
2024-03-27 17:00:00,26,1.0,0.0,0.51577303525544,24
2024-03-21 07:00:00,165,0.0,1.0,0.762295138454223,24
2024-03-30 03:00:00,170,22.0,25.0,28.738846263099585,24
2024-03-24 09:00:00,238,99.0,122.0,108.88571804445891,24
2024-03-20 01:00:00,87,2.0,1.0,3.6577885387649847,24
2024-03-22 13:00:00,156,0.0,0.0,0.0039002933344362803,24
2024-03-30 10:00:00,211,20.0,18.0,16.451571171419378,24
2024-03-24 01:00:00,221,0.0,0.0,0.0065972090055990236,24
2024-03-28 20:00:00,128,0.0,0.0,0.0707061563296186,24
2024-03-29 06:00:00,182,2.0,1.0,1.8308634143911378,24
2024-03-31 14:00:00,39,4.0,4.0,1.2706647564795355,24
2024-03-31 02:00:00,230,50.0,87.0,92.16320113314046,24
2024-03-27 18:00:00,246,284.0,185.0,185.42993708694496,24
2024-03-20 19:00:00,18,0.0,0.0,0.18581633984376336,24
2024-03-28 17:00:00,43,125.0,126.0,150.4733541079474,24
2024-03-24 16:00:00,143,58.0,42.0,62.35587998973817,24
2024-03-18 23:00:00,189,0.0,0.0,0.8339747162885077,24
2024-03-27 19:00:00,87,61.0,55.0,43.799834982170445,24
2024-03-24 19:00:00,165,1.0,0.0,0.1681312646371613,24
2024-03-21 22:00:00,260,1.0,0.0,0.7875459477174014,24
2024-03-18 02:00:00,211,4.0,0.0,2.5289330982066027,24
2024-03-21 06:00:00,89,2.0,4.0,1.5807860299102372,24
2024-03-28 16:00:00,144,88.0,54.0,62.5864074186257,24
2024-03-23 19:00:00,160,2.0,0.0,0.2430705884070004,24
2024-03-26 17:00:00,225,2.0,0.0,1.3102061158117972,24
2024-03-22 01:00:00,46,0.0,0.0,0.017246854372907877,24
2024-03-29 02:00:00,131,0.0,0.0,0.05935629176947492,24
2024-03-25 15:00:00,145,8.0,20.0,6.749470252262057,24
2024-03-31 19:00:00,136,0.0,0.0,0.1448170092420623,24
2024-03-25 02:00:00,107,5.0,9.0,10.654071826298344,24
2024-03-28 17:00:00,265,4.0,1.0,3.2395833301752353,24
2024-03-29 13:00:00,214,0.0,0.0,0.015844689897040458,24
2024-03-22 11:00:00,44,0.0,0.0,0.0039598828925659045,24
2024-03-18 10:00:00,167,0.0,0.0,0.8217881857153495,24
2024-03-22 18:00:00,126,0.0,0.0,0.3622634491535393,24
2024-03-20 19:00:00,85,1.0,2.0,0.3759366663616015,24
2024-03-22 04:00:00,263,13.0,15.0,7.5689686262329445,24
2024-03-22 19:00:00,79,199.0,194.0,179.56963429865965,24
2024-03-25 05:00:00,68,10.0,15.0,17.404654438409132,24
2024-03-22 08:00:00,202,1.0,2.0,0.543035925630949,24
2024-03-23 09:00:00,198,2.0,1.0,0.5593722553108222,24
2024-03-24 18:00:00,47,0.0,1.0,0.4385944213922062,24
2024-03-21 04:00:00,134,2.0,0.0,0.46788666486708635,24
2024-03-26 16:00:00,242,0.0,0.0,0.44412905246620865,24
2024-03-20 19:00:00,175,0.0,0.0,0.17241973004690814,24
2024-03-23 09:00:00,162,106.0,118.0,103.05812347589092,24
2024-03-23 14:00:00,108,0.0,0.0,0.21678778405259025,24
2024-03-23 08:00:00,249,24.0,46.0,37.68994765740437,24
2024-03-20 16:00:00,225,2.0,0.0,1.5982047325682531,24
2024-03-18 04:00:00,12,0.0,0.0,0.14617029831697245,24
2024-03-31 13:00:00,174,1.0,0.0,0.39944663521586043,24
2024-03-31 10:00:00,126,0.0,1.0,0.45890531740555274,24
2024-03-29 04:00:00,30,0.0,0.0,0.006428182705323292,24
2024-03-24 16:00:00,34,1.0,0.0,0.19184129145916576,24
2024-03-28 03:00:00,218,0.0,0.0,0.0918186752277382,24
2024-03-29 04:00:00,213,0.0,0.0,0.3057241500203566,24
2024-03-21 05:00:00,150,0.0,0.0,0.14880145589914698,24
2024-03-26 00:00:00,100,17.0,24.0,37.16011479299294,24
2024-03-30 23:00:00,72,0.0,0.0,0.38370552121931994,24
2024-03-26 00:00:00,8,0.0,0.0,0.020472439207857664,24
2024-03-20 20:00:00,187,0.0,0.0,0.00881702790855987,24
2024-03-29 20:00:00,152,13.0,6.0,8.417140975689831,24
2024-03-26 10:00:00,260,3.0,4.0,1.4179951959872925,24
2024-03-26 18:00:00,234,303.0,269.0,241.12199430836228,24
2024-03-18 10:00:00,44,0.0,0.0,0.0045718490434603735,24
2024-03-20 07:00:00,175,0.0,0.0,0.24096063131611636,24
2024-03-20 12:00:00,137,75.0,67.0,79.93250706487991,24
2024-03-24 19:00:00,262,49.0,41.0,59.15386700488244,24
2024-03-24 04:00:00,53,0.0,0.0,0.05188092984390497,24
2024-03-24 02:00:00,265,6.0,6.0,3.271093033502367,24
2024-03-27 22:00:00,37,1.0,0.0,0.6812002007270335,24
2024-03-21 14:00:00,5,0.0,0.0,0.003771863450705851,24
2024-03-24 14:00:00,10,3.0,3.0,2.650977536203197,24
2024-03-20 10:00:00,138,275.0,275.0,251.3248879539563,24
2024-03-28 11:00:00,113,85.0,83.0,69.39079912060531,24
2024-03-18 22:00:00,128,0.0,0.0,0.05070101843956951,24
2024-03-18 05:00:00,127,1.0,0.0,0.41126931780788384,24
2024-03-18 19:00:00,76,1.0,0.0,1.9520148997644644,24
2024-03-29 22:00:00,97,15.0,8.0,4.132082570648757,24
2024-03-31 20:00:00,69,1.0,2.0,0.36813810369877614,24
2024-03-23 13:00:00,168,1.0,1.0,1.6975510767151933,24
2024-03-28 22:00:00,128,1.0,0.0,0.07400603086944016,24
2024-03-27 07:00:00,52,3.0,2.0,2.6053246711291624,24
2024-03-30 04:00:00,224,12.0,4.0,2.6112044483136567,24
2024-03-20 14:00:00,73,0.0,0.0,0.07658210983184088,24
2024-03-28 06:00:00,214,0.0,0.0,0.014969007801855115,24
2024-03-22 05:00:00,34,0.0,0.0,0.15968330855790266,24
2024-03-29 21:00:00,61,2.0,1.0,1.3398562824857907,24
2024-03-31 18:00:00,60,0.0,2.0,0.15423916231108706,24
2024-03-28 06:00:00,56,0.0,0.0,0.9818628860127384,24
2024-03-29 10:00:00,67,1.0,0.0,0.333733788170144,24
2024-03-31 14:00:00,31,0.0,0.0,0.058832653646695876,24
2024-03-31 11:00:00,180,0.0,0.0,0.14397702005782875,24
2024-03-27 20:00:00,156,0.0,0.0,0.0037732221390796693,24
2024-03-24 15:00:00,46,0.0,0.0,0.025524899691985545,24
2024-03-22 18:00:00,4,9.0,9.0,15.454523753473872,24
2024-03-25 14:00:00,41,10.0,9.0,21.828558664983877,24
2024-03-22 16:00:00,232,4.0,5.0,7.036923156424573,24
2024-03-19 21:00:00,157,0.0,0.0,0.4405622117328696,24
2024-03-25 12:00:00,61,1.0,4.0,3.9181514703713627,24
2024-03-19 11:00:00,77,1.0,0.0,0.6507365346991847,24
2024-03-24 13:00:00,4,11.0,2.0,9.271685267841088,24
2024-03-27 22:00:00,179,0.0,0.0,0.5567351241370407,24
2024-03-23 18:00:00,85,0.0,0.0,0.43417228761988713,24
2024-03-20 18:00:00,189,2.0,0.0,1.3530052607826675,24
2024-03-20 12:00:00,144,27.0,25.0,30.790436414842997,24
2024-03-22 01:00:00,17,0.0,0.0,0.7552712690035768,24
2024-03-19 12:00:00,3,0.0,0.0,0.2888043341942652,24
2024-03-30 04:00:00,199,0.0,0.0,0.004147964619707158,24
2024-03-21 03:00:00,95,0.0,0.0,0.28931065069710693,24
2024-03-25 15:00:00,228,3.0,1.0,0.6237231070244269,24
2024-03-30 16:00:00,208,0.0,0.0,0.2328080715295093,24
2024-03-19 09:00:00,158,19.0,28.0,24.541655939085942,24
2024-03-25 12:00:00,72,4.0,3.0,1.7403879376396423,24
2024-03-23 09:00:00,16,0.0,1.0,0.08745510752871206,24
2024-03-26 12:00:00,217,1.0,0.0,0.40404875091242654,24
2024-03-25 04:00:00,62,1.0,2.0,0.34360132948487215,24
2024-03-21 23:00:00,157,0.0,0.0,0.5850499448822822,24
2024-03-31 11:00:00,253,0.0,0.0,0.015465509321551808,24
2024-03-18 01:00:00,216,2.0,1.0,0.5353083983602952,24
2024-03-24 18:00:00,107,97.0,113.0,115.79257263378895,24
2024-03-28 22:00:00,211,85.0,88.0,83.05262444732338,24
2024-03-24 12:00:00,246,100.0,114.0,98.61381942787006,24
2024-03-29 16:00:00,191,1.0,2.0,1.1511063709502531,24
2024-03-18 01:00:00,257,0.0,0.0,0.05857891892536774,24
2024-03-31 17:00:00,215,1.0,0.0,1.2699763433259144,24
2024-03-20 11:00:00,35,1.0,4.0,2.4185164548509777,24
2024-03-27 08:00:00,75,54.0,50.0,57.62895921786464,24
2024-03-27 05:00:00,203,1.0,2.0,1.0768719409206458,24
2024-03-29 14:00:00,226,6.0,5.0,4.986077992945067,24
2024-03-29 02:00:00,209,4.0,3.0,2.1823143233608593,24
2024-03-18 07:00:00,45,1.0,1.0,1.6732990560195122,24
2024-03-21 06:00:00,70,1.0,0.0,1.5770880444905846,24
2024-03-20 18:00:00,146,2.0,3.0,3.2611132959139764,24
2024-03-19 04:00:00,137,2.0,5.0,4.205339567160438,24
2024-03-20 13:00:00,106,1.0,1.0,0.5516959144169473,24
2024-03-27 03:00:00,197,1.0,0.0,0.17496645517772016,24
2024-03-22 03:00:00,211,1.0,5.0,9.965463428272825,24
2024-03-28 15:00:00,49,3.0,2.0,1.6845724794327723,24
2024-03-22 14:00:00,149,0.0,0.0,0.2911566749850612,24
2024-03-24 15:00:00,141,129.0,154.0,167.51692633839312,24
2024-03-18 19:00:00,14,0.0,1.0,0.4198715499298288,24
2024-03-27 13:00:00,140,156.0,178.0,180.04293496138436,24
2024-03-25 23:00:00,57,0.0,0.0,0.01760869757949099,24
2024-03-27 16:00:00,226,5.0,7.0,7.5861386936282935,24
2024-03-24 17:00:00,94,0.0,0.0,0.15578194620770747,24
2024-03-29 07:00:00,87,0.0,7.0,16.683188653696607,24
2024-03-26 22:00:00,77,0.0,0.0,0.18333839288059,24
2024-03-19 11:00:00,237,338.0,336.0,310.11779890635137,24
2024-03-24 12:00:00,257,1.0,0.0,0.1985518868821658,24
2024-03-29 00:00:00,23,0.0,0.0,0.015371335592910451,24
2024-03-28 04:00:00,60,0.0,0.0,0.28124874821958473,24
2024-03-30 10:00:00,64,0.0,0.0,0.08086318084778717,24
2024-03-20 10:00:00,215,1.0,0.0,1.2825358002359835,24
2024-03-23 01:00:00,260,0.0,1.0,1.1924337186027116,24
2024-03-27 22:00:00,161,451.0,431.0,423.5848433154623,24
2024-03-30 17:00:00,61,2.0,1.0,4.008340760416426,24
2024-03-27 17:00:00,244,18.0,8.0,5.285909080176307,24
2024-03-21 03:00:00,209,0.0,1.0,0.6586522904998312,24
2024-03-24 11:00:00,2,0.0,0.0,0.008611432553303126,24
2024-03-26 09:00:00,30,0.0,0.0,0.006812148765119089,24
2024-03-19 13:00:00,43,102.0,136.0,136.5332393399565,24
2024-03-19 02:00:00,215,0.0,0.0,0.2408198463236599,24
2024-03-24 07:00:00,109,0.0,0.0,0.003444793344618235,24
2024-03-26 16:00:00,95,3.0,0.0,1.1800458919114356,24
2024-03-31 07:00:00,145,4.0,4.0,4.227978939331435,24
2024-03-22 03:00:00,71,0.0,0.0,0.10655195895898537,24
2024-03-31 11:00:00,31,0.0,0.0,0.06718604786757036,24
2024-03-19 19:00:00,140,108.0,123.0,134.607514276089,24
2024-03-26 00:00:00,236,16.0,8.0,10.96264242960333,24
2024-03-26 06:00:00,63,1.0,0.0,0.5264689039410856,24
2024-03-24 08:00:00,71,1.0,0.0,1.2469699325112313,24
2024-03-24 03:00:00,32,0.0,0.0,0.03422721293468827,24
2024-03-29 01:00:00,1,0.0,0.0,0.07613504727419369,24
2024-03-19 08:00:00,47,0.0,0.0,0.7743153073754292,24
2024-03-26 20:00:00,15,0.0,0.0,0.059927888083290845,24
2024-03-23 00:00:00,204,0.0,0.0,0.0036710190218139085,24
2024-03-21 21:00:00,137,125.0,105.0,66.35178632021912,24
2024-03-19 00:00:00,160,0.0,0.0,0.13055141019162128,24
2024-03-22 16:00:00,58,0.0,0.0,0.020148006424663766,24
2024-03-20 12:00:00,102,0.0,0.0,0.3047532129081007,24
2024-03-19 08:00:00,49,6.0,2.0,1.9520476435518892,24
2024-03-21 08:00:00,119,0.0,1.0,1.1465779308783708,24
2024-03-20 19:00:00,230,378.0,317.0,283.3024955093347,24
2024-03-31 15:00:00,127,0.0,0.0,1.067958126965591,24
2024-03-25 19:00:00,62,1.0,0.0,0.5413024282179987,24
2024-03-31 08:00:00,117,1.0,1.0,0.6748242409061874,24
2024-03-29 16:00:00,82,1.0,0.0,0.940935093076673,24
2024-03-19 22:00:00,40,1.0,1.0,0.5681807130589935,24
2024-03-25 04:00:00,69,0.0,0.0,0.29853429104548873,24
2024-03-28 14:00:00,41,22.0,12.0,21.58505864431189,24
2024-03-24 22:00:00,227,1.0,0.0,0.08082181820890592,24
2024-03-31 00:00:00,203,0.0,0.0,0.07536969396364247,24
2024-03-25 13:00:00,161,315.0,299.0,290.4651307537689,24
2024-03-30 17:00:00,105,0.0,0.0,0.003790463669404784,24
2024-03-22 07:00:00,76,10.0,2.0,6.220317694847651,24
2024-03-18 03:00:00,83,0.0,0.0,0.12090719261023518,24
2024-03-22 13:00:00,69,3.0,2.0,1.2223614758333377,24
2024-03-25 09:00:00,223,2.0,3.0,1.810873925850312,24
2024-03-18 09:00:00,215,1.0,0.0,1.6384256907460086,24
2024-03-31 03:00:00,63,0.0,0.0,0.14151287277250266,24
2024-03-30 02:00:00,205,0.0,0.0,0.14645719206894503,24
2024-03-25 21:00:00,60,0.0,0.0,0.07750657167726374,24
2024-03-24 14:00:00,227,0.0,0.0,0.18523317173372125,24
2024-03-24 07:00:00,70,3.0,0.0,4.749977320963638,24
2024-03-21 02:00:00,186,18.0,21.0,18.596123133044642,24
2024-03-19 19:00:00,125,42.0,46.0,32.332250222916116,24
2024-03-24 03:00:00,163,12.0,24.0,21.923544954627925,24
2024-03-25 02:00:00,130,1.0,0.0,0.8048344599289797,24
2024-03-24 15:00:00,185,1.0,2.0,0.2195870071101682,24
2024-03-28 06:00:00,248,2.0,1.0,0.6961162526305406,24
2024-03-29 04:00:00,223,0.0,1.0,0.5895805741817599,24
2024-03-18 18:00:00,74,12.0,22.0,22.255132991888722,24
2024-03-21 03:00:00,15,0.0,0.0,0.026359520408114977,24
2024-03-24 21:00:00,101,0.0,0.0,0.05748976057565108,24
2024-03-31 11:00:00,152,5.0,3.0,4.3163045051454585,24
2024-03-23 07:00:00,213,0.0,0.0,0.972865438054534,24
2024-03-25 22:00:00,67,0.0,0.0,0.07205708993226763,24
2024-03-22 10:00:00,169,0.0,0.0,0.7254053421230044,24
2024-03-24 10:00:00,218,0.0,2.0,0.8081949311710811,24
2024-03-23 15:00:00,250,0.0,1.0,0.26944338209215196,24
2024-03-19 20:00:00,179,1.0,1.0,1.0040946782971616,24
2024-03-30 03:00:00,86,0.0,0.0,0.05451010039309423,24
2024-03-31 18:00:00,165,0.0,1.0,0.3579229739678681,24
2024-03-29 09:00:00,159,2.0,0.0,1.1771394173862175,24
2024-03-25 16:00:00,120,0.0,0.0,0.023452220575610735,24
2024-03-31 10:00:00,206,0.0,0.0,0.005752502082733797,24
2024-03-19 09:00:00,167,1.0,0.0,0.9067113894385793,24
2024-03-28 23:00:00,95,0.0,0.0,0.767808062453014,24
2024-03-29 16:00:00,113,126.0,109.0,92.18643198615636,24
2024-03-18 23:00:00,188,1.0,1.0,0.9487169709623704,24
2024-03-19 01:00:00,116,0.0,1.0,0.8249615720656417,24
2024-03-22 12:00:00,115,0.0,0.0,0.006194587858895948,24
2024-03-28 23:00:00,24,16.0,6.0,7.5118024586986865,24
2024-03-29 08:00:00,48,90.0,101.0,115.97845407271558,24
2024-03-25 02:00:00,64,0.0,0.0,0.02939164388242719,24
2024-03-21 14:00:00,218,1.0,1.0,0.6083924678610092,24
2024-03-21 23:00:00,221,0.0,0.0,0.008351279655665095,24
2024-03-27 21:00:00,87,64.0,51.0,35.163251855363455,24
2024-03-31 14:00:00,219,0.0,0.0,0.5275026516965696,24
2024-03-20 06:00:00,143,22.0,26.0,24.10748344570026,24
2024-03-26 22:00:00,100,127.0,126.0,96.63206091349458,24
2024-03-19 03:00:00,181,0.0,2.0,0.226720652482821,24
2024-03-28 09:00:00,170,194.0,208.0,190.21887227397292,24
2024-03-22 05:00:00,74,7.0,10.0,8.597819164231312,24
2024-03-21 06:00:00,218,5.0,1.0,2.3083696097927855,24
2024-03-26 19:00:00,86,0.0,0.0,0.19430946635981491,24
2024-03-22 11:00:00,101,1.0,0.0,0.11766369541440191,24
2024-03-27 06:00:00,184,0.0,0.0,0.048394922844747786,24
2024-03-21 03:00:00,146,1.0,0.0,0.39500405641775244,24
2024-03-20 11:00:00,86,0.0,0.0,0.857416732867228,24
2024-03-22 11:00:00,20,0.0,1.0,0.360303073043811,24
2024-03-20 15:00:00,97,1.0,3.0,2.597780511175109,24
2024-03-21 10:00:00,100,65.0,101.0,86.62887657352165,24
2024-03-21 02:00:00,193,0.0,0.0,0.10247455947199231,24
2024-03-26 09:00:00,234,103.0,163.0,83.04822934780664,24
2024-03-22 23:00:00,39,0.0,0.0,0.48571853353978245,24
2024-03-18 17:00:00,48,119.0,111.0,127.60962263490194,24
2024-03-24 11:00:00,188,4.0,2.0,2.3508899647027306,24
2024-03-26 05:00:00,65,0.0,2.0,0.4393935241396433,24
2024-03-29 21:00:00,188,0.0,0.0,0.99236721227354,24
2024-03-20 03:00:00,203,0.0,0.0,0.039947792989538884,24
2024-03-30 00:00:00,237,56.0,53.0,107.88276365580056,24
2024-03-21 14:00:00,131,0.0,0.0,0.4121157004277223,24
2024-03-18 07:00:00,87,8.0,8.0,8.947539140503475,24
2024-03-23 04:00:00,227,0.0,0.0,0.07891399753393047,24
2024-03-19 10:00:00,42,5.0,2.0,6.766129268859748,24
2024-03-26 08:00:00,243,5.0,2.0,2.248955991790351,24
2024-03-19 21:00:00,14,0.0,2.0,0.29494052041314744,24
2024-03-21 08:00:00,224,12.0,17.0,15.52035172731492,24
2024-03-24 15:00:00,75,33.0,21.0,40.51599994869062,24
2024-03-28 22:00:00,165,1.0,2.0,0.19062670361670933,24
2024-03-27 23:00:00,237,77.0,84.0,111.81789810393217,24
2024-03-23 19:00:00,41,25.0,26.0,29.39469643639866,24
2024-03-22 05:00:00,253,0.0,0.0,0.10866664174386405,24
2024-03-31 08:00:00,92,1.0,0.0,0.5376973177602393,24
2024-03-23 07:00:00,181,0.0,1.0,1.1079493332046613,24
2024-03-31 03:00:00,173,0.0,2.0,0.11439407109124723,24
2024-03-29 00:00:00,173,0.0,0.0,0.09352879485758372,24
2024-03-21 19:00:00,179,0.0,0.0,1.2770747531109174,24
2024-03-25 11:00:00,205,0.0,1.0,0.826464564720429,24
2024-03-31 01:00:00,16,1.0,0.0,0.05817990532966236,24
2024-03-28 12:00:00,176,0.0,0.0,0.003846140553425118,24
2024-03-29 13:00:00,22,1.0,3.0,0.5804463263010078,24
2024-03-22 05:00:00,26,0.0,1.0,0.2991851851696446,24
2024-03-31 16:00:00,210,0.0,1.0,0.24832002443116985,24
2024-03-27 15:00:00,133,1.0,0.0,0.30913280263642595,24
2024-03-21 06:00:00,74,10.0,14.0,13.691174213716232,24
2024-03-22 11:00:00,62,0.0,2.0,1.5332331472671714,24
2024-03-28 00:00:00,72,1.0,0.0,0.5002326165891848,24
2024-03-29 14:00:00,223,1.0,3.0,1.9757060658621133,24
2024-03-18 14:00:00,162,229.0,215.0,199.6957342312579,24
2024-03-26 02:00:00,163,6.0,4.0,4.52798041300915,24
2024-03-29 15:00:00,185,0.0,0.0,0.26871177148170194,24
2024-03-20 17:00:00,174,0.0,1.0,0.34777515102601997,24
2024-03-27 17:00:00,220,1.0,0.0,0.24930961711393457,24
2024-03-24 05:00:00,42,6.0,4.0,2.701081059354621,24
2024-03-26 20:00:00,239,155.0,153.0,171.77893630378685,24
2024-03-27 07:00:00,150,0.0,0.0,0.19771258250465526,24
2024-03-20 12:00:00,117,0.0,0.0,0.6985661936090052,24
2024-03-27 17:00:00,172,0.0,0.0,0.008445145523270005,24
2024-03-22 12:00:00,5,0.0,0.0,0.003870681273880536,24
2024-03-22 03:00:00,155,0.0,0.0,0.057946589465735596,24
2024-03-27 05:00:00,58,0.0,0.0,0.016683009910222892,24
2024-03-19 05:00:00,164,8.0,4.0,12.539784544600664,24
2024-03-31 11:00:00,133,1.0,0.0,0.4276912713248066,24
2024-03-19 03:00:00,199,0.0,0.0,0.003611962328506921,24
2024-03-30 19:00:00,83,1.0,0.0,0.47571977605028987,24
2024-03-30 17:00:00,189,0.0,1.0,1.3295460991014314,24
2024-03-29 05:00:00,122,0.0,0.0,0.23647479136719812,24
2024-03-27 23:00:00,179,0.0,1.0,0.9472415631393578,24
2024-03-25 17:00:00,149,0.0,1.0,0.18153779921415744,24
2024-03-23 05:00:00,189,0.0,0.0,0.39188544829963984,24
2024-03-20 23:00:00,16,0.0,0.0,0.0910030380104607,24
2024-03-24 22:00:00,192,0.0,0.0,0.08209695135257598,24
2024-03-25 01:00:00,192,0.0,0.0,0.042611321901874236,24
2024-03-23 11:00:00,93,1.0,0.0,0.7438578343687253,24
2024-03-23 14:00:00,24,16.0,27.0,19.918306450136136,24
2024-03-19 12:00:00,59,0.0,0.0,0.007639536369556784,24
2024-03-18 22:00:00,33,1.0,2.0,3.210652852163402,24
2024-03-26 18:00:00,250,0.0,1.0,0.2323734729976975,24
2024-03-18 17:00:00,78,1.0,0.0,0.3812452629675422,24
2024-03-21 02:00:00,212,0.0,0.0,0.04355816528778827,24
2024-03-22 11:00:00,60,0.0,0.0,0.4864098051273111,24
2024-03-31 15:00:00,31,0.0,0.0,0.06458894437499862,24
2024-03-30 02:00:00,206,0.0,0.0,0.004677388421493991,24
2024-03-30 19:00:00,153,0.0,0.0,0.10234557255910605,24
2024-03-18 21:00:00,111,0.0,0.0,0.0071804412608107975,24
2024-03-30 19:00:00,22,0.0,0.0,0.11884323114795338,24
2024-03-22 23:00:00,191,1.0,0.0,0.24029096941737346,24
2024-03-30 08:00:00,5,0.0,0.0,0.003334585662190267,24
2024-03-26 07:00:00,5,0.0,0.0,0.0037262258423430023,24
2024-03-18 19:00:00,63,1.0,0.0,0.11866782162809873,24
2024-03-21 19:00:00,196,0.0,0.0,0.41237956208526977,24
2024-03-29 14:00:00,1,1.0,0.0,1.4118383081673123,24
2024-03-30 12:00:00,208,0.0,0.0,0.29703773537815154,24
2024-03-30 12:00:00,183,0.0,0.0,0.12365137620458622,24
2024-03-22 00:00:00,192,1.0,0.0,0.07224181356129551,24
2024-03-29 00:00:00,129,1.0,0.0,1.0275820287760422,24
2024-03-22 06:00:00,259,0.0,2.0,0.7580199088089717,24
2024-03-31 21:00:00,229,50.0,73.0,58.989451362871065,24
2024-03-27 10:00:00,200,1.0,1.0,0.3247866534499663,24
2024-03-20 09:00:00,232,11.0,6.0,6.005777355295317,24
2024-03-24 22:00:00,119,1.0,0.0,0.25278270867733404,24
2024-03-28 21:00:00,149,0.0,0.0,0.07189765601991803,24
2024-03-20 18:00:00,253,0.0,0.0,0.04322835389890353,24
2024-03-24 15:00:00,223,2.0,1.0,1.9937753934790912,24
2024-03-29 09:00:00,82,0.0,0.0,1.1768712913763475,24
2024-03-28 03:00:00,250,0.0,0.0,0.04496693195902728,24
2024-03-18 23:00:00,24,2.0,0.0,5.360272870639507,24
2024-03-21 03:00:00,147,0.0,0.0,0.03296955516946548,24
2024-03-24 14:00:00,200,0.0,0.0,0.2942563059756994,24
2024-03-22 02:00:00,158,29.0,26.0,25.1381744362927,24
2024-03-23 18:00:00,261,51.0,50.0,64.76594324003784,24
2024-03-25 08:00:00,219,1.0,2.0,1.260777064946392,24
2024-03-28 06:00:00,162,91.0,81.0,73.67689596055895,24
2024-03-25 21:00:00,124,0.0,0.0,0.14241936807431602,24
2024-03-28 04:00:00,145,0.0,2.0,1.6370033444868328,24
2024-03-22 10:00:00,90,75.0,66.0,71.71550925705887,24
2024-03-20 21:00:00,223,2.0,1.0,1.276176865258654,24
2024-03-31 17:00:00,45,10.0,12.0,9.982341872044325,24
2024-03-27 08:00:00,208,0.0,0.0,0.5925182040356748,24
2024-03-29 06:00:00,78,0.0,2.0,0.800149504349812,24
2024-03-19 02:00:00,222,0.0,0.0,0.08298322913919266,24
2024-03-28 11:00:00,138,182.0,225.0,199.51394515194843,24
2024-03-27 00:00:00,137,22.0,15.0,20.189847985030443,24
2024-03-29 22:00:00,57,0.0,0.0,0.01856463794635832,24
2024-03-26 18:00:00,236,330.0,320.0,387.24850959583824,24
2024-03-30 11:00:00,196,2.0,0.0,0.48128343909850124,24
2024-03-26 04:00:00,44,0.0,0.0,0.0038529306216585815,24
2024-03-20 11:00:00,79,53.0,48.0,75.39544244557452,24
2024-03-31 17:00:00,33,7.0,5.0,3.6649685013829254,24
2024-03-30 22:00:00,218,0.0,0.0,0.23279223278762193,24
2024-03-29 15:00:00,250,0.0,1.0,0.45908362760340676,24
2024-03-22 17:00:00,239,208.0,252.0,244.5760525026584,24
2024-03-30 18:00:00,58,0.0,0.0,0.015433782403229032,24
2024-03-29 09:00:00,114,21.0,17.0,25.463420137292236,24
2024-03-27 09:00:00,209,8.0,16.0,12.472066361265052,24
2024-03-29 08:00:00,118,0.0,0.0,0.00811835653812324,24
2024-03-25 12:00:00,91,2.0,0.0,1.3595819949235386,24
2024-03-21 04:00:00,50,4.0,3.0,4.669503967207861,24
2024-03-22 01:00:00,117,0.0,0.0,0.06408916022208723,24
2024-03-27 05:00:00,194,0.0,0.0,0.1766556865641761,24
2024-03-25 18:00:00,37,0.0,1.0,1.1704465734786007,24
2024-03-19 12:00:00,123,0.0,2.0,0.5842511847805874,24
2024-03-20 23:00:00,203,0.0,0.0,0.1530425595141541,24
2024-03-29 12:00:00,154,0.0,0.0,0.10998932399923993,24
2024-03-20 00:00:00,85,0.0,0.0,0.1265586857649262,24
2024-03-25 19:00:00,151,39.0,46.0,42.949567043465166,24
2024-03-30 11:00:00,19,0.0,1.0,0.17270729882815425,24
2024-03-30 17:00:00,130,4.0,0.0,1.5884100656990363,24
2024-03-25 21:00:00,210,0.0,0.0,0.09201321168206215,24
2024-03-28 04:00:00,112,1.0,0.0,0.7133839999933583,24
2024-03-27 18:00:00,167,0.0,0.0,0.49446597797919717,24
2024-03-25 14:00:00,157,2.0,4.0,0.6302779979463908,24
2024-03-26 14:00:00,228,1.0,1.0,0.47512487385009716,24
2024-03-23 19:00:00,149,0.0,0.0,0.10151919668664094,24
2024-03-23 06:00:00,226,4.0,3.0,2.5246209960504546,24
2024-03-18 12:00:00,149,1.0,0.0,0.37127409058175714,24
2024-03-19 07:00:00,235,0.0,4.0,1.3584381193244366,24
2024-03-19 18:00:00,233,146.0,186.0,119.70547678111923,24
2024-03-26 07:00:00,148,9.0,14.0,22.428673671040855,24
2024-03-18 01:00:00,132,93.0,164.0,153.75682265374422,24
2024-03-24 19:00:00,217,1.0,2.0,0.4355021390966956,24
2024-03-18 00:00:00,43,7.0,4.0,5.647744938589628,24
2024-03-24 19:00:00,69,1.0,1.0,0.5603809890130266,24
2024-03-27 22:00:00,244,1.0,3.0,2.93249690686761,24
2024-03-28 07:00:00,75,56.0,66.0,48.80026786198045,24
2024-03-27 14:00:00,141,162.0,156.0,170.22201095917285,24
2024-03-30 08:00:00,159,0.0,0.0,0.6191961219986031,24
2024-03-20 06:00:00,61,2.0,1.0,4.776467721601242,24
2024-03-20 05:00:00,114,0.0,1.0,3.9847671831651463,24
2024-03-20 04:00:00,9,1.0,0.0,0.06213261075452816,24
2024-03-30 09:00:00,43,43.0,27.0,33.11066333083709,24
2024-03-24 01:00:00,235,0.0,0.0,0.16445253316350816,24
2024-03-30 07:00:00,229,22.0,32.0,27.565643167615548,24
2024-03-21 02:00:00,249,22.0,34.0,37.93835604267404,24
2024-03-26 17:00:00,210,0.0,1.0,0.42291955180699436,24
2024-03-28 04:00:00,254,0.0,1.0,0.46564011263548555,24
2024-03-25 11:00:00,206,0.0,0.0,0.0049989978031253,24
2024-03-19 12:00:00,120,0.0,0.0,0.025044265324464812,24
2024-03-30 16:00:00,156,0.0,0.0,0.003838384508365293,24
2024-03-28 12:00:00,151,62.0,58.0,62.245329886720974,24
2024-03-22 18:00:00,86,0.0,2.0,0.24321623789609456,24
2024-03-22 20:00:00,3,0.0,1.0,0.08590050778785623,24
2024-03-28 20:00:00,66,5.0,3.0,3.5223826819804405,24
2024-03-25 15:00:00,188,2.0,1.0,1.0136111953792264,24
2024-03-25 18:00:00,217,1.0,0.0,0.3356402332760402,24
2024-03-28 01:00:00,225,0.0,0.0,0.23504689415545268,24
2024-03-28 14:00:00,251,0.0,0.0,0.006078770375404724,24
2024-03-29 03:00:00,113,4.0,24.0,5.223431463937049,24
2024-03-21 18:00:00,215,1.0,0.0,0.9820836009069083,24
2024-03-23 05:00:00,150,0.0,0.0,0.08919159164842422,24
2024-03-18 21:00:00,28,1.0,1.0,0.7402445331291823,24
2024-03-30 23:00:00,162,76.0,91.0,84.24969862040203,24
2024-03-18 21:00:00,201,0.0,0.0,0.07223058600477283,24
2024-03-18 04:00:00,191,0.0,1.0,0.22020156431750823,24
2024-03-24 03:00:00,140,2.0,4.0,5.410555945576997,24
2024-03-19 09:00:00,11,1.0,0.0,0.25779417146912426,24
2024-03-18 10:00:00,250,0.0,0.0,0.471007999302616,24
2024-03-19 08:00:00,97,1.0,2.0,2.840637844236,24
2024-03-24 14:00:00,35,0.0,2.0,1.778162861808869,24
2024-03-23 12:00:00,203,1.0,0.0,0.3104969776614032,24
2024-03-22 18:00:00,182,0.0,0.0,0.8617105697254627,24
2024-03-19 19:00:00,29,0.0,0.0,0.24279469594577402,24
2024-03-24 17:00:00,8,0.0,0.0,0.015692957895402017,24
2024-03-29 12:00:00,181,3.0,0.0,3.0376136999946777,24
2024-03-31 13:00:00,134,1.0,0.0,0.8931037190588015,24
2024-03-26 16:00:00,114,57.0,46.0,51.54423470147866,24
2024-03-31 22:00:00,140,25.0,21.0,32.35814653901459,24
2024-03-19 16:00:00,41,11.0,9.0,15.742125397522816,24
2024-03-26 12:00:00,41,13.0,15.0,12.942518288406987,24
2024-03-22 12:00:00,169,0.0,1.0,0.7064434343133873,24
2024-03-29 02:00:00,95,0.0,0.0,0.13194904453315157,24
2024-03-28 14:00:00,265,1.0,7.0,3.1089695319204895,24
2024-03-22 08:00:00,238,142.0,181.0,182.64771504685825,24
2024-03-31 09:00:00,257,0.0,0.0,0.21751390712195195,24
2024-03-23 15:00:00,120,0.0,0.0,0.024047009338521795,24
2024-03-19 13:00:00,2,0.0,0.0,0.004847231591646659,24
2024-03-21 23:00:00,228,2.0,0.0,0.2973785681142924,24
2024-03-31 11:00:00,7,5.0,2.0,3.6615605505109414,24
2024-03-20 05:00:00,107,11.0,16.0,13.499572638548509,24
2024-03-23 01:00:00,83,1.0,0.0,0.1375654581512879,24
2024-03-22 15:00:00,226,5.0,6.0,6.073946508956245,24
2024-03-19 09:00:00,107,158.0,132.0,108.86075184647628,24
2024-03-25 18:00:00,155,0.0,0.0,0.2958574041386776,24
2024-03-26 03:00:00,35,0.0,0.0,0.09843794907097338,24
2024-03-20 12:00:00,190,1.0,0.0,0.1617397982578465,24
2024-03-30 04:00:00,172,0.0,0.0,0.010245412170822461,24
2024-03-30 15:00:00,100,85.0,119.0,94.99580102042206,24
2024-03-27 11:00:00,220,0.0,1.0,0.4332708384837918,24
2024-03-19 19:00:00,162,391.0,370.0,358.03361880315896,24
2024-03-25 15:00:00,169,1.0,0.0,0.5991773085146294,24
2024-03-20 02:00:00,105,0.0,0.0,0.0035939946591450164,24
2024-03-22 02:00:00,239,5.0,6.0,4.85891907762574,24
2024-03-24 16:00:00,195,1.0,0.0,0.6936769346131327,24
2024-03-20 01:00:00,112,4.0,0.0,0.34436744713524736,24
2024-03-18 06:00:00,33,3.0,3.0,1.837081392962424,24
2024-03-28 22:00:00,176,0.0,0.0,0.0038192761618360024,24
2024-03-21 02:00:00,154,0.0,0.0,0.027968404330838803,24
2024-03-22 20:00:00,162,219.0,263.0,244.86185250085038,24
2024-03-20 23:00:00,99,0.0,0.0,0.003816655129759723,24
2024-03-24 00:00:00,197,0.0,1.0,0.9460998471692204,24
2024-03-22 21:00:00,98,0.0,0.0,0.07236980303155094,24
2024-03-27 21:00:00,15,0.0,0.0,0.07103538177076839,24
2024-03-27 03:00:00,53,0.0,0.0,0.029755662542424385,24
2024-03-18 22:00:00,29,0.0,0.0,0.14332347670777132,24
2024-03-18 03:00:00,127,1.0,0.0,0.1938922544169461,24
2024-03-21 02:00:00,161,8.0,9.0,11.31426543712515,24
2024-03-25 14:00:00,176,0.0,0.0,0.003686784737874551,24
2024-03-20 01:00:00,217,0.0,0.0,0.09444548628612898,24
2024-03-25 06:00:00,146,3.0,4.0,2.8585412399855548,24
2024-03-18 13:00:00,156,0.0,0.0,0.003784730340635334,24
2024-03-20 06:00:00,187,0.0,0.0,0.008992378353609698,24
2024-03-19 20:00:00,152,3.0,4.0,3.3761204810585697,24
2024-03-20 07:00:00,193,2.0,6.0,4.13178183281596,24
2024-03-30 11:00:00,249,74.0,77.0,82.70575510075666,24
2024-03-22 03:00:00,40,0.0,0.0,0.11097122598925287,24
2024-03-23 17:00:00,146,4.0,7.0,4.298413100621012,24
2024-03-25 15:00:00,114,52.0,32.0,44.8383396837687,24
2024-03-21 09:00:00,217,0.0,0.0,0.49233026528224955,24
2024-03-22 06:00:00,120,0.0,0.0,0.023459710997920952,24
2024-03-23 10:00:00,13,27.0,29.0,20.44260329739269,24
2024-03-25 23:00:00,177,0.0,0.0,0.41698921783457454,24
2024-03-21 22:00:00,179,0.0,3.0,0.6703461825765255,24
2024-03-30 23:00:00,70,31.0,20.0,19.040070700040282,24
2024-03-18 17:00:00,169,2.0,1.0,0.4637087058519318,24
2024-03-18 14:00:00,152,5.0,7.0,5.3302737237145115,24
2024-03-25 09:00:00,66,0.0,2.0,0.9709813046972875,24
2024-03-31 03:00:00,217,2.0,0.0,0.1911109399557319,24
2024-03-25 07:00:00,205,0.0,2.0,1.2060548703386353,24
2024-03-21 16:00:00,10,7.0,7.0,4.149901172122824,24
2024-03-31 15:00:00,99,0.0,0.0,0.003713516505377066,24
2024-03-20 05:00:00,252,1.0,0.0,0.13428098281147938,24
2024-03-23 23:00:00,107,195.0,277.0,168.83540420889116,24
2024-03-26 17:00:00,31,0.0,0.0,0.02862343741875111,24
2024-03-26 14:00:00,125,28.0,27.0,24.027252589019874,24
2024-03-21 02:00:00,233,3.0,3.0,5.133825816468886,24
2024-03-26 12:00:00,97,3.0,4.0,2.9185426369553555,24
2024-03-29 07:00:00,155,0.0,0.0,1.1233601210139357,24
2024-03-25 00:00:00,71,0.0,0.0,0.15103054898280296,24
2024-03-19 15:00:00,62,0.0,1.0,0.7563712375264213,24
2024-03-21 19:00:00,258,0.0,0.0,0.08783886380171199,24
2024-03-25 05:00:00,171,0.0,1.0,0.14401424132285737,24
2024-03-21 22:00:00,89,0.0,0.0,1.416631416027059,24
2024-03-22 21:00:00,228,0.0,1.0,0.3816011261744165,24
2024-03-27 19:00:00,169,1.0,0.0,0.2058602997413871,24
2024-03-24 02:00:00,73,0.0,0.0,0.02255864168243559,24
2024-03-26 17:00:00,127,1.0,0.0,0.7368074538186706,24
2024-03-30 13:00:00,65,5.0,4.0,6.316659840500642,24
2024-03-26 20:00:00,84,0.0,0.0,0.0036777000220819733,24
2024-03-27 07:00:00,55,2.0,1.0,1.6409707160265852,24
2024-03-20 15:00:00,137,84.0,91.0,94.38768180307446,24
2024-03-20 22:00:00,169,0.0,0.0,0.1797875123197591,24
2024-03-29 13:00:00,49,2.0,1.0,1.5967255857271154,24
2024-03-19 00:00:00,156,0.0,0.0,0.003446226272467956,24
2024-03-20 12:00:00,146,5.0,5.0,3.97212848087297,24
2024-03-24 07:00:00,259,0.0,0.0,0.403787242702475,24
2024-03-23 12:00:00,59,0.0,0.0,0.013660033339508422,24
2024-03-18 04:00:00,149,0.0,0.0,0.07588403522916881,24
2024-03-30 05:00:00,11,0.0,0.0,0.10824175774140829,24
2024-03-25 22:00:00,56,0.0,0.0,0.2687988112562703,24
2024-03-20 09:00:00,246,57.0,71.0,66.89701962139144,24
2024-03-25 09:00:00,134,0.0,0.0,0.9810560087498645,24
2024-03-26 11:00:00,148,17.0,9.0,16.876182004538496,24
2024-03-25 20:00:00,160,1.0,0.0,0.1490913111845029,24
2024-03-23 00:00:00,65,11.0,3.0,3.999618495897867,24
2024-03-30 08:00:00,128,0.0,0.0,0.08206916953122236,24
2024-03-18 01:00:00,213,0.0,0.0,0.07869571325068808,24
2024-03-28 11:00:00,189,0.0,0.0,0.8024285276254728,24
2024-03-23 19:00:00,167,0.0,0.0,0.31411442587449817,24
2024-03-23 15:00:00,83,0.0,0.0,0.375126606000371,24
2024-03-24 01:00:00,195,0.0,0.0,0.23876562506577714,24
2024-03-18 01:00:00,153,0.0,0.0,0.028696245968206642,24
2024-03-19 11:00:00,44,0.0,0.0,0.0038026154328531384,24
2024-03-24 12:00:00,139,0.0,1.0,0.2852505200313414,24
2024-03-19 06:00:00,248,3.0,1.0,0.5392974401436053,24
2024-03-28 12:00:00,187,0.0,0.0,0.009872165810881734,24
2024-03-27 07:00:00,215,2.0,2.0,1.8766111882451235,24
2024-03-19 13:00:00,241,0.0,0.0,0.5035793004408657,24
2024-03-28 18:00:00,63,0.0,0.0,0.3617222728411145,24
2024-03-25 06:00:00,214,0.0,0.0,0.01444729794991246,24
2024-03-27 22:00:00,112,5.0,2.0,2.382259161408733,24
2024-03-29 10:00:00,116,7.0,2.0,5.706100476937343,24
2024-03-24 16:00:00,30,0.0,0.0,0.00915375909819628,24
2024-03-26 15:00:00,158,43.0,40.0,40.17586807626849,24
2024-03-31 06:00:00,79,12.0,12.0,24.546677841702955,24
2024-03-22 01:00:00,234,42.0,42.0,38.28684122929476,24
2024-03-31 02:00:00,194,0.0,0.0,0.07824075349351596,24
2024-03-21 04:00:00,107,4.0,8.0,8.110017230998247,24
2024-03-31 11:00:00,72,1.0,3.0,1.398839534294412,24
2024-03-28 20:00:00,176,0.0,0.0,0.003710902634691754,24
2024-03-22 09:00:00,34,0.0,0.0,0.27635975267091806,24
2024-03-18 04:00:00,5,0.0,0.0,0.0033496675044849206,24
2024-03-19 22:00:00,90,105.0,99.0,94.00035788023678,24
2024-03-31 17:00:00,102,0.0,0.0,0.18513618309587726,24
2024-03-20 05:00:00,105,0.0,0.0,0.0036329703856190104,24
2024-03-30 09:00:00,216,1.0,0.0,1.479697187391427,24
2024-03-24 12:00:00,220,0.0,0.0,0.3029719104947286,24
2024-03-23 07:00:00,75,38.0,31.0,22.655725188779446,24
2024-03-27 22:00:00,235,0.0,0.0,0.16252561602380697,24
2024-03-30 14:00:00,85,1.0,0.0,0.6521411026943266,24
2024-03-27 15:00:00,235,1.0,0.0,0.707527703950471,24
2024-03-18 19:00:00,107,100.0,77.0,81.35995333768169,24
2024-03-23 05:00:00,212,0.0,1.0,0.2192167342132202,24
2024-03-19 04:00:00,25,1.0,0.0,0.5114851476591197,24
2024-03-22 01:00:00,93,0.0,3.0,0.2496488414521043,24
2024-03-25 17:00:00,250,0.0,1.0,0.27844355933419584,24
2024-03-21 21:00:00,184,0.0,0.0,0.01437595014274259,24
2024-03-29 12:00:00,189,1.0,0.0,0.9356249093189958,24
2024-03-25 07:00:00,157,0.0,0.0,1.1968411335021425,24
2024-03-19 20:00:00,215,0.0,0.0,0.9933898094847469,24
2024-03-30 06:00:00,115,0.0,0.0,0.004701608990282165,24
2024-03-26 00:00:00,106,0.0,0.0,0.2896145568679315,24
2024-03-19 10:00:00,124,1.0,0.0,0.2702998502437575,24
2024-03-29 22:00:00,135,2.0,1.0,0.10988831254263332,24
2024-03-20 23:00:00,181,0.0,2.0,3.72443425224561,24
2024-03-31 18:00:00,261,50.0,49.0,43.136774652155204,24
2024-03-26 18:00:00,125,43.0,36.0,35.97605716385031,24
2024-03-30 16:00:00,18,0.0,1.0,0.259241350679441,24
2024-03-18 00:00:00,63,0.0,0.0,0.09077367980663509,24
2024-03-20 08:00:00,99,0.0,0.0,0.0037319892503263944,24
2024-03-31 16:00:00,125,26.0,44.0,24.61804438715505,24
2024-03-18 11:00:00,219,0.0,0.0,0.6232991411702117,24
2024-03-23 23:00:00,71,0.0,0.0,0.3644336425782901,24
2024-03-19 07:00:00,82,1.0,2.0,1.205831636432297,24
2024-03-31 06:00:00,121,0.0,1.0,0.18421634008728252,24
2024-03-29 18:00:00,154,0.0,0.0,0.09095724975516102,24
2024-03-24 01:00:00,30,0.0,0.0,0.00796175800901366,24
2024-03-29 22:00:00,92,0.0,0.0,0.376425862797909,24
2024-03-30 06:00:00,94,0.0,0.0,0.1955441562802911,24
2024-03-24 15:00:00,78,0.0,0.0,0.5495528374507204,24
2024-03-31 14:00:00,155,0.0,0.0,0.4146857936796509,24
2024-03-23 19:00:00,213,0.0,0.0,0.6763076028337482,24
2024-03-20 03:00:00,160,0.0,0.0,0.05307857049797835,24
2024-03-22 15:00:00,197,0.0,2.0,2.0211245909415005,24
2024-03-30 03:00:00,145,1.0,4.0,2.9674248871763975,24
2024-03-30 23:00:00,55,0.0,0.0,0.18325358937554279,24
2024-03-27 21:00:00,78,0.0,0.0,0.15910311060825907,24
2024-03-22 19:00:00,83,1.0,0.0,0.23330907991318853,24
2024-03-20 16:00:00,57,0.0,0.0,0.015131394574888385,24
2024-03-31 16:00:00,72,0.0,0.0,0.7308559903620737,24
2024-03-18 16:00:00,98,0.0,0.0,0.13847997087954367,24
2024-03-23 22:00:00,11,0.0,0.0,0.07133638359318277,24
2024-03-21 20:00:00,215,0.0,1.0,1.0702398983410217,24
2024-03-26 00:00:00,29,1.0,0.0,0.11235984796856714,24
2024-03-21 06:00:00,28,0.0,5.0,1.3552347820638182,24
2024-03-21 18:00:00,135,0.0,0.0,0.16401514500080813,24
2024-03-25 21:00:00,211,38.0,38.0,31.215173555556365,24
2024-03-21 17:00:00,23,0.0,0.0,0.010993781041783982,24
2024-03-31 15:00:00,186,127.0,177.0,199.58712984717235,24
2024-03-25 01:00:00,141,10.0,15.0,20.87416826105544,24
2024-03-30 20:00:00,255,9.0,10.0,3.4634382642318298,24
2024-03-31 19:00:00,8,0.0,0.0,0.013450358442290452,24
2024-03-28 10:00:00,149,0.0,0.0,0.44844619563863897,24
2024-03-22 19:00:00,198,0.0,1.0,0.23089864073952177,24
2024-03-20 16:00:00,259,0.0,0.0,0.15414858517057461,24
2024-03-21 06:00:00,36,1.0,0.0,0.6159877973068595,24
2024-03-27 13:00:00,195,1.0,0.0,1.0787381541207712,24
2024-03-24 03:00:00,65,0.0,0.0,0.6954054667515686,24
2024-03-30 18:00:00,102,0.0,0.0,0.13373029742110956,24
2024-03-20 17:00:00,9,0.0,0.0,0.07580548456041862,24
2024-03-30 06:00:00,207,0.0,0.0,0.10873328553678753,24
2024-03-27 10:00:00,251,0.0,0.0,0.006379683953011727,24
2024-03-19 18:00:00,127,0.0,0.0,0.8056873106766447,24
2024-03-30 00:00:00,215,1.0,2.0,0.7967665373581734,24
2024-03-19 01:00:00,94,0.0,0.0,0.03421380978956818,24
2024-03-28 15:00:00,248,0.0,0.0,0.40906868333708163,24
2024-03-24 01:00:00,166,9.0,4.0,6.236659707069507,24
2024-03-31 18:00:00,156,0.0,0.0,0.003785815371392971,24
2024-03-19 11:00:00,150,0.0,0.0,0.20276333832811408,24
2024-03-18 20:00:00,20,0.0,0.0,0.12496887017781616,24
2024-03-21 08:00:00,172,0.0,0.0,0.010651276726685739,24
2024-03-24 08:00:00,38,0.0,0.0,0.23739657335885844,24
2024-03-20 23:00:00,38,0.0,0.0,0.09352707398154199,24
2024-03-25 16:00:00,32,1.0,0.0,0.2848566027678817,24
2024-03-22 01:00:00,28,0.0,1.0,0.3561980381175232,24
2024-03-29 03:00:00,86,0.0,0.0,0.049587717036334925,24
2024-03-24 00:00:00,108,1.0,0.0,0.08432945243762721,24
2024-03-23 22:00:00,43,44.0,38.0,56.50990804109919,24
2024-03-22 14:00:00,79,75.0,87.0,95.47756191976502,24
2024-03-19 03:00:00,142,2.0,0.0,1.9075470611129122,24
2024-03-18 18:00:00,12,3.0,1.0,3.794800742108472,24
2024-03-18 05:00:00,69,0.0,0.0,0.39863995188392093,24
2024-03-29 13:00:00,257,0.0,1.0,0.26749704416067976,24
2024-03-25 06:00:00,256,1.0,0.0,1.4785655072693973,24
2024-03-28 17:00:00,94,0.0,0.0,0.20510543062594314,24
2024-03-19 13:00:00,44,0.0,0.0,0.003915540363768149,24
2024-03-20 05:00:00,187,0.0,0.0,0.009135787202724037,24
2024-03-27 21:00:00,133,0.0,0.0,0.11448152182759017,24
2024-03-31 21:00:00,96,0.0,0.0,0.016615966744876576,24
2024-03-22 21:00:00,80,1.0,0.0,1.3102117965486642,24
2024-03-24 12:00:00,156,0.0,0.0,0.0038905938945571145,24
2024-03-31 06:00:00,146,2.0,1.0,1.5388032053626788,24
2024-03-25 05:00:00,194,0.0,1.0,0.20317174904696034,24
2024-03-28 18:00:00,84,0.0,0.0,0.003811428323524973,24
2024-03-18 02:00:00,171,0.0,0.0,0.020037510508556167,24
2024-03-22 05:00:00,58,0.0,0.0,0.014601032247161336,24
2024-03-20 04:00:00,145,2.0,0.0,1.6752527793003686,24
2024-03-29 05:00:00,190,0.0,0.0,0.09571711032163659,24
2024-03-21 02:00:00,122,0.0,0.0,0.026273979070796503,24
2024-03-31 13:00:00,78,3.0,0.0,0.5698760461999919,24
2024-03-30 03:00:00,25,0.0,1.0,1.0027495698452482,24
2024-03-28 21:00:00,148,139.0,135.0,85.66354312959966,24
2024-03-29 01:00:00,203,0.0,0.0,0.039788664656054185,24
2024-03-22 20:00:00,136,0.0,0.0,0.07746258280011227,24
2024-03-22 15:00:00,153,1.0,0.0,0.12330723737432439,24
2024-03-26 14:00:00,202,0.0,1.0,0.3827255334900426,24
2024-03-29 03:00:00,83,0.0,0.0,0.11885134524025633,24
2024-03-25 05:00:00,6,0.0,0.0,0.1005724307271507,24
2024-03-23 11:00:00,256,8.0,2.0,1.0899279817620193,24
2024-03-30 22:00:00,204,0.0,0.0,0.003692083722327145,24
2024-03-30 12:00:00,47,1.0,0.0,0.6126513807614299,24
2024-03-30 16:00:00,210,0.0,0.0,0.21515527349087976,24
2024-03-18 21:00:00,64,0.0,0.0,0.05284811380232741,24
2024-03-28 17:00:00,81,0.0,0.0,0.17202111148611807,24
2024-03-24 00:00:00,139,0.0,0.0,0.10586978095369706,24
2024-03-23 17:00:00,227,0.0,0.0,0.12788065231192625,24
2024-03-27 04:00:00,131,0.0,0.0,0.15960821190682814,24
2024-03-24 10:00:00,45,1.0,4.0,5.195720860932006,24
2024-03-30 15:00:00,45,10.0,16.0,12.901370443451686,24
2024-03-26 15:00:00,78,0.0,0.0,0.5866265867787952,24
2024-03-30 10:00:00,216,4.0,1.0,1.3687581298668783,24
2024-03-18 05:00:00,105,0.0,0.0,0.003541772093112376,24
2024-03-25 05:00:00,148,1.0,3.0,9.280739109767206,24
2024-03-28 21:00:00,215,1.0,2.0,0.9300496375629104,24
2024-03-20 11:00:00,141,153.0,149.0,156.6471089190345,24
2024-03-21 09:00:00,91,1.0,4.0,1.9739531243553523,24
2024-03-27 16:00:00,113,114.0,97.0,93.32455571974526,24
2024-03-30 18:00:00,188,2.0,3.0,1.77232565676229,24
2024-03-22 00:00:00,265,1.0,2.0,6.994523960205901,24
2024-03-30 17:00:00,122,0.0,0.0,0.12815057055660248,24
2024-03-26 21:00:00,188,0.0,1.0,0.8266453605123915,24
2024-03-26 02:00:00,175,0.0,0.0,0.024430275635310122,24
2024-03-18 18:00:00,243,1.0,1.0,2.6368513522769765,24
2024-03-18 08:00:00,145,4.0,11.0,7.201343294032374,24
2024-03-31 22:00:00,114,62.0,87.0,65.25520762754003,24
2024-03-22 07:00:00,205,1.0,2.0,1.9465373669437969,24
2024-03-29 18:00:00,164,162.0,195.0,199.98488963716275,24
2024-03-19 05:00:00,212,0.0,1.0,0.22386904934156818,24
2024-03-22 06:00:00,61,5.0,9.0,3.7599156539156398,24
2024-03-29 15:00:00,165,2.0,1.0,1.1479603221226777,24
2024-03-30 05:00:00,51,1.0,0.0,0.6081738678521758,24
2024-03-23 15:00:00,213,0.0,1.0,0.6193522498582716,24
2024-03-20 15:00:00,156,0.0,0.0,0.003822390834632517,24
2024-03-26 16:00:00,121,0.0,0.0,0.4283203436621923,24
2024-03-28 23:00:00,195,1.0,0.0,0.542962025880758,24
2024-03-28 11:00:00,7,2.0,5.0,2.887116780563457,24
2024-03-19 13:00:00,113,63.0,65.0,73.51817754163106,24
2024-03-18 21:00:00,261,14.0,17.0,17.163565197997183,24
2024-03-22 08:00:00,97,2.0,3.0,2.8439275726746707,24
2024-03-25 01:00:00,198,0.0,0.0,0.20120950720763084,24
2024-03-24 22:00:00,203,0.0,1.0,0.13165203873729892,24
2024-03-30 13:00:00,168,0.0,1.0,2.511565210529004,24
2024-03-21 20:00:00,119,0.0,1.0,0.21441708572906193,24
2024-03-23 05:00:00,62,0.0,1.0,0.5903852582209657,24
2024-03-18 05:00:00,131,0.0,0.0,0.2706457536380121,24
2024-03-21 10:00:00,89,1.0,3.0,2.4372331107504697,24
2024-03-26 00:00:00,252,0.0,0.0,0.0903082024787336,24
2024-03-18 02:00:00,132,16.0,131.0,18.764678799899347,24
2024-03-21 19:00:00,213,0.0,0.0,0.3066867336287725,24
2024-03-28 00:00:00,118,0.0,0.0,0.00764492819374146,24
2024-03-29 20:00:00,129,3.0,2.0,1.2939705727123574,24
2024-03-22 11:00:00,49,1.0,0.0,1.8290146278338646,24
2024-03-24 22:00:00,44,0.0,0.0,0.003519800385791013,24
2024-03-30 03:00:00,94,0.0,0.0,0.04351748185647894,24
2024-03-27 11:00:00,36,1.0,0.0,0.47034669298889364,24
2024-03-27 08:00:00,187,0.0,0.0,0.009859101497731277,24
2024-03-19 15:00:00,232,9.0,3.0,4.436412069903574,24
2024-03-26 13:00:00,195,0.0,0.0,1.1861386363235085,24
2024-03-18 14:00:00,78,1.0,0.0,0.5347686086643478,24
2024-03-19 20:00:00,35,1.0,0.0,0.7555691242537852,24
2024-03-24 11:00:00,114,27.0,21.0,32.854734344206,24
2024-03-22 18:00:00,186,281.0,272.0,237.7084468010603,24
2024-03-20 22:00:00,222,0.0,1.0,0.1433357404519783,24
2024-03-21 06:00:00,38,1.0,1.0,0.7091756363951798,24
2024-03-19 01:00:00,211,2.0,4.0,2.452740382306893,24
2024-03-29 05:00:00,208,0.0,0.0,0.4708837067439878,24
2024-03-22 01:00:00,81,0.0,0.0,0.0817938303656105,24
2024-03-29 17:00:00,254,0.0,1.0,0.6720136150158499,24
2024-03-23 00:00:00,172,0.0,0.0,0.009629232092566246,24
2024-03-20 09:00:00,238,175.0,166.0,181.5912711778647,24
2024-03-20 10:00:00,158,19.0,28.0,25.279049097242225,24
2024-03-22 18:00:00,48,165.0,216.0,201.22607326537235,24
2024-03-18 08:00:00,238,181.0,196.0,131.91652158263207,24
2024-03-21 02:00:00,221,0.0,0.0,0.005922679284370709,24
2024-03-29 22:00:00,160,0.0,0.0,0.17936862366245102,24
2024-03-27 22:00:00,4,14.0,16.0,11.012591776851371,24
2024-03-18 10:00:00,223,2.0,0.0,1.6105719261969251,24
2024-03-18 11:00:00,187,0.0,0.0,0.008704769419282617,24
2024-03-23 16:00:00,70,0.0,41.0,39.470900250406636,24
2024-03-19 21:00:00,132,320.0,318.0,326.25703218440975,24
2024-03-25 15:00:00,180,0.0,0.0,0.2352188222168527,24
2024-03-25 05:00:00,218,0.0,3.0,1.0083356399617551,24
2024-03-30 01:00:00,10,0.0,1.0,0.2696810523069235,24
2024-03-22 08:00:00,174,0.0,1.0,0.8143052623142423,24
2024-03-24 07:00:00,57,0.0,0.0,0.014001958062338421,24
2024-03-20 09:00:00,209,16.0,4.0,9.304132910334005,24
2024-03-27 04:00:00,190,0.0,0.0,0.06314376156853209,24
2024-03-30 23:00:00,38,0.0,0.0,0.11377183735222471,24
2024-03-27 23:00:00,227,0.0,0.0,0.11377743867063128,24
2024-03-21 08:00:00,136,1.0,0.0,0.5413375650111337,24
2024-03-23 13:00:00,98,0.0,0.0,0.13010595908401826,24
2024-03-31 21:00:00,212,2.0,0.0,0.1034259752313378,24
2024-03-27 03:00:00,59,0.0,0.0,0.005420084759254375,24
2024-03-19 02:00:00,248,0.0,0.0,0.04377782441366905,24
2024-03-29 12:00:00,75,65.0,63.0,48.97464949326957,24
2024-03-31 18:00:00,52,0.0,7.0,1.8663524087300802,24
2024-03-27 01:00:00,255,0.0,0.0,0.561469763140447,24
2024-03-24 09:00:00,250,1.0,1.0,0.34625658716025515,24
2024-03-27 02:00:00,135,0.0,0.0,0.040219814402471146,24
2024-03-23 15:00:00,18,0.0,0.0,0.3469872665135745,24
2024-03-25 03:00:00,61,2.0,0.0,0.24050112069651108,24
2024-03-23 15:00:00,258,0.0,0.0,0.2675596544652022,24
2024-03-21 09:00:00,121,0.0,0.0,0.781813178959365,24
2024-03-18 11:00:00,2,0.0,0.0,0.0040539814329200825,24
2024-03-20 17:00:00,121,1.0,0.0,0.3763580577838259,24
2024-03-28 02:00:00,28,1.0,0.0,0.10992192071339092,24
2024-03-30 11:00:00,246,93.0,48.0,83.28374730246543,24
2024-03-28 14:00:00,139,0.0,0.0,0.5060168526289759,24
2024-03-20 13:00:00,173,0.0,1.0,0.20315704410037788,24
2024-03-20 17:00:00,246,210.0,182.0,155.15964876579,24
2024-03-19 07:00:00,39,5.0,2.0,3.709064470841979,24
2024-03-29 00:00:00,172,0.0,0.0,0.013277562890984543,24
2024-03-22 09:00:00,177,1.0,1.0,1.9957158316471684,24
2024-03-24 15:00:00,245,0.0,0.0,0.008213236515448367,24
2024-03-31 22:00:00,108,0.0,0.0,0.08776671824820148,24
2024-03-28 11:00:00,90,95.0,93.0,90.49831349871545,24
2024-03-31 11:00:00,90,90.0,78.0,87.80224570387746,24
2024-03-23 02:00:00,114,423.0,303.0,361.3744853202878,24
2024-03-28 18:00:00,232,19.0,7.0,10.376075577930049,24
2024-03-19 12:00:00,94,0.0,1.0,0.2915522750632509,24
2024-03-25 20:00:00,251,0.0,0.0,0.005993769898962807,24
2024-03-18 17:00:00,187,0.0,0.0,0.009600776361739075,24
2024-03-18 11:00:00,138,232.0,276.0,223.65301352525847,24
2024-03-27 18:00:00,62,2.0,0.0,0.9973763769977139,24
2024-03-19 14:00:00,256,0.0,0.0,0.8832518284786834,24
2024-03-19 18:00:00,208,0.0,0.0,0.2111104495564767,24
2024-03-23 01:00:00,251,0.0,0.0,0.005292630155292559,24
2024-03-28 23:00:00,63,0.0,0.0,0.15130898357955214,24
2024-03-18 12:00:00,53,0.0,0.0,0.11339937699202342,24
2024-03-31 10:00:00,251,0.0,0.0,0.00597070701935596,24
2024-03-31 18:00:00,186,221.0,183.0,195.27277585099807,24
2024-03-21 00:00:00,17,3.0,0.0,0.9721993605798515,24
2024-03-22 01:00:00,9,0.0,0.0,0.03255713478245495,24
2024-03-20 04:00:00,59,0.0,0.0,0.007036598020332801,24
2024-03-26 17:00:00,102,0.0,0.0,0.1845954527640018,24
2024-03-21 00:00:00,198,1.0,0.0,0.2588174355339847,24
2024-03-25 03:00:00,43,1.0,0.0,1.444946271236289,24
2024-03-27 17:00:00,206,0.0,0.0,0.005425607496747112,24
2024-03-30 01:00:00,128,0.0,0.0,0.036402612260827805,24
2024-03-31 05:00:00,195,0.0,1.0,0.5475624131073532,24
2024-03-27 12:00:00,102,1.0,0.0,0.3530830940293764,24
2024-03-30 04:00:00,44,0.0,0.0,0.00360167894706166,24
2024-03-29 07:00:00,15,0.0,1.0,0.1758271839858702,24
2024-03-18 12:00:00,131,3.0,0.0,0.47238402089963705,24
2024-03-30 20:00:00,52,1.0,0.0,1.3953341798600072,24
2024-03-30 14:00:00,245,0.0,0.0,0.007550799658396067,24
2024-03-18 06:00:00,183,0.0,0.0,0.15934843092796705,24
2024-03-26 03:00:00,206,0.0,0.0,0.0038589145708900156,24
2024-03-29 10:00:00,70,16.0,20.0,17.198877987769716,24
2024-03-31 16:00:00,139,0.0,1.0,0.27525907728853505,24
2024-03-23 06:00:00,261,3.0,4.0,5.1227345702349165,24
2024-03-27 07:00:00,40,2.0,2.0,2.0964985123102657,24
2024-03-18 09:00:00,200,0.0,0.0,0.29545585792260604,24
2024-03-19 13:00:00,254,0.0,0.0,0.7824548978578222,24
2024-03-24 22:00:00,7,10.0,5.0,3.037151732719309,24
2024-03-27 15:00:00,220,0.0,0.0,0.2923878799081327,24
2024-03-31 16:00:00,165,0.0,0.0,0.39875908290477674,24
2024-03-31 13:00:00,222,5.0,2.0,1.0166867526178156,24
2024-03-31 06:00:00,20,0.0,0.0,0.17981014480046936,24
2024-03-21 05:00:00,165,0.0,0.0,0.2292713130108543,24
2024-03-20 10:00:00,5,0.0,0.0,0.0037675236606270887,24
2024-03-20 10:00:00,111,0.0,0.0,0.0074290982298949055,24
2024-03-27 18:00:00,137,131.0,88.0,99.95559750236843,24
2024-03-26 13:00:00,218,0.0,1.0,0.6556734954963674,24
2024-03-25 19:00:00,171,0.0,0.0,0.0965664838198605,24
2024-03-19 05:00:00,199,0.0,0.0,0.004069946634538812,24
2024-03-19 03:00:00,252,0.0,0.0,0.03136160333113145,24
2024-03-28 18:00:00,59,0.0,0.0,0.009216852039863742,24
2024-03-24 20:00:00,149,0.0,0.0,0.06591074036729647,24
2024-03-25 20:00:00,135,0.0,0.0,0.10240966678763178,24
2024-03-20 22:00:00,10,2.0,1.0,2.5470582116827205,24
2024-03-18 07:00:00,175,1.0,0.0,0.15976306370394788,24
2024-03-20 03:00:00,255,0.0,0.0,0.34061827988756455,24
2024-03-21 17:00:00,144,63.0,55.0,67.26525961867225,24
2024-03-27 11:00:00,92,2.0,0.0,0.6758872609526024,24
2024-03-25 13:00:00,43,121.0,132.0,130.06822735537096,24
2024-03-31 15:00:00,59,0.0,0.0,0.0064906453364599655,24
2024-03-26 19:00:00,156,0.0,0.0,0.003800212117160484,24
2024-03-29 08:00:00,123,1.0,1.0,0.6106811769203225,24
2024-03-31 19:00:00,101,1.0,0.0,0.07098005141711376,24
2024-03-18 12:00:00,166,23.0,27.0,30.018106821545203,24
2024-03-18 06:00:00,174,0.0,0.0,0.5372649622844774,24
2024-03-23 02:00:00,13,1.0,2.0,1.995913332591367,24
2024-03-27 04:00:00,146,1.0,1.0,0.605326627481,24
2024-03-21 08:00:00,92,1.0,1.0,0.8917538460937869,24
2024-03-22 12:00:00,214,0.0,0.0,0.0160972527725531,24
2024-03-22 15:00:00,74,23.0,22.0,25.009862010367105,24
2024-03-19 13:00:00,109,0.0,0.0,0.003676000391219457,24
2024-03-25 09:00:00,176,0.0,0.0,0.0036619551356609323,24
2024-03-23 14:00:00,139,1.0,0.0,0.25817568093910986,24
2024-03-21 01:00:00,153,0.0,0.0,0.03161767912069362,24
2024-03-30 20:00:00,93,2.0,0.0,1.122111216904748,24
2024-03-22 08:00:00,55,0.0,1.0,1.756127476521916,24
2024-03-28 13:00:00,203,0.0,0.0,0.46277361553837115,24
2024-03-26 12:00:00,7,3.0,1.0,3.5546246834284734,24
2024-03-19 17:00:00,130,2.0,1.0,1.808957504545948,24
2024-03-23 17:00:00,123,0.0,1.0,0.1365404921885823,24
2024-03-26 20:00:00,251,0.0,0.0,0.006093074407631688,24
2024-03-31 18:00:00,81,1.0,0.0,0.17440460755493983,24
2024-03-28 00:00:00,246,16.0,31.0,34.84311593417255,24
2024-03-20 00:00:00,20,0.0,0.0,0.07295815007084412,24
2024-03-26 16:00:00,43,146.0,151.0,191.296483736466,24
2024-03-23 08:00:00,246,16.0,28.0,18.991599728007724,24
2024-03-21 19:00:00,58,0.0,0.0,0.0159793186473549,24
2024-03-28 10:00:00,141,145.0,161.0,154.19796831155742,24
2024-03-25 16:00:00,19,0.0,0.0,0.202486143040517,24
2024-03-26 17:00:00,154,0.0,0.0,0.08929785698142784,24
2024-03-28 12:00:00,126,1.0,0.0,0.6408059440374642,24
2024-03-30 13:00:00,120,0.0,0.0,0.09515182027374823,24
2024-03-20 08:00:00,259,2.0,2.0,0.7643391260217808,24
2024-03-29 02:00:00,74,0.0,1.0,1.4309768326304502,24
2024-03-26 04:00:00,119,0.0,0.0,0.24741731662766756,24
2024-03-19 01:00:00,249,30.0,30.0,27.07912703787216,24
2024-03-31 23:00:00,24,1.0,2.0,5.7077620929998805,24
2024-03-22 11:00:00,31,0.0,0.0,0.12487388566845578,24
2024-03-22 13:00:00,28,0.0,1.0,0.7388409778019277,24
2024-03-22 17:00:00,44,0.0,0.0,0.004142976461623329,24
2024-03-29 00:00:00,210,0.0,0.0,0.08888228835782229,24
2024-03-23 19:00:00,196,1.0,0.0,0.42876676510986905,24
2024-03-29 22:00:00,27,0.0,0.0,0.01032358808997913,24
2024-03-20 01:00:00,236,4.0,9.0,5.684881606682932,24
2024-03-18 00:00:00,96,0.0,0.0,0.012582476108212278,24
2024-03-24 00:00:00,174,0.0,0.0,0.09947994815782271,24
2024-03-25 23:00:00,200,0.0,0.0,0.12103563043520982,24
2024-03-21 08:00:00,184,0.0,0.0,0.011682567921427243,24
2024-03-19 18:00:00,211,45.0,47.0,48.32003984298958,24
2024-03-31 05:00:00,227,0.0,1.0,0.13945020047445467,24
2024-03-21 02:00:00,40,0.0,0.0,0.06881203154998243,24
2024-03-18 02:00:00,24,2.0,0.0,0.859893701121006,24
2024-03-23 02:00:00,183,0.0,0.0,0.028083488154661232,24
2024-03-31 23:00:00,147,0.0,0.0,0.11524154176765716,24
2024-03-29 16:00:00,48,118.0,113.0,136.99658177315166,24
2024-03-19 01:00:00,188,0.0,0.0,0.24156063629544244,24
2024-03-22 08:00:00,139,1.0,0.0,0.5524060942507759,24
2024-03-27 10:00:00,138,204.0,275.0,224.63168430161122,24
2024-03-27 05:00:00,125,2.0,0.0,2.018274265107736,24
2024-03-18 13:00:00,150,1.0,0.0,0.20741882048134544,24
2024-03-21 15:00:00,98,0.0,0.0,0.14821598536598435,24
2024-03-22 17:00:00,142,236.0,251.0,252.21174713017646,24
2024-03-29 05:00:00,21,1.0,0.0,0.2788741621717151,24
2024-03-23 11:00:00,151,58.0,72.0,69.29867543571632,24
2024-03-25 00:00:00,264,10.0,9.0,5.797903860893061,24
2024-03-29 16:00:00,256,2.0,3.0,1.4977657390055652,24
2024-03-25 05:00:00,128,0.0,0.0,0.07126761820590978,24
2024-03-30 06:00:00,19,0.0,0.0,0.14497454933968906,24
2024-03-18 10:00:00,229,105.0,116.0,103.53590137867302,24
2024-03-23 20:00:00,188,1.0,0.0,1.81305485712725,24
2024-03-22 21:00:00,41,24.0,25.0,16.201779108501594,24
2024-03-22 07:00:00,211,8.0,11.0,13.96673922338916,24
2024-03-23 11:00:00,70,8.0,9.0,18.39079929521435,24
2024-03-26 19:00:00,242,0.0,1.0,0.2595057742384356,24
2024-03-31 12:00:00,188,4.0,4.0,2.498424519032171,24
2024-03-22 11:00:00,71,1.0,3.0,1.2275757116458221,24
2024-03-25 03:00:00,224,0.0,0.0,1.044829573714031,24
2024-03-26 10:00:00,57,0.0,0.0,0.019488822193031684,24
2024-03-25 16:00:00,198,0.0,0.0,0.4344340570691329,24
2024-03-21 22:00:00,71,0.0,0.0,0.20058424514434542,24
2024-03-21 14:00:00,143,77.0,77.0,82.43365463464589,24
2024-03-19 15:00:00,117,0.0,0.0,0.4299743203199354,24
2024-03-30 11:00:00,178,0.0,0.0,0.07900697557940772,24
2024-03-31 03:00:00,248,0.0,0.0,0.08038139645592035,24
2024-03-25 00:00:00,177,0.0,0.0,0.2228373586203887,24
2024-03-27 19:00:00,220,0.0,0.0,0.15655876885841355,24
2024-03-25 14:00:00,154,0.0,0.0,0.09362140596994127,24
2024-03-25 11:00:00,108,2.0,1.0,0.31957588234541984,24
2024-03-19 07:00:00,208,1.0,1.0,0.4956365447747482,24
2024-03-26 10:00:00,65,0.0,0.0,3.2008989467135223,24
2024-03-29 14:00:00,162,212.0,230.0,247.81510304642663,24
2024-03-20 15:00:00,67,0.0,1.0,0.19350507924401314,24
2024-03-24 03:00:00,166,2.0,3.0,3.064581027144568,24
2024-03-21 18:00:00,251,0.0,0.0,0.006382347174010433,24
2024-03-26 04:00:00,222,1.0,1.0,0.21938242697081625,24
2024-03-20 22:00:00,213,0.0,0.0,0.21342659599105343,24
2024-03-27 04:00:00,109,0.0,0.0,0.0035362444049816923,24
2024-03-28 07:00:00,173,0.0,0.0,0.26541019659419707,24
2024-03-30 12:00:00,138,79.0,98.0,146.55887736652232,24
2024-03-23 01:00:00,59,0.0,0.0,0.006517575295316773,24
2024-03-23 17:00:00,197,0.0,1.0,1.492095187550099,24
2024-03-30 09:00:00,184,0.0,0.0,0.01395895269054525,24
2024-03-25 09:00:00,181,4.0,0.0,1.652221602730307,24
2024-03-29 14:00:00,101,0.0,0.0,0.12052872500951112,24
2024-03-27 13:00:00,65,3.0,3.0,3.4322101997633694,24
2024-03-18 14:00:00,161,318.0,349.0,364.28525005684475,24
2024-03-25 14:00:00,136,1.0,0.0,0.24105251022028662,24
2024-03-26 13:00:00,21,2.0,0.0,0.33847105439863406,24
2024-03-28 16:00:00,188,4.0,2.0,1.9097963775122129,24
2024-03-18 03:00:00,60,0.0,0.0,0.03640165823654825,24
2024-03-21 23:00:00,36,0.0,1.0,0.28654288812460843,24
2024-03-20 16:00:00,262,71.0,77.0,84.66300431976882,24
2024-03-28 09:00:00,82,0.0,1.0,1.089039143608391,24
2024-03-21 05:00:00,246,3.0,2.0,3.30434065956275,24
2024-03-21 22:00:00,93,3.0,1.0,1.1923849537144995,24
2024-03-18 19:00:00,207,0.0,0.0,0.16412152781594025,24
2024-03-28 08:00:00,66,5.0,6.0,2.102063529280875,24
2024-03-30 01:00:00,163,44.0,37.0,74.57877041052743,24
2024-03-28 23:00:00,226,1.0,4.0,3.631380582905167,24
2024-03-22 02:00:00,29,0.0,0.0,0.05623164468682579,24
2024-03-31 15:00:00,90,76.0,102.0,110.91953108579791,24
2024-03-22 23:00:00,209,17.0,34.0,18.877988120585584,24
2024-03-27 03:00:00,68,8.0,4.0,12.549665016994515,24
2024-03-30 22:00:00,4,19.0,16.0,17.0622500078864,24
2024-03-20 02:00:00,188,0.0,0.0,0.11377682436765686,24
2024-03-31 23:00:00,7,3.0,5.0,3.2666630506231638,24
2024-03-24 05:00:00,64,0.0,0.0,0.07041487765751248,24
2024-03-19 14:00:00,175,0.0,0.0,0.21308499578502857,24
2024-03-30 15:00:00,128,0.0,1.0,0.10060557046618551,24
2024-03-28 19:00:00,30,0.0,0.0,0.0070699612849841114,24
2024-03-28 13:00:00,159,1.0,0.0,0.9015161866146956,24
2024-03-22 02:00:00,221,0.0,0.0,0.005710108134041619,24
2024-03-27 16:00:00,237,396.0,434.0,460.26160887676406,24
2024-03-25 05:00:00,244,0.0,0.0,2.2755577484480565,24
2024-03-21 15:00:00,223,0.0,7.0,1.837045979152556,24
2024-03-20 00:00:00,42,1.0,2.0,1.955426780146503,24
2024-03-25 10:00:00,175,0.0,0.0,0.15865849020705966,24
2024-03-20 06:00:00,14,0.0,1.0,0.8230317961863332,24
2024-03-21 01:00:00,221,0.0,0.0,0.0070688877797494,24
2024-03-20 10:00:00,150,0.0,1.0,0.19985023802211865,24
2024-03-28 09:00:00,231,60.0,63.0,62.009057124577424,24
2024-03-23 03:00:00,253,0.0,0.0,0.03150756502918051,24
2024-03-27 02:00:00,10,0.0,0.0,0.23414397069734727,24
2024-03-26 12:00:00,206,0.0,0.0,0.005369802902617728,24
2024-03-28 13:00:00,47,1.0,0.0,0.7566315260267076,24
2024-03-31 01:00:00,235,0.0,0.0,0.29396718508342423,24
2024-03-26 20:00:00,95,0.0,2.0,0.8019757066033703,24
2024-03-28 17:00:00,132,412.0,333.0,407.40403886121396,24
2024-03-26 06:00:00,138,4.0,4.0,6.380927670662181,24
2024-03-31 01:00:00,51,0.0,0.0,0.08419022157048257,24
2024-03-25 02:00:00,250,0.0,1.0,0.03364746852403021,24
2024-03-19 07:00:00,76,6.0,8.0,4.112800455055644,24
2024-03-30 13:00:00,258,1.0,0.0,0.3420907645341876,24
2024-03-19 21:00:00,152,5.0,0.0,2.3458206234806322,24
2024-03-25 09:00:00,15,1.0,0.0,0.13163118597357334,24
2024-03-23 05:00:00,28,3.0,0.0,0.606620399385456,24
2024-03-30 11:00:00,215,3.0,2.0,1.2364139300173418,24
2024-03-27 15:00:00,102,0.0,0.0,0.2678857648415618,24
2024-03-29 04:00:00,166,5.0,3.0,2.195376785171365,24
2024-03-28 06:00:00,142,32.0,30.0,48.1429620881341,24
2024-03-18 19:00:00,122,0.0,0.0,0.07463885557992127,24
2024-03-23 22:00:00,80,6.0,2.0,1.6557451030448769,24
2024-03-27 13:00:00,161,352.0,409.0,392.5796935124561,24
2024-03-30 21:00:00,113,148.0,115.0,120.09600631614485,24
2024-03-25 01:00:00,99,0.0,0.0,0.0035215889248939353,24
2024-03-18 21:00:00,181,2.0,0.0,3.096387940667849,24
2024-03-23 10:00:00,111,0.0,0.0,0.007367014021607328,24
2024-03-20 10:00:00,264,21.0,21.0,18.352237496319145,24
2024-03-20 11:00:00,121,1.0,1.0,0.6554835881792235,24
2024-03-24 17:00:00,6,0.0,0.0,0.06632914088990836,24
2024-03-18 16:00:00,258,0.0,2.0,0.31498582810457526,24
2024-03-24 12:00:00,165,0.0,0.0,0.6403540883213406,24
2024-03-25 10:00:00,97,3.0,2.0,2.865374611783668,24
2024-03-18 21:00:00,42,2.0,3.0,7.799333607916364,24
2024-03-25 15:00:00,204,0.0,0.0,0.003710292820174222,24
2024-03-24 18:00:00,42,10.0,9.0,13.072153248084046,24
2024-03-25 23:00:00,49,0.0,0.0,0.9720834031369424,24
2024-03-31 05:00:00,242,0.0,0.0,0.19222754604984899,24
2024-03-27 16:00:00,181,4.0,1.0,2.321891536137367,24
2024-03-20 08:00:00,13,39.0,39.0,52.15270554420388,24
2024-03-21 21:00:00,185,0.0,0.0,0.06445279529430638,24
2024-03-19 18:00:00,43,81.0,121.0,112.73137671433244,24
2024-03-26 04:00:00,259,0.0,0.0,0.11272272552822846,24
2024-03-30 22:00:00,100,99.0,115.0,87.5986770073744,24
2024-03-29 09:00:00,217,0.0,0.0,0.5150821332834591,24
2024-03-30 05:00:00,98,0.0,0.0,0.09519644664448637,24
2024-03-22 14:00:00,144,64.0,66.0,66.57666778569414,24
2024-03-30 22:00:00,120,0.0,0.0,0.0891219121851407,24
2024-03-27 00:00:00,32,0.0,0.0,0.0720368011497766,24
2024-03-21 19:00:00,7,0.0,2.0,1.8768592040335736,24
2024-03-28 11:00:00,231,77.0,76.0,72.648127581678,24
2024-03-22 19:00:00,155,1.0,1.0,0.3099573135569644,24
2024-03-31 02:00:00,164,69.0,87.0,84.38471251541617,24
2024-03-19 02:00:00,29,0.0,0.0,0.03623333586234639,24
2024-03-24 22:00:00,121,0.0,0.0,0.13831056922101684,24
2024-03-30 21:00:00,216,1.0,3.0,1.078600399687935,24
2024-03-26 08:00:00,14,0.0,2.0,0.8678826861217565,24
2024-03-20 06:00:00,206,0.0,0.0,0.005053469965663601,24
2024-03-19 18:00:00,51,0.0,0.0,0.49310021447719793,24
2024-03-24 08:00:00,262,52.0,64.0,52.091348715421184,24
2024-03-25 05:00:00,172,0.0,1.0,0.008364082384902207,24
2024-03-22 15:00:00,22,0.0,0.0,0.43847412047720774,24
2024-03-31 10:00:00,261,21.0,24.0,12.928030757827935,24
2024-03-20 23:00:00,94,0.0,0.0,0.088067223109191,24
2024-03-21 01:00:00,201,0.0,0.0,0.042245294103314866,24
2024-03-20 22:00:00,7,0.0,2.0,2.7669874927727593,24
2024-03-23 13:00:00,126,0.0,0.0,0.44144791123156546,24
2024-03-29 07:00:00,209,1.0,3.0,3.310826771943541,24
2024-03-31 05:00:00,14,0.0,0.0,0.32393679800900416,24
2024-03-20 18:00:00,37,0.0,2.0,1.223900804972442,24
2024-03-28 17:00:00,170,251.0,322.0,365.4883600632488,24
2024-03-21 12:00:00,20,0.0,1.0,0.318332523936594,24
2024-03-18 07:00:00,62,1.0,2.0,1.7909788210203896,24
2024-03-19 00:00:00,140,13.0,10.0,6.705262777935314,24
2024-03-26 10:00:00,217,1.0,1.0,0.34712916522840404,24
2024-03-22 17:00:00,137,125.0,127.0,112.710706813574,24
2024-03-19 13:00:00,75,42.0,56.0,48.36938632077335,24
2024-03-19 05:00:00,138,3.0,5.0,3.1029057738321275,24
2024-03-29 18:00:00,249,157.0,106.0,179.22814785951869,24
2024-03-30 12:00:00,261,49.0,36.0,46.07651132138949,24
2024-03-26 14:00:00,264,19.0,18.0,19.63515136027448,24
2024-03-23 19:00:00,264,21.0,38.0,29.382217189464114,24
2024-03-20 11:00:00,91,0.0,0.0,1.672844100064366,24
2024-03-25 10:00:00,189,1.0,0.0,0.6479551555519196,24
2024-03-29 10:00:00,79,78.0,52.0,73.11890360047758,24
2024-03-18 02:00:00,177,0.0,0.0,0.0684713177875913,24
2024-03-24 23:00:00,13,1.0,1.0,9.14057739109923,24
2024-03-19 15:00:00,200,0.0,0.0,0.18509439454272716,24
2024-03-19 07:00:00,262,146.0,164.0,121.69529764254241,24
2024-03-24 12:00:00,173,0.0,0.0,0.1890089706418534,24
2024-03-19 18:00:00,2,0.0,0.0,0.004198898736348538,24
2024-03-31 16:00:00,94,0.0,0.0,0.15577849661017867,24
2024-03-31 02:00:00,6,0.0,0.0,0.035749963524311555,24
2024-03-20 23:00:00,51,0.0,0.0,0.2942024574481279,24
2024-03-25 14:00:00,215,0.0,1.0,1.6559759169827848,24
2024-03-22 14:00:00,93,0.0,0.0,0.8324496222535143,24
2024-03-26 10:00:00,254,1.0,1.0,0.8044841134648092,24
2024-03-18 22:00:00,253,0.0,0.0,0.014567941047130564,24
2024-03-30 16:00:00,7,7.0,4.0,4.1506078456196915,24
2024-03-22 12:00:00,99,0.0,0.0,0.0039368498359293475,24
2024-03-26 18:00:00,52,3.0,0.0,1.6448521832542697,24
2024-03-18 19:00:00,142,170.0,164.0,212.65566717488866,24
2024-03-29 09:00:00,46,0.0,0.0,0.027058045792296412,24
2024-03-31 14:00:00,23,0.0,0.0,0.010402699053867228,24
2024-03-29 09:00:00,107,93.0,107.0,122.30774110211222,24
2024-03-28 21:00:00,256,3.0,2.0,2.60588631423905,24
2024-03-27 15:00:00,210,2.0,1.0,0.4547087542956147,24
2024-03-28 13:00:00,206,0.0,0.0,0.005577423120833119,24
2024-03-23 21:00:00,250,0.0,0.0,0.09932279529411957,24
2024-03-18 19:00:00,12,1.0,0.0,1.2764238332863997,24
2024-03-20 03:00:00,247,0.0,1.0,0.09420608051048329,24
2024-03-18 12:00:00,63,1.0,0.0,0.4605163505847258,24
2024-03-30 09:00:00,18,0.0,0.0,0.40792896595423106,24
2024-03-29 06:00:00,173,0.0,1.0,0.21744890131195202,24
2024-03-31 13:00:00,153,0.0,0.0,0.15834115146143915,24
2024-03-25 20:00:00,230,236.0,284.0,186.02344284398995,24
2024-03-27 21:00:00,2,0.0,0.0,0.009056308670415984,24
2024-03-22 08:00:00,19,0.0,1.0,0.40878271326666205,24
2024-03-25 09:00:00,208,0.0,1.0,0.4441484163512637,24
2024-03-21 05:00:00,33,0.0,0.0,0.45819887304287743,24
2024-03-31 18:00:00,136,0.0,1.0,0.18654550874140965,24
2024-03-24 05:00:00,235,0.0,0.0,0.5577712476819329,24
2024-03-20 12:00:00,38,1.0,0.0,0.30755848803878566,24
2024-03-30 06:00:00,175,0.0,0.0,0.06908840781514032,24
2024-03-18 10:00:00,165,2.0,1.0,0.637085774464876,24
2024-03-18 14:00:00,19,0.0,0.0,0.23604967005320898,24
2024-03-27 11:00:00,189,1.0,0.0,0.8980691137506067,24
2024-03-31 23:00:00,114,40.0,57.0,61.97967784184415,24
2024-03-27 09:00:00,17,4.0,4.0,2.138274965587402,24
2024-03-28 01:00:00,49,0.0,0.0,0.18321777942668407,24
2024-03-26 04:00:00,7,1.0,0.0,0.7365761119767021,24
2024-03-21 17:00:00,101,0.0,0.0,0.09654248648850805,24
2024-03-27 09:00:00,247,1.0,3.0,1.274812104983093,24
2024-03-26 09:00:00,220,1.0,0.0,0.3751332216207292,24
2024-03-19 23:00:00,67,0.0,0.0,0.07995077074917536,24
2024-03-24 16:00:00,44,0.0,0.0,0.003726884501229115,24
2024-03-28 09:00:00,106,0.0,0.0,0.6679234960608516,24
2024-03-22 23:00:00,242,0.0,1.0,0.19627703791814863,24
2024-03-24 00:00:00,152,1.0,4.0,2.60538406394085,24
2024-03-29 05:00:00,239,25.0,20.0,20.354035652348216,24
2024-03-20 06:00:00,44,0.0,0.0,0.003847718629103003,24
2024-03-23 06:00:00,155,0.0,0.0,0.3847744957773827,24
2024-03-24 01:00:00,39,0.0,0.0,0.19036779766942147,24
2024-03-21 10:00:00,135,0.0,1.0,0.5284988250388429,24
2024-03-24 03:00:00,79,324.0,290.0,293.57093436844394,24
2024-03-23 01:00:00,211,114.0,117.0,89.04847186676199,24
2024-03-21 17:00:00,97,2.0,6.0,3.0693607898054323,24
2024-03-23 10:00:00,227,0.0,1.0,0.159879115823966,24
2024-03-31 00:00:00,89,0.0,3.0,1.486516527408686,24
2024-03-26 17:00:00,88,47.0,40.0,28.562430260731404,24
2024-03-25 18:00:00,147,0.0,0.0,0.15450906112402235,24
2024-03-28 05:00:00,81,0.0,1.0,0.24471414565681052,24
2024-03-22 01:00:00,18,0.0,0.0,0.07895072734015511,24
2024-03-20 00:00:00,59,0.0,0.0,0.006993383001287435,24
2024-03-30 07:00:00,120,0.0,0.0,0.07788090710075962,24
2024-03-22 09:00:00,49,2.0,1.0,1.9681653793031821,24
2024-03-22 11:00:00,150,0.0,0.0,0.23258467006474573,24
2024-03-21 00:00:00,263,17.0,25.0,26.392243175612027,24
2024-03-30 01:00:00,219,0.0,3.0,0.2569064185469191,24
2024-03-22 18:00:00,214,0.0,0.0,0.014380935253807348,24
2024-03-19 19:00:00,2,0.0,0.0,0.004212150171965974,24
2024-03-31 08:00:00,66,0.0,0.0,1.1312642532922044,24
2024-03-27 00:00:00,122,0.0,0.0,0.06937314067307894,24
2024-03-26 17:00:00,97,4.0,1.0,1.723459127003983,24
2024-03-27 02:00:00,77,0.0,0.0,0.03823953088100735,24
2024-03-31 02:00:00,105,0.0,0.0,0.003929082358042165,24
2024-03-31 01:00:00,242,0.0,0.0,0.06248355654098126,24
2024-03-19 05:00:00,208,0.0,1.0,0.35432834195844204,24
2024-03-26 08:00:00,147,1.0,1.0,0.419178876651363,24
2024-03-20 10:00:00,262,128.0,139.0,131.99015234563504,24
2024-03-25 13:00:00,196,1.0,1.0,0.5618978180795038,24
2024-03-31 16:00:00,183,0.0,0.0,0.09219693019699297,24
2024-03-19 02:00:00,247,0.0,0.0,0.08184639267923409,24
2024-03-30 11:00:00,88,14.0,4.0,9.529387348445399,24
2024-03-26 23:00:00,131,0.0,0.0,0.12116564443785853,24
2024-03-29 13:00:00,60,0.0,1.0,0.4352310420891931,24
2024-03-28 17:00:00,145,2.0,1.0,7.645191828883104,24
2024-03-30 05:00:00,43,2.0,3.0,3.6166772525052777,24
2024-03-27 08:00:00,172,0.0,0.0,0.008635127784568571,24
2024-03-28 17:00:00,45,10.0,6.0,13.278012286294981,24
2024-03-21 10:00:00,235,0.0,0.0,1.2311603944563754,24
2024-03-21 19:00:00,260,3.0,0.0,1.1179881134623775,24
2024-03-31 04:00:00,120,0.0,0.0,0.06756041772452867,24
2024-03-29 19:00:00,90,178.0,182.0,164.24544040314007,24
2024-03-27 20:00:00,132,336.0,278.0,305.09796840825265,24
2024-03-25 12:00:00,223,2.0,4.0,1.9236031652418726,24
2024-03-21 08:00:00,109,0.0,0.0,0.0037574448437247324,24
2024-03-30 15:00:00,168,1.0,4.0,2.6831597238826093,24
2024-03-23 10:00:00,28,1.0,0.0,1.0253485581135282,24
2024-03-24 23:00:00,229,13.0,38.0,37.714148735331804,24
2024-03-23 12:00:00,238,148.0,117.0,173.5209829899644,24
2024-03-23 17:00:00,14,0.0,0.0,0.5664015345801088,24
2024-03-30 08:00:00,120,0.0,0.0,0.08657616746048387,24
2024-03-18 16:00:00,162,271.0,260.0,216.357414952304,24
2024-03-27 21:00:00,107,238.0,220.0,172.40007109366027,24
2024-03-29 13:00:00,260,3.0,1.0,1.4332719746020566,24
2024-03-23 09:00:00,102,0.0,0.0,0.2587215235255657,24
2024-03-29 21:00:00,115,0.0,0.0,0.005661064042920451,24
2024-03-21 09:00:00,14,0.0,0.0,0.8096384470356094,24
2024-03-25 04:00:00,96,0.0,0.0,0.04676949418352518,24
2024-03-25 22:00:00,38,0.0,0.0,0.0788881107943482,24
2024-03-18 18:00:00,201,0.0,0.0,0.10981336051026595,24
2024-03-29 17:00:00,188,0.0,2.0,2.3793887124519815,24
2024-03-29 07:00:00,131,0.0,1.0,0.9012858904644286,24
2024-03-27 09:00:00,47,1.0,0.0,0.9492019464478388,24
2024-03-18 02:00:00,92,0.0,0.0,0.07855554958138328,24
2024-03-25 06:00:00,41,11.0,15.0,17.911324537415783,24
2024-03-18 18:00:00,83,0.0,1.0,0.2700838062771693,24
2024-03-20 07:00:00,80,1.0,0.0,2.0810734520022676,24
2024-03-23 10:00:00,114,23.0,20.0,22.289941886386675,24
2024-03-23 19:00:00,42,14.0,7.0,16.567770320337473,24
2024-03-19 13:00:00,106,0.0,0.0,0.49333021059124854,24
2024-03-25 23:00:00,190,0.0,0.0,0.09603286155003533,24
2024-03-21 15:00:00,69,0.0,0.0,0.6614991871732092,24
2024-03-29 03:00:00,234,8.0,6.0,8.42962204893358,24
2024-03-28 22:00:00,223,2.0,0.0,1.2015735167119639,24
2024-03-23 02:00:00,248,0.0,0.0,0.07187012151718984,24
2024-03-29 18:00:00,82,0.0,0.0,0.9372477577893006,24
2024-03-27 06:00:00,80,1.0,0.0,1.1348227641737427,24
2024-03-26 00:00:00,208,0.0,0.0,0.10711356254889272,24
2024-03-20 15:00:00,44,0.0,0.0,0.003996217090784583,24
2024-03-21 13:00:00,178,0.0,0.0,0.13278456754006418,24
2024-03-18 08:00:00,197,1.0,1.0,1.2991393826015714,24
2024-03-30 01:00:00,142,29.0,24.0,61.06308072936927,24
2024-03-21 15:00:00,198,0.0,1.0,0.43196863106377936,24
2024-03-23 04:00:00,46,0.0,0.0,0.022310679684484917,24
2024-03-19 17:00:00,199,0.0,0.0,0.004333140886553981,24
2024-03-25 19:00:00,257,1.0,0.0,0.10596570156756714,24
2024-03-27 03:00:00,72,0.0,0.0,0.11083585690039593,24
2024-03-24 09:00:00,123,0.0,1.0,0.29850775854107375,24
2024-03-24 17:00:00,25,4.0,4.0,3.633508563404546,24
2024-03-31 23:00:00,45,2.0,1.0,9.561780145130406,24
2024-03-18 22:00:00,260,0.0,0.0,1.3490804907357064,24
2024-03-20 15:00:00,175,0.0,0.0,0.20735137299532866,24
2024-03-19 16:00:00,155,0.0,0.0,0.39249874689216263,24
2024-03-24 12:00:00,189,0.0,0.0,0.8515382827906389,24
2024-03-25 05:00:00,229,8.0,7.0,13.108814425834044,24
2024-03-20 22:00:00,48,338.0,265.0,299.8339572532306,24
2024-03-28 19:00:00,248,0.0,0.0,0.18848387426705807,24
2024-03-31 13:00:00,180,0.0,0.0,0.14928612453013704,24
2024-03-29 15:00:00,136,0.0,1.0,0.3846293867003997,24
2024-03-28 09:00:00,233,91.0,83.0,79.66851975682968,24
2024-03-20 05:00:00,90,7.0,7.0,5.724723064650601,24
2024-03-29 21:00:00,3,0.0,0.0,0.08848701759691435,24
2024-03-28 00:00:00,24,3.0,1.0,2.3823395851631424,24
2024-03-25 02:00:00,246,18.0,12.0,15.28645210167907,24
2024-03-26 12:00:00,219,1.0,0.0,0.8676625434121623,24
2024-03-25 09:00:00,126,0.0,0.0,0.4604832662780245,24
2024-03-31 17:00:00,101,1.0,0.0,0.09149399972144076,24
2024-03-29 18:00:00,2,0.0,0.0,0.004490585337808548,24
2024-03-22 21:00:00,92,0.0,0.0,0.19926051512662032,24
2024-03-21 01:00:00,17,0.0,0.0,0.38454355905969617,24
2024-03-29 07:00:00,8,0.0,0.0,0.017595157721939595,24
2024-03-23 13:00:00,164,162.0,121.0,144.70007134773468,24
2024-03-24 20:00:00,161,144.0,134.0,132.61562455410737,24
2024-03-21 09:00:00,61,8.0,4.0,5.061296887583631,24
2024-03-30 20:00:00,9,0.0,0.0,0.048388612102778915,24
2024-03-25 10:00:00,192,0.0,0.0,0.14968882053129326,24
2024-03-25 12:00:00,246,64.0,57.0,80.7420666152125,24
2024-03-30 06:00:00,166,3.0,2.0,7.881130224082754,24
2024-03-23 21:00:00,8,0.0,0.0,0.017044210886442777,24
2024-03-26 12:00:00,235,0.0,2.0,0.867533850866872,24
2024-03-19 00:00:00,230,57.0,51.0,56.40220190704862,24
2024-03-31 09:00:00,28,1.0,1.0,1.0736556787612337,24
2024-03-29 22:00:00,206,0.0,0.0,0.005717113487845452,24
2024-03-28 11:00:00,120,0.0,0.0,0.06972818255342901,24
2024-03-31 01:00:00,9,0.0,1.0,0.03354035119636522,24
2024-03-22 09:00:00,25,2.0,0.0,3.1128689518543533,24
2024-03-30 06:00:00,193,2.0,1.0,1.7233293199601745,24
2024-03-22 00:00:00,172,0.0,0.0,0.009934914866423328,24
2024-03-20 01:00:00,38,0.0,0.0,0.03548448976038839,24
2024-03-30 06:00:00,54,0.0,0.0,0.11619501680244011,24
2024-03-29 00:00:00,112,2.0,1.0,1.3484718427289422,24
2024-03-27 05:00:00,28,1.0,1.0,0.8301354442414098,24
2024-03-21 05:00:00,146,2.0,1.0,1.092394398285712,24
2024-03-29 01:00:00,253,0.0,0.0,0.01178049164493777,24
2024-03-31 20:00:00,40,3.0,6.0,0.9294464298596562,24
2024-03-22 09:00:00,91,2.0,1.0,2.1779105760744373,24
2024-03-26 15:00:00,175,0.0,0.0,0.15661288691759623,24
2024-03-23 11:00:00,3,0.0,1.0,0.19437473042377645,24
2024-03-21 19:00:00,76,0.0,3.0,1.909722560331827,24
2024-03-20 22:00:00,182,0.0,0.0,0.23332624532895624,24
2024-03-26 05:00:00,180,0.0,0.0,0.1535188133248266,24
2024-03-21 09:00:00,95,1.0,0.0,1.6084841057641155,24
2024-03-22 09:00:00,248,2.0,0.0,0.7163380334268631,24
2024-03-21 10:00:00,216,3.0,4.0,2.101297768766348,24
2024-03-31 09:00:00,196,0.0,2.0,0.5252317142364632,24
2024-03-25 16:00:00,238,136.0,96.0,136.0880832164462,24
2024-03-27 22:00:00,130,4.0,2.0,1.3382284295469102,24
2024-03-29 11:00:00,36,0.0,0.0,0.49034839461776847,24
2024-03-22 13:00:00,91,2.0,0.0,1.2867155855236312,24
2024-03-31 23:00:00,230,63.0,50.0,143.0314894338869,24
2024-03-22 18:00:00,240,0.0,0.0,0.027675764974777733,24
2024-03-19 06:00:00,185,1.0,1.0,0.4038757651050681,24
2024-03-28 17:00:00,38,0.0,0.0,0.24968995000538274,24
2024-03-22 02:00:00,224,0.0,0.0,1.0861731571063855,24
2024-03-19 23:00:00,19,1.0,0.0,0.15335500238566172,24
2024-03-25 20:00:00,188,0.0,0.0,2.063864120451948,24
2024-03-21 08:00:00,35,4.0,7.0,2.9815600564043465,24
2024-03-21 21:00:00,60,0.0,0.0,0.0828216307397154,24
2024-03-29 18:00:00,213,1.0,0.0,0.6154152550565826,24
2024-03-23 15:00:00,6,2.0,0.0,0.02715018290928175,24
2024-03-26 18:00:00,255,3.0,4.0,2.8186389787397683,24
2024-03-31 16:00:00,173,0.0,0.0,0.15551319034646638,24
2024-03-25 21:00:00,160,1.0,0.0,0.15223575270219453,24
2024-03-26 19:00:00,93,1.0,0.0,0.8147754037516424,24
2024-03-18 07:00:00,179,0.0,0.0,2.02813010179181,24
2024-03-27 16:00:00,234,255.0,268.0,220.35001468369217,24
2024-03-24 01:00:00,251,0.0,0.0,0.006364746540639107,24
2024-03-25 23:00:00,216,1.0,0.0,1.4590654851747857,24
2024-03-28 15:00:00,37,1.0,2.0,1.138201215814669,24
2024-03-29 09:00:00,122,0.0,0.0,0.317500100685175,24
2024-03-28 02:00:00,145,2.0,0.0,0.3433616263754721,24
2024-03-22 21:00:00,20,0.0,0.0,0.0800044957421845,24
2024-03-23 14:00:00,149,0.0,0.0,0.18276346634707413,24
2024-03-19 08:00:00,139,1.0,1.0,0.6027609312469521,24
2024-03-22 21:00:00,26,0.0,0.0,0.11336604901977762,24
2024-03-24 00:00:00,4,87.0,45.0,55.50136199299756,24
2024-03-27 15:00:00,243,1.0,1.0,1.4172093142529074,24
2024-03-29 18:00:00,176,0.0,0.0,0.003813126459648421,24
2024-03-21 20:00:00,223,1.0,2.0,1.336691145529467,24
2024-03-25 00:00:00,142,14.0,11.0,53.69159864917356,24
2024-03-29 22:00:00,19,0.0,1.0,0.11341765716080539,24
2024-03-23 07:00:00,6,0.0,0.0,0.02362862414277716,24
2024-03-25 02:00:00,127,0.0,0.0,0.12016846964668706,24
2024-03-25 10:00:00,17,1.0,3.0,1.6040550902010895,24
2024-03-29 07:00:00,146,1.0,0.0,2.4991759254244488,24
2024-03-27 11:00:00,225,0.0,1.0,1.4608894271411843,24
2024-03-23 18:00:00,214,0.0,0.0,0.01431889255553837,24
2024-03-22 23:00:00,206,0.0,0.0,0.005814366969390533,24
2024-03-26 02:00:00,200,1.0,0.0,0.02845896970986021,24
2024-03-18 16:00:00,87,22.0,26.0,29.438931642321712,24
2024-03-29 07:00:00,194,0.0,0.0,0.27855246624043,24
2024-03-27 14:00:00,227,1.0,1.0,0.41076962445670534,24
2024-03-18 23:00:00,48,80.0,130.0,72.40800460010524,24
2024-03-18 17:00:00,25,0.0,2.0,3.485917571865388,24
2024-03-25 22:00:00,8,0.0,0.0,0.023032147585229,24
2024-03-22 01:00:00,145,2.0,0.0,0.893365912538713,24
2024-03-19 19:00:00,48,178.0,171.0,182.36841917206806,24
2024-03-24 20:00:00,66,5.0,5.0,2.6682096151635935,24
2024-03-24 02:00:00,43,5.0,4.0,4.697519413655679,24
2024-03-30 06:00:00,114,2.0,2.0,6.63642863062406,24
2024-03-30 12:00:00,17,3.0,6.0,1.3394995782760284,24
2024-03-20 22:00:00,173,0.0,0.0,0.0735061435739723,24
2024-03-21 01:00:00,123,0.0,0.0,0.06273576353124405,24
2024-03-29 19:00:00,9,0.0,0.0,0.07339645728513394,24
2024-03-25 02:00:00,55,0.0,0.0,0.0759168304444385,24
2024-03-22 23:00:00,49,1.0,0.0,2.298752060094249,24
2024-03-19 17:00:00,31,0.0,0.0,0.0950308296649993,24
2024-03-30 15:00:00,49,1.0,1.0,1.9922673638797177,24
2024-03-23 19:00:00,109,0.0,0.0,0.003859024613869377,24
2024-03-20 20:00:00,32,0.0,0.0,0.07790177086648682,24
2024-03-18 21:00:00,133,0.0,0.0,0.17335842593399614,24
2024-03-19 14:00:00,7,3.0,4.0,2.4255680249754215,24
2024-03-24 01:00:00,248,0.0,0.0,0.08303203695495595,24
2024-03-23 10:00:00,24,12.0,19.0,14.647674803083971,24
2024-03-31 07:00:00,55,0.0,0.0,0.5692679705237508,24
2024-03-20 23:00:00,221,0.0,0.0,0.009059081122138843,24
2024-03-20 03:00:00,240,0.0,0.0,0.013586657696228912,24
2024-03-25 06:00:00,95,0.0,0.0,1.210021066414783,24
2024-03-30 13:00:00,18,0.0,0.0,0.39707491332432654,24
2024-03-21 06:00:00,226,2.0,1.0,6.788476008476711,24
2024-03-19 12:00:00,118,0.0,0.0,0.008366001273840958,24
2024-03-23 03:00:00,218,0.0,0.0,0.13996681652055135,24
2024-03-26 14:00:00,129,1.0,1.0,1.4819127217564199,24
2024-03-18 23:00:00,193,1.0,0.0,0.6605200415558361,24
2024-03-27 13:00:00,62,1.0,0.0,1.331024456941174,24
2024-03-25 17:00:00,126,0.0,0.0,0.2600128538834782,24
2024-03-22 05:00:00,157,0.0,1.0,0.530274283508856,24
2024-03-31 02:00:00,39,0.0,0.0,0.45576159937315736,24
2024-03-19 04:00:00,246,0.0,0.0,4.5239534749293835,24
2024-03-31 16:00:00,241,0.0,0.0,0.35411441383053965,24
2024-03-23 11:00:00,28,0.0,1.0,0.8105472704179106,24
2024-03-30 21:00:00,9,1.0,0.0,0.0533386489662508,24
2024-03-21 12:00:00,245,0.0,0.0,0.009765811730263398,24
2024-03-31 08:00:00,76,2.0,1.0,2.5334784283356453,24
2024-03-21 17:00:00,54,0.0,3.0,0.16474916984490223,24
2024-03-28 02:00:00,43,0.0,0.0,1.2027644936283641,24
2024-03-28 22:00:00,108,0.0,0.0,0.09973575037059544,24
2024-03-27 08:00:00,118,0.0,0.0,0.008043611790201218,24
2024-03-20 02:00:00,27,0.0,0.0,0.007264802975753075,24
2024-03-29 14:00:00,44,0.0,0.0,0.0037713537452579386,24
2024-03-26 07:00:00,37,1.0,5.0,1.6397683746965441,24
2024-03-18 16:00:00,200,0.0,0.0,0.1659987393300705,24
2024-03-25 16:00:00,185,0.0,2.0,0.2516345590553929,24
2024-03-24 03:00:00,231,63.0,50.0,49.23335305656315,24
2024-03-29 07:00:00,183,0.0,0.0,0.2603551680739673,24
2024-03-31 01:00:00,236,16.0,11.0,20.739724800940085,24
2024-03-30 15:00:00,93,1.0,0.0,1.1012854737836062,24
2024-03-22 14:00:00,3,1.0,1.0,0.2896042568729947,24
2024-03-22 18:00:00,89,5.0,1.0,1.943088801028983,24
2024-03-30 02:00:00,228,1.0,0.0,0.45751338663187324,24
2024-03-21 13:00:00,26,0.0,1.0,0.7335091321319374,24
2024-03-27 21:00:00,162,374.0,381.0,341.4451739957212,24
2024-03-27 08:00:00,93,0.0,1.0,0.972363237651905,24
2024-03-18 12:00:00,171,0.0,0.0,0.20912073091462202,24
2024-03-23 15:00:00,102,0.0,0.0,0.23284133864027165,24
2024-03-25 10:00:00,206,0.0,0.0,0.005321597802318168,24
2024-03-18 05:00:00,222,0.0,1.0,0.35921486313586687,24
2024-03-20 05:00:00,93,0.0,0.0,0.5357034672333132,24
2024-03-19 15:00:00,111,0.0,0.0,0.007177097615406476,24
2024-03-18 11:00:00,265,2.0,1.0,2.8767145801634486,24
2024-03-18 20:00:00,118,0.0,0.0,0.008889516508613244,24
2024-03-24 01:00:00,155,1.0,0.0,0.073537676256006,24
2024-03-26 06:00:00,35,2.0,2.0,1.564465721939922,24
2024-03-21 14:00:00,175,0.0,0.0,0.20832558703755508,24
2024-03-24 15:00:00,138,314.0,271.0,190.0621649416035,24
2024-03-31 18:00:00,102,2.0,0.0,0.1443290550881239,24
2024-03-24 01:00:00,22,0.0,0.0,0.07195626901711734,24
2024-03-20 09:00:00,174,0.0,0.0,0.6106305664593421,24
2024-03-29 02:00:00,96,0.0,0.0,0.010847235417828255,24
2024-03-19 00:00:00,42,1.0,0.0,2.5141965279949563,24
2024-03-27 18:00:00,158,92.0,56.0,73.78246476256426,24
2024-03-21 22:00:00,183,0.0,0.0,0.061417516367593065,24
2024-03-26 03:00:00,117,0.0,0.0,0.08180610571285037,24
2024-03-28 20:00:00,200,0.0,0.0,0.07869737423900146,24
2024-03-20 03:00:00,102,0.0,0.0,0.0377136664235789,24
2024-03-19 23:00:00,206,0.0,1.0,0.005348058516079993,24
2024-03-20 08:00:00,44,0.0,0.0,0.003975177636462186,24
2024-03-29 15:00:00,86,0.0,0.0,0.5489249576135031,24
2024-03-19 14:00:00,195,0.0,0.0,0.6713146797684794,24
2024-03-27 09:00:00,208,1.0,0.0,0.5207182281460727,24
2024-03-25 22:00:00,174,0.0,0.0,0.10173192213877912,24
2024-03-19 22:00:00,225,0.0,0.0,1.5287307902749312,24
2024-03-18 13:00:00,82,1.0,2.0,0.9694927838232015,24
2024-03-25 03:00:00,98,0.0,0.0,0.045174700964909595,24
2024-03-24 07:00:00,50,25.0,11.0,15.0095025979799,24
2024-03-18 03:00:00,172,1.0,0.0,0.006413792580763099,24
2024-03-26 08:00:00,141,158.0,164.0,144.358655674718,24
2024-03-29 20:00:00,167,1.0,1.0,0.2120626720509456,24
2024-03-27 23:00:00,163,132.0,272.0,142.6838783863484,24
2024-03-18 05:00:00,112,2.0,0.0,0.8867252042091986,24
2024-03-28 23:00:00,108,0.0,0.0,0.11875420395370109,24
2024-03-19 09:00:00,191,0.0,1.0,0.7559093960268453,24
2024-03-28 14:00:00,152,5.0,4.0,5.090050605121689,24
2024-03-28 21:00:00,75,30.0,21.0,23.413658007901347,24
2024-03-23 10:00:00,234,86.0,99.0,90.44134241086408,24
2024-03-28 02:00:00,126,0.0,0.0,0.04268465120250889,24
2024-03-23 08:00:00,36,2.0,0.0,0.5000160174875954,24
2024-03-24 12:00:00,201,0.0,0.0,0.18945036801503473,24
2024-03-29 01:00:00,175,0.0,0.0,0.040169669948012604,24
2024-03-24 18:00:00,203,0.0,1.0,0.1858037260184466,24
2024-03-23 11:00:00,127,0.0,0.0,0.6411078294442041,24
2024-03-21 07:00:00,88,5.0,4.0,3.9452822899738487,24
2024-03-24 18:00:00,27,0.0,0.0,0.011149219489742623,24
2024-03-31 13:00:00,118,0.0,0.0,0.008079061922420869,24
2024-03-30 08:00:00,74,6.0,5.0,11.788085030766927,24
2024-03-24 01:00:00,114,485.0,367.0,362.646073118169,24
2024-03-27 23:00:00,89,1.0,0.0,1.064504065767662,24
2024-03-22 20:00:00,243,4.0,6.0,2.2208978770953287,24
2024-03-21 02:00:00,179,0.0,0.0,0.4406783127618605,24
2024-03-29 14:00:00,72,2.0,0.0,1.7723537467575066,24
2024-03-18 02:00:00,237,2.0,6.0,6.147543731409388,24
2024-03-22 15:00:00,175,0.0,0.0,0.21968033499312023,24
2024-03-19 08:00:00,188,3.0,1.0,2.3862457959138923,24
2024-03-26 21:00:00,96,0.0,0.0,0.04260672601521104,24
2024-03-24 17:00:00,13,35.0,38.0,46.337020037826605,24
2024-03-21 22:00:00,171,0.0,0.0,0.07985343230613973,24
2024-03-19 11:00:00,81,0.0,1.0,0.32546749142772474,24
2024-03-30 01:00:00,257,0.0,0.0,0.07204157387405703,24
2024-03-31 10:00:00,40,0.0,0.0,1.1453276191603017,24
2024-03-20 19:00:00,69,0.0,1.0,0.37787561957480176,24
2024-03-23 15:00:00,101,0.0,0.0,0.08417188671326468,24
2024-03-29 01:00:00,39,0.0,0.0,0.1743853049516207,24
2024-03-20 17:00:00,76,2.0,2.0,2.0326617123082076,24
2024-03-20 13:00:00,200,0.0,0.0,0.31419424300880455,24
2024-03-23 23:00:00,153,0.0,0.0,0.10716557493617729,24
2024-03-23 20:00:00,100,66.0,96.0,85.19514399595877,24
2024-03-30 14:00:00,238,131.0,146.0,155.20828755921602,24
2024-03-23 10:00:00,171,0.0,0.0,0.24894269836616512,24
2024-03-28 15:00:00,30,0.0,0.0,0.006953084409946602,24
2024-03-20 06:00:00,126,2.0,1.0,0.3914564045118512,24
2024-03-29 05:00:00,18,0.0,0.0,0.40560598068077636,24
2024-03-18 15:00:00,27,0.0,0.0,0.011082445251323429,24
2024-03-25 11:00:00,53,0.0,0.0,0.11725653412814402,24
2024-03-18 21:00:00,132,410.0,398.0,390.5496643436225,24
2024-03-28 17:00:00,179,1.0,0.0,1.4033497565222433,24
2024-03-21 13:00:00,210,1.0,2.0,0.6328109198395381,24
2024-03-27 20:00:00,124,0.0,0.0,0.23515777114331088,24
2024-03-30 17:00:00,264,30.0,19.0,27.06106210557443,24
2024-03-25 06:00:00,88,1.0,0.0,1.125667597148494,24
2024-03-29 15:00:00,244,18.0,3.0,7.6377338437423425,24
2024-03-21 03:00:00,182,0.0,0.0,0.07435185737293643,24
2024-03-22 13:00:00,257,1.0,0.0,0.24131519646762736,24
2024-03-19 02:00:00,150,0.0,0.0,0.029242030721482567,24
2024-03-30 17:00:00,160,0.0,0.0,0.2204149474030435,24
2024-03-24 15:00:00,35,1.0,0.0,1.4534268635403638,24
2024-03-18 11:00:00,25,1.0,2.0,2.5878360515953354,24
2024-03-25 18:00:00,109,0.0,0.0,0.003723591914858785,24
2024-03-20 21:00:00,167,0.0,0.0,0.15725476479867112,24
2024-03-19 12:00:00,19,1.0,0.0,0.3031932608587509,24
2024-03-23 05:00:00,157,1.0,2.0,1.411556816179118,24
2024-03-26 02:00:00,222,0.0,0.0,0.06096547940665024,24
2024-03-29 11:00:00,39,4.0,2.0,1.8083430775579374,24
2024-03-30 11:00:00,124,1.0,0.0,0.2130448566497959,24
2024-03-18 12:00:00,117,0.0,0.0,0.7742815992403655,24
2024-03-30 16:00:00,100,85.0,148.0,109.09152554954258,24
2024-03-30 19:00:00,64,0.0,0.0,0.06053131682529211,24
2024-03-27 16:00:00,19,0.0,1.0,0.25786266172073824,24
2024-03-24 18:00:00,24,11.0,14.0,19.105416297773303,24
2024-03-18 07:00:00,166,22.0,23.0,21.926413700144796,24
2024-03-23 18:00:00,232,13.0,24.0,14.716831215440337,24
2024-03-25 21:00:00,111,0.0,0.0,0.0071804412608107975,24
2024-03-24 10:00:00,260,4.0,1.0,1.5294610441783851,24
2024-03-22 09:00:00,65,2.0,3.0,3.212852632313024,24
2024-03-24 11:00:00,192,0.0,1.0,0.14461303710909904,24
2024-03-19 20:00:00,109,0.0,0.0,0.0036777000220819733,24
2024-03-23 02:00:00,64,0.0,0.0,0.0529613554568622,24
2024-03-23 15:00:00,115,0.0,0.0,0.006027672284669281,24
2024-03-28 21:00:00,13,48.0,72.0,59.872514461441746,24
2024-03-18 06:00:00,250,1.0,0.0,0.4350959335187321,24
2024-03-25 01:00:00,138,47.0,2.0,38.79627182612567,24
2024-03-22 12:00:00,27,0.0,0.0,0.011438223569942355,24
2024-03-28 17:00:00,246,254.0,194.0,202.7630253232243,24
2024-03-19 06:00:00,216,1.0,2.0,1.3618438510657978,24
2024-03-26 06:00:00,135,1.0,1.0,0.5246867625303531,24
2024-03-24 19:00:00,146,4.0,7.0,3.0416722742614537,24
2024-03-19 12:00:00,213,0.0,1.0,0.9540625055384271,24
2024-03-30 17:00:00,213,2.0,0.0,0.6440971114761755,24
2024-03-23 14:00:00,28,0.0,1.0,0.9624909489213551,24
2024-03-29 09:00:00,127,1.0,2.0,0.8612570567889588,24
2024-03-25 13:00:00,220,1.0,1.0,0.33948784535944176,24
2024-03-18 04:00:00,61,2.0,3.0,0.9623991550130608,24
2024-03-29 12:00:00,62,1.0,1.0,1.3776080669526338,24
2024-03-25 07:00:00,250,2.0,0.0,0.5101169594469223,24
2024-03-27 07:00:00,92,0.0,0.0,0.7696090985447879,24
2024-03-23 03:00:00,187,0.0,0.0,0.0069096822127824985,24
2024-03-31 10:00:00,230,174.0,183.0,153.10701664328374,24
2024-03-25 14:00:00,205,0.0,2.0,0.6745937691692109,24
2024-03-24 01:00:00,214,0.0,0.0,0.01001832878641133,24
2024-03-24 04:00:00,60,0.0,0.0,0.15691849409063052,24
2024-03-30 13:00:00,217,0.0,0.0,0.3112775696476671,24
2024-03-27 03:00:00,19,0.0,0.0,0.05766664115290403,24
2024-03-20 04:00:00,131,0.0,1.0,0.1852570085220122,24
2024-03-18 17:00:00,120,0.0,0.0,0.02477522575777082,24
2024-03-29 18:00:00,112,0.0,3.0,1.7005350209730519,24
2024-03-31 00:00:00,68,247.0,194.0,136.6707637394341,24
2024-03-18 04:00:00,132,30.0,33.0,37.23317368161856,24
2024-03-20 14:00:00,254,1.0,0.0,0.6034074353289686,24
2024-03-20 16:00:00,212,0.0,0.0,0.21841449052597647,24
2024-03-31 14:00:00,237,357.0,239.0,298.93413908154287,24
2024-03-29 11:00:00,102,0.0,2.0,0.37340021498234816,24
2024-03-28 18:00:00,166,102.0,59.0,55.672786967281006,24
2024-03-24 09:00:00,129,0.0,1.0,1.5272504356884595,24
2024-03-25 08:00:00,30,0.0,0.0,0.007426112908736076,24
2024-03-20 18:00:00,162,498.0,456.0,463.6087866593979,24
2024-03-28 22:00:00,17,2.0,1.0,0.8775666377445953,24
2024-03-29 10:00:00,19,0.0,0.0,0.2925097149530233,24
2024-03-30 03:00:00,260,1.0,6.0,0.8957550751358563,24
2024-03-27 00:00:00,159,0.0,0.0,0.37471754910340843,24
2024-03-21 05:00:00,139,0.0,0.0,0.6092519820108131,24
2024-03-22 00:00:00,199,0.0,0.0,0.004351646358255803,24
2024-03-25 04:00:00,149,0.0,0.0,0.07653115428872904,24
2024-03-29 13:00:00,251,0.0,0.0,0.00654878132793365,24
2024-03-30 19:00:00,100,83.0,81.0,106.76957281409152,24
2024-03-27 00:00:00,19,0.0,0.0,0.09917438391388465,24
2024-03-20 04:00:00,216,1.0,0.0,0.4874444723587879,24
2024-03-20 04:00:00,113,3.0,2.0,1.785259566179165,24
2024-03-19 05:00:00,209,1.0,0.0,1.12094494513716,24
2024-03-24 00:00:00,121,0.0,0.0,0.10299071332592294,24
2024-03-31 04:00:00,128,0.0,0.0,0.05296530766878159,24
2024-03-20 02:00:00,156,0.0,0.0,0.0035939946591450164,24
2024-03-26 13:00:00,222,1.0,1.0,0.8466169448024896,24
2024-03-18 09:00:00,124,0.0,0.0,0.38599549823785523,24
2024-03-28 12:00:00,173,1.0,1.0,0.2698820971476391,24
2024-03-19 03:00:00,74,0.0,1.0,0.7698816322107375,24
2024-03-27 03:00:00,128,0.0,0.0,0.021982727444952548,24
2024-03-23 01:00:00,17,0.0,0.0,0.6599278801292207,24
2024-03-19 22:00:00,117,0.0,0.0,0.11994280155558208,24
2024-03-27 00:00:00,172,0.0,0.0,0.008149272053957749,24
2024-03-21 22:00:00,35,0.0,0.0,0.4141721625249684,24
2024-03-27 09:00:00,109,0.0,0.0,0.0037335975354535035,24
2024-03-23 08:00:00,181,3.0,0.0,1.3992728165604238,24
2024-03-29 22:00:00,6,0.0,0.0,0.08205664430328738,24
2024-03-22 04:00:00,99,0.0,0.0,0.0038061462534334125,24
2024-03-19 05:00:00,231,2.0,4.0,3.906959547574663,24
2024-03-18 19:00:00,113,80.0,77.0,70.11091129449444,24
2024-03-26 14:00:00,156,0.0,0.0,0.0037037082659054734,24
2024-03-28 04:00:00,75,7.0,3.0,6.029308593738324,24
2024-03-31 20:00:00,77,2.0,0.0,0.11204088883178735,24
2024-03-31 16:00:00,163,193.0,168.0,173.5087798517848,24
2024-03-21 20:00:00,89,3.0,2.0,1.1790299970415696,24
2024-03-25 16:00:00,20,1.0,1.0,0.22684895020821316,24
2024-03-31 10:00:00,189,0.0,1.0,0.9778496233225243,24
2024-03-30 14:00:00,127,1.0,1.0,0.9079072770799588,24
2024-03-18 19:00:00,119,0.0,0.0,0.27130090122700906,24
2024-03-30 08:00:00,2,0.0,0.0,0.003751093807328736,24
2024-03-18 23:00:00,114,60.0,59.0,41.330296109863916,24
2024-03-20 09:00:00,61,4.0,7.0,4.909767311284834,24
2024-03-18 03:00:00,50,0.0,1.0,5.4572598375950205,24
2024-03-21 04:00:00,209,0.0,1.0,0.6902549504803489,24
2024-03-24 08:00:00,58,0.0,0.0,0.014995195910821065,24
2024-03-28 22:00:00,37,4.0,0.0,0.6975699873201516,24
2024-03-29 18:00:00,221,0.0,0.0,0.007785825220731067,24
2024-03-31 03:00:00,144,103.0,143.0,127.78806306548236,24
2024-03-28 01:00:00,76,0.0,0.0,0.18573140745496056,24
2024-03-25 09:00:00,91,2.0,2.0,1.6962579393449468,24
2024-03-27 09:00:00,32,0.0,2.0,0.5605520573085584,24
2024-03-23 21:00:00,258,0.0,0.0,0.092544603658912,24
2024-03-24 19:00:00,88,17.0,37.0,21.132623528135227,24
2024-03-19 18:00:00,92,1.0,0.0,0.38051991415539266,24
2024-03-22 14:00:00,45,7.0,7.0,9.065711055875875,24
2024-03-21 03:00:00,35,0.0,0.0,0.13657580367819297,24
2024-03-30 15:00:00,162,174.0,220.0,204.89459686897877,24
2024-03-31 13:00:00,24,20.0,19.0,19.986623185608025,24
2024-03-30 10:00:00,52,3.0,0.0,1.211500773934939,24
2024-03-25 12:00:00,261,31.0,35.0,29.56766658938108,24
2024-03-29 00:00:00,242,0.0,0.0,0.07683833771329818,24
2024-03-23 18:00:00,262,114.0,116.0,124.59915106393673,24
2024-03-18 21:00:00,229,91.0,92.0,77.75705673445157,24
2024-03-23 14:00:00,167,0.0,0.0,0.7432103759644689,24
2024-03-31 02:00:00,92,0.0,1.0,0.23430488072748318,24
2024-03-22 03:00:00,222,0.0,0.0,0.07411083784111594,24
2024-03-18 01:00:00,41,0.0,0.0,1.7545468191574871,24
2024-03-29 03:00:00,238,3.0,4.0,4.428593628271867,24
2024-03-22 11:00:00,85,2.0,0.0,0.8688753289880664,24
2024-03-26 16:00:00,146,3.0,0.0,2.619625053234926,24
2024-03-28 10:00:00,167,0.0,2.0,0.934854083140391,24
2024-03-19 17:00:00,116,1.0,2.0,4.57527875714061,24
2024-03-31 17:00:00,208,0.0,0.0,0.23035033250826795,24
2024-03-22 13:00:00,181,4.0,1.0,2.501720281031266,24
2024-03-18 15:00:00,254,0.0,1.0,0.7148661546985746,24
2024-03-21 04:00:00,232,1.0,4.0,1.505268040507179,24
2024-03-29 03:00:00,214,0.0,0.0,0.009057482998252405,24
2024-03-21 01:00:00,263,16.0,17.0,16.533135113991136,24
2024-03-18 01:00:00,173,0.0,0.0,0.05259308841399078,24
2024-03-24 13:00:00,145,2.0,15.0,9.420438561647668,24
2024-03-25 23:00:00,41,5.0,0.0,5.937053106526407,24
2024-03-18 11:00:00,214,0.0,0.0,0.014855402281379496,24
2024-03-25 03:00:00,50,0.0,0.0,4.650047830272744,24
2024-03-24 19:00:00,166,28.0,21.0,28.197627462962934,24
2024-03-19 18:00:00,24,19.0,21.0,18.166159442874502,24
2024-03-26 19:00:00,205,1.0,0.0,0.3567790803684978,24
2024-03-31 19:00:00,3,1.0,0.0,0.13096606838126898,24
2024-03-23 07:00:00,129,2.0,4.0,1.4128045483448375,24
2024-03-23 06:00:00,79,18.0,32.0,19.863560747639546,24
2024-03-25 23:00:00,226,6.0,0.0,2.9029100940597052,24
2024-03-21 15:00:00,253,0.0,0.0,0.07136100994595673,24
2024-03-21 17:00:00,63,0.0,1.0,0.2956166709772054,24
2024-03-18 18:00:00,86,2.0,0.0,0.20562186816410857,24
2024-03-21 18:00:00,8,0.0,0.0,0.012317550646018529,24
2024-03-19 08:00:00,109,0.0,0.0,0.003674009567617351,24
2024-03-25 09:00:00,27,0.0,0.0,0.010855714703982677,24
2024-03-29 04:00:00,151,8.0,1.0,3.3362960528388177,24
2024-03-31 14:00:00,118,0.0,0.0,0.0071938223837082075,24
2024-03-28 04:00:00,126,0.0,0.0,0.16866184395655492,24
2024-03-31 04:00:00,188,3.0,0.0,0.6464872427526611,24
2024-03-26 20:00:00,252,2.0,0.0,0.1309190417211788,24
2024-03-26 11:00:00,41,10.0,13.0,14.930311573025069,24
2024-03-25 16:00:00,253,0.0,0.0,0.04121602990665621,24
2024-03-30 04:00:00,186,29.0,22.0,14.70395150669766,24
2024-03-29 22:00:00,234,267.0,263.0,231.7102845126089,24
2024-03-19 21:00:00,67,0.0,0.0,0.0611833419620584,24
2024-03-24 21:00:00,84,0.0,0.0,0.003560327597058632,24
2024-03-25 22:00:00,75,14.0,17.0,13.878910916180926,24
2024-03-18 09:00:00,170,176.0,165.0,141.48361364896854,24
2024-03-24 15:00:00,79,118.0,85.0,130.60409896640505,24
2024-03-23 01:00:00,248,0.0,0.0,0.08215474798433484,24
2024-03-19 05:00:00,24,2.0,1.0,3.3810678658751354,24
2024-03-25 09:00:00,225,2.0,5.0,2.306445550158379,24
2024-03-28 19:00:00,151,77.0,43.0,57.3583544177995,24
2024-03-28 14:00:00,180,0.0,2.0,0.25849096453682047,24
2024-03-18 02:00:00,120,0.0,0.0,0.012315804701863303,24
2024-03-22 21:00:00,125,30.0,42.0,33.48102322866618,24
2024-03-23 14:00:00,75,29.0,33.0,54.20875542642661,24
2024-03-25 23:00:00,264,8.0,9.0,9.90588179456478,24
2024-03-27 16:00:00,116,4.0,2.0,3.563453781390431,24
2024-03-28 23:00:00,198,0.0,1.0,0.2345302679008315,24
2024-03-20 13:00:00,253,0.0,0.0,0.028891172289821566,24
2024-03-27 00:00:00,95,0.0,0.0,0.47278571105830436,24
2024-03-25 05:00:00,37,1.0,2.0,1.2458756703375524,24
2024-03-23 07:00:00,133,0.0,0.0,0.20212591144662587,24
2024-03-21 07:00:00,49,2.0,2.0,1.583295005781669,24
2024-03-19 16:00:00,3,0.0,0.0,0.1747513192711639,24
2024-03-18 13:00:00,73,0.0,0.0,0.0833317441672939,24
2024-03-21 06:00:00,169,1.0,1.0,0.8354161356862507,24
2024-03-21 04:00:00,91,1.0,2.0,0.501461509560809,24
2024-03-27 18:00:00,109,0.0,0.0,0.003777036441963331,24
2024-03-19 12:00:00,257,0.0,0.0,0.21459275824392895,24
2024-03-21 12:00:00,13,52.0,51.0,45.3197462085721,24
2024-03-26 18:00:00,126,0.0,1.0,0.25267632177667676,24
2024-03-20 04:00:00,18,0.0,0.0,0.23352516054738698,24
2024-03-22 19:00:00,150,0.0,0.0,0.10050115269364646,24
2024-03-19 08:00:00,136,0.0,0.0,0.5191273106218933,24
2024-03-26 14:00:00,173,0.0,0.0,0.19059956938907607,24
2024-03-27 02:00:00,14,0.0,0.0,0.27635856684556137,24
2024-03-28 13:00:00,107,131.0,129.0,127.2899632114618,24
2024-03-20 18:00:00,42,5.0,9.0,9.396221078707526,24
2024-03-23 12:00:00,211,45.0,39.0,53.05873383534162,24
2024-03-25 03:00:00,170,5.0,9.0,7.753132548555025,24
2024-03-18 13:00:00,78,0.0,0.0,0.7018133463402033,24
2024-03-31 06:00:00,10,6.0,2.0,1.2660578971558027,24
2024-03-19 22:00:00,156,0.0,0.0,0.0037820335461941908,24
2024-03-31 01:00:00,232,34.0,30.0,26.686810381184507,24
2024-03-20 07:00:00,83,1.0,0.0,0.4161245009079764,24
2024-03-22 10:00:00,16,0.0,0.0,0.14226513616201528,24
2024-03-25 06:00:00,155,1.0,1.0,0.7263086442876242,24
2024-03-27 11:00:00,265,6.0,2.0,3.534252098382118,24
2024-03-19 23:00:00,171,1.0,0.0,0.09678576861376997,24
2024-03-22 09:00:00,236,285.0,333.0,328.0558024740333,24
2024-03-19 06:00:00,34,0.0,0.0,0.17601653514540638,24
2024-03-19 22:00:00,239,182.0,176.0,149.8270373086306,24
2024-03-27 23:00:00,12,0.0,0.0,0.3041259125584473,24
2024-03-28 22:00:00,189,0.0,2.0,0.8954026211303479,24
2024-03-19 00:00:00,5,0.0,0.0,0.003382529667500461,24
2024-03-24 17:00:00,250,0.0,0.0,0.27815235046253245,24
2024-03-18 07:00:00,209,3.0,2.0,5.1093324406453196,24
2024-03-27 11:00:00,234,152.0,159.0,121.61407936388346,24
2024-03-30 23:00:00,21,0.0,0.0,0.14289594833730077,24
2024-03-28 20:00:00,64,0.0,0.0,0.06230998036633162,24
2024-03-27 13:00:00,253,0.0,0.0,0.02865513145732982,24
2024-03-23 23:00:00,30,0.0,0.0,0.007920214657395388,24
2024-03-19 14:00:00,146,4.0,3.0,3.1537049856212644,24
2024-03-27 12:00:00,60,0.0,0.0,0.5822541042990743,24
2024-03-20 14:00:00,180,1.0,1.0,0.19391617684121956,24
2024-03-22 21:00:00,134,1.0,1.0,0.6931665895148786,24
2024-03-19 01:00:00,112,0.0,0.0,0.29774914165891053,24
2024-03-20 12:00:00,49,1.0,0.0,1.7115711865888779,24
2024-03-21 23:00:00,253,0.0,0.0,0.06483866045646478,24
2024-03-27 02:00:00,192,0.0,0.0,0.025625402921161833,24
2024-03-27 11:00:00,33,5.0,3.0,3.875772702009233,24
2024-03-28 17:00:00,194,0.0,0.0,0.25081231272554516,24
2024-03-22 08:00:00,245,0.0,0.0,0.008332200456347342,24
2024-03-23 04:00:00,150,0.0,0.0,0.06084275767936465,24
2024-03-18 01:00:00,206,0.0,0.0,0.00469452560466339,24
2024-03-20 11:00:00,118,0.0,0.0,0.007842332178958198,24
2024-03-31 07:00:00,252,0.0,1.0,0.14377422803700934,24
2024-03-22 17:00:00,117,0.0,0.0,0.29593986170987424,24
2024-03-19 21:00:00,106,0.0,1.0,0.27262896446871304,24
2024-03-31 11:00:00,130,0.0,1.0,1.6697833700404257,24
2024-03-28 02:00:00,185,0.0,0.0,0.023483419496036308,24
2024-03-19 15:00:00,140,210.0,191.0,181.79865325369033,24
2024-03-28 02:00:00,256,0.0,1.0,0.4643370165365897,24
2024-03-24 07:00:00,1,0.0,1.0,0.6884804217657509,24
2024-03-30 23:00:00,223,0.0,3.0,1.5993847471121097,24
2024-03-21 22:00:00,67,0.0,0.0,0.06855584660151184,24
2024-03-29 18:00:00,18,0.0,0.0,0.2479852531346422,24
2024-03-31 23:00:00,98,0.0,0.0,0.08507451863542924,24
2024-03-27 08:00:00,43,69.0,65.0,71.58964454610104,24
2024-03-26 15:00:00,127,0.0,1.0,0.8325896136006522,24
2024-03-24 11:00:00,15,0.0,0.0,0.09858115320811936,24
2024-03-21 16:00:00,235,0.0,1.0,0.48221569332267594,24
2024-03-19 09:00:00,83,0.0,0.0,0.35396328795683385,24
2024-03-24 12:00:00,133,1.0,0.0,0.32748242872218825,24
2024-03-25 08:00:00,118,0.0,0.0,0.007975797687231185,24
2024-03-19 15:00:00,67,0.0,1.0,0.161096147425606,24
2024-03-22 12:00:00,2,0.0,0.0,0.006177194929289981,24
2024-03-18 10:00:00,76,8.0,5.0,3.3173476040137335,24
2024-03-28 19:00:00,12,0.0,1.0,0.7357487874255398,24
2024-03-18 15:00:00,123,1.0,0.0,0.4720613200686665,24
2024-03-29 16:00:00,215,2.0,0.0,1.6050885309415366,24
2024-03-23 21:00:00,137,72.0,112.0,70.20502038275747,24
2024-03-25 22:00:00,122,0.0,0.0,0.07704584118657914,24
2024-03-24 07:00:00,123,0.0,0.0,0.192982579278056,24
2024-03-23 18:00:00,70,20.0,18.0,21.37501624172458,24
2024-03-29 06:00:00,251,0.0,0.0,0.006055506219920701,24
2024-03-28 03:00:00,91,0.0,0.0,0.1545503255401698,24
2024-03-24 04:00:00,91,2.0,0.0,0.8188100578242324,24
2024-03-31 20:00:00,100,86.0,83.0,46.54393910890727,24
2024-03-29 16:00:00,10,3.0,4.0,3.7809308346700377,24
2024-03-29 13:00:00,25,2.0,5.0,2.080127462757582,24
2024-03-18 17:00:00,214,0.0,0.0,0.017125701643165448,24
2024-03-20 23:00:00,101,0.0,0.0,0.07799523534895864,24
2024-03-23 00:00:00,48,237.0,293.0,234.37604735402607,24
2024-03-31 16:00:00,114,72.0,91.0,64.94158681060661,24
2024-03-30 15:00:00,214,0.0,0.0,0.015175900211097187,24
2024-03-19 04:00:00,186,9.0,6.0,11.56342964820431,24
2024-03-27 21:00:00,141,126.0,158.0,157.6475548697258,24
2024-03-18 04:00:00,184,0.0,0.0,0.009723258587530946,24
2024-03-26 18:00:00,31,0.0,0.0,0.02653809034135133,24
2024-03-26 19:00:00,141,176.0,135.0,208.0795715454354,24
2024-03-24 20:00:00,64,1.0,0.0,0.06619462717483268,24
2024-03-23 12:00:00,153,0.0,0.0,0.12646390326720394,24
2024-03-24 13:00:00,264,17.0,19.0,20.352845373898294,24
2024-03-18 17:00:00,155,0.0,0.0,0.5091107090058713,24
2024-03-27 08:00:00,19,0.0,0.0,0.3987893650349248,24
2024-03-18 22:00:00,246,62.0,77.0,63.502158587537544,24
2024-03-29 13:00:00,46,0.0,0.0,0.026644415659266882,24
2024-03-26 03:00:00,263,4.0,6.0,6.18410089593003,24
2024-03-29 06:00:00,227,1.0,1.0,0.28828724304844333,24
2024-03-23 23:00:00,237,178.0,191.0,165.80457441754385,24
2024-03-24 12:00:00,68,133.0,132.0,148.86269341805078,24
2024-03-27 18:00:00,202,0.0,0.0,0.30229611462314604,24
2024-03-20 21:00:00,5,0.0,0.0,0.0036767125080897282,24
2024-03-23 16:00:00,5,0.0,0.0,0.0037674396421805176,24
2024-03-25 19:00:00,240,0.0,0.0,0.03855915374071331,24
2024-03-27 11:00:00,39,1.0,3.0,3.062881488827794,24
2024-03-27 19:00:00,150,0.0,0.0,0.09191720253949509,24
2024-03-19 12:00:00,241,1.0,0.0,0.6076128131875607,24
2024-03-23 03:00:00,41,0.0,1.0,3.4944590580611936,24
2024-03-20 21:00:00,4,10.0,9.0,7.458661060181786,24
2024-03-24 13:00:00,100,77.0,79.0,78.80212676974259,24
2024-03-18 08:00:00,22,1.0,3.0,0.6528409650524213,24
2024-03-19 02:00:00,10,0.0,0.0,0.1385473446398131,24
2024-03-18 08:00:00,70,17.0,7.0,16.824816138205342,24
2024-03-27 05:00:00,67,0.0,0.0,0.235330782762844,24
2024-03-19 21:00:00,75,21.0,20.0,24.959779312805384,24
2024-03-23 16:00:00,49,2.0,0.0,2.170347409821422,24
2024-03-18 04:00:00,245,0.0,0.0,0.0063848070767995296,24
2024-03-18 11:00:00,186,204.0,158.0,169.848747224336,24
2024-03-22 10:00:00,139,0.0,2.0,0.5548593903657616,24
2024-03-27 01:00:00,115,0.0,0.0,0.004931987732892048,24
2024-03-23 01:00:00,163,37.0,43.0,47.32744283726952,24
2024-03-23 12:00:00,149,0.0,0.0,0.17687964913277637,24
2024-03-23 09:00:00,236,148.0,158.0,208.2237965228161,24
2024-03-31 19:00:00,56,1.0,2.0,0.44576293224947255,24
2024-03-18 10:00:00,155,1.0,2.0,0.7185565396890772,24
2024-03-31 08:00:00,40,0.0,0.0,1.400900832406045,24
2024-03-24 02:00:00,220,1.0,0.0,0.13455420381880348,24
2024-03-19 16:00:00,26,0.0,1.0,0.5216152634370785,24
2024-03-26 18:00:00,61,3.0,7.0,2.2564579346650273,24
2024-03-18 08:00:00,45,0.0,4.0,1.7894377002058732,24
2024-03-20 05:00:00,9,0.0,1.0,0.14896924973551876,24
2024-03-26 17:00:00,7,4.0,2.0,2.615734376807109,24
2024-03-18 14:00:00,240,0.0,0.0,0.020510557549665794,24
2024-03-30 08:00:00,81,0.0,1.0,0.3362733853694284,24
2024-03-26 12:00:00,63,0.0,0.0,0.5205520932955269,24
2024-03-26 23:00:00,135,0.0,0.0,0.11649005345584094,24
2024-03-27 10:00:00,1,0.0,0.0,0.6802518353319763,24
2024-03-26 22:00:00,20,0.0,0.0,0.12521091544780355,24
2024-03-21 06:00:00,69,1.0,2.0,1.4634932633543631,24
2024-03-31 17:00:00,261,55.0,44.0,47.90303874258888,24
2024-03-25 21:00:00,139,0.0,0.0,0.08328995262091256,24
2024-03-28 05:00:00,25,0.0,0.0,1.182000997726253,24
2024-03-19 02:00:00,101,0.0,0.0,0.029656467208629814,24
2024-03-25 10:00:00,8,0.0,0.0,0.016908279540041548,24
2024-03-21 09:00:00,233,83.0,94.0,75.91556244549108,24
2024-03-31 19:00:00,39,2.0,5.0,1.1483632514850894,24
2024-03-18 06:00:00,175,0.0,0.0,0.12460750538744779,24
2024-03-28 05:00:00,252,0.0,1.0,0.22840725923418462,24
2024-03-25 21:00:00,223,4.0,1.0,1.6622005499863448,24
2024-03-24 10:00:00,136,1.0,0.0,0.28843527762752663,24
2024-03-24 00:00:00,231,149.0,147.0,139.7528741268283,24
2024-03-19 10:00:00,185,0.0,0.0,0.31886920933561913,24
2024-03-22 05:00:00,62,1.0,2.0,1.287790308099558,24
2024-03-28 00:00:00,211,20.0,29.0,30.349624330848897,24
2024-03-27 04:00:00,46,0.0,0.0,0.020354985366569843,24
2024-03-28 09:00:00,35,6.0,5.0,2.638064396364419,24
2024-03-25 16:00:00,114,54.0,36.0,44.92957124996658,24
2024-03-30 20:00:00,159,3.0,1.0,0.6008207816417356,24
2024-03-27 17:00:00,253,0.0,0.0,0.018899449664137945,24
2024-03-26 22:00:00,178,0.0,0.0,0.056257024734620985,24
2024-03-19 04:00:00,210,1.0,0.0,0.13693824355247128,24
2024-03-19 05:00:00,200,0.0,0.0,0.16882284735112563,24
2024-03-18 11:00:00,108,1.0,2.0,0.298152044201874,24
2024-03-18 01:00:00,92,0.0,0.0,0.15338969230944344,24
2024-03-23 01:00:00,49,0.0,1.0,0.3538630983430146,24
2024-03-21 09:00:00,7,6.0,5.0,4.036195763011562,24
2024-03-27 05:00:00,174,0.0,0.0,0.27620957313057204,24
2024-03-21 07:00:00,223,0.0,1.0,1.7803479024769209,24
2024-03-29 19:00:00,194,0.0,1.0,0.2237834105754442,24
2024-03-29 15:00:00,46,1.0,0.0,0.027421413547452745,24
2024-03-29 23:00:00,256,14.0,9.0,14.92399469941689,24
2024-03-30 07:00:00,138,20.0,4.0,12.72744170264116,24
2024-03-22 00:00:00,146,0.0,1.0,1.531358117213792,24
2024-03-24 11:00:00,260,0.0,1.0,1.4569637872083345,24
2024-03-22 08:00:00,225,1.0,2.0,3.226310081820766,24
2024-03-27 19:00:00,152,6.0,8.0,6.152934611636236,24
2024-03-25 03:00:00,200,0.0,0.0,0.03478172377829963,24
2024-03-19 18:00:00,264,23.0,15.0,28.287463004176566,24
2024-03-18 14:00:00,167,0.0,0.0,0.5995368856156584,24
2024-03-19 05:00:00,16,1.0,1.0,0.0997236317021392,24
2024-03-24 10:00:00,67,2.0,1.0,0.15916581641832045,24
2024-03-27 15:00:00,25,3.0,1.0,3.2657429659143666,24
2024-03-29 23:00:00,167,0.0,0.0,0.2309383626313778,24
2024-03-19 12:00:00,45,12.0,17.0,6.956949287081327,24
2024-03-22 12:00:00,245,0.0,0.0,0.008501838107433593,24
2024-03-31 13:00:00,41,51.0,35.0,21.6608458260968,24
2024-03-26 19:00:00,251,0.0,0.0,0.006330536345913085,24
2024-03-19 07:00:00,209,4.0,2.0,5.02877802367016,24
2024-03-31 09:00:00,241,2.0,0.0,0.6006921432403309,24
2024-03-25 08:00:00,113,55.0,66.0,55.91787894717027,24
2024-03-18 16:00:00,259,0.0,1.0,0.14013136774372897,24
2024-03-27 10:00:00,35,1.0,3.0,2.301493084842049,24
2024-03-20 19:00:00,98,0.0,0.0,0.07551425493732654,24
2024-03-20 19:00:00,148,52.0,45.0,42.97607532538573,24
2024-03-22 19:00:00,244,9.0,17.0,8.675053586882722,24
2024-03-22 11:00:00,87,17.0,13.0,23.321498965861927,24
2024-03-22 08:00:00,45,4.0,6.0,5.967575163432326,24
2024-03-18 06:00:00,150,0.0,0.0,0.1929421287851698,24
2024-03-20 00:00:00,237,31.0,35.0,36.97476050268712,24
2024-03-22 08:00:00,34,0.0,1.0,0.384994295524145,24
2024-03-18 05:00:00,161,14.0,8.0,13.12686893455551,24
2024-03-24 21:00:00,122,0.0,0.0,0.06744299524325283,24
2024-03-24 15:00:00,129,3.0,5.0,1.8991252504936924,24
2024-03-20 11:00:00,193,7.0,9.0,6.217594363043559,24
2024-03-19 04:00:00,78,0.0,1.0,0.1570013083775967,24
2024-03-26 18:00:00,162,447.0,490.0,376.61856920851267,24
2024-03-28 21:00:00,158,114.0,122.0,99.90498564929091,24
2024-03-21 17:00:00,108,0.0,0.0,0.23912289724652122,24
2024-03-25 23:00:00,245,0.0,0.0,0.008099469989452086,24
2024-03-30 20:00:00,77,1.0,0.0,0.11891359154284652,24
2024-03-24 02:00:00,52,0.0,0.0,0.21630215076789935,24
2024-03-22 00:00:00,92,0.0,0.0,0.20931396484913303,24
2024-03-23 15:00:00,67,0.0,0.0,0.10841564414886265,24
2024-03-24 00:00:00,130,1.0,1.0,1.4726488752582736,24
2024-03-25 03:00:00,131,0.0,0.0,0.054784620125453945,24
2024-03-27 16:00:00,254,0.0,1.0,0.6358044057523408,24
2024-03-28 13:00:00,187,0.0,0.0,0.010238854389685598,24
2024-03-31 11:00:00,29,0.0,1.0,0.44118533326241854,24
2024-03-29 08:00:00,165,1.0,0.0,0.81957899938795,24
2024-03-28 15:00:00,12,12.0,2.0,3.3790377982928286,24
2024-03-26 00:00:00,257,0.0,0.0,0.07323892502116276,24
2024-03-27 12:00:00,222,3.0,1.0,1.1772961401849307,24
2024-03-18 23:00:00,227,0.0,0.0,0.09326977715103565,24
2024-03-18 03:00:00,234,3.0,4.0,21.532412276260008,24
2024-03-21 15:00:00,111,0.0,0.0,0.007395881514378681,24
2024-03-18 18:00:00,96,0.0,0.0,0.015500690423474274,24
2024-03-21 04:00:00,127,0.0,0.0,0.27781889090153744,24
2024-03-31 21:00:00,196,1.0,1.0,0.39751555244587033,24
2024-03-25 01:00:00,62,0.0,0.0,0.10921810956734967,24
2024-03-29 16:00:00,120,0.0,1.0,0.09135222632277128,24
2024-03-30 13:00:00,201,1.0,0.0,0.1928026805287881,24
2024-03-30 14:00:00,220,1.0,2.0,0.30348124405053967,24
2024-03-22 13:00:00,70,29.0,64.0,35.653551395631126,24
2024-03-29 08:00:00,85,0.0,2.0,1.337110208637026,24
2024-03-30 20:00:00,105,0.0,0.0,0.0036446937900155556,24
2024-03-28 18:00:00,192,0.0,0.0,0.10763231374924659,24
2024-03-18 07:00:00,123,0.0,0.0,0.5754971329198315,24
2024-03-20 13:00:00,157,1.0,1.0,0.4643340225403809,24
2024-03-22 06:00:00,40,2.0,3.0,1.1558299990166767,24
2024-03-24 06:00:00,195,0.0,1.0,1.332961769196219,24
2024-03-19 14:00:00,224,8.0,7.0,8.497846266241206,24
2024-03-20 19:00:00,6,0.0,0.0,0.024698938821104157,24
2024-03-28 05:00:00,129,1.0,1.0,0.65320232412245,24
2024-03-26 22:00:00,64,0.0,0.0,0.06653499034249216,24
2024-03-30 19:00:00,259,0.0,0.0,0.123196499464844,24
2024-03-30 16:00:00,65,10.0,3.0,7.365433113901469,24
2024-03-26 03:00:00,138,0.0,0.0,1.293604174944615,24
2024-03-18 19:00:00,170,176.0,169.0,159.8216871835409,24
2024-03-25 05:00:00,183,0.0,1.0,0.1544641751921671,24
2024-03-19 12:00:00,67,0.0,1.0,0.2693091635983094,24
2024-03-27 05:00:00,127,0.0,0.0,0.36208900556696993,24
2024-03-29 04:00:00,133,0.0,0.0,0.2364657661139262,24
2024-03-28 01:00:00,215,0.0,0.0,0.21882545312845958,24
2024-03-20 09:00:00,265,2.0,2.0,3.19358582739647,24
2024-03-26 07:00:00,102,1.0,1.0,0.4840225561032776,24
2024-03-26 18:00:00,72,0.0,0.0,0.9977759892497868,24
2024-03-21 21:00:00,156,0.0,0.0,0.003773052057216847,24
2024-03-29 10:00:00,59,0.0,0.0,0.00849852210553905,24
2024-03-23 11:00:00,61,0.0,4.0,2.462837745731987,24
2024-03-30 19:00:00,77,0.0,1.0,0.24881402174474362,24
2024-03-23 04:00:00,111,0.0,0.0,0.0061883323018869655,24
2024-03-27 09:00:00,74,20.0,14.0,21.796227579012157,24
2024-03-20 07:00:00,199,0.0,0.0,0.00430637695841088,24
2024-03-29 11:00:00,78,1.0,1.0,0.5981965076020304,24
2024-03-27 21:00:00,245,0.0,0.0,0.008189164654043927,24
2024-03-30 23:00:00,36,0.0,3.0,1.7499517470646302,24
2024-03-23 21:00:00,129,4.0,4.0,1.3850277299620088,24
2024-03-19 05:00:00,68,12.0,10.0,18.019837304207996,24
2024-03-31 03:00:00,202,0.0,0.0,0.13856835610156526,24
2024-03-25 20:00:00,184,0.0,0.0,0.026963987581582433,24
2024-03-21 07:00:00,109,0.0,0.0,0.003793895252701495,24
2024-03-30 04:00:00,136,0.0,0.0,0.08423631285878096,24
2024-03-31 19:00:00,54,0.0,0.0,0.14717405740246922,24
2024-03-27 21:00:00,96,0.0,0.0,0.015981515200118993,24
2024-03-31 11:00:00,136,0.0,0.0,0.3125834591863631,24
2024-03-29 20:00:00,184,0.0,0.0,0.011770889569229993,24
2024-03-20 10:00:00,31,0.0,0.0,0.22183202215519843,24
2024-03-18 06:00:00,2,0.0,0.0,0.003933788419073507,24
2024-03-20 23:00:00,66,1.0,1.0,2.130836454632994,24
2024-03-22 20:00:00,118,0.0,0.0,0.0075420876089172355,24
2024-03-21 08:00:00,237,245.0,268.0,300.92530394133166,24
2024-03-24 10:00:00,144,24.0,14.0,17.691338138392364,24
2024-03-19 15:00:00,144,44.0,45.0,51.66336084534999,24
2024-03-22 00:00:00,113,106.0,56.0,65.10922631798317,24
2024-03-26 20:00:00,206,0.0,0.0,0.0052437190665238775,24
2024-03-19 19:00:00,90,121.0,109.0,112.85949234971538,24
2024-03-28 06:00:00,90,16.0,18.0,22.44609840371776,24
2024-03-20 14:00:00,4,1.0,1.0,5.109579629671893,24
2024-03-30 16:00:00,88,38.0,21.0,28.996435824236542,24
2024-03-25 02:00:00,168,0.0,0.0,0.5178838062502984,24
2024-03-21 13:00:00,205,0.0,2.0,1.3519721307277393,24
2024-03-26 09:00:00,83,1.0,0.0,0.36160150514645156,24
2024-03-25 05:00:00,58,0.0,0.0,0.016374826146156866,24
2024-03-24 06:00:00,17,3.0,2.0,0.972529185144226,24
2024-03-23 22:00:00,71,0.0,0.0,0.2909830700000788,24
2024-03-28 13:00:00,73,1.0,1.0,0.09029653521191111,24
2024-03-20 03:00:00,112,0.0,0.0,0.24137670756918134,24
2024-03-25 03:00:00,167,0.0,0.0,0.060949213393056055,24
2024-03-28 20:00:00,209,29.0,23.0,18.42361749001509,24
2024-03-20 13:00:00,143,66.0,86.0,83.82033445739502,24
2024-03-22 18:00:00,112,3.0,1.0,1.1147203451045546,24
2024-03-27 02:00:00,181,1.0,0.0,0.2712270346902619,24
2024-03-23 03:00:00,123,1.0,0.0,0.04673271410394084,24
2024-03-20 03:00:00,242,0.0,0.0,0.03493412635668056,24
2024-03-31 10:00:00,19,1.0,0.0,0.19263065130832316,24
2024-03-23 19:00:00,260,4.0,3.0,1.492174457212854,24
2024-03-21 03:00:00,90,3.0,6.0,5.621938483231266,24
2024-03-23 10:00:00,62,0.0,0.0,1.2066654780451938,24
2024-03-29 08:00:00,237,141.0,182.0,193.17060149624606,24
2024-03-26 00:00:00,86,0.0,0.0,0.06669249272345604,24
2024-03-29 13:00:00,30,0.0,0.0,0.007222631251427045,24
2024-03-22 03:00:00,205,0.0,0.0,0.2507753276783235,24
2024-03-20 06:00:00,168,3.0,1.0,1.4505905375268622,24
2024-03-25 21:00:00,26,0.0,2.0,0.16396167331236775,24
2024-03-23 04:00:00,22,0.0,0.0,0.10369590543142791,24
2024-03-20 14:00:00,25,2.0,4.0,2.632924967707098,24
2024-03-25 17:00:00,20,0.0,0.0,0.18838394476153295,24
2024-03-18 20:00:00,98,0.0,0.0,0.0728749853791776,24
2024-03-22 23:00:00,193,1.0,2.0,0.9897575692583532,24
2024-03-18 17:00:00,3,0.0,0.0,0.15400115337286005,24
2024-03-21 15:00:00,87,26.0,27.0,40.53125604809701,24
2024-03-23 04:00:00,138,1.0,2.0,1.87690979951966,24
2024-03-22 22:00:00,98,0.0,0.0,0.10307681264391823,24
2024-03-18 01:00:00,171,0.0,0.0,0.02794429985126718,24
2024-03-26 20:00:00,129,1.0,2.0,1.1871414582689552,24
2024-03-31 11:00:00,138,73.0,149.0,199.7607956823204,24
2024-03-23 08:00:00,244,1.0,3.0,5.809457263452394,24
2024-03-27 22:00:00,141,88.0,91.0,145.9646885403069,24
2024-03-21 17:00:00,66,2.0,7.0,3.891528071945957,24
2024-03-23 08:00:00,215,0.0,0.0,0.8408672296096071,24
2024-03-22 20:00:00,216,0.0,1.0,1.317431064038352,24
2024-03-21 07:00:00,89,5.0,8.0,3.6043656445504646,24
2024-03-25 18:00:00,240,0.0,0.0,0.038556386699760636,24
2024-03-28 07:00:00,209,2.0,4.0,2.1921220761765294,24
2024-03-29 10:00:00,264,12.0,17.0,13.660292537805683,24
2024-03-23 13:00:00,176,0.0,0.0,0.0038308298528703993,24
2024-03-29 20:00:00,134,1.0,0.0,0.41481106718804767,24
2024-03-27 05:00:00,55,1.0,3.0,0.443661846527585,24
2024-03-25 17:00:00,67,0.0,0.0,0.13050874648396835,24
2024-03-25 08:00:00,97,4.0,1.0,2.094228512316842,24
2024-03-31 08:00:00,226,6.0,7.0,3.8206215590048416,24
2024-03-19 07:00:00,44,0.0,0.0,0.003969038666334288,24
2024-03-30 06:00:00,252,0.0,0.0,0.12623687751112775,24
2024-03-31 19:00:00,13,27.0,33.0,25.118285476892087,24
2024-03-28 04:00:00,200,0.0,0.0,0.12744241971738282,24
2024-03-19 01:00:00,163,11.0,10.0,11.776491686943023,24
2024-03-31 00:00:00,165,0.0,0.0,0.14205198782151082,24
2024-03-30 13:00:00,92,3.0,0.0,0.510666474077012,24
2024-03-23 04:00:00,76,3.0,0.0,1.424484636661804,24
2024-03-24 09:00:00,41,20.0,20.0,14.54048102044398,24
2024-03-18 15:00:00,28,0.0,0.0,1.0257480420469172,24
2024-03-31 17:00:00,177,1.0,0.0,0.5212824782292732,24
2024-03-25 09:00:00,34,0.0,0.0,0.1855183206556649,24
2024-03-23 12:00:00,41,14.0,18.0,26.361148120993388,24
2024-03-18 12:00:00,141,140.0,142.0,129.4943517679005,24
2024-03-21 06:00:00,254,0.0,1.0,0.9426353879717372,24
2024-03-22 01:00:00,8,0.0,0.0,0.009518235800858822,24
2024-03-29 11:00:00,217,1.0,0.0,0.44245026369700236,24
2024-03-20 12:00:00,155,1.0,2.0,0.9631164901654165,24
2024-03-24 15:00:00,243,0.0,0.0,2.2327070857304463,24
2024-03-23 20:00:00,101,0.0,0.0,0.0618103456294057,24
2024-03-30 04:00:00,90,36.0,36.0,30.614315347243846,24
2024-03-28 16:00:00,66,3.0,1.0,3.091757501940032,24
2024-03-19 15:00:00,9,0.0,0.0,0.09017289901785175,24
2024-03-23 08:00:00,99,0.0,0.0,0.003334585662190267,24
2024-03-23 14:00:00,109,0.0,0.0,0.003754078190789979,24
2024-03-20 22:00:00,145,9.0,6.0,7.218145805959252,24
2024-03-26 23:00:00,193,0.0,0.0,0.7706879363423721,24
2024-03-31 13:00:00,263,140.0,128.0,135.17205814810833,24
2024-03-31 01:00:00,119,0.0,0.0,0.1012730036221128,24
2024-03-24 20:00:00,199,0.0,0.0,0.004093693695763454,24
2024-03-21 01:00:00,200,0.0,0.0,0.04532836073822588,24
2024-03-28 18:00:00,29,1.0,1.0,0.24927330465253317,24
2024-03-29 06:00:00,198,1.0,0.0,0.719902072280821,24
2024-03-19 09:00:00,69,1.0,1.0,1.256161458458328,24
2024-03-31 21:00:00,100,66.0,64.0,46.79173516966561,24
2024-03-26 09:00:00,158,30.0,19.0,30.421188063562802,24
2024-03-20 13:00:00,240,0.0,0.0,0.03253554993275102,24
2024-03-25 22:00:00,131,0.0,0.0,0.09288423013635737,24
2024-03-28 21:00:00,255,7.0,5.0,3.1747535401368863,24
2024-03-21 19:00:00,127,0.0,3.0,0.5816195818957847,24
2024-03-29 23:00:00,137,107.0,67.0,87.94722227439298,24
2024-03-30 17:00:00,143,71.0,88.0,101.43012431304324,24
2024-03-18 15:00:00,102,1.0,0.0,0.17373283099219214,24
2024-03-23 13:00:00,202,1.0,2.0,0.46630701653896633,24
2024-03-29 16:00:00,115,0.0,0.0,0.005616493028410135,24
2024-03-23 05:00:00,218,0.0,2.0,0.6495116528465392,24
2024-03-24 11:00:00,263,119.0,139.0,130.17823265838376,24
2024-03-20 21:00:00,252,0.0,0.0,0.08054282650033401,24
2024-03-22 08:00:00,259,1.0,1.0,0.7850701341457341,24
2024-03-19 02:00:00,258,0.0,0.0,0.04486080042545618,24
2024-03-20 23:00:00,10,0.0,0.0,2.7101862029842665,24
2024-03-25 22:00:00,90,70.0,61.0,54.904548760847604,24
2024-03-20 01:00:00,16,0.0,0.0,0.03398013052932658,24
2024-03-18 13:00:00,197,3.0,3.0,1.5241407434851226,24
2024-03-28 06:00:00,255,0.0,0.0,0.6765761528268776,24
2024-03-27 03:00:00,220,0.0,0.0,0.051441449328153324,24
2024-03-27 08:00:00,59,0.0,0.0,0.008444432414926518,24
2024-03-29 08:00:00,55,2.0,0.0,1.4134612875852237,24
2024-03-25 17:00:00,228,0.0,1.0,0.6284780256433581,24
2024-03-19 23:00:00,32,0.0,0.0,0.11608830867375523,24
2024-03-31 02:00:00,139,0.0,1.0,0.0390680576280332,24
2024-03-23 13:00:00,132,167.0,179.0,218.00198781736066,24
2024-03-18 00:00:00,61,0.0,0.0,1.235602220803095,24
2024-03-20 08:00:00,155,0.0,3.0,1.2777651339692255,24
2024-03-20 15:00:00,126,0.0,1.0,0.4112429642107366,24
2024-03-22 01:00:00,217,0.0,0.0,0.14365695984830215,24
2024-03-22 16:00:00,203,0.0,1.0,0.38662037973810237,24
2024-03-25 05:00:00,175,0.0,0.0,0.15131178544412677,24
2024-03-29 04:00:00,259,0.0,1.0,0.12255214128005198,24
2024-03-31 22:00:00,73,0.0,0.0,0.05069289391166867,24
2024-03-18 17:00:00,148,21.0,20.0,32.38749783827437,24
2024-03-19 12:00:00,36,0.0,0.0,0.3612631318091672,24
2024-03-25 06:00:00,258,0.0,0.0,0.7595554926540544,24
2024-03-25 13:00:00,32,0.0,0.0,0.35479633707119584,24
2024-03-23 23:00:00,26,0.0,0.0,0.17354431898598588,24
2024-03-19 22:00:00,59,0.0,0.0,0.007553268418445509,24
2024-03-18 17:00:00,251,0.0,0.0,0.006327345756413668,24
2024-03-25 08:00:00,196,0.0,0.0,0.6368242155000835,24
2024-03-20 06:00:00,140,41.0,40.0,50.5728281282295,24
2024-03-22 14:00:00,74,17.0,33.0,23.11942198084,24
2024-03-31 15:00:00,157,0.0,0.0,0.5450975022067177,24
2024-03-28 09:00:00,230,157.0,211.0,164.28381095871512,24
2024-03-22 23:00:00,159,1.0,0.0,0.7180073229342464,24
2024-03-29 20:00:00,16,0.0,0.0,0.07775723379273014,24
2024-03-25 13:00:00,35,1.0,2.0,2.3621924459812313,24
2024-03-22 19:00:00,199,0.0,0.0,0.004397097662747643,24
2024-03-28 09:00:00,199,0.0,0.0,0.004298026850545292,24
2024-03-29 12:00:00,131,1.0,0.0,0.5449202472189393,24
2024-03-31 02:00:00,150,0.0,0.0,0.03726159507425573,24
2024-03-25 01:00:00,81,0.0,0.0,0.06671212065123258,24
2024-03-20 20:00:00,66,7.0,1.0,2.1048624151660134,24
2024-03-28 09:00:00,126,0.0,0.0,0.6797160230191198,24
2024-03-27 14:00:00,112,1.0,0.0,0.838727819101809,24
2024-03-30 02:00:00,16,0.0,0.0,0.03963028832035234,24
2024-03-27 05:00:00,180,0.0,0.0,0.17858744144244157,24
2024-03-22 18:00:00,218,0.0,2.0,0.47527058016320645,24
2024-03-20 13:00:00,197,2.0,4.0,1.408807588274874,24
2024-03-27 14:00:00,146,5.0,5.0,3.605225738990633,24
2024-03-26 00:00:00,124,2.0,0.0,0.13318898740229285,24
2024-03-31 00:00:00,80,3.0,10.0,10.208683614926876,24
2024-03-22 05:00:00,64,0.0,0.0,0.0952830657408112,24
2024-03-18 04:00:00,259,0.0,0.0,0.08681672096470745,24
2024-03-28 15:00:00,39,5.0,0.0,1.290073765267324,24
2024-03-22 01:00:00,122,0.0,0.0,0.040605773023566646,24
2024-03-21 06:00:00,228,0.0,0.0,0.5951114862298407,24
2024-03-19 05:00:00,147,1.0,0.0,0.19349983140561436,24
2024-03-29 08:00:00,227,0.0,0.0,0.34829391137770255,24
2024-03-25 17:00:00,80,1.0,0.0,1.274188829623686,24
2024-03-20 02:00:00,117,0.0,0.0,0.05085209313068523,24
2024-03-18 00:00:00,130,4.0,4.0,1.4271393536912949,24
2024-03-26 03:00:00,153,0.0,0.0,0.02416110849855612,24
2024-03-19 15:00:00,44,0.0,0.0,0.00387021390253508,24
2024-03-30 22:00:00,205,0.0,1.0,0.2792718181082,24
2024-03-29 09:00:00,188,4.0,1.0,3.1883773735979335,24
2024-03-19 20:00:00,97,2.0,6.0,3.4571327883579,24
2024-03-28 15:00:00,64,0.0,0.0,0.0894501730615732,24
2024-03-26 07:00:00,184,0.0,0.0,0.04714932734206952,24
2024-03-31 02:00:00,124,0.0,0.0,0.10676618993995106,24
2024-03-18 14:00:00,14,2.0,1.0,0.5555381313970583,24
2024-03-20 17:00:00,187,0.0,0.0,0.009737719376203843,24
2024-03-27 03:00:00,26,0.0,0.0,0.04768267620090296,24
2024-03-27 07:00:00,249,64.0,58.0,68.9309384374351,24
2024-03-19 16:00:00,22,0.0,0.0,0.17315221008702542,24
2024-03-21 03:00:00,91,0.0,0.0,0.10880845081223368,24
2024-03-25 07:00:00,111,0.0,0.0,0.00725867028853131,24
2024-03-28 03:00:00,81,0.0,0.0,0.09095927637086933,24
2024-03-30 19:00:00,191,0.0,0.0,0.26055740140661493,24
2024-03-21 13:00:00,27,0.0,0.0,0.011432628327192934,24
2024-03-31 18:00:00,138,211.0,314.0,272.557891913775,24
2024-03-28 22:00:00,230,284.0,490.0,353.1324265957645,24
2024-03-25 13:00:00,167,1.0,1.0,0.9233188373019483,24
2024-03-29 23:00:00,27,0.0,0.0,0.0122167436033003,24
2024-03-23 07:00:00,130,4.0,0.0,1.3219795631551654,24
2024-03-31 01:00:00,206,0.0,0.0,0.0051479084745620594,24
2024-03-24 14:00:00,85,0.0,0.0,0.6937829952526696,24
2024-03-22 08:00:00,121,1.0,1.0,1.072330131810011,24
2024-03-26 23:00:00,142,100.0,182.0,121.76935103328566,24
2024-03-25 15:00:00,70,40.0,45.0,36.04618795536173,24
2024-03-28 13:00:00,67,1.0,0.0,0.26687165556242753,24
2024-03-31 15:00:00,142,219.0,195.0,212.2861541333825,24
2024-03-28 13:00:00,42,7.0,4.0,10.60674576961092,24
2024-03-30 22:00:00,30,0.0,0.0,0.00675388765720534,24
2024-03-29 06:00:00,229,19.0,26.0,27.987955660739168,24
2024-03-29 22:00:00,37,0.0,0.0,0.9377550120771104,24
2024-03-25 14:00:00,144,47.0,42.0,59.09565530771465,24
2024-03-27 21:00:00,65,3.0,2.0,1.717609895486739,24
2024-03-19 00:00:00,206,0.0,0.0,0.004980374510092205,24
2024-03-31 22:00:00,48,114.0,114.0,124.89526312539637,24
2024-03-23 15:00:00,186,336.0,160.0,232.62036385050283,24
2024-03-24 21:00:00,219,1.0,0.0,0.8264854802014376,24
2024-03-28 13:00:00,133,1.0,2.0,0.4998868411855566,24
2024-03-18 12:00:00,16,0.0,0.0,0.13558367410983382,24
2024-03-31 11:00:00,219,0.0,0.0,0.5357070647336454,24
2024-03-29 19:00:00,180,0.0,0.0,0.10335948979630995,24
2024-03-28 11:00:00,259,1.0,1.0,0.4692248298643368,24
2024-03-27 06:00:00,148,7.0,9.0,8.264552928585017,24
2024-03-24 12:00:00,261,62.0,37.0,33.93879381748039,24
2024-03-26 21:00:00,49,2.0,1.0,0.7487631635700266,24
2024-03-18 15:00:00,97,0.0,1.0,2.531781288448529,24
2024-03-18 05:00:00,96,0.0,0.0,0.015533870099382,24
2024-03-23 12:00:00,129,1.0,3.0,2.0361431659064,24
2024-03-19 06:00:00,116,7.0,2.0,3.238718452231523,24
2024-03-31 07:00:00,235,0.0,0.0,1.0021707173686927,24
2024-03-23 07:00:00,36,2.0,0.0,0.38475465934249503,24
2024-03-26 17:00:00,173,0.0,0.0,0.15236109430427283,24
2024-03-27 08:00:00,183,0.0,0.0,0.21744715404438647,24
2024-03-21 17:00:00,41,23.0,34.0,24.50007838940177,24
2024-03-20 00:00:00,159,0.0,0.0,0.4108917979402315,24
2024-03-29 13:00:00,75,56.0,45.0,54.53573600844191,24
2024-03-22 02:00:00,7,0.0,1.0,0.8194380507227454,24
2024-03-24 16:00:00,70,26.0,40.0,34.94897390842386,24
2024-03-26 14:00:00,208,0.0,1.0,0.2621109959288525,24
2024-03-18 19:00:00,134,0.0,0.0,0.7006296316856334,24
2024-03-27 21:00:00,184,0.0,0.0,0.04339152841595592,24
2024-03-28 21:00:00,210,0.0,0.0,0.08909803482334616,24
2024-03-19 04:00:00,178,0.0,0.0,0.051752331465014324,24
2024-03-21 20:00:00,220,0.0,1.0,0.1057815772941645,24
2024-03-27 12:00:00,236,390.0,332.0,406.9404677651235,24
2024-03-30 12:00:00,7,4.0,4.0,3.9259196686722944,24
2024-03-31 01:00:00,156,0.0,0.0,0.003851793429994499,24
2024-03-24 06:00:00,75,11.0,22.0,12.210859832821322,24
2024-03-18 05:00:00,192,0.0,0.0,0.1216322793349617,24
2024-03-19 11:00:00,180,0.0,0.0,0.22672961004602285,24
2024-03-30 13:00:00,76,5.0,0.0,2.7062095420127967,24
2024-03-22 18:00:00,264,34.0,29.0,21.25647684386871,24
2024-03-25 20:00:00,2,0.0,0.0,0.005592938953937769,24
2024-03-29 09:00:00,166,26.0,31.0,24.55221166466688,24
2024-03-18 13:00:00,72,0.0,2.0,1.1090731536610676,24
2024-03-18 01:00:00,51,0.0,0.0,0.08377589487004385,24
2024-03-30 00:00:00,221,0.0,0.0,0.0074506024386791665,24
2024-03-23 19:00:00,259,0.0,0.0,0.11446883085452059,24
2024-03-29 01:00:00,26,0.0,0.0,0.06538976330026117,24
2024-03-30 16:00:00,206,0.0,0.0,0.005603226321431227,24
2024-03-19 10:00:00,43,118.0,76.0,73.73148435924381,24
2024-03-29 06:00:00,257,0.0,1.0,0.29434896283550926,24
2024-03-28 07:00:00,151,73.0,68.0,73.35828653129383,24
2024-03-26 16:00:00,61,1.0,2.0,2.9557554446417194,24
2024-03-29 05:00:00,140,19.0,12.0,13.915710099786086,24
2024-03-19 21:00:00,260,1.0,1.0,0.9237724248129112,24
2024-03-23 10:00:00,173,1.0,0.0,0.1866836262495223,24
2024-03-19 18:00:00,124,0.0,0.0,0.17036163756457723,24
2024-03-22 04:00:00,214,0.0,0.0,0.011639181245063775,24
2024-03-27 19:00:00,136,0.0,0.0,0.14955974984126538,24
2024-03-26 09:00:00,162,263.0,274.0,187.98999239960398,24
2024-03-30 02:00:00,57,0.0,0.0,0.013581397273212914,24
2024-03-22 18:00:00,239,225.0,230.0,282.1002444582021,24
2024-03-29 04:00:00,55,1.0,0.0,0.3543716150187837,24
2024-03-28 16:00:00,227,0.0,0.0,0.26719424282672044,24
2024-03-29 20:00:00,32,0.0,0.0,0.08099063378509289,24
2024-03-27 07:00:00,198,0.0,1.0,0.8305624927513356,24
2024-03-29 01:00:00,265,3.0,8.0,2.7127349528529594,24
2024-03-30 07:00:00,10,5.0,3.0,1.451034581759015,24
2024-03-24 22:00:00,133,0.0,0.0,0.1299748943203615,24
2024-03-24 15:00:00,93,2.0,0.0,1.2372440966324707,24
2024-03-30 23:00:00,199,0.0,0.0,0.004608239154829107,24
2024-03-26 18:00:00,263,136.0,106.0,133.64363300958343,24
2024-03-25 23:00:00,149,0.0,0.0,0.08707930501513177,24
2024-03-23 01:00:00,164,125.0,134.0,119.10382154539346,24
2024-03-31 13:00:00,233,80.0,80.0,79.98468110711129,24
2024-03-30 08:00:00,14,0.0,1.0,0.5625328610141518,24
2024-03-21 02:00:00,145,0.0,0.0,0.6321283322859939,24
2024-03-27 17:00:00,85,0.0,0.0,0.44959046616757586,24
2024-03-31 17:00:00,106,1.0,1.0,0.6268826887390514,24
2024-03-27 09:00:00,25,2.0,0.0,2.6038361397128456,24
2024-03-31 18:00:00,49,2.0,1.0,2.197658089662446,24
2024-03-28 21:00:00,159,1.0,1.0,0.67431679910435,24
2024-03-25 16:00:00,163,176.0,234.0,192.8319349460211,24
2024-03-23 12:00:00,9,0.0,0.0,0.10406433480453096,24
2024-03-25 15:00:00,36,0.0,0.0,0.5880040106280829,24
2024-03-30 01:00:00,27,0.0,0.0,0.008852647891099097,24
2024-03-23 23:00:00,36,3.0,2.0,1.2194026505101094,24
2024-03-25 07:00:00,188,2.0,1.0,1.6170899278131763,24
2024-03-18 19:00:00,256,2.0,2.0,1.7006500952889207,24
2024-03-19 12:00:00,8,0.0,0.0,0.013128394314941536,24
2024-03-30 06:00:00,77,0.0,0.0,0.3642830945135405,24
2024-03-28 18:00:00,9,0.0,0.0,0.09313297515622614,24
2024-03-30 10:00:00,149,0.0,0.0,0.1731315385905197,24
2024-03-27 01:00:00,94,0.0,0.0,0.03932259468745903,24
2024-03-24 18:00:00,6,0.0,0.0,0.05815866221619096,24
2024-03-25 10:00:00,99,0.0,0.0,0.0037008387374643276,24
2024-03-25 08:00:00,68,133.0,92.0,86.55193653473141,24
2024-03-25 10:00:00,263,111.0,90.0,112.24595535044777,24
2024-03-26 18:00:00,39,0.0,0.0,1.3116816158575049,24
2024-03-18 03:00:00,262,1.0,2.0,3.1404258254817075,24
2024-03-25 21:00:00,228,0.0,0.0,0.36167933643976563,24
2024-03-23 13:00:00,116,9.0,7.0,6.418707040525528,24
2024-03-19 15:00:00,156,0.0,0.0,0.003701868495390728,24
2024-03-19 12:00:00,134,0.0,1.0,1.1016351541306737,24
2024-03-19 10:00:00,228,0.0,0.0,0.6263886625813261,24
2024-03-23 10:00:00,75,33.0,37.0,44.05062641274733,24
2024-03-19 15:00:00,208,0.0,1.0,0.3173148370676818,24
2024-03-21 11:00:00,2,0.0,0.0,0.005036126823168328,24
2024-03-20 00:00:00,19,0.0,0.0,0.09732338369093207,24
2024-03-25 18:00:00,26,0.0,0.0,0.3075553876690207,24
2024-03-18 09:00:00,151,46.0,64.0,55.34121667660268,24
2024-03-25 13:00:00,30,0.0,0.0,0.007465334466340345,24
2024-03-23 14:00:00,141,200.0,188.0,201.6924410607257,24
2024-03-25 19:00:00,15,0.0,0.0,0.0671391731029311,24
2024-03-29 01:00:00,158,46.0,39.0,41.40477169795875,24
2024-03-27 02:00:00,216,0.0,0.0,0.22034803023478128,24
2024-03-29 02:00:00,162,23.0,12.0,12.78522200087654,24
2024-03-27 08:00:00,229,130.0,135.0,140.12471234426044,24
2024-03-23 21:00:00,128,0.0,0.0,0.051001343119705854,24
2024-03-28 02:00:00,245,0.0,0.0,0.005425860182240968,24
2024-03-27 20:00:00,15,0.0,0.0,0.0641140272632493,24
2024-03-18 18:00:00,226,8.0,11.0,6.281531371639567,24
2024-03-22 03:00:00,185,0.0,0.0,0.02899088171062275,24
2024-03-30 13:00:00,117,1.0,0.0,0.5936228888299603,24
2024-03-31 02:00:00,178,0.0,0.0,0.03629961907781007,24
2024-03-26 20:00:00,170,275.0,236.0,217.13008481753008,24
2024-03-30 18:00:00,202,0.0,1.0,0.24738919225203718,24
2024-03-20 00:00:00,82,0.0,2.0,0.6892045179261694,24
2024-03-23 07:00:00,252,0.0,0.0,0.12746263181112524,24
2024-03-20 21:00:00,54,0.0,0.0,0.09508540133189021,24
2024-03-30 04:00:00,49,2.0,0.0,0.6758674819766202,24
2024-03-21 05:00:00,254,0.0,2.0,0.5591156477774777,24
2024-03-30 22:00:00,42,9.0,6.0,11.396084813750887,24
2024-03-27 23:00:00,172,0.0,0.0,0.008994891680637034,24
2024-03-30 02:00:00,190,0.0,0.0,0.03138643237903719,24
2024-03-20 20:00:00,91,0.0,0.0,0.33452732728948326,24
2024-03-29 15:00:00,81,0.0,1.0,0.28445622685767213,24
2024-03-28 05:00:00,90,12.0,12.0,9.967078818504199,24
2024-03-26 18:00:00,86,0.0,0.0,0.24640695093381734,24
2024-03-21 17:00:00,33,5.0,9.0,4.894950528824797,24
2024-03-29 10:00:00,7,2.0,3.0,3.665357179715729,24
2024-03-21 19:00:00,146,1.0,1.0,2.731252847222476,24
2024-03-25 14:00:00,81,1.0,0.0,0.3341302796918336,24
2024-03-18 19:00:00,169,0.0,0.0,0.23466105078433494,24
2024-03-20 19:00:00,192,0.0,0.0,0.09104844288844713,24
2024-03-27 03:00:00,215,1.0,1.0,0.18051966290277938,24
2024-03-28 13:00:00,163,130.0,231.0,211.1628404792364,24
2024-03-18 05:00:00,8,0.0,0.0,0.010597492866244623,24
2024-03-23 18:00:00,175,0.0,0.0,0.13754253454595525,24
2024-03-30 18:00:00,205,1.0,0.0,0.6627629870053553,24
2024-03-21 14:00:00,150,0.0,0.0,0.17899926440550057,24
2024-03-31 21:00:00,42,10.0,10.0,8.068530201694575,24
2024-03-28 13:00:00,44,0.0,0.0,0.0038235401055543307,24
2024-03-20 03:00:00,170,1.0,3.0,8.974507464910882,24
2024-03-27 01:00:00,43,2.0,3.0,2.062641348874482,24
2024-03-28 19:00:00,38,0.0,0.0,0.08367513143802231,24
2024-03-24 09:00:00,142,99.0,143.0,101.93165845334563,24
2024-03-21 22:00:00,20,0.0,0.0,0.10210954751355891,24
2024-03-27 22:00:00,63,0.0,0.0,0.12722806779432616,24
2024-03-22 08:00:00,261,9.0,22.0,17.835370019645346,24
2024-03-25 22:00:00,53,0.0,0.0,0.08293119217956624,24
2024-03-22 20:00:00,207,0.0,0.0,0.09046693275917277,24
2024-03-24 23:00:00,185,0.0,0.0,0.10313543223086351,24
2024-03-23 15:00:00,46,0.0,0.0,0.02808040728507003,24
2024-03-28 18:00:00,196,0.0,0.0,0.48179316616669227,24
2024-03-25 06:00:00,215,3.0,4.0,1.6136936975788077,24
2024-03-19 12:00:00,61,1.0,4.0,3.230157163656302,24
2024-03-18 01:00:00,80,0.0,0.0,1.3501010760968242,24
2024-03-30 07:00:00,76,6.0,0.0,1.9833343240770696,24
2024-03-19 09:00:00,57,0.0,0.0,0.018142572967518516,24
2024-03-28 18:00:00,144,114.0,78.0,96.29841358686618,24
2024-03-28 01:00:00,261,0.0,1.0,1.930728419989625,24
2024-03-25 22:00:00,142,117.0,135.0,136.65905243941964,24
2024-03-20 19:00:00,89,3.0,1.0,2.1880157968674747,24
2024-03-29 01:00:00,238,5.0,6.0,7.53754883475382,24
2024-03-25 23:00:00,158,22.0,25.0,24.782674452107656,24
2024-03-24 20:00:00,22,1.0,0.0,0.0741565666425117,24
2024-03-20 19:00:00,130,1.0,0.0,1.1658805509194146,24
2024-03-19 01:00:00,86,0.0,0.0,0.08032132278717077,24
2024-03-20 20:00:00,228,0.0,0.0,0.37606582896254864,24
2024-03-21 14:00:00,11,0.0,0.0,0.201173260828131,24
2024-03-24 04:00:00,18,1.0,0.0,0.27931753277754195,24
2024-03-29 01:00:00,207,0.0,0.0,0.03506951343036168,24
2024-03-29 19:00:00,114,141.0,95.0,117.53126504307868,24
2024-03-29 10:00:00,111,0.0,0.0,0.009221160577135701,24
2024-03-25 02:00:00,28,0.0,0.0,0.1799842078453712,24
2024-03-28 19:00:00,39,0.0,1.0,0.7287690473685134,24
2024-03-19 23:00:00,181,4.0,1.0,2.125347857456719,24
2024-03-20 06:00:00,97,2.0,2.0,2.2420426130995486,24
2024-03-31 10:00:00,191,0.0,1.0,0.4874694237314749,24
2024-03-27 11:00:00,145,14.0,4.0,8.65576833599822,24
2024-03-26 02:00:00,154,2.0,0.0,0.026094670115349338,24
2024-03-28 03:00:00,7,0.0,0.0,0.49508786021246975,24
2024-03-25 20:00:00,128,0.0,0.0,0.046724665060340606,24
2024-03-26 02:00:00,179,0.0,1.0,0.16608426405040652,24
2024-03-25 04:00:00,144,1.0,0.0,7.35343893919735,24
2024-03-24 20:00:00,147,0.0,0.0,0.10790498132471822,24
2024-03-21 01:00:00,245,0.0,0.0,0.007271169969534068,24
2024-03-20 23:00:00,152,1.0,2.0,2.347985124307941,24
2024-03-22 13:00:00,216,1.0,1.0,2.3889491169286488,24
2024-03-23 06:00:00,53,0.0,0.0,0.06300403392547693,24
2024-03-18 05:00:00,72,2.0,3.0,1.2168316832844799,24
2024-03-24 10:00:00,38,0.0,0.0,0.29007649602256663,24
2024-03-27 09:00:00,88,4.0,4.0,13.122895048322574,24
2024-03-19 16:00:00,133,0.0,0.0,0.24575060221769213,24
2024-03-28 01:00:00,87,1.0,3.0,2.720726460989288,24
2024-03-28 23:00:00,212,0.0,0.0,0.16407331328848493,24
2024-03-27 17:00:00,189,0.0,1.0,1.0549294793316846,24
2024-03-27 06:00:00,244,2.0,1.0,3.751527875749614,24
2024-03-31 08:00:00,151,29.0,23.0,28.77523783661543,24
2024-03-24 23:00:00,228,2.0,0.0,0.48068206306169203,24
2024-03-23 13:00:00,154,0.0,0.0,0.0937516269255075,24
2024-03-22 16:00:00,10,4.0,6.0,4.236251613635449,24
2024-03-19 08:00:00,48,140.0,149.0,118.7752893306802,24
2024-03-25 18:00:00,6,0.0,0.0,0.07353184070963802,24
2024-03-18 14:00:00,150,0.0,0.0,0.17430619736521535,24
2024-03-21 00:00:00,139,0.0,0.0,0.09950766593174042,24
2024-03-19 04:00:00,105,0.0,0.0,0.0033184886824571963,24
2024-03-25 00:00:00,183,0.0,0.0,0.04605604422733316,24
2024-03-25 14:00:00,92,1.0,0.0,0.47470210678799185,24
2024-03-23 21:00:00,68,159.0,237.0,177.0799066515423,24
2024-03-25 14:00:00,235,0.0,2.0,0.6407249892796046,24
2024-03-22 04:00:00,116,1.0,0.0,1.9171319076169402,24
2024-03-27 12:00:00,119,0.0,3.0,0.8141924289666929,24
2024-03-25 08:00:00,32,2.0,1.0,0.5472447245380617,24
2024-03-31 19:00:00,252,0.0,0.0,0.12736986782957965,24
2024-03-25 08:00:00,145,2.0,4.0,7.160515379044616,24
2024-03-29 13:00:00,96,0.0,0.0,0.029629976216112203,24
2024-03-18 10:00:00,77,0.0,0.0,0.825411713820055,24
2024-03-27 16:00:00,58,0.0,0.0,0.017470475409624365,24
2024-03-20 18:00:00,231,151.0,142.0,131.6524347457674,24
2024-03-31 02:00:00,221,0.0,0.0,0.005800945192843546,24
2024-03-30 13:00:00,99,0.0,0.0,0.003896317162437474,24
2024-03-29 15:00:00,112,0.0,2.0,1.6391237132470162,24
2024-03-21 08:00:00,86,1.0,1.0,1.0172115749191428,24
2024-03-28 01:00:00,65,1.0,1.0,0.7416817477886279,24
2024-03-18 08:00:00,252,0.0,0.0,0.2204957773179226,24
2024-03-23 16:00:00,219,0.0,0.0,1.0088386759700356,24
2024-03-19 23:00:00,175,0.0,0.0,0.10550421878231347,24
2024-03-31 10:00:00,239,176.0,187.0,149.03560373602062,24
2024-03-23 17:00:00,111,0.0,0.0,0.0071142571808216586,24
2024-03-27 19:00:00,82,0.0,1.0,1.3827371257552892,24
2024-03-18 15:00:00,108,0.0,1.0,0.1990839533391756,24
2024-03-27 02:00:00,76,0.0,0.0,0.15908424629916532,24
2024-03-19 11:00:00,187,0.0,0.0,0.008619327499359225,24
2024-03-28 22:00:00,58,0.0,0.0,0.01625789734804997,24
2024-03-29 22:00:00,265,8.0,4.0,3.485374837639621,24
2024-03-19 22:00:00,65,2.0,2.0,1.866005805611908,24
2024-03-24 08:00:00,197,2.0,3.0,1.1902017676746963,24
2024-03-20 21:00:00,131,0.0,0.0,0.07802073280964175,24
2024-03-20 21:00:00,62,0.0,1.0,0.5719527423608467,24
2024-03-29 04:00:00,255,1.0,0.0,0.6635515350035481,24
2024-03-28 02:00:00,214,0.0,0.0,0.008188135555847777,24
2024-03-26 21:00:00,2,0.0,0.0,0.005725435082547111,24
2024-03-26 18:00:00,252,0.0,0.0,0.15188443372994442,24
2024-03-31 20:00:00,265,5.0,2.0,2.3698590539271955,24
2024-03-25 08:00:00,225,8.0,1.0,2.67029565406706,24
2024-03-25 09:00:00,114,19.0,22.0,17.44228168881166,24
2024-03-23 22:00:00,14,0.0,0.0,0.3846231179245844,24
2024-03-19 03:00:00,57,0.0,0.0,0.011151471807035686,24
2024-03-28 01:00:00,53,0.0,0.0,0.034166674742879474,24
2024-03-29 17:00:00,151,90.0,66.0,75.04766460800266,24
2024-03-25 01:00:00,233,9.0,1.0,7.950559211734914,24
2024-03-24 00:00:00,257,0.0,1.0,0.11810528627723703,24
2024-03-26 23:00:00,176,0.0,0.0,0.004212000653986027,24
2024-03-29 05:00:00,246,5.0,5.0,4.23828441901604,24
2024-03-19 01:00:00,130,1.0,1.0,1.033673379777675,24
2024-03-20 04:00:00,76,2.0,0.0,1.867404780459773,24
2024-03-30 07:00:00,245,0.0,0.0,0.006944794621308328,24
2024-03-18 06:00:00,161,40.0,22.0,31.70679407499684,24
2024-03-28 20:00:00,32,0.0,0.0,0.07182256086005667,24
2024-03-18 00:00:00,228,0.0,0.0,0.30413136797065576,24
2024-03-23 12:00:00,197,1.0,3.0,1.6235974560930528,24
2024-03-29 22:00:00,214,0.0,0.0,0.012203394874573193,24
2024-03-26 05:00:00,226,2.0,1.0,1.5419262009331693,24
2024-03-18 13:00:00,202,1.0,1.0,0.46009158668870825,24
2024-03-27 10:00:00,39,2.0,3.0,2.8944653927803516,24
2024-03-23 22:00:00,231,103.0,145.0,93.39744941110918,24
2024-03-18 15:00:00,39,1.0,1.0,1.138398645610815,24
2024-03-21 13:00:00,51,0.0,2.0,0.8363691758066418,24
2024-03-18 19:00:00,106,0.0,0.0,0.3502666740652689,24
2024-03-23 02:00:00,237,17.0,16.0,16.65924713865717,24
2024-03-25 03:00:00,185,0.0,0.0,0.02447856636418533,24
2024-03-28 20:00:00,117,0.0,0.0,0.08938706018664719,24
2024-03-28 05:00:00,199,0.0,0.0,0.00425635080367871,24
2024-03-31 10:00:00,39,2.0,1.0,1.4289675182040442,24
2024-03-24 00:00:00,235,0.0,0.0,0.3002928559272266,24
2024-03-21 07:00:00,102,0.0,0.0,0.44231144578587506,24
2024-03-28 03:00:00,196,0.0,0.0,0.08715730345612209,24
2024-03-30 12:00:00,117,0.0,0.0,0.49123603507397867,24
2024-03-31 17:00:00,43,135.0,128.0,160.88331191319577,24
2024-03-18 22:00:00,57,0.0,0.0,0.017904241132655336,24
2024-03-22 01:00:00,261,4.0,7.0,5.259356652767187,24
2024-03-25 20:00:00,86,0.0,0.0,0.16009098717526982,24
2024-03-18 23:00:00,129,1.0,3.0,1.575759987310815,24
2024-03-29 03:00:00,131,0.0,0.0,0.06463393246739467,24
2024-03-30 09:00:00,195,0.0,1.0,1.312336462619426,24
2024-03-28 07:00:00,219,1.0,2.0,0.8322112543834057,24
2024-03-26 10:00:00,134,0.0,1.0,0.8680997731657086,24
2024-03-18 15:00:00,12,6.0,9.0,5.364760195194009,24
2024-03-18 04:00:00,215,0.0,2.0,0.7686677252099852,24
2024-03-18 23:00:00,224,3.0,2.0,3.1198627987988874,24
2024-03-28 23:00:00,192,0.0,0.0,0.09446431170275361,24
2024-03-25 22:00:00,262,15.0,14.0,16.61318473598624,24
2024-03-18 20:00:00,259,0.0,0.0,0.06658252645682719,24
2024-03-23 03:00:00,46,0.0,0.0,0.01675644044243181,24
2024-03-19 04:00:00,24,0.0,4.0,0.8778613992567171,24
2024-03-31 19:00:00,222,0.0,0.0,0.30942805676854623,24
2024-03-22 01:00:00,92,0.0,0.0,0.11398481959813503,24
2024-03-30 16:00:00,107,111.0,129.0,167.6665499872297,24
2024-03-23 14:00:00,17,0.0,0.0,1.2787208597785242,24
2024-03-18 18:00:00,198,1.0,0.0,0.3246422175305454,24
2024-03-19 03:00:00,203,2.0,0.0,0.05412141549210448,24
2024-03-23 14:00:00,186,272.0,195.0,240.5482148041217,24
2024-03-27 01:00:00,225,0.0,0.0,0.32090486631976506,24
2024-03-18 23:00:00,139,0.0,0.0,0.17356390396818278,24
2024-03-19 12:00:00,186,238.0,174.0,189.25344627364288,24
2024-03-19 08:00:00,251,0.0,0.0,0.00632159844465391,24
2024-03-24 11:00:00,239,218.0,195.0,201.58375446574897,24
2024-03-28 06:00:00,10,4.0,3.0,2.4691482626413555,24
2024-03-18 06:00:00,122,0.0,0.0,0.3488641115860947,24
2024-03-20 02:00:00,92,0.0,0.0,0.07015953190263743,24
2024-03-24 06:00:00,77,0.0,0.0,0.4800777355482282,24
2024-03-18 01:00:00,142,17.0,6.0,15.105825704452164,24
2024-03-21 20:00:00,226,2.0,3.0,4.600004474579504,24
2024-03-27 21:00:00,155,1.0,1.0,0.22553032261993267,24
2024-03-23 23:00:00,8,0.0,0.0,0.018818871371225884,24
2024-03-21 18:00:00,17,0.0,2.0,1.9275641022639716,24
2024-03-24 13:00:00,239,243.0,237.0,240.97401536706542,24
2024-03-25 09:00:00,124,0.0,0.0,0.33049175222167293,24
2024-03-22 21:00:00,119,0.0,0.0,0.1442510507972683,24
2024-03-28 16:00:00,191,0.0,2.0,0.7380360513370825,24
2024-03-24 00:00:00,242,0.0,0.0,0.09746195447805912,24
2024-03-25 05:00:00,35,0.0,2.0,1.0561052815208845,24
2024-03-30 10:00:00,140,84.0,98.0,103.86962343534582,24
2024-03-24 13:00:00,26,1.0,0.0,0.3892573234081688,24
2024-03-22 10:00:00,93,0.0,1.0,0.7705214709395244,24
2024-03-26 00:00:00,118,0.0,0.0,0.006970569702741398,24
2024-03-20 02:00:00,120,0.0,0.0,0.01315704729918594,24
2024-03-29 18:00:00,99,0.0,0.0,0.003813126459648421,24
2024-03-27 19:00:00,121,0.0,0.0,0.24711140475275106,24
2024-03-26 08:00:00,252,0.0,0.0,0.27072927664932583,24
2024-03-24 09:00:00,85,0.0,0.0,0.7864933222058403,24
2024-03-27 02:00:00,94,0.0,0.0,0.03143506486238769,24
2024-03-19 05:00:00,198,0.0,1.0,0.40253556719028544,24
2024-03-31 14:00:00,202,0.0,0.0,0.33495239651792663,24
2024-03-21 21:00:00,12,2.0,0.0,0.6749754244004945,24
2024-03-22 08:00:00,65,1.0,5.0,4.543133529814864,24
2024-03-25 21:00:00,180,0.0,0.0,0.07842244344033952,24
2024-03-20 09:00:00,195,0.0,0.0,1.9409102640874665,24
2024-03-29 00:00:00,216,1.0,0.0,0.8957838040687117,24
2024-03-30 13:00:00,247,0.0,3.0,1.1453649142516333,24
2024-03-25 06:00:00,260,1.0,0.0,1.7344004759595786,24
2024-03-28 13:00:00,8,0.0,0.0,0.0173672929427356,24
2024-03-18 20:00:00,69,0.0,3.0,0.408406706153997,24
2024-03-22 03:00:00,48,45.0,31.0,43.06685264228443,24
2024-03-19 21:00:00,176,0.0,0.0,0.0036717281340795114,24
2024-03-22 21:00:00,88,14.0,28.0,26.62063732907746,24
2024-03-26 13:00:00,92,0.0,0.0,0.5426986767574392,24
2024-03-26 20:00:00,245,0.0,0.0,0.00783939119997829,24
2024-03-22 16:00:00,209,12.0,8.0,13.431438970613558,24
2024-03-28 11:00:00,157,2.0,0.0,0.7147328289049545,24
2024-03-18 18:00:00,265,7.0,9.0,3.261494490160543,24
2024-03-18 00:00:00,66,0.0,0.0,1.128861345683325,24
2024-03-29 09:00:00,42,4.0,4.0,14.082987927355974,24
2024-03-21 22:00:00,240,0.0,0.0,0.026557359819905306,24
2024-03-25 07:00:00,163,49.0,33.0,48.29812390907504,24
2024-03-21 21:00:00,34,0.0,0.0,0.1353426601866212,24
2024-03-19 18:00:00,141,152.0,164.0,197.06699352144147,24
2024-03-23 22:00:00,28,2.0,0.0,0.727836720019565,24
2024-03-20 21:00:00,208,0.0,0.0,0.12271708288415879,24
2024-03-18 01:00:00,146,0.0,1.0,0.8981320279306529,24
2024-03-25 16:00:00,10,4.0,4.0,3.087806049699827,24
2024-03-26 21:00:00,160,0.0,0.0,0.14166516902480644,24
2024-03-31 23:00:00,4,1.0,4.0,15.006146692344622,24
2024-03-27 01:00:00,10,1.0,1.0,0.8989258018346775,24
2024-03-29 12:00:00,10,2.0,2.0,1.946341883372799,24
2024-03-24 05:00:00,115,0.0,0.0,0.005324058961677977,24
2024-03-24 09:00:00,105,0.0,0.0,0.0037114669380912298,24
2024-03-28 16:00:00,8,0.0,0.0,0.01652988735177366,24
2024-03-20 06:00:00,246,5.0,2.0,6.111889918877841,24
2024-03-20 01:00:00,233,4.0,5.0,6.658080915359402,24
2024-03-23 03:00:00,178,0.0,0.0,0.04259553962608499,24
2024-03-28 21:00:00,229,166.0,189.0,148.4223544998972,24
2024-03-18 12:00:00,233,83.0,74.0,82.08857357388135,24
2024-03-30 20:00:00,201,0.0,0.0,0.07142976862697958,24
2024-03-23 10:00:00,102,1.0,0.0,0.2707679457779289,24
2024-03-21 06:00:00,55,0.0,3.0,1.5924056227959429,24
2024-03-28 10:00:00,37,3.0,2.0,1.532482694271434,24
2024-03-22 07:00:00,36,3.0,0.0,0.8312339923587677,24
2024-03-27 14:00:00,211,39.0,37.0,44.780441949974715,24
2024-03-27 16:00:00,70,16.0,30.0,32.508781952468674,24
2024-03-23 07:00:00,23,0.0,0.0,0.009118021679792504,24
2024-03-31 16:00:00,122,0.0,0.0,0.1424129097267741,24
2024-03-19 00:00:00,145,2.0,1.0,2.1416885300486026,24
2024-03-23 05:00:00,211,5.0,5.0,2.486869050005986,24
2024-03-25 17:00:00,169,0.0,2.0,0.5051690828536441,24
2024-03-29 23:00:00,168,0.0,3.0,1.4694353164414602,24
2024-03-28 15:00:00,114,61.0,54.0,55.358155367759394,24
2024-03-21 23:00:00,201,0.0,0.0,0.11048511081176826,24
2024-03-22 14:00:00,196,0.0,0.0,0.7027822480325876,24
2024-03-24 00:00:00,265,5.0,7.0,6.577936998896208,24
2024-03-25 18:00:00,69,0.0,1.0,0.6299864698714992,24
2024-03-28 06:00:00,208,0.0,0.0,0.622578920795205,24
2024-03-31 21:00:00,75,24.0,33.0,24.117352840572664,24
2024-03-26 00:00:00,258,0.0,0.0,0.11624547360967885,24
2024-03-30 17:00:00,36,0.0,0.0,0.6654221860106615,24
2024-03-21 02:00:00,64,0.0,0.0,0.02802574747693107,24
2024-03-30 16:00:00,54,0.0,0.0,0.17482695317428398,24
2024-03-19 14:00:00,102,0.0,0.0,0.22900530380671577,24
2024-03-29 08:00:00,201,1.0,1.0,0.30329610436365734,24
2024-03-23 03:00:00,96,0.0,0.0,0.020950497864955852,24
2024-03-24 09:00:00,223,3.0,4.0,1.5474594532788943,24
2024-03-27 02:00:00,209,1.0,0.0,0.34952493759567627,24
2024-03-29 20:00:00,99,0.0,0.0,0.00373893682174952,24
2024-03-27 19:00:00,130,2.0,1.0,1.1491772421255,24
2024-03-23 01:00:00,76,0.0,0.0,0.2163393423295643,24
2024-03-21 10:00:00,88,12.0,10.0,11.446714478689278,24
2024-03-20 02:00:00,206,0.0,0.0,0.003976468457439266,24
2024-03-20 18:00:00,17,0.0,4.0,1.58590305074598,24
2024-03-20 07:00:00,160,1.0,0.0,0.5894931915711337,24
2024-03-19 14:00:00,162,245.0,230.0,234.44019063736556,24
2024-03-23 17:00:00,158,86.0,102.0,86.49429883185984,24
2024-03-25 14:00:00,16,1.0,0.0,0.1389854827646457,24
2024-03-26 03:00:00,49,0.0,0.0,0.10643351549642205,24
2024-03-26 04:00:00,13,0.0,0.0,0.5671188241455511,24
2024-03-31 04:00:00,193,0.0,0.0,0.37067832114779803,24
2024-03-25 13:00:00,225,0.0,4.0,2.0241020324801906,24
2024-03-22 12:00:00,160,0.0,0.0,0.41530972963664264,24
2024-03-19 12:00:00,143,91.0,96.0,78.79446600704867,24
2024-03-19 23:00:00,244,3.0,2.0,2.042412902221673,24
2024-03-25 08:00:00,217,0.0,2.0,0.39737240396661155,24
2024-03-31 22:00:00,95,2.0,2.0,1.1337663942867895,24
2024-03-29 21:00:00,57,0.0,0.0,0.02059277673540767,24
2024-03-29 13:00:00,156,0.0,0.0,0.0039002933344362803,24
2024-03-31 20:00:00,218,2.0,1.0,0.2654799825630145,24
2024-03-26 09:00:00,61,5.0,8.0,4.139623268878946,24
2024-03-29 15:00:00,233,52.0,79.0,84.08425674075976,24
2024-03-21 20:00:00,152,10.0,1.0,5.082229500704203,24
2024-03-26 10:00:00,37,4.0,1.0,1.6222936737793914,24
2024-03-29 00:00:00,79,291.0,171.0,150.6104740944161,24
2024-03-20 11:00:00,143,82.0,85.0,82.98022394780428,24
2024-03-31 06:00:00,65,0.0,1.0,1.2262223931671459,24
2024-03-31 11:00:00,84,0.0,0.0,0.0036637155839270015,24
2024-03-21 19:00:00,33,4.0,23.0,6.020218476280824,24
2024-03-26 05:00:00,186,52.0,61.0,81.57869976661976,24
2024-03-25 06:00:00,31,0.0,0.0,0.05104923618611954,24
2024-03-23 22:00:00,70,21.0,23.0,21.344452768604494,24
2024-03-21 21:00:00,101,0.0,0.0,0.061600775424104734,24
2024-03-31 06:00:00,138,3.0,5.0,2.3050117881422345,24
2024-03-30 09:00:00,47,1.0,2.0,0.5866533173500768,24
2024-03-24 02:00:00,49,0.0,2.0,0.2835693903076702,24
2024-03-22 01:00:00,78,0.0,0.0,0.06695471490633677,24
2024-03-29 22:00:00,129,1.0,1.0,1.3361678302754239,24
2024-03-22 04:00:00,2,0.0,0.0,0.005892552339046721,24
2024-03-24 10:00:00,229,106.0,119.0,86.5603846790775,24
2024-03-22 05:00:00,68,16.0,24.0,10.417179260298626,24
2024-03-22 12:00:00,191,2.0,2.0,0.9666136229163986,24
2024-03-27 17:00:00,88,51.0,52.0,42.23720526198487,24
2024-03-27 18:00:00,237,445.0,371.0,475.1940101321304,24
2024-03-23 07:00:00,25,0.0,7.0,1.5705389714299545,24
2024-03-25 12:00:00,206,0.0,0.0,0.005420579989199517,24
2024-03-22 07:00:00,254,2.0,1.0,1.360032747961638,24
2024-03-30 19:00:00,196,0.0,1.0,0.32093203180367974,24
2024-03-30 20:00:00,3,0.0,0.0,0.08957178202788854,24
2024-03-29 14:00:00,69,1.0,2.0,0.9856991773394642,24
2024-03-23 11:00:00,111,0.0,0.0,0.006531830950181787,24
2024-03-18 13:00:00,108,1.0,0.0,0.2576842983199435,24
2024-03-19 23:00:00,241,0.0,0.0,0.14069931500720265,24
2024-03-25 05:00:00,81,0.0,0.0,0.23990937756830813,24
2024-03-30 18:00:00,36,0.0,2.0,0.8321115232096946,24
2024-03-27 13:00:00,188,3.0,2.0,3.709848682482311,24
2024-03-28 19:00:00,199,0.0,0.0,0.004359179951143919,24
2024-03-21 20:00:00,38,0.0,0.0,0.07098114333913567,24
2024-03-19 12:00:00,5,0.0,0.0,0.0037193302635249005,24
2024-03-28 03:00:00,185,0.0,0.0,0.025134511322808157,24
2024-03-18 18:00:00,192,0.0,0.0,0.1465594430564213,24
2024-03-18 07:00:00,206,0.0,0.0,0.005633832922386157,24
2024-03-30 01:00:00,218,0.0,0.0,0.21745274015361,24
2024-03-26 03:00:00,7,1.0,0.0,0.38241188745897225,24
2024-03-23 04:00:00,188,0.0,0.0,0.7860633153487516,24
2024-03-31 21:00:00,174,0.0,0.0,0.09021438689931423,24
2024-03-30 18:00:00,83,0.0,0.0,0.43875999158384704,24
2024-03-24 15:00:00,54,0.0,0.0,0.18365830127069743,24
2024-03-31 22:00:00,261,15.0,9.0,13.945942387459999,24
2024-03-21 12:00:00,41,13.0,19.0,20.884861287869995,24
2024-03-18 02:00:00,63,0.0,0.0,0.05287194894579773,24
2024-03-20 01:00:00,67,0.0,0.0,0.03429149259272486,24
2024-03-29 19:00:00,46,0.0,0.0,0.02671209166435125,24
2024-03-21 02:00:00,77,0.0,0.0,0.040252752319200974,24
2024-03-24 10:00:00,87,11.0,29.0,15.61817283211294,24
2024-03-28 22:00:00,153,0.0,0.0,0.07503266103086101,24
2024-03-20 10:00:00,212,0.0,0.0,0.5503928915781438,24
2024-03-30 23:00:00,159,0.0,0.0,0.6245634486905355,24
2024-03-23 15:00:00,24,11.0,19.0,20.325397398866894,24
2024-03-31 15:00:00,227,0.0,0.0,0.18520156005447158,24
2024-03-27 19:00:00,92,0.0,0.0,0.34500116803536746,24
2024-03-23 14:00:00,116,11.0,3.0,8.055251618772592,24
2024-03-25 11:00:00,256,0.0,2.0,2.2038715931125714,24
2024-03-30 23:00:00,10,1.0,4.0,2.0797201088195783,24
2024-03-27 11:00:00,2,0.0,0.0,0.005925144065077119,24
2024-03-22 10:00:00,185,1.0,0.0,0.3503966933072786,24
2024-03-22 10:00:00,144,14.0,15.0,23.3848046881991,24
2024-03-22 03:00:00,93,0.0,0.0,0.19649601766900437,24
2024-03-29 09:00:00,257,0.0,1.0,0.3022437831909535,24
2024-03-26 08:00:00,233,82.0,81.0,80.5570297708113,24
2024-03-19 18:00:00,176,0.0,0.0,0.0037229228965578076,24
2024-03-27 20:00:00,53,0.0,0.0,0.06533725380078095,24
2024-03-23 00:00:00,120,0.0,0.0,0.02219677399285524,24
2024-03-30 15:00:00,119,0.0,0.0,0.6474568239099574,24
2024-03-22 10:00:00,71,0.0,0.0,1.6804276941070948,24
2024-03-18 17:00:00,94,0.0,0.0,0.16059628296255615,24
2024-03-24 15:00:00,37,1.0,1.0,1.3349020569706864,24
2024-03-28 14:00:00,95,1.0,2.0,1.3849774568898492,24
2024-03-20 16:00:00,154,0.0,0.0,0.10078128902001192,24
2024-03-31 19:00:00,193,3.0,0.0,2.162081288002867,24
2024-03-25 07:00:00,201,0.0,0.0,0.265073252806961,24
2024-03-29 14:00:00,8,0.0,0.0,0.014590042878038946,24
2024-03-27 20:00:00,101,0.0,0.0,0.07238113564955392,24
2024-03-25 08:00:00,233,85.0,59.0,61.795831000122064,24
2024-03-31 15:00:00,175,0.0,0.0,0.12757707669652954,24
2024-03-30 09:00:00,221,0.0,0.0,0.007592506630796444,24
2024-03-21 19:00:00,83,1.0,0.0,0.24032108990754927,24
2024-03-29 12:00:00,87,38.0,17.0,21.973101178626788,24
2024-03-31 07:00:00,241,0.0,1.0,0.4978711201201986,24
2024-03-31 16:00:00,37,0.0,0.0,1.334449080837775,24
2024-03-31 22:00:00,19,1.0,0.0,0.1170786653843416,24
2024-03-22 19:00:00,89,1.0,0.0,3.1421985866293283,24
2024-03-24 14:00:00,154,0.0,0.0,0.09366034480321121,24
2024-03-28 04:00:00,137,6.0,7.0,6.265989652892893,24
2024-03-29 11:00:00,92,0.0,2.0,0.6090160680561284,24
2024-03-25 17:00:00,70,40.0,19.0,25.78203870624177,24
2024-03-24 13:00:00,39,1.0,0.0,1.4707787102622305,24
2024-03-22 10:00:00,163,147.0,147.0,148.77523474969476,24
2024-03-27 21:00:00,208,0.0,0.0,0.1102078658575593,24
2024-03-28 17:00:00,184,0.0,0.0,0.04107001692069551,24
2024-03-29 16:00:00,260,1.0,7.0,1.3689203701704122,24
2024-03-27 12:00:00,159,0.0,0.0,1.03830534854661,24
2024-03-18 09:00:00,27,0.0,0.0,0.010855714703982677,24
2024-03-30 17:00:00,95,3.0,1.0,1.3533851495451679,24
2024-03-30 14:00:00,38,0.0,1.0,0.20445148497015092,24
2024-03-22 22:00:00,133,0.0,0.0,0.14483090063403367,24
2024-03-29 08:00:00,97,0.0,2.0,3.1779494502080423,24
2024-03-29 03:00:00,221,0.0,0.0,0.005955998040123308,24
2024-03-24 12:00:00,9,0.0,0.0,0.13099668208496235,24
2024-03-18 16:00:00,94,0.0,1.0,0.17041226979626212,24
2024-03-26 00:00:00,264,6.0,2.0,7.136763948142072,24
2024-03-23 12:00:00,118,0.0,0.0,0.008159286289609421,24
2024-03-27 23:00:00,174,0.0,0.0,0.13244978604379004,24
2024-03-23 00:00:00,177,0.0,1.0,0.16346006624432446,24
2024-03-18 09:00:00,239,160.0,193.0,165.0820949723171,24
2024-03-28 10:00:00,57,0.0,0.0,0.018935289663954077,24
2024-03-30 04:00:00,2,0.0,0.0,0.0042331110411539625,24
2024-03-20 14:00:00,132,261.0,328.0,292.35036771739107,24
2024-03-18 05:00:00,215,0.0,0.0,0.9170568403928605,24
2024-03-28 03:00:00,42,1.0,0.0,1.0321346869756733,24
2024-03-23 10:00:00,199,0.0,0.0,0.004281400282132734,24
2024-03-30 04:00:00,256,14.0,6.0,2.0645443589503825,24
2024-03-22 10:00:00,219,2.0,1.0,0.8541242653775003,24
2024-03-21 23:00:00,66,1.0,1.0,2.0743363482520873,24
2024-03-27 06:00:00,94,0.0,0.0,0.45168837080523505,24
2024-03-22 01:00:00,94,0.0,0.0,0.04140760876593565,24
2024-03-24 19:00:00,158,63.0,51.0,50.655920981102504,24
2024-03-18 21:00:00,45,8.0,6.0,8.169796720787488,24
2024-03-25 02:00:00,96,0.0,0.0,0.02364748298929059,24
2024-03-28 03:00:00,175,0.0,0.0,0.027995714095617033,24
2024-03-29 19:00:00,118,0.0,0.0,0.008061053652977702,24
2024-03-19 07:00:00,12,0.0,0.0,0.506377195308453,24
2024-03-23 03:00:00,248,0.0,0.0,0.0843822987341633,24
2024-03-31 01:00:00,141,46.0,61.0,46.932921902095835,24
2024-03-26 16:00:00,221,0.0,0.0,0.009383002976449225,24
2024-03-24 07:00:00,223,0.0,1.0,1.4888801522716937,24
2024-03-26 17:00:00,247,0.0,2.0,1.0423841512785827,24
2024-03-28 23:00:00,155,0.0,0.0,0.2906445074726511,24
2024-03-29 02:00:00,204,0.0,0.0,0.0038533573137684678,24
2024-03-22 02:00:00,113,33.0,10.0,7.62733874086909,24
2024-03-19 04:00:00,49,1.0,0.0,0.2874528702917648,24
2024-03-23 18:00:00,90,117.0,172.0,162.8361100201775,24
2024-03-22 04:00:00,33,1.0,1.0,0.7223236217267464,24
2024-03-27 12:00:00,31,0.0,0.0,0.01743177519558429,24
2024-03-23 06:00:00,232,2.0,4.0,3.912000432031805,24
2024-03-28 15:00:00,167,0.0,1.0,0.8470375495280332,24
2024-03-25 01:00:00,207,0.0,0.0,0.031235069619888645,24
2024-03-19 04:00:00,98,0.0,0.0,0.06609824643128592,24
2024-03-21 20:00:00,144,76.0,106.0,92.97928647045632,24
2024-03-18 18:00:00,257,0.0,2.0,0.15553740733700236,24
2024-03-21 11:00:00,226,7.0,3.0,4.722661489150703,24
2024-03-29 04:00:00,73,0.0,0.0,0.050093131186919715,24
2024-03-24 03:00:00,96,0.0,0.0,0.026394736880013918,24
2024-03-18 14:00:00,86,1.0,1.0,0.4485879062216371,24
2024-03-21 15:00:00,196,0.0,1.0,0.5980228002204228,24
2024-03-18 07:00:00,174,0.0,0.0,0.7760762078467747,24
2024-03-20 21:00:00,211,107.0,87.0,68.4581475574774,24
2024-03-27 01:00:00,235,0.0,0.0,0.10817053341193206,24
2024-03-24 00:00:00,254,0.0,0.0,0.325425491918398,24
2024-03-24 01:00:00,93,3.0,0.0,0.38317304319027873,24
2024-03-23 02:00:00,261,7.0,5.0,3.255323529586976,24
2024-03-30 21:00:00,132,280.0,349.0,294.3376555324567,24
2024-03-28 22:00:00,105,0.0,0.0,0.0038192761618360024,24
2024-03-26 20:00:00,264,29.0,21.0,18.68894543866955,24
2024-03-31 03:00:00,213,0.0,1.0,0.15909804102058572,24
2024-03-28 08:00:00,248,1.0,0.0,0.9575235550994531,24
2024-03-29 03:00:00,192,0.0,0.0,0.03311957775096191,24
2024-03-26 02:00:00,129,1.0,0.0,0.4052223053631929,24
2024-03-23 05:00:00,142,9.0,14.0,11.80573955005131,24
2024-03-27 19:00:00,239,161.0,227.0,212.37798869527936,24
2024-03-24 11:00:00,257,0.0,0.0,0.20111963907270264,24
2024-03-20 11:00:00,34,0.0,0.0,0.2690027115419063,24
2024-03-27 18:00:00,87,89.0,65.0,54.40350360236845,24
2024-03-24 19:00:00,98,0.0,1.0,0.0754818755201615,24
2024-03-28 10:00:00,219,0.0,0.0,0.8175385579798323,24
2024-03-28 23:00:00,78,0.0,0.0,0.22993675786060927,24
2024-03-22 13:00:00,74,24.0,21.0,20.89691611369147,24
2024-03-18 07:00:00,222,1.0,1.0,0.9173090643626277,24
2024-03-30 13:00:00,29,0.0,0.0,0.44057428947677035,24
2024-03-29 23:00:00,217,0.0,1.0,0.3140770389965372,24
2024-03-27 20:00:00,21,0.0,0.0,0.08583662709065565,24
2024-03-18 04:00:00,49,2.0,0.0,0.3757977428489587,24
2024-03-26 00:00:00,235,0.0,1.0,0.11043438350845972,24
2024-03-20 05:00:00,113,1.0,4.0,3.215039375894925,24
2024-03-22 01:00:00,215,0.0,0.0,0.42809530805681506,24
2024-03-25 20:00:00,174,2.0,0.0,0.09867544890278644,24
2024-03-31 04:00:00,248,0.0,0.0,0.19900405932897425,24
2024-03-24 13:00:00,210,0.0,1.0,0.5010279030834174,24
2024-03-29 06:00:00,47,2.0,0.0,0.7065223119705689,24
2024-03-19 07:00:00,168,4.0,1.0,1.406401116881504,24
2024-03-24 03:00:00,194,0.0,0.0,0.0850625112489295,24
2024-03-18 00:00:00,109,0.0,0.0,0.0034865459594509833,24
2024-03-28 04:00:00,119,0.0,1.0,0.3534124584685714,24
2024-03-24 23:00:00,56,0.0,0.0,0.3077387638723262,24
2024-03-26 02:00:00,238,1.0,2.0,1.6547766208511463,24
2024-03-21 20:00:00,42,13.0,15.0,7.935194506532907,24
2024-03-19 14:00:00,260,5.0,2.0,1.3809445696136784,24
2024-03-24 18:00:00,134,0.0,0.0,1.0414940263116645,24
2024-03-19 05:00:00,25,0.0,1.0,0.6523230095496584,24
2024-03-31 22:00:00,41,10.0,5.0,11.635066034363737,24
2024-03-23 04:00:00,1,1.0,0.0,0.2700066593745961,24
2024-03-21 21:00:00,50,57.0,73.0,40.69165681907434,24
2024-03-18 21:00:00,101,0.0,0.0,0.05560134763774351,24
2024-03-23 10:00:00,67,0.0,0.0,0.12772293065262696,24
2024-03-26 02:00:00,32,0.0,0.0,0.022569019088725877,24
2024-03-30 14:00:00,91,0.0,0.0,0.8690190155067967,24
2024-03-23 20:00:00,255,10.0,12.0,3.394454408764765,24
2024-03-28 08:00:00,264,11.0,24.0,21.808022949164354,24
2024-03-30 17:00:00,182,0.0,0.0,0.4754147146302179,24
2024-03-19 07:00:00,144,7.0,8.0,14.10493064841148,24
2024-03-29 13:00:00,53,0.0,0.0,0.1326501008033728,24
2024-03-29 05:00:00,262,25.0,22.0,27.608458466641412,24
2024-03-26 11:00:00,169,0.0,2.0,0.5679952380861837,24
2024-03-27 20:00:00,163,333.0,360.0,300.92571776114096,24
2024-03-25 06:00:00,46,0.0,0.0,0.02212215325422709,24
2024-03-23 02:00:00,251,0.0,0.0,0.004777488950452997,24
2024-03-18 09:00:00,60,1.0,0.0,0.4068247424744763,24
2024-03-31 21:00:00,94,0.0,0.0,0.06150136384190073,24
2024-03-24 20:00:00,125,29.0,27.0,20.51336853563355,24
2024-03-27 21:00:00,192,0.0,0.0,0.06990889251204019,24
2024-03-25 22:00:00,192,0.0,0.0,0.08497471347088467,24
2024-03-25 07:00:00,256,2.0,0.0,2.524527069631505,24
2024-03-27 22:00:00,205,0.0,0.0,0.25884010635762006,24
2024-03-26 23:00:00,204,0.0,0.0,0.0036602505712514406,24
2024-03-31 10:00:00,264,15.0,14.0,13.854905781292747,24
2024-03-28 10:00:00,120,0.0,0.0,0.08233126332350128,24
2024-03-20 08:00:00,188,3.0,5.0,3.787744550546699,24
2024-03-29 07:00:00,99,0.0,0.0,0.003802996269991428,24
2024-03-24 09:00:00,56,0.0,0.0,0.8630055678878206,24
2024-03-28 07:00:00,195,1.0,0.0,1.924946341166486,24
2024-03-27 10:00:00,48,119.0,115.0,111.24361885670925,24
2024-03-21 14:00:00,23,0.0,0.0,0.009533784970915041,24
2024-03-28 09:00:00,156,0.0,0.0,0.003776817463910614,24
2024-03-30 08:00:00,11,0.0,0.0,0.10025099133584005,24
2024-03-27 21:00:00,39,0.0,0.0,0.3631479685561616,24
2024-03-19 09:00:00,175,0.0,0.0,0.1753951307729924,24
2024-03-19 10:00:00,204,0.0,0.0,0.0036664021920245742,24
2024-03-27 07:00:00,140,95.0,100.0,124.57852144482298,24
2024-03-29 17:00:00,55,0.0,0.0,0.5209022543467237,24
2024-03-18 23:00:00,214,0.0,0.0,0.016001443996655484,24
2024-03-23 18:00:00,59,0.0,0.0,0.01300443661416856,24
2024-03-20 12:00:00,92,0.0,3.0,0.5854962483293711,24
2024-03-30 19:00:00,167,0.0,0.0,0.34330837193393965,24
2024-03-21 03:00:00,117,0.0,0.0,0.11899130047436288,24
2024-03-28 12:00:00,155,0.0,3.0,1.1076600037123037,24
2024-03-26 20:00:00,58,0.0,0.0,0.016380215479200204,24
2024-03-28 05:00:00,4,4.0,5.0,2.5991458603305038,24
2024-03-28 11:00:00,164,162.0,164.0,132.46684276395635,24
2024-03-30 07:00:00,264,6.0,4.0,6.8937532583241845,24
2024-03-23 01:00:00,238,10.0,10.0,9.21694932904501,24
2024-03-19 15:00:00,21,1.0,0.0,0.3194608785048882,24
2024-03-28 12:00:00,51,2.0,2.0,0.7614048734730309,24
2024-03-29 02:00:00,189,0.0,0.0,0.1391440861735594,24
2024-03-23 14:00:00,221,0.0,0.0,0.007241953583056815,24
2024-03-26 19:00:00,18,0.0,0.0,0.17594822830848747,24
2024-03-20 22:00:00,165,0.0,0.0,0.23741660494406142,24
2024-03-20 09:00:00,167,0.0,0.0,1.0940123611519004,24
2024-03-23 09:00:00,142,111.0,108.0,112.92601223230855,24
2024-03-31 21:00:00,8,0.0,1.0,0.013097164544540373,24
2024-03-22 12:00:00,100,95.0,84.0,77.87467426783275,24
2024-03-24 06:00:00,169,0.0,4.0,0.471567677024243,24
2024-03-31 17:00:00,234,118.0,160.0,144.63008565598562,24
2024-03-29 03:00:00,152,0.0,0.0,0.3519593457092526,24
2024-03-27 14:00:00,6,0.0,0.0,0.0993498443051012,24
2024-03-29 14:00:00,20,0.0,0.0,0.21363327715395058,24
2024-03-29 03:00:00,236,1.0,3.0,2.9414588574386586,24
2024-03-19 04:00:00,27,0.0,0.0,0.00848042237941111,24
2024-03-26 13:00:00,225,0.0,2.0,1.9674231791837904,24
2024-03-24 16:00:00,154,0.0,0.0,0.08639391762936566,24
2024-03-27 20:00:00,251,0.0,0.0,0.006104998558651707,24
2024-03-18 21:00:00,227,0.0,0.0,0.059282349492672484,24
2024-03-22 11:00:00,53,0.0,0.0,0.12120540289969126,24
2024-03-25 03:00:00,247,0.0,0.0,0.10630842166311699,24
2024-03-26 07:00:00,34,0.0,0.0,0.21534244466855268,24
2024-03-20 20:00:00,63,1.0,0.0,0.09496604486377323,24
2024-03-23 20:00:00,222,1.0,0.0,0.23134889429796612,24
2024-03-31 12:00:00,209,7.0,11.0,9.408805023067552,24
2024-03-30 07:00:00,17,1.0,1.0,0.9613278592252849,24
2024-03-24 01:00:00,158,211.0,184.0,223.13401128830225,24
2024-03-21 02:00:00,101,0.0,0.0,0.0316486102278864,24
2024-03-30 06:00:00,55,0.0,2.0,0.30618747228295606,24
2024-03-20 16:00:00,121,3.0,1.0,0.48428586680755525,24
2024-03-20 13:00:00,21,0.0,0.0,0.3991198371601641,24
2024-03-20 00:00:00,164,54.0,53.0,50.06638150175144,24
2024-03-29 22:00:00,243,1.0,1.0,1.6968152566607368,24
2024-03-23 08:00:00,23,0.0,0.0,0.009789691669906307,24
2024-03-19 23:00:00,13,7.0,2.0,6.762849585075055,24
2024-03-22 07:00:00,53,0.0,1.0,0.1232299258317871,24
2024-03-20 09:00:00,169,0.0,1.0,0.9198427641599055,24
2024-03-18 17:00:00,231,111.0,102.0,68.62857030966858,24
2024-03-20 22:00:00,203,1.0,0.0,0.1046160097400456,24
2024-03-26 06:00:00,117,2.0,2.0,1.1037554168029644,24
2024-03-19 11:00:00,262,110.0,104.0,102.6345353173957,24
2024-03-29 22:00:00,195,0.0,0.0,0.37446295148717995,24
2024-03-24 10:00:00,194,0.0,0.0,0.2210264787186015,24
2024-03-23 15:00:00,146,2.0,8.0,3.2049231391184474,24
2024-03-24 06:00:00,178,0.0,0.0,0.11995461321340965,24
2024-03-21 19:00:00,232,9.0,13.0,9.168462946863196,24
2024-03-20 10:00:00,115,0.0,0.0,0.00699226540602268,24
2024-03-25 10:00:00,63,0.0,2.0,0.4927588181161199,24
2024-03-25 12:00:00,120,0.0,0.0,0.025227428208694266,24
2024-03-26 05:00:00,214,0.0,0.0,0.013981179518761497,24
2024-03-28 00:00:00,98,0.0,1.0,0.06293499885235333,24
2024-03-28 15:00:00,11,0.0,0.0,0.14989801413128148,24
2024-03-27 12:00:00,250,0.0,0.0,0.568736367203746,24
2024-03-30 10:00:00,196,1.0,1.0,0.4781550847398934,24
2024-03-31 21:00:00,225,3.0,0.0,1.369597474915125,24
2024-03-23 10:00:00,2,0.0,0.0,0.010066170261233274,24
2024-03-19 00:00:00,47,0.0,0.0,0.12731993025364488,24
2024-03-22 03:00:00,223,0.0,0.0,0.36298042648725576,24
2024-03-23 00:00:00,168,0.0,0.0,0.9241939560561664,24
2024-03-24 10:00:00,165,0.0,0.0,0.5247038761282894,24
2024-03-18 04:00:00,236,4.0,4.0,6.371676453744006,24
2024-03-22 08:00:00,141,162.0,170.0,153.80153774833462,24
2024-03-19 17:00:00,15,0.0,0.0,0.08697830477693942,24
2024-03-26 21:00:00,196,0.0,0.0,0.30915435580019135,24
2024-03-27 15:00:00,206,0.0,0.0,0.005379209516550506,24
2024-03-21 10:00:00,177,2.0,2.0,1.703775080433661,24
2024-03-26 16:00:00,66,3.0,2.0,2.1312661547650893,24
2024-03-23 05:00:00,54,0.0,0.0,0.08342484226696123,24
2024-03-29 04:00:00,51,3.0,2.0,0.7553988364379551,24
2024-03-21 18:00:00,166,59.0,44.0,63.40693129114673,24
2024-03-25 16:00:00,260,2.0,0.0,1.9163315600627748,24
2024-03-29 22:00:00,202,0.0,1.0,0.20419453627167497,24
2024-03-29 03:00:00,137,9.0,5.0,10.958858257946998,24
2024-03-22 10:00:00,24,23.0,14.0,17.11862737768453,24
2024-03-22 21:00:00,195,0.0,0.0,0.5685079977432487,24
2024-03-28 16:00:00,195,0.0,0.0,0.8301213557386001,24
2024-03-20 05:00:00,264,4.0,0.0,3.1677409041880633,24
2024-03-27 17:00:00,261,63.0,47.0,61.63776937196824,24
2024-03-29 03:00:00,1,0.0,0.0,0.07474512033286937,24
2024-03-30 20:00:00,257,0.0,0.0,0.10565672521550004,24
2024-03-29 07:00:00,71,1.0,4.0,2.075167202787315,24
2024-03-30 07:00:00,56,1.0,0.0,0.5063378877770748,24
2024-03-22 20:00:00,44,0.0,0.0,0.003923768045386227,24
2024-03-27 10:00:00,117,0.0,1.0,0.8320734248334437,24
2024-03-23 01:00:00,160,0.0,0.0,0.16604573913635873,24
2024-03-21 06:00:00,222,2.0,2.0,1.224013383344987,24
2024-03-26 19:00:00,259,1.0,0.0,0.1579392961484042,24
2024-03-22 02:00:00,252,0.0,0.0,0.03368696036725797,24
2024-03-22 04:00:00,160,0.0,0.0,0.17135827975725412,24
2024-03-30 02:00:00,107,52.0,72.0,104.63799042067176,24
2024-03-25 01:00:00,124,0.0,0.0,0.07328331299872802,24
2024-03-19 12:00:00,243,2.0,2.0,1.7554282165117496,24
2024-03-30 14:00:00,150,0.0,0.0,0.1544927467145308,24
2024-03-24 06:00:00,252,0.0,0.0,0.12444063418442629,24
2024-03-21 08:00:00,245,0.0,0.0,0.009721168229482331,24
2024-03-29 13:00:00,255,3.0,1.0,1.036352098949694,24
2024-03-30 01:00:00,205,0.0,0.0,0.20653473057049943,24
2024-03-21 04:00:00,196,0.0,0.0,0.1873668978210633,24
2024-03-21 08:00:00,99,0.0,0.0,0.0037574448437247324,24
2024-03-24 06:00:00,6,0.0,0.0,0.031240850880893463,24
2024-03-19 07:00:00,234,42.0,36.0,68.25553350749747,24
2024-03-26 17:00:00,231,144.0,115.0,109.67764432333833,24
2024-03-27 04:00:00,6,0.0,0.0,0.053069966021092776,24
2024-03-22 09:00:00,244,3.0,2.0,7.376792965624794,24
2024-03-22 03:00:00,109,0.0,0.0,0.003888392017130488,24
2024-03-28 03:00:00,158,8.0,6.0,3.9496799576601846,24
2024-03-24 06:00:00,189,1.0,0.0,0.5633051410464172,24
2024-03-29 22:00:00,41,28.0,11.0,20.070338958290673,24
2024-03-31 02:00:00,57,0.0,0.0,0.017413961066118536,24
2024-03-26 17:00:00,64,0.0,0.0,0.07962289069926275,24
2024-03-22 14:00:00,4,3.0,6.0,4.186714112451498,24
2024-03-26 21:00:00,177,0.0,0.0,0.21918387688644672,24
2024-03-28 10:00:00,163,162.0,150.0,134.19946236796503,24
2024-03-25 18:00:00,161,493.0,500.0,416.3302207950442,24
2024-03-31 18:00:00,166,33.0,30.0,30.19972254349704,24
2024-03-20 00:00:00,93,1.0,0.0,1.0079436706781923,24
2024-03-21 17:00:00,160,0.0,0.0,0.29452072895204834,24
2024-03-24 06:00:00,160,0.0,0.0,0.2721443678571862,24
2024-03-30 09:00:00,242,0.0,0.0,0.230943475428192,24
2024-03-28 03:00:00,100,2.0,4.0,9.929278118988536,24
2024-03-26 19:00:00,258,0.0,0.0,0.15399532119934617,24
2024-03-18 22:00:00,225,0.0,3.0,1.3420727008276492,24
2024-03-19 01:00:00,123,0.0,0.0,0.05879913203256479,24
2024-03-28 20:00:00,105,0.0,0.0,0.003710902634691754,24
2024-03-29 02:00:00,210,0.0,0.0,0.0474100858830379,24
2024-03-26 15:00:00,36,0.0,1.0,0.3786936964564642,24
2024-03-25 21:00:00,78,0.0,0.0,0.1098429442051196,24
2024-03-25 14:00:00,67,0.0,0.0,0.17724900738195903,24
2024-03-21 23:00:00,65,2.0,3.0,2.846791727304644,24
2024-03-20 01:00:00,184,0.0,0.0,0.00896935268619475,24
2024-03-31 00:00:00,39,2.0,0.0,0.2971470773616469,24
2024-03-21 05:00:00,37,0.0,4.0,1.3136347729553701,24
2024-03-28 02:00:00,188,0.0,0.0,0.11685703431105326,24
2024-03-25 10:00:00,118,0.0,0.0,0.007826954102638667,24
2024-03-23 22:00:00,133,0.0,0.0,0.16088413011178698,24
2024-03-20 01:00:00,193,0.0,0.0,0.14901589714482041,24
2024-03-21 01:00:00,239,6.0,11.0,13.177396628030902,24
2024-03-21 03:00:00,232,0.0,2.0,0.9181298880971257,24
2024-03-22 04:00:00,19,0.0,0.0,0.15165890103439478,24
2024-03-29 05:00:00,61,6.0,4.0,4.475441524121408,24
2024-03-31 12:00:00,198,1.0,0.0,0.7497826229600537,24
2024-03-25 13:00:00,177,1.0,2.0,1.34369342295793,24
2024-03-23 12:00:00,58,0.0,0.0,0.015830882731683402,24
2024-03-24 21:00:00,235,1.0,0.0,0.18911847833519368,24
2024-03-20 22:00:00,4,16.0,7.0,13.717427746298288,24
2024-03-27 03:00:00,87,0.0,1.0,0.9474251910107525,24
2024-03-27 17:00:00,118,0.0,0.0,0.008004746547297747,24
2024-03-23 19:00:00,202,2.0,1.0,0.339789285289777,24
2024-03-26 00:00:00,242,0.0,0.0,0.06450526082918079,24
2024-03-25 08:00:00,183,0.0,1.0,0.19493673990988547,24
2024-03-31 03:00:00,228,1.0,1.0,0.7749062013906913,24
2024-03-25 16:00:00,116,1.0,1.0,4.306273088913612,24
2024-03-26 11:00:00,175,0.0,0.0,0.1383786865159768,24
2024-03-22 04:00:00,52,0.0,0.0,0.2867219273802815,24
2024-03-22 17:00:00,254,1.0,0.0,0.7425331337206011,24
2024-03-19 02:00:00,240,0.0,0.0,0.011329329047057154,24
2024-03-30 12:00:00,230,163.0,247.0,203.6298746954068,24
2024-03-22 04:00:00,114,7.0,6.0,5.822032830465738,24
2024-03-24 23:00:00,24,2.0,2.0,7.512198756604726,24
2024-03-18 14:00:00,56,0.0,0.0,0.5077445869200834,24
2024-03-31 23:00:00,190,0.0,0.0,0.10594291357879186,24
2024-03-27 19:00:00,61,4.0,1.0,3.2119204133987287,24
2024-03-23 16:00:00,244,5.0,0.0,5.613530739982675,24
2024-03-27 23:00:00,26,0.0,0.0,0.17518010964553624,24
2024-03-27 11:00:00,236,331.0,340.0,383.7147010854872,24
2024-03-21 13:00:00,199,0.0,0.0,0.00441574568879153,24
2024-03-24 15:00:00,225,1.0,2.0,2.2213330197739145,24
2024-03-21 11:00:00,75,44.0,50.0,52.85849818204168,24
2024-03-30 12:00:00,165,0.0,0.0,0.7737452884502309,24
2024-03-23 18:00:00,128,0.0,0.0,0.06772026840202773,24
2024-03-22 14:00:00,244,6.0,1.0,9.585997186943978,24
2024-03-21 05:00:00,96,0.0,0.0,0.05159280216127405,24
2024-03-28 14:00:00,39,0.0,3.0,1.93812240095837,24
2024-03-19 17:00:00,26,1.0,0.0,0.3925493478265597,24
2024-03-28 01:00:00,239,10.0,6.0,12.397498868727906,24
2024-03-25 20:00:00,26,1.0,0.0,0.18285789073864175,24
2024-03-30 06:00:00,5,0.0,0.0,0.003193195615724123,24
2024-03-29 11:00:00,84,0.0,0.0,0.003773350459449315,24
2024-03-22 07:00:00,123,0.0,1.0,0.4400126580460415,24
2024-03-18 20:00:00,136,0.0,0.0,0.11629255491360903,24
2024-03-31 01:00:00,12,0.0,0.0,0.13668091091172965,24
2024-03-24 04:00:00,173,1.0,2.0,0.10916961514789199,24
2024-03-19 03:00:00,119,0.0,0.0,0.04750931070852656,24
2024-03-20 01:00:00,206,0.0,0.0,0.004599745978697867,24
2024-03-19 04:00:00,177,0.0,0.0,0.4065598815655718,24
2024-03-23 12:00:00,181,2.0,1.0,2.112912343307993,24
2024-03-31 12:00:00,159,3.0,2.0,1.0314485557037656,24
2024-03-31 12:00:00,163,159.0,156.0,166.1937315131782,24
2024-03-23 04:00:00,79,137.0,140.0,103.6042695531988,24
2024-03-20 05:00:00,24,2.0,1.0,2.1313582301143748,24
2024-03-22 12:00:00,40,0.0,0.0,0.9984896306653994,24
2024-03-31 02:00:00,36,1.0,7.0,3.8880438063717606,24
2024-03-26 16:00:00,159,1.0,0.0,0.8314837746933199,24
2024-03-19 16:00:00,13,58.0,55.0,44.42346684454092,24
2024-03-27 19:00:00,185,0.0,0.0,0.12711725335393925,24
2024-03-18 13:00:00,212,1.0,0.0,0.4287050572079557,24
2024-03-18 08:00:00,129,1.0,2.0,2.413752081595552,24
2024-03-26 06:00:00,187,0.0,0.0,0.00895038284157984,24
2024-03-23 06:00:00,145,2.0,3.0,1.7788695098321807,24
2024-03-19 02:00:00,42,0.0,1.0,0.4366332098252672,24
2024-03-26 11:00:00,49,3.0,1.0,1.1262049512274543,24
2024-03-20 07:00:00,246,28.0,25.0,27.002710309984124,24
2024-03-18 21:00:00,223,1.0,1.0,1.606512617622751,24
2024-03-18 14:00:00,105,0.0,0.0,0.003686784737874551,24
2024-03-31 17:00:00,116,4.0,2.0,10.137214022768609,24
2024-03-19 11:00:00,188,0.0,3.0,2.8764674360156786,24
2024-03-29 03:00:00,22,0.0,0.0,0.0649632634560745,24
2024-03-20 00:00:00,186,63.0,56.0,75.69817399339924,24
2024-03-21 22:00:00,59,0.0,0.0,0.007889604444059334,24
2024-03-26 19:00:00,21,0.0,1.0,0.10950258270109157,24
2024-03-27 14:00:00,172,0.0,0.0,0.007746561036905598,24
2024-03-21 13:00:00,191,1.0,1.0,0.8678826363336066,24
2024-03-31 11:00:00,244,6.0,5.0,4.64571079579075,24
2024-03-25 18:00:00,243,1.0,1.0,2.259099038066444,24
2024-03-28 08:00:00,3,2.0,0.0,0.5821463722004167,24
2024-03-23 11:00:00,185,0.0,0.0,0.2332933214806976,24
2024-03-19 08:00:00,57,0.0,0.0,0.01846707689290981,24
2024-03-31 13:00:00,159,3.0,0.0,1.0648097406876167,24
2024-03-19 21:00:00,92,0.0,0.0,0.34636279946669524,24
2024-03-20 22:00:00,87,42.0,69.0,33.69519007713474,24
2024-03-25 17:00:00,198,0.0,0.0,0.4045767664803241,24
2024-03-22 10:00:00,249,71.0,76.0,86.38564078864272,24
2024-03-18 19:00:00,254,1.0,1.0,0.35350402385768764,24
2024-03-25 11:00:00,57,0.0,0.0,0.015290199873204586,24
2024-03-19 01:00:00,191,0.0,0.0,0.0819810466752614,24
2024-03-25 19:00:00,203,1.0,0.0,0.17186532210555672,24
2024-03-25 03:00:00,161,2.0,12.0,7.718473958337095,24
2024-03-27 12:00:00,88,20.0,9.0,17.275150874879888,24
2024-03-29 11:00:00,29,2.0,0.0,0.6198169833036619,24
2024-03-30 00:00:00,161,71.0,97.0,153.43499584874164,24
2024-03-26 00:00:00,120,0.0,0.0,0.04107671590735276,24
2024-03-30 05:00:00,58,0.0,0.0,0.012877061781552204,24
2024-03-29 04:00:00,150,0.0,0.0,0.07862902774345701,24
2024-03-25 23:00:00,248,0.0,0.0,0.17311316597889606,24
2024-03-31 05:00:00,4,3.0,2.0,5.470400492179608,24
2024-03-22 18:00:00,102,0.0,0.0,0.16956485312676506,24
2024-03-22 21:00:00,25,5.0,4.0,3.582578770323644,24
2024-03-28 02:00:00,62,0.0,0.0,0.0852579366931083,24
2024-03-26 04:00:00,36,1.0,0.0,0.4310448877420974,24
2024-03-19 19:00:00,26,2.0,0.0,0.15822280712200296,24
2024-03-28 03:00:00,92,0.0,0.0,0.0770466686822466,24
2024-03-29 10:00:00,53,0.0,0.0,0.14187801885235252,24
2024-03-27 17:00:00,197,0.0,2.0,1.45201146160321,24
2024-03-24 02:00:00,35,0.0,0.0,0.22855876811677991,24
2024-03-20 16:00:00,214,0.0,0.0,0.014767902411933626,24
2024-03-31 13:00:00,35,1.0,2.0,1.72890868856275,24
2024-03-29 16:00:00,96,0.0,0.0,0.025890966136437356,24
2024-03-30 13:00:00,30,0.0,0.0,0.007227585028311197,24
2024-03-29 16:00:00,25,2.0,5.0,3.3349001153077684,24
2024-03-29 16:00:00,249,116.0,103.0,102.52083409055594,24
2024-03-30 03:00:00,92,0.0,1.0,0.1792143799883631,24
2024-03-24 20:00:00,207,0.0,1.0,0.07136701750542007,24
2024-03-23 10:00:00,164,102.0,94.0,97.98916294709386,24
2024-03-23 23:00:00,123,0.0,0.0,0.11194932885356021,24
2024-03-18 23:00:00,198,0.0,0.0,0.24275212770838436,24
2024-03-18 22:00:00,173,0.0,0.0,0.10137357257817048,24
2024-03-22 08:00:00,187,0.0,0.0,0.009939740120151577,24
2024-03-27 21:00:00,61,1.0,2.0,1.372392820750047,24
2024-03-19 21:00:00,187,0.0,0.0,0.009582574679437966,24
2024-03-20 09:00:00,223,1.0,2.0,1.6995013235010212,24
2024-03-24 23:00:00,246,38.0,28.0,35.93642755333976,24
2024-03-20 05:00:00,129,0.0,0.0,1.2085896860390424,24
2024-03-29 22:00:00,10,1.0,1.0,1.7882918809665542,24
2024-03-31 13:00:00,62,1.0,1.0,1.0835289305726088,24
2024-03-21 05:00:00,213,0.0,2.0,1.7212406841095191,24
2024-03-31 11:00:00,1,2.0,0.0,0.7796312942004142,24
2024-03-29 03:00:00,101,0.0,0.0,0.04004434552600553,24
2024-03-21 10:00:00,30,0.0,0.0,0.01637188673862729,24
2024-03-20 11:00:00,83,0.0,0.0,0.32014537563412865,24
2024-03-25 09:00:00,216,0.0,0.0,1.7461181745638326,24
2024-03-26 02:00:00,141,3.0,8.0,6.273172810946654,24
2024-03-22 07:00:00,163,45.0,51.0,61.86029331084698,24
2024-03-27 13:00:00,155,1.0,0.0,0.8958250156886962,24
2024-03-25 11:00:00,86,0.0,1.0,0.7457000123762885,24
2024-03-31 10:00:00,163,124.0,130.0,116.30035692614014,24
2024-03-18 21:00:00,122,0.0,0.0,0.06364861020225883,24
2024-03-25 10:00:00,33,3.0,2.0,2.567702974857789,24
2024-03-28 14:00:00,40,1.0,0.0,0.5916511851962475,24
2024-03-28 19:00:00,72,2.0,0.0,0.7190360811867758,24
2024-03-19 00:00:00,38,0.0,0.0,0.07162199935125693,24
2024-03-28 22:00:00,206,0.0,0.0,0.006750175208822501,24
2024-03-24 23:00:00,28,1.0,1.0,0.8764403771451184,24
2024-03-27 03:00:00,34,0.0,0.0,0.02450766799446756,24
2024-03-30 18:00:00,63,0.0,0.0,0.16956451285023177,24
2024-03-24 04:00:00,262,4.0,11.0,5.369657854060357,24
2024-03-20 10:00:00,71,2.0,3.0,1.4916286837715713,24
2024-03-21 19:00:00,21,0.0,0.0,0.14698453652668247,24
2024-03-31 04:00:00,119,2.0,0.0,0.40933273659512587,24
2024-03-19 00:00:00,236,8.0,9.0,14.00142727452158,24
2024-03-20 06:00:00,188,5.0,5.0,3.0306625501247653,24
2024-03-31 02:00:00,78,1.0,0.0,0.07718318416671428,24
2024-03-26 20:00:00,29,0.0,0.0,0.19725548943787902,24
2024-03-28 04:00:00,111,0.0,0.0,0.007400752564204583,24
2024-03-26 17:00:00,229,138.0,120.0,127.61869370385085,24
2024-03-27 03:00:00,219,0.0,0.0,0.26993929341684436,24
2024-03-24 20:00:00,128,2.0,0.0,0.04729632206952789,24
2024-03-28 06:00:00,151,32.0,33.0,25.96793664965237,24
2024-03-26 02:00:00,131,0.0,0.0,0.04915183843533462,24
2024-03-20 20:00:00,62,1.0,0.0,0.41307266584620517,24
2024-03-22 04:00:00,219,0.0,0.0,0.5417688887896106,24
2024-03-28 06:00:00,52,2.0,1.0,1.0299605436117478,24
2024-03-22 21:00:00,49,1.0,0.0,1.0611180357012888,24
2024-03-27 05:00:00,64,0.0,0.0,0.09661688787159367,24
2024-03-19 23:00:00,172,0.0,0.0,0.011368882542959403,24
2024-03-19 17:00:00,258,0.0,0.0,0.18357264089354108,24
2024-03-23 12:00:00,223,2.0,3.0,1.7066617581469155,24
2024-03-26 09:00:00,254,1.0,3.0,1.1714196921883833,24
2024-03-26 02:00:00,73,0.0,0.0,0.019563738878877447,24
2024-03-19 17:00:00,93,0.0,0.0,0.8716905858802503,24
2024-03-24 19:00:00,75,45.0,43.0,33.424515527131796,24
2024-03-31 19:00:00,30,0.0,0.0,0.006918467513581218,24
2024-03-23 22:00:00,46,0.0,0.0,0.020858189213315937,24
2024-03-27 10:00:00,198,1.0,0.0,0.7371381767922899,24
2024-03-31 10:00:00,181,0.0,0.0,1.8115802748399927,24
2024-03-23 11:00:00,138,120.0,131.0,150.7729549254841,24
2024-03-29 05:00:00,253,0.0,0.0,0.01434189295046628,24
2024-03-28 04:00:00,229,6.0,10.0,5.035730035226522,24
2024-03-18 18:00:00,248,0.0,0.0,0.24370094357282576,24
2024-03-19 07:00:00,203,0.0,0.0,0.6023485828018783,24
2024-03-30 11:00:00,45,5.0,4.0,6.221205509502815,24
2024-03-28 05:00:00,147,0.0,0.0,0.24478428204383487,24
2024-03-30 09:00:00,203,0.0,0.0,0.2517174743157608,24
2024-03-19 13:00:00,181,0.0,0.0,2.2813400894351603,24
2024-03-29 06:00:00,220,0.0,1.0,0.25426532557942333,24
2024-03-26 15:00:00,21,1.0,1.0,0.32882567159642656,24
2024-03-19 06:00:00,220,0.0,0.0,0.29736697636661397,24
2024-03-31 22:00:00,15,0.0,0.0,0.07356821291242069,24
2024-03-31 16:00:00,204,0.0,0.0,0.003726884501229115,24
2024-03-31 19:00:00,171,0.0,0.0,0.11461164835030817,24
2024-03-22 21:00:00,105,0.0,0.0,0.003763399710119757,24
2024-03-28 05:00:00,123,0.0,0.0,0.3865955943745021,24
2024-03-29 18:00:00,158,75.0,77.0,81.689786532267,24
2024-03-29 06:00:00,38,2.0,2.0,0.6700246890984086,24
2024-03-29 19:00:00,141,244.0,292.0,205.6234378989479,24
2024-03-24 02:00:00,4,59.0,72.0,52.73318702945175,24
2024-03-21 14:00:00,25,4.0,1.0,3.45563069605515,24
2024-03-23 21:00:00,138,204.0,102.0,136.03534505761252,24
2024-03-29 15:00:00,209,13.0,21.0,13.652151882402945,24
2024-03-27 17:00:00,54,0.0,1.0,0.2042990224597084,24
2024-03-27 08:00:00,199,0.0,0.0,0.00432084779368052,24
2024-03-22 23:00:00,181,18.0,1.0,5.395531259103325,24
2024-03-29 06:00:00,60,0.0,2.0,0.6536981356798006,24
2024-03-24 05:00:00,57,0.0,0.0,0.013970121618923158,24
2024-03-28 13:00:00,216,3.0,3.0,2.1302075609028557,24
2024-03-22 17:00:00,193,12.0,6.0,4.331110606690599,24
2024-03-22 15:00:00,202,1.0,0.0,0.6527878295222916,24
2024-03-19 18:00:00,77,2.0,0.0,0.30581788662121706,24
2024-03-21 02:00:00,244,0.0,0.0,0.7683711591351685,24
2024-03-22 20:00:00,200,1.0,0.0,0.08230270288795571,24
2024-03-27 04:00:00,189,0.0,1.0,0.344645414923199,24
2024-03-31 03:00:00,257,1.0,0.0,0.06317549434660079,24
2024-03-20 12:00:00,254,1.0,1.0,1.1245624412329887,24
2024-03-23 01:00:00,6,0.0,0.0,0.01809945904269138,24
2024-03-25 05:00:00,13,1.0,5.0,3.2748752553106995,24
2024-03-18 06:00:00,171,0.0,0.0,0.19416168544787576,24
2024-03-30 07:00:00,1,0.0,0.0,0.30220502117623127,24
2024-03-20 03:00:00,25,0.0,0.0,0.27458879676029596,24
2024-03-20 09:00:00,105,0.0,0.0,0.0037335975354535035,24
2024-03-21 22:00:00,70,35.0,38.0,33.017953790198696,24
2024-03-30 21:00:00,183,0.0,0.0,0.04464387847257265,24
2024-03-27 00:00:00,119,0.0,0.0,0.1635415254287416,24
2024-03-21 21:00:00,152,7.0,5.0,3.9752297315700766,24
2024-03-29 08:00:00,257,0.0,0.0,0.3305337611652159,24
2024-03-19 21:00:00,231,130.0,153.0,88.51240040834219,24
2024-03-25 00:00:00,127,0.0,0.0,0.4311524890202586,24
2024-03-30 07:00:00,210,0.0,0.0,0.2998376731768407,24
2024-03-26 17:00:00,10,1.0,2.0,2.675128522081943,24
2024-03-21 07:00:00,253,0.0,0.0,0.06042123766028026,24
2024-03-19 17:00:00,241,0.0,0.0,0.22220621655901687,24
2024-03-21 01:00:00,87,3.0,3.0,3.1040750199738567,24
2024-03-23 08:00:00,204,0.0,0.0,0.003334585662190267,24
2024-03-30 22:00:00,111,0.0,0.0,0.007216238215834018,24
2024-03-31 23:00:00,40,0.0,1.0,1.5201596615393054,24
2024-03-21 18:00:00,218,0.0,0.0,0.3533065074168925,24
2024-03-26 09:00:00,49,3.0,3.0,1.6485806647332548,24
2024-03-21 21:00:00,147,0.0,0.0,0.11146817925084357,24
2024-03-23 19:00:00,232,8.0,24.0,16.725099294976822,24
2024-03-22 02:00:00,138,1.0,1.0,1.928414949971565,24
2024-03-18 01:00:00,251,0.0,0.0,0.005750881134851494,24
2024-03-25 09:00:00,116,3.0,7.0,5.762439360781913,24
2024-03-20 13:00:00,171,0.0,1.0,0.22990419020933256,24
2024-03-25 02:00:00,205,0.0,1.0,0.15442408502818747,24
2024-03-27 19:00:00,138,219.0,237.0,260.12199408327314,24
2024-03-31 23:00:00,152,1.0,2.0,3.89493866725955,24
2024-03-23 11:00:00,242,0.0,1.0,0.4243717687541187,24
2024-03-20 22:00:00,69,0.0,0.0,0.24479167498072046,24
2024-03-18 00:00:00,16,0.0,0.0,0.052963417324028074,24
2024-03-18 19:00:00,164,150.0,115.0,106.39509173900495,24
2024-03-18 18:00:00,27,0.0,0.0,0.011445178277971974,24
2024-03-21 16:00:00,22,0.0,0.0,0.24469308884600138,24
2024-03-18 22:00:00,125,25.0,16.0,20.63851460753957,24
2024-03-25 23:00:00,113,26.0,23.0,40.831064709815955,24
2024-03-23 03:00:00,240,0.0,0.0,0.0156970086391972,24
2024-03-25 14:00:00,78,0.0,1.0,0.647763643296803,24
2024-03-20 16:00:00,106,0.0,0.0,0.5242340217343654,24
2024-03-26 10:00:00,74,10.0,15.0,14.165208693699075,24
2024-03-28 06:00:00,164,23.0,29.0,21.275911237630115,24
2024-03-24 17:00:00,47,0.0,0.0,0.5347242654180963,24
2024-03-21 07:00:00,113,43.0,49.0,48.23668844405622,24
2024-03-26 09:00:00,182,1.0,2.0,1.1242636244979018,24
2024-03-25 07:00:00,159,3.0,2.0,1.094985694313476,24
2024-03-21 15:00:00,99,0.0,0.0,0.00374420745924822,24
2024-03-30 13:00:00,50,36.0,53.0,51.63630687765076,24
2024-03-28 11:00:00,11,0.0,1.0,0.24011587036548943,24
2024-03-20 17:00:00,87,74.0,50.0,50.12393485392849,24
2024-03-20 03:00:00,232,2.0,1.0,0.41654427033964464,24
2024-03-23 04:00:00,229,17.0,16.0,15.770872075876321,24
2024-03-19 19:00:00,258,0.0,1.0,0.10690218967441249,24
2024-03-19 23:00:00,10,0.0,3.0,1.8650628687187034,24
2024-03-23 16:00:00,31,0.0,0.0,0.0538104082199745,24
2024-03-28 03:00:00,99,0.0,0.0,0.0036980309641915215,24
2024-03-30 16:00:00,250,0.0,0.0,0.3222689076877707,24
2024-03-22 01:00:00,248,0.0,0.0,0.07763604417376403,24
2024-03-18 10:00:00,180,0.0,0.0,0.22695330474428022,24
2024-03-18 11:00:00,199,0.0,0.0,0.004187415895269314,24
2024-03-24 01:00:00,9,1.0,0.0,0.041394280269958304,24
2024-03-21 12:00:00,84,0.0,0.0,0.003846140553425118,24
2024-03-19 05:00:00,144,1.0,0.0,1.6899707853500059,24
2024-03-27 09:00:00,36,0.0,0.0,0.4635377604610268,24
2024-03-31 19:00:00,70,26.0,23.0,25.701748886663953,24
2024-03-27 17:00:00,142,317.0,253.0,242.0520014517256,24
2024-03-23 10:00:00,48,115.0,124.0,114.60517549271006,24
2024-03-30 10:00:00,139,0.0,0.0,0.24928251235168078,24
2024-03-29 17:00:00,134,2.0,1.0,1.2035063024507067,24
2024-03-30 04:00:00,48,110.0,84.0,72.78907643971695,24
2024-03-20 14:00:00,220,0.0,0.0,0.30483067923712487,24
2024-03-21 17:00:00,106,1.0,2.0,0.45374546305431196,24
2024-03-29 15:00:00,82,1.0,0.0,1.1564446602302536,24
2024-03-20 11:00:00,230,201.0,181.0,170.58551456941103,24
2024-03-19 22:00:00,5,0.0,0.0,0.003712130214921277,24
2024-03-31 12:00:00,151,67.0,74.0,66.08490160757859,24
2024-03-29 08:00:00,121,0.0,1.0,0.9593233684818484,24
2024-03-23 08:00:00,114,7.0,10.0,10.791067230047823,24
2024-03-24 18:00:00,184,0.0,0.0,0.05877474149447164,24
2024-03-23 05:00:00,55,1.0,0.0,0.3042012221681255,24
2024-03-28 18:00:00,48,208.0,184.0,192.2491639550701,24
2024-03-24 20:00:00,154,0.0,0.0,0.08026176585139239,24
2024-03-31 08:00:00,213,2.0,1.0,1.1140227265559401,24
2024-03-19 03:00:00,117,0.0,0.0,0.05721920110791504,24
2024-03-18 07:00:00,178,1.0,0.0,0.13256139224547478,24
2024-03-29 04:00:00,19,0.0,0.0,0.11432831979679958,24
2024-03-27 16:00:00,114,66.0,56.0,55.990987691318175,24
2024-03-31 02:00:00,60,0.0,0.0,0.043007285493654325,24
2024-03-24 09:00:00,204,0.0,0.0,0.0037114669380912298,24
2024-03-24 05:00:00,33,1.0,1.0,0.35586081127132047,24
2024-03-20 23:00:00,211,31.0,36.0,49.16748390199331,24
2024-03-23 22:00:00,152,5.0,3.0,4.56519481532217,24
2024-03-26 22:00:00,218,0.0,0.0,0.2271198110201379,24
2024-03-19 13:00:00,239,202.0,176.0,199.21079293136128,24
2024-03-24 19:00:00,179,2.0,4.0,2.365715508031847,24
2024-03-27 00:00:00,125,8.0,5.0,14.39741886652437,24
2024-03-30 19:00:00,119,0.0,0.0,0.31157214623016694,24
2024-03-19 03:00:00,120,0.0,0.0,0.012752937457418397,24
2024-03-26 21:00:00,37,0.0,0.0,0.8819060666707923,24
2024-03-21 22:00:00,101,0.0,0.0,0.06473448428608489,24
2024-03-18 04:00:00,24,2.0,1.0,1.5462989188433172,24
2024-03-27 00:00:00,245,0.0,0.0,0.007716195488567195,24
2024-03-25 02:00:00,211,1.0,4.0,5.688130344767684,24
2024-03-28 16:00:00,112,0.0,2.0,1.0850945808428298,24
2024-03-30 21:00:00,208,0.0,0.0,0.10787505504823715,24
2024-03-21 00:00:00,143,7.0,4.0,9.793131999319606,24
2024-03-25 18:00:00,61,1.0,1.0,2.798788363212846,24
2024-03-19 13:00:00,224,19.0,5.0,8.559183768925712,24
2024-03-29 05:00:00,229,14.0,18.0,15.780505571179562,24
2024-03-19 00:00:00,189,0.0,0.0,0.47166712735940736,24
2024-03-29 19:00:00,185,0.0,0.0,0.11998816601518326,24
2024-03-24 22:00:00,205,0.0,0.0,0.2351650755733125,24
2024-03-21 01:00:00,31,0.0,0.0,0.03152574653508079,24
2024-03-26 10:00:00,71,4.0,2.0,1.5744250793482235,24
2024-03-25 19:00:00,200,0.0,0.0,0.09548496175937815,24
2024-03-28 04:00:00,32,0.0,0.0,0.09973176094677687,24
2024-03-27 01:00:00,107,10.0,12.0,21.2340130926273,24
2024-03-31 05:00:00,98,0.0,0.0,0.11491684284657616,24
2024-03-27 23:00:00,187,0.0,0.0,0.00985474185409426,24
2024-03-23 13:00:00,51,1.0,1.0,1.0130945293409017,24
2024-03-26 03:00:00,243,0.0,0.0,0.15464211436414962,24
2024-03-21 09:00:00,63,0.0,1.0,0.6598236788147847,24
2024-03-21 20:00:00,85,0.0,1.0,0.2811685858910309,24
2024-03-22 13:00:00,9,1.0,0.0,0.1569627963436524,24
2024-03-19 21:00:00,113,137.0,167.0,110.60459574599753,24
2024-03-18 13:00:00,31,0.0,0.0,0.10308033456305064,24
2024-03-25 04:00:00,163,1.0,14.0,11.389102779797133,24
2024-03-28 07:00:00,70,6.0,2.0,10.804218445789923,24
2024-03-21 02:00:00,253,0.0,0.0,0.017093645860595284,24
2024-03-31 15:00:00,35,1.0,1.0,1.2637511402266284,24
2024-03-25 18:00:00,214,0.0,0.0,0.014043262085811345,24
2024-03-26 14:00:00,172,0.0,0.0,0.007493565074759656,24
2024-03-26 07:00:00,150,0.0,1.0,0.19100657136382274,24
2024-03-27 11:00:00,144,22.0,19.0,23.812060792698748,24
2024-03-21 23:00:00,99,0.0,0.0,0.003873136755873219,24
2024-03-25 20:00:00,31,0.0,0.0,0.04197325465625783,24
2024-03-30 23:00:00,206,0.0,0.0,0.0061030504266121905,24
2024-03-18 01:00:00,265,3.0,5.0,2.1657843018413394,24
2024-03-29 08:00:00,83,0.0,2.0,0.5460491474497056,24
2024-03-23 05:00:00,89,1.0,0.0,0.8598434851488757,24
2024-03-19 06:00:00,16,0.0,0.0,0.10618192278236548,24
2024-03-26 20:00:00,216,1.0,1.0,1.5575201879633314,24
2024-03-29 03:00:00,14,2.0,1.0,0.6033511200655003,24
2024-03-27 03:00:00,265,1.0,0.0,0.8855663200608709,24
2024-03-24 04:00:00,247,1.0,0.0,0.4752081227850167,24
2024-03-26 20:00:00,68,235.0,250.0,192.4594301740189,24
2024-03-31 12:00:00,261,54.0,62.0,36.99874755492907,24
2024-03-21 01:00:00,50,5.0,5.0,6.7297368800162,24
2024-03-19 07:00:00,89,5.0,7.0,1.6943746683245888,24
2024-03-24 17:00:00,222,1.0,0.0,0.38725329726476054,24
2024-03-29 16:00:00,170,172.0,213.0,198.70723236673456,24
2024-03-27 02:00:00,222,0.0,0.0,0.07973457642939029,24
2024-03-26 17:00:00,44,0.0,0.0,0.003761229404636086,24
2024-03-21 18:00:00,196,0.0,1.0,0.41025242412169255,24
2024-03-18 21:00:00,16,0.0,0.0,0.06812483928034264,24
2024-03-25 16:00:00,21,0.0,1.0,0.26361388345591646,24
2024-03-21 07:00:00,67,0.0,0.0,0.38560597215206915,24
2024-03-18 21:00:00,159,0.0,0.0,0.6121150425465803,24
2024-03-19 08:00:00,52,3.0,5.0,2.653887868841875,24
2024-03-28 16:00:00,48,172.0,125.0,144.9851171282996,24
2024-03-30 00:00:00,214,0.0,0.0,0.012578696148832978,24
2024-03-22 00:00:00,223,0.0,1.0,1.3793556377732645,24
2024-03-20 20:00:00,226,1.0,6.0,3.741566357987867,24
2024-03-21 14:00:00,108,2.0,1.0,0.3300874067121179,24
2024-03-26 12:00:00,265,5.0,10.0,3.1914812938961443,24
2024-03-28 05:00:00,181,1.0,0.0,0.48850738763222035,24
2024-03-28 20:00:00,106,1.0,1.0,0.5027433416740115,24
2024-03-29 09:00:00,92,1.0,0.0,0.5604617908194004,24
2024-03-31 07:00:00,89,0.0,1.0,1.2320641822274976,24
2024-03-29 00:00:00,44,0.0,0.0,0.0038103496810912843,24
2024-03-26 16:00:00,179,2.0,1.0,2.3317929116777982,24
2024-03-30 18:00:00,219,1.0,0.0,0.5992442032060014,24
2024-03-22 16:00:00,57,0.0,0.0,0.016164351873123293,24
2024-03-26 00:00:00,262,2.0,4.0,3.6398545053695877,24
2024-03-29 06:00:00,28,2.0,0.0,0.9777070468578741,24
2024-03-27 02:00:00,183,0.0,0.0,0.02206070394132908,24
2024-03-19 16:00:00,49,3.0,2.0,1.352489672028026,24
2024-03-29 10:00:00,241,3.0,0.0,0.7816185665802289,24
2024-03-28 18:00:00,58,0.0,0.0,0.01763245332463163,24
2024-03-21 20:00:00,56,0.0,0.0,0.2304341103157829,24
2024-03-31 11:00:00,68,120.0,124.0,131.31921141958537,24
2024-03-30 04:00:00,192,0.0,0.0,0.055537051951058826,24
2024-03-26 15:00:00,188,1.0,1.0,2.5779716525278977,24
2024-03-29 11:00:00,143,102.0,83.0,78.37583831921175,24
2024-03-29 05:00:00,201,0.0,0.0,0.20659159035703661,24
2024-03-18 12:00:00,31,1.0,0.0,0.10931019418865837,24
2024-03-31 14:00:00,5,0.0,0.0,0.0037059385572839067,24
2024-03-18 00:00:00,182,0.0,0.0,0.11818502602460834,24
2024-03-18 16:00:00,211,42.0,39.0,49.913310221602785,24
2024-03-31 13:00:00,151,65.0,80.0,72.4181961284181,24
2024-03-21 19:00:00,28,0.0,1.0,0.6273892249071682,24
2024-03-30 14:00:00,112,1.0,5.0,2.0978226777260494,24
2024-03-25 09:00:00,133,0.0,2.0,0.42632165700317043,24
2024-03-24 07:00:00,197,1.0,1.0,1.132618179700449,24
2024-03-26 03:00:00,145,0.0,2.0,0.3770900521556031,24
2024-03-24 03:00:00,246,134.0,118.0,106.73889579469179,24
2024-03-26 14:00:00,247,1.0,0.0,0.9691896628644968,24
2024-03-22 16:00:00,120,1.0,0.0,0.024655249320686887,24
2024-03-22 03:00:00,86,0.0,0.0,0.0573170347841123,24
2024-03-27 07:00:00,208,1.0,4.0,0.5645602888892914,24
2024-03-27 12:00:00,52,0.0,0.0,1.7313456790481687,24
2024-03-19 15:00:00,242,1.0,0.0,0.5158819215514842,24
2024-03-22 16:00:00,79,94.0,91.0,92.38995531899441,24
2024-03-19 05:00:00,106,0.0,0.0,0.2867266965250624,24
2024-03-26 18:00:00,7,6.0,4.0,3.3386364312364853,24
2024-03-23 05:00:00,12,0.0,0.0,0.15761201139050215,24
2024-03-21 21:00:00,225,0.0,0.0,0.8481811461457363,24
2024-03-18 03:00:00,181,0.0,0.0,0.628210645582127,24
2024-03-18 18:00:00,16,0.0,0.0,0.09953845200153005,24
2024-03-31 03:00:00,161,8.0,9.0,10.3945074754671,24
2024-03-26 05:00:00,221,0.0,0.0,0.007141491053851311,24
2024-03-22 06:00:00,48,63.0,79.0,54.364788414602685,24
2024-03-27 03:00:00,182,0.0,0.0,0.07820815141652787,24
2024-03-31 17:00:00,35,1.0,0.0,1.1166251585993183,24
2024-03-19 18:00:00,265,1.0,3.0,3.5721099452319747,24
2024-03-31 00:00:00,98,1.0,0.0,0.07059487796456641,24
2024-03-18 08:00:00,135,0.0,1.0,0.45206345562940115,24
2024-03-25 00:00:00,112,1.0,0.0,1.7745381398385558,24
2024-03-31 01:00:00,52,0.0,2.0,0.5479415360429444,24
2024-03-31 17:00:00,107,89.0,90.0,107.05238880148165,24
2024-03-23 22:00:00,264,16.0,31.0,15.78837745035942,24
2024-03-31 21:00:00,22,1.0,0.0,0.06339161323280713,24
2024-03-18 10:00:00,153,0.0,0.0,0.11908131976083453,24
2024-03-29 05:00:00,175,2.0,0.0,0.13996107249476974,24
2024-03-21 01:00:00,258,0.0,0.0,0.05484473791437786,24
2024-03-27 19:00:00,30,0.0,0.0,0.007011968107793032,24
2024-03-24 17:00:00,221,0.0,0.0,0.007639594521480462,24
2024-03-29 03:00:00,233,4.0,5.0,4.8934207001811405,24
2024-03-28 11:00:00,79,61.0,66.0,67.29450920030304,24
2024-03-22 14:00:00,108,1.0,0.0,0.30087223579435945,24
2024-03-22 19:00:00,81,1.0,0.0,0.0973650648251965,24
2024-03-18 13:00:00,234,130.0,139.0,145.04190595994928,24
2024-03-26 20:00:00,157,1.0,0.0,0.5051652060919684,24
2024-03-18 10:00:00,253,0.0,0.0,0.016248880997024026,24
2024-03-18 07:00:00,66,1.0,2.0,2.035893856551622,24
2024-03-20 12:00:00,93,1.0,0.0,0.8223668272405438,24
2024-03-24 04:00:00,135,0.0,0.0,0.10465831600703603,24
2024-03-24 02:00:00,137,32.0,54.0,49.986689180411425,24
2024-03-23 10:00:00,179,5.0,9.0,1.6572003853163553,24
2024-03-24 04:00:00,165,0.0,0.0,0.14773416697822728,24
2024-03-26 00:00:00,137,18.0,10.0,13.025843741492487,24
2024-03-24 18:00:00,28,2.0,0.0,1.0200705819036366,24
2024-03-20 18:00:00,105,0.0,0.0,0.003777036441963331,24
2024-03-22 05:00:00,151,9.0,12.0,9.906706540679055,24
2024-03-31 12:00:00,71,1.0,4.0,1.515914358235815,24
2024-03-18 10:00:00,92,1.0,0.0,0.5769474452732072,24
2024-03-28 08:00:00,196,1.0,1.0,0.688074443364372,24
2024-03-30 08:00:00,137,19.0,29.0,23.877874074961674,24
2024-03-18 11:00:00,148,16.0,12.0,18.645300806270708,24
2024-03-24 10:00:00,224,16.0,17.0,11.623880298702463,24
2024-03-29 13:00:00,59,0.0,0.0,0.008382296288055811,24
2024-03-30 23:00:00,65,4.0,3.0,11.805198118945922,24
2024-03-24 13:00:00,27,0.0,0.0,0.011226681990613297,24
2024-03-28 20:00:00,168,3.0,0.0,1.129009982412525,24
2024-03-22 11:00:00,193,6.0,5.0,4.666653542616002,24
2024-03-21 03:00:00,60,0.0,0.0,0.038460786331067955,24
2024-03-28 08:00:00,41,46.0,38.0,35.47848850723186,24
2024-03-28 05:00:00,2,0.0,0.0,0.007216512162278415,24
2024-03-22 19:00:00,50,54.0,51.0,48.09057990286504,24
2024-03-31 05:00:00,182,0.0,1.0,0.67570356054511,24
2024-03-22 07:00:00,5,0.0,0.0,0.003802996269991428,24
2024-03-23 16:00:00,177,0.0,0.0,0.4656150633085115,24
2024-03-20 10:00:00,61,4.0,3.0,5.055333688634378,24
2024-03-21 04:00:00,35,1.0,5.0,1.1921773504909947,24
2024-03-26 07:00:00,11,0.0,0.0,0.21968882208250734,24
2024-03-22 16:00:00,172,0.0,0.0,0.009975696782775184,24
2024-03-25 04:00:00,7,3.0,0.0,1.8004546663299925,24
2024-03-29 07:00:00,31,0.0,0.0,0.06962790340242267,24
2024-03-22 22:00:00,195,0.0,1.0,0.38496082594048275,24
2024-03-23 20:00:00,124,0.0,0.0,0.1734786030394837,24
2024-03-23 01:00:00,168,1.0,1.0,0.6848236084856278,24
2024-03-22 14:00:00,170,222.0,250.0,216.72193794479423,24
2024-03-31 22:00:00,35,1.0,0.0,0.681934704903947,24
2024-03-26 20:00:00,171,0.0,0.0,0.056972793493984486,24
2024-03-22 09:00:00,109,0.0,0.0,0.003767377884764277,24
2024-03-29 18:00:00,91,0.0,0.0,0.7661793464506822,24
2024-03-25 23:00:00,225,0.0,0.0,0.9543821417467598,24
2024-03-22 16:00:00,22,0.0,3.0,0.2730181309188604,24
2024-03-23 08:00:00,174,0.0,0.0,0.28343417746283567,24
2024-03-31 23:00:00,265,4.0,1.0,3.1134471612008645,24
2024-03-30 05:00:00,38,0.0,0.0,0.20850751124256373,24
2024-03-23 21:00:00,256,5.0,9.0,2.3080101134229007,24
2024-03-21 09:00:00,157,2.0,0.0,0.6566843445294603,24
2024-03-18 07:00:00,172,0.0,0.0,0.009681607735498294,24
2024-03-20 02:00:00,263,9.0,9.0,6.717654792322769,24
2024-03-29 09:00:00,179,0.0,0.0,1.8121554460034583,24
2024-03-24 06:00:00,170,18.0,20.0,25.48034248571261,24
2024-03-20 00:00:00,144,19.0,26.0,17.483863929960908,24
2024-03-26 16:00:00,93,0.0,2.0,0.9883067726097889,24
2024-03-20 10:00:00,137,57.0,67.0,64.4375618019314,24
2024-03-26 05:00:00,37,0.0,1.0,1.1683524334121251,24
2024-03-29 17:00:00,95,6.0,0.0,1.426609208423467,24
2024-03-18 21:00:00,203,0.0,0.0,0.10828385169968908,24
2024-03-24 16:00:00,33,6.0,4.0,4.719495655898151,24
2024-03-28 13:00:00,89,3.0,1.0,2.568061301930864,24
2024-03-23 03:00:00,216,0.0,0.0,0.635924769118756,24
2024-03-25 23:00:00,146,3.0,2.0,1.3830691951051315,24
2024-03-19 17:00:00,102,0.0,0.0,0.1604723549584854,24
2024-03-29 04:00:00,242,1.0,0.0,0.12990375040105434,24
2024-03-26 21:00:00,201,0.0,0.0,0.06407127877507031,24
2024-03-27 10:00:00,107,117.0,100.0,126.80337404661314,24
2024-03-22 14:00:00,183,1.0,0.0,0.14783826399349267,24
2024-03-28 23:00:00,44,0.0,0.0,0.003873136755873219,24
2024-03-27 08:00:00,44,0.0,0.0,0.0037319892503263944,24
2024-03-20 08:00:00,180,0.0,1.0,0.24721535808225412,24
2024-03-26 01:00:00,128,0.0,0.0,0.023259349255558455,24
2024-03-25 01:00:00,2,0.0,0.0,0.0059463853966020015,24
2024-03-29 21:00:00,23,0.0,0.0,0.014886223824452807,24
2024-03-28 01:00:00,68,23.0,28.0,34.322287788741484,24
2024-03-28 01:00:00,260,0.0,0.0,0.9889320255878152,24
2024-03-30 02:00:00,251,0.0,0.0,0.005013660132454914,24
2024-03-30 14:00:00,66,7.0,3.0,4.410251904830868,24
2024-03-20 22:00:00,262,25.0,21.0,30.753478393240325,24
2024-03-28 20:00:00,132,302.0,350.0,317.75489405029174,24
2024-03-21 16:00:00,45,11.0,16.0,10.604157119729114,24
2024-03-21 12:00:00,206,0.0,0.0,0.005552885934922215,24
2024-03-20 02:00:00,40,0.0,0.0,0.06741663250425403,24
2024-03-28 02:00:00,249,22.0,22.0,35.92242991765915,24
2024-03-29 09:00:00,45,2.0,4.0,7.633007915123836,24
2024-03-22 11:00:00,237,322.0,297.0,356.3259714689008,24
2024-03-21 06:00:00,10,3.0,2.0,2.8411397267431324,24
2024-03-23 13:00:00,16,0.0,0.0,0.11275000808184774,24
2024-03-31 22:00:00,245,0.0,0.0,0.007304874875907218,24
2024-03-21 00:00:00,149,0.0,0.0,0.05633526460029704,24
2024-03-22 11:00:00,94,0.0,0.0,0.3621272368169834,24
2024-03-30 10:00:00,127,0.0,1.0,0.7309196090038708,24
2024-03-23 18:00:00,233,80.0,111.0,139.45517563857865,24
2024-03-24 02:00:00,219,0.0,0.0,0.4869697356182484,24
2024-03-22 02:00:00,161,21.0,15.0,13.596265730531638,24
2024-03-19 05:00:00,262,24.0,18.0,22.965768030525584,24
2024-03-26 04:00:00,25,0.0,1.0,0.6019813195119086,24
2024-03-30 03:00:00,65,1.0,0.0,0.9201104376322132,24
2024-03-26 09:00:00,201,0.0,0.0,0.2237478019566517,24
2024-03-22 14:00:00,115,0.0,0.0,0.005776576605908259,24
2024-03-26 00:00:00,204,0.0,0.0,0.003382529667500461,24
2024-03-25 23:00:00,192,0.0,0.0,0.09524274946202255,24
2024-03-25 22:00:00,185,0.0,0.0,0.08572026944265648,24
2024-03-29 18:00:00,253,0.0,0.0,0.026646933351217216,24
2024-03-27 10:00:00,213,0.0,2.0,1.4669340980137409,24
2024-03-29 14:00:00,56,1.0,0.0,0.5138066643853165,24
2024-03-21 22:00:00,25,1.0,8.0,4.863224636474094,24
2024-03-25 03:00:00,214,0.0,0.0,0.008027457533436243,24
2024-03-18 00:00:00,230,36.0,38.0,116.12873927136047,24
2024-03-26 12:00:00,83,0.0,0.0,0.3988436403726412,24
2024-03-24 16:00:00,212,1.0,0.0,0.3128832524338574,24
2024-03-20 08:00:00,38,1.0,0.0,0.6003142149043749,24
2024-03-20 03:00:00,69,0.0,0.0,0.0684771113287231,24
2024-03-24 18:00:00,70,34.0,33.0,28.916643874512822,24
2024-03-21 16:00:00,141,168.0,156.0,160.57536465825387,24
2024-03-20 21:00:00,114,192.0,169.0,173.9127401231669,24
2024-03-30 02:00:00,234,42.0,59.0,50.93684676498807,24
2024-03-23 11:00:00,21,1.0,0.0,0.19901013430203288,24
2024-03-23 08:00:00,144,4.0,9.0,6.974505191786161,24
2024-03-29 15:00:00,65,9.0,5.0,4.389140794658653,24
2024-03-19 02:00:00,183,0.0,0.0,0.019930905876097867,24
2024-03-30 18:00:00,223,2.0,2.0,1.6914484998148276,24
2024-03-30 17:00:00,124,0.0,0.0,0.2341336772274163,24
2024-03-30 01:00:00,193,1.0,0.0,0.18158505592129578,24
2024-03-22 20:00:00,98,0.0,0.0,0.07003282847429051,24
2024-03-29 01:00:00,142,36.0,24.0,32.11168170375659,24
2024-03-28 11:00:00,160,0.0,1.0,0.34658835685870854,24
2024-03-28 07:00:00,124,1.0,1.0,0.5411738183880679,24
2024-03-26 08:00:00,236,324.0,322.0,285.5621734780519,24
2024-03-23 01:00:00,196,0.0,0.0,0.18085004518796524,24
2024-03-29 09:00:00,18,1.0,0.0,0.6759320164531581,24
2024-03-29 13:00:00,207,0.0,0.0,0.8113495616910138,24
2024-03-26 04:00:00,226,1.0,3.0,1.1161097125291548,24
2024-03-26 08:00:00,133,0.0,0.0,0.5012752951051366,24
2024-03-27 21:00:00,106,1.0,1.0,0.45776047281520404,24
2024-03-23 01:00:00,115,0.0,0.0,0.0055157345395135055,24
2024-03-28 23:00:00,61,1.0,0.0,1.3545885360768313,24
2024-03-29 19:00:00,63,2.0,0.0,0.21000733051963522,24
2024-03-23 18:00:00,158,49.0,103.0,101.4626113845421,24
2024-03-19 14:00:00,27,0.0,0.0,0.009441021264585415,24
2024-03-27 14:00:00,55,2.0,1.0,0.7074950242370249,24
2024-03-20 16:00:00,86,0.0,1.0,0.34215210498185844,24
2024-03-21 06:00:00,212,2.0,1.0,0.7006475225908296,24
2024-03-18 16:00:00,79,58.0,54.0,83.00822796310294,24
2024-03-19 13:00:00,67,0.0,1.0,0.23638430247811734,24
2024-03-23 20:00:00,206,0.0,0.0,0.005196658292844243,24
2024-03-20 04:00:00,126,0.0,0.0,0.13282323962882425,24
2024-03-21 18:00:00,119,0.0,0.0,0.34061691386637266,24
2024-03-27 03:00:00,248,0.0,0.0,0.059563886819060045,24
2024-03-22 11:00:00,12,1.0,1.0,1.4891282806740058,24
2024-03-29 00:00:00,29,0.0,0.0,0.171032304146676,24
2024-03-25 00:00:00,129,0.0,0.0,0.7870710365951413,24
2024-03-21 13:00:00,233,110.0,102.0,107.86143708398174,24
2024-03-23 23:00:00,13,18.0,20.0,21.857873859538362,24
2024-03-28 14:00:00,23,0.0,0.0,0.015012574725948167,24
2024-03-27 19:00:00,22,1.0,1.0,0.1756650809253154,24
2024-03-25 20:00:00,79,98.0,109.0,112.45192686276395,24
2024-03-26 17:00:00,91,0.0,0.0,0.8646743192878705,24
2024-03-30 12:00:00,107,129.0,169.0,148.76977925016035,24
2024-03-26 16:00:00,231,105.0,91.0,82.38340104740453,24
2024-03-24 18:00:00,173,0.0,0.0,0.11406909565282278,24
2024-03-22 10:00:00,199,0.0,0.0,0.00435424395864747,24
2024-03-26 09:00:00,232,12.0,10.0,6.199546013617819,24
2024-03-21 22:00:00,38,0.0,0.0,0.12240342188061967,24
2024-03-26 21:00:00,139,0.0,0.0,0.11254953498328928,24
2024-03-22 13:00:00,88,18.0,13.0,16.60928629451255,24
2024-03-25 16:00:00,62,0.0,0.0,0.700851128576282,24
2024-03-24 03:00:00,193,1.0,0.0,0.17127463550086558,24
2024-03-30 05:00:00,97,4.0,0.0,1.0493281139915729,24
2024-03-20 03:00:00,115,0.0,0.0,0.004595695512234066,24
2024-03-30 13:00:00,211,53.0,45.0,63.38785141560888,24
2024-03-23 13:00:00,37,1.0,2.0,1.716830554565837,24
2024-03-24 18:00:00,34,0.0,0.0,0.1848075550742066,24
2024-03-24 02:00:00,187,0.0,0.0,0.006613530731511314,24
2024-03-20 20:00:00,22,1.0,0.0,0.07762163345653561,24
2024-03-22 18:00:00,257,0.0,0.0,0.18078744566455152,24
2024-03-27 12:00:00,248,0.0,0.0,0.5462204446806809,24
2024-03-20 15:00:00,188,2.0,0.0,1.2618497808458784,24
2024-03-31 16:00:00,97,1.0,1.0,3.716443738931524,24
2024-03-27 23:00:00,40,0.0,1.0,0.7621144129395752,24
2024-03-23 01:00:00,240,0.0,0.0,0.01590183316128398,24
2024-03-22 01:00:00,138,3.0,9.0,6.735597259538804,24
2024-03-25 20:00:00,111,0.0,0.0,0.006616695783653015,24
2024-03-27 13:00:00,42,4.0,6.0,10.624881820549996,24
2024-03-20 05:00:00,248,0.0,0.0,0.40456427868366107,24
2024-03-28 06:00:00,87,14.0,21.0,9.903476672897535,24
2024-03-22 03:00:00,74,1.0,2.0,1.003938131463307,24
2024-03-26 01:00:00,72,0.0,0.0,0.09214367988458921,24
2024-03-23 00:00:00,99,0.0,0.0,0.0036710190218139085,24
2024-03-21 03:00:00,20,0.0,0.0,0.04439904339947943,24
2024-03-27 10:00:00,180,0.0,0.0,0.2202176524917238,24
2024-03-26 20:00:00,13,60.0,69.0,57.25208331736133,24
2024-03-29 13:00:00,93,2.0,2.0,0.7640954776231698,24
2024-03-30 17:00:00,69,0.0,0.0,0.4672007915256431,24
2024-03-23 11:00:00,197,1.0,1.0,1.0694619445021425,24
2024-03-28 15:00:00,13,51.0,47.0,61.04974442450511,24
2024-03-21 15:00:00,18,0.0,0.0,0.4472628937388635,24
2024-03-22 15:00:00,255,1.0,0.0,0.8650309876737725,24
2024-03-23 04:00:00,78,0.0,1.0,0.1978249264017445,24
2024-03-24 08:00:00,252,0.0,0.0,0.16021534247145638,24
2024-03-26 20:00:00,205,1.0,1.0,0.30612599257594625,24
2024-03-22 07:00:00,246,13.0,25.0,19.097383777503385,24
2024-03-20 07:00:00,43,41.0,56.0,51.55719819870687,24
2024-03-29 16:00:00,200,0.0,0.0,0.2007608031008787,24
2024-03-21 21:00:00,187,0.0,0.0,0.009666477353491604,24
2024-03-18 18:00:00,41,21.0,11.0,22.99761803606159,24
2024-03-25 19:00:00,140,124.0,103.0,119.81393222173602,24
2024-03-20 02:00:00,18,0.0,0.0,0.04886258207694057,24
2024-03-22 06:00:00,117,1.0,2.0,1.439105348754465,24
2024-03-18 03:00:00,178,0.0,0.0,0.029276870525968585,24
2024-03-27 05:00:00,70,0.0,1.0,0.6936703080742777,24
2024-03-19 00:00:00,166,6.0,4.0,3.153104324294868,24
2024-03-23 07:00:00,30,0.0,0.0,0.007011820268610704,24
2024-03-24 13:00:00,209,12.0,9.0,10.224837292084796,24
2024-03-18 04:00:00,167,0.0,0.0,0.18329066753479983,24
2024-03-27 23:00:00,68,134.0,114.0,140.62235170303632,24
2024-03-20 15:00:00,173,0.0,0.0,0.15646344651834698,24
2024-03-29 12:00:00,73,0.0,0.0,0.11129081843243241,24
2024-03-26 16:00:00,75,47.0,32.0,45.30945548105698,24
2024-03-23 08:00:00,21,0.0,0.0,0.16669965176922102,24
2024-03-30 00:00:00,62,0.0,0.0,0.27303958854117194,24
2024-03-29 14:00:00,35,1.0,1.0,2.5236003043116546,24
2024-03-29 17:00:00,152,11.0,11.0,8.830084898122628,24
2024-03-29 20:00:00,22,1.0,0.0,0.08325013482791284,24
2024-03-24 15:00:00,86,0.0,0.0,0.2873852724178116,24
2024-03-18 17:00:00,11,0.0,0.0,0.11564751380184546,24
2024-03-30 06:00:00,2,0.0,0.0,0.0037830490148579184,24
2024-03-29 22:00:00,222,0.0,0.0,0.2888381776380108,24
2024-03-31 01:00:00,19,1.0,0.0,0.07878567775933867,24
2024-03-24 01:00:00,185,0.0,0.0,0.03997597491727142,24
2024-03-23 04:00:00,237,5.0,8.0,9.0673764964042,24
2024-03-24 08:00:00,49,1.0,1.0,1.5446275611415872,24
2024-03-31 10:00:00,94,0.0,0.0,0.3229062250169294,24
2024-03-27 18:00:00,181,2.0,2.0,4.2260019130262565,24
2024-03-29 01:00:00,260,0.0,1.0,0.847097868323685,24
2024-03-23 20:00:00,131,0.0,0.0,0.10261020817721905,24
2024-03-21 11:00:00,197,1.0,3.0,1.7259202261513196,24
2024-03-27 16:00:00,186,148.0,223.0,182.34700882695955,24
2024-03-22 04:00:00,256,0.0,2.0,0.6273890670891717,24
2024-03-21 09:00:00,53,0.0,0.0,0.11968302797094273,24
2024-03-31 18:00:00,247,0.0,2.0,1.0022191651196302,24
2024-03-29 23:00:00,87,60.0,23.0,43.997672378017484,24
2024-03-31 05:00:00,165,0.0,0.0,0.18565858712463812,24
2024-03-26 12:00:00,98,0.0,1.0,0.18912980490971473,24
2024-03-27 06:00:00,81,0.0,1.0,0.33025090319294653,24
2024-03-18 14:00:00,199,0.0,0.0,0.0042473765806244675,24
2024-03-25 04:00:00,156,0.0,0.0,0.0033995523934787514,24
2024-03-22 01:00:00,5,0.0,0.0,0.003790872181924647,24
2024-03-29 11:00:00,93,1.0,0.0,0.7435877848800148,24
2024-03-21 09:00:00,246,67.0,75.0,71.82840998556036,24
2024-03-24 19:00:00,141,124.0,132.0,126.48349822845499,24
2024-03-26 09:00:00,118,0.0,0.0,0.007791964069077829,24
2024-03-18 02:00:00,36,0.0,0.0,0.22663314629988304,24
2024-03-23 02:00:00,33,0.0,1.0,0.7192566004843737,24
2024-03-21 20:00:00,243,1.0,8.0,1.1294081096441915,24
2024-03-31 01:00:00,90,140.0,126.0,150.28885406872885,24
2024-03-19 04:00:00,184,0.0,0.0,0.010955502064092898,24
2024-03-22 06:00:00,177,5.0,2.0,1.3839428277695183,24
2024-03-20 21:00:00,172,0.0,0.0,0.0099130153161557,24
2024-03-31 07:00:00,138,20.0,9.0,10.663912413175485,24
2024-03-23 07:00:00,74,9.0,12.0,13.508172361426912,24
2024-03-22 20:00:00,209,31.0,37.0,20.57379772363303,24
2024-03-27 13:00:00,81,0.0,0.0,0.3571109660798721,24
2024-03-20 11:00:00,199,0.0,0.0,0.0042507769909541065,24
2024-03-18 09:00:00,129,1.0,1.0,1.6899309418597477,24
2024-03-29 11:00:00,91,2.0,2.0,0.9598598371749482,24
2024-03-24 22:00:00,43,14.0,11.0,23.564807935516196,24
2024-03-19 20:00:00,252,0.0,0.0,0.10062607962764757,24
2024-03-20 15:00:00,247,0.0,0.0,0.9836737843664893,24
2024-03-30 11:00:00,54,2.0,1.0,0.17196819934180058,24
2024-03-27 00:00:00,45,5.0,1.0,3.3461717238474384,24
2024-03-24 06:00:00,238,26.0,29.0,20.37597294999765,24
2024-03-23 15:00:00,265,0.0,4.0,3.1458763479380827,24
2024-03-22 18:00:00,5,0.0,0.0,0.003813126459648421,24
2024-03-25 19:00:00,204,0.0,0.0,0.003711840926197769,24
2024-03-18 10:00:00,221,0.0,0.0,0.007259032018296704,24
2024-03-22 17:00:00,93,1.0,1.0,0.8397876580532442,24
2024-03-24 03:00:00,49,0.0,1.0,0.30771590891894973,24
2024-03-30 03:00:00,171,0.0,0.0,0.037102058672942625,24
2024-03-30 10:00:00,175,0.0,0.0,0.10269478839758696,24
2024-03-21 22:00:00,198,0.0,0.0,0.260055985190799,24
2024-03-20 19:00:00,257,0.0,0.0,0.11746035381516029,24
2024-03-29 15:00:00,28,0.0,1.0,0.7501238445841454,24
2024-03-25 23:00:00,125,14.0,10.0,12.35496057426583,24
2024-03-28 12:00:00,190,1.0,0.0,0.16732521387430013,24
2024-03-24 01:00:00,33,1.0,1.0,1.3125298170914714,24
2024-03-20 04:00:00,254,0.0,0.0,0.3258446359528715,24
2024-03-29 04:00:00,42,4.0,2.0,1.9323726105698693,24
2024-03-31 12:00:00,63,0.0,0.0,0.2755172684495267,24
2024-03-31 07:00:00,158,2.0,6.0,5.835143123447655,24
2024-03-24 15:00:00,88,15.0,20.0,26.631862274619838,24
2024-03-23 00:00:00,182,0.0,0.0,0.18289285410850595,24
2024-03-21 02:00:00,242,0.0,0.0,0.03793883570321127,24
2024-03-23 22:00:00,37,3.0,2.0,1.5390413231440185,24
2024-03-24 08:00:00,199,0.0,0.0,0.004178925704339986,24
2024-03-29 11:00:00,25,3.0,1.0,2.8943958587061,24
2024-03-29 21:00:00,91,0.0,1.0,0.28167544131613753,24
2024-03-24 09:00:00,260,5.0,4.0,1.2863531836269093,24
2024-03-19 20:00:00,159,0.0,0.0,0.5423467635928878,24
2024-03-23 18:00:00,2,0.0,0.0,0.009948837160053908,24
2024-03-27 16:00:00,261,57.0,42.0,55.850467327616535,24
2024-03-22 04:00:00,157,0.0,2.0,0.4904455689164719,24
2024-03-21 16:00:00,170,241.0,285.0,247.7434576139247,24
2024-03-18 07:00:00,159,2.0,0.0,1.1612237514153818,24
2024-03-26 22:00:00,161,515.0,410.0,264.20468656143373,24
2024-03-26 04:00:00,183,1.0,0.0,0.061265778647514126,24
2024-03-24 09:00:00,132,108.0,161.0,121.56323613227185,24
2024-03-28 03:00:00,17,1.0,0.0,0.27282649628386835,24
2024-03-25 11:00:00,26,0.0,2.0,0.5157191995975345,24
2024-03-26 21:00:00,146,1.0,4.0,1.7535709064625553,24
2024-03-30 20:00:00,127,1.0,4.0,0.6578972413093044,24
2024-03-24 13:00:00,21,0.0,0.0,0.20958821888777396,24
2024-03-26 05:00:00,10,1.0,1.0,0.8903489393821765,24
2024-03-20 04:00:00,4,0.0,0.0,1.2762676672699165,24
2024-03-28 23:00:00,16,0.0,0.0,0.11537330165491602,24
2024-03-19 21:00:00,46,0.0,0.0,0.028097082671683187,24
2024-03-30 10:00:00,258,1.0,0.0,0.30600821772783515,24
2024-03-23 11:00:00,241,1.0,0.0,0.4086759641285532,24
2024-03-23 23:00:00,131,0.0,0.0,0.15107361823069868,24
2024-03-26 14:00:00,201,1.0,0.0,0.1817698717707953,24
2024-03-27 02:00:00,200,0.0,0.0,0.03197342007794284,24
2024-03-18 14:00:00,170,210.0,185.0,158.70883102127215,24
2024-03-31 12:00:00,29,0.0,0.0,0.3613564290285342,24
2024-03-21 05:00:00,28,0.0,1.0,0.7844229697459735,24
2024-03-18 00:00:00,194,0.0,0.0,0.1290136446977851,24
2024-03-27 05:00:00,261,1.0,1.0,2.944510578397799,24
2024-03-28 17:00:00,47,0.0,0.0,0.45068762052782635,24
2024-03-27 22:00:00,32,0.0,0.0,0.0841482886154395,24
2024-03-18 01:00:00,76,1.0,0.0,0.1917902576173024,24
2024-03-24 18:00:00,94,0.0,0.0,0.12325534265856704,24
2024-03-22 12:00:00,182,0.0,1.0,1.0612590141575642,24
2024-03-21 02:00:00,205,0.0,0.0,0.07795598673621218,24
2024-03-20 10:00:00,193,4.0,10.0,5.426928714612967,24
2024-03-18 08:00:00,247,2.0,3.0,1.266218864793591,24
2024-03-24 05:00:00,200,0.0,0.0,0.20027954056090733,24
2024-03-23 08:00:00,100,32.0,38.0,36.97982500575988,24
2024-03-20 23:00:00,17,0.0,0.0,0.6946761212058988,24
2024-03-21 20:00:00,235,0.0,0.0,0.21771224599842423,24
2024-03-27 04:00:00,11,0.0,0.0,0.09460075240870672,24
2024-03-26 06:00:00,13,8.0,11.0,6.06574548016564,24
2024-03-22 13:00:00,82,1.0,1.0,1.3560819252449394,24
2024-03-27 03:00:00,183,0.0,0.0,0.024233575334242717,24
2024-03-18 20:00:00,33,4.0,4.0,3.9065657889542917,24
2024-03-21 11:00:00,31,0.0,0.0,0.10664267255573355,24
2024-03-26 06:00:00,249,13.0,31.0,23.445154157485135,24
2024-03-31 07:00:00,71,1.0,1.0,1.3606396914686547,24
2024-03-19 15:00:00,191,0.0,0.0,0.86294424108061,24
2024-03-30 00:00:00,222,0.0,0.0,0.13785275686687304,24
2024-03-28 14:00:00,21,0.0,3.0,0.3226109271296021,24
2024-03-26 23:00:00,26,0.0,0.0,0.1762559199307054,24
2024-03-26 13:00:00,201,0.0,0.0,0.21156640511661556,24
2024-03-21 11:00:00,53,0.0,0.0,0.12224613960835427,24
2024-03-24 10:00:00,253,0.0,0.0,0.04808407878402079,24
2024-03-20 02:00:00,168,1.0,0.0,0.3770148073789571,24
2024-03-20 10:00:00,89,5.0,1.0,3.097618742433945,24
2024-03-19 05:00:00,249,5.0,7.0,6.867498635655831,24
2024-03-31 23:00:00,182,0.0,0.0,0.2529684039764227,24
2024-03-23 09:00:00,113,38.0,44.0,51.74011821101264,24
2024-03-28 09:00:00,74,20.0,14.0,21.610866553414738,24
2024-03-23 07:00:00,186,44.0,53.0,64.28824185938676,24
2024-03-20 16:00:00,68,208.0,155.0,177.2374423309146,24
2024-03-24 09:00:00,234,51.0,57.0,52.738995894976426,24
2024-03-22 18:00:00,127,0.0,0.0,0.6383490976008168,24
2024-03-20 11:00:00,209,3.0,10.0,7.7124426455366075,24
2024-03-21 10:00:00,59,0.0,0.0,0.009746241715840247,24
2024-03-29 07:00:00,91,5.0,9.0,3.826408407301348,24
2024-03-21 02:00:00,234,7.0,5.0,9.793677921771595,24
2024-03-29 03:00:00,63,0.0,0.0,0.17810941963972604,24
2024-03-27 01:00:00,142,16.0,21.0,16.519540307892996,24
2024-03-18 12:00:00,27,0.0,0.0,0.011137482492546253,24
2024-03-20 12:00:00,231,61.0,71.0,82.27224058927645,24
2024-03-23 14:00:00,77,0.0,0.0,0.43374583645037335,24
2024-03-27 09:00:00,101,0.0,0.0,0.12141500425184037,24
2024-03-25 13:00:00,108,0.0,1.0,0.2897870388427486,24
2024-03-20 02:00:00,239,4.0,1.0,3.7409945446731827,24
2024-03-21 23:00:00,41,8.0,13.0,7.327154708449425,24
2024-03-18 09:00:00,169,1.0,1.0,0.8528990903684431,24
2024-03-21 17:00:00,133,0.0,0.0,0.271567393828109,24
2024-03-18 22:00:00,254,0.0,0.0,0.22392848083574385,24
2024-03-21 12:00:00,3,2.0,0.0,0.4735027412540172,24
2024-03-27 09:00:00,65,9.0,0.0,3.1551223356448963,24
2024-03-31 10:00:00,123,1.0,0.0,0.25919885581363894,24
2024-03-23 04:00:00,32,0.0,1.0,0.09982833336688406,24
2024-03-30 00:00:00,199,0.0,0.0,0.004192522443973972,24
2024-03-23 14:00:00,45,14.0,12.0,10.743855545751535,24
2024-03-21 07:00:00,204,0.0,0.0,0.003793895252701495,24
2024-03-22 12:00:00,80,0.0,0.0,0.7745528808782676,24
2024-03-22 18:00:00,80,0.0,0.0,1.1980032091880213,24
2024-03-27 21:00:00,209,16.0,31.0,21.362684922985142,24
2024-03-20 20:00:00,28,0.0,0.0,0.8499328634332853,24
2024-03-25 04:00:00,173,0.0,0.0,0.09488837255722682,24
2024-03-24 02:00:00,191,0.0,0.0,0.17806670054885027,24
2024-03-22 05:00:00,3,0.0,1.0,0.3255477546986799,24
2024-03-25 15:00:00,230,157.0,183.0,171.55905541819484,24
2024-03-22 14:00:00,139,0.0,0.0,0.5309393733986882,24
2024-03-24 18:00:00,122,0.0,0.0,0.10410050327625447,24
2024-03-20 16:00:00,198,1.0,0.0,0.4217270205584751,24
2024-03-26 17:00:00,236,357.0,281.0,375.8710789289877,24
2024-03-29 15:00:00,156,0.0,0.0,0.0038357636886902956,24
2024-03-21 00:00:00,90,42.0,28.0,51.02253868208509,24
2024-03-20 16:00:00,233,134.0,135.0,118.18114613342259,24
2024-03-30 15:00:00,197,1.0,1.0,1.1685426714604035,24
2024-03-29 14:00:00,170,168.0,222.0,215.86519980540402,24
2024-03-24 16:00:00,179,2.0,0.0,1.141879678969978,24
2024-03-21 02:00:00,151,2.0,2.0,1.1572525191712857,24
2024-03-21 00:00:00,22,0.0,1.0,0.06819267902156093,24
2024-03-29 04:00:00,189,0.0,0.0,0.5028141462503004,24
2024-03-31 10:00:00,15,1.0,0.0,0.11944236612277714,24
2024-03-30 17:00:00,99,0.0,0.0,0.003790463669404784,24
2024-03-20 04:00:00,250,1.0,0.0,0.2166814563669954,24
2024-03-29 01:00:00,219,0.0,0.0,0.37287806488304953,24
2024-03-28 16:00:00,189,0.0,0.0,0.9289741468651732,24
2024-03-27 16:00:00,193,8.0,8.0,5.607057578063683,24
2024-03-23 11:00:00,73,0.0,0.0,0.06207290321405321,24
2024-03-20 23:00:00,189,0.0,1.0,1.1992518062320494,24
2024-03-29 22:00:00,16,0.0,0.0,0.08856446962402233,24
2024-03-29 11:00:00,126,1.0,1.0,0.5719311190721823,24
2024-03-24 17:00:00,154,0.0,0.0,0.08873040967894302,24
2024-03-29 02:00:00,121,0.0,0.0,0.04101775963173213,24
2024-03-22 09:00:00,117,1.0,3.0,1.177002569942163,24
2024-03-28 20:00:00,23,0.0,0.0,0.014644927368598102,24
2024-03-20 07:00:00,119,1.0,3.0,1.289348386459358,24
2024-03-22 00:00:00,225,0.0,1.0,0.6234335387549259,24
2024-03-22 10:00:00,236,244.0,325.0,318.0054170479601,24
2024-03-20 02:00:00,249,18.0,28.0,33.84159515411204,24
2024-03-19 20:00:00,101,0.0,0.0,0.053413030533689385,24
2024-03-26 01:00:00,66,0.0,0.0,0.21451230752614525,24
2024-03-31 23:00:00,17,1.0,0.0,1.8069743973047345,24
2024-03-28 05:00:00,19,0.0,0.0,0.2402697750572287,24
2024-03-31 05:00:00,244,1.0,5.0,1.3806172470111138,24
2024-03-27 02:00:00,37,0.0,0.0,0.36034223892240247,24
2024-03-25 23:00:00,4,3.0,0.0,2.412471279306338,24
2024-03-26 14:00:00,6,0.0,0.0,0.09353099562775831,24
2024-03-22 23:00:00,121,0.0,0.0,0.21211616701680383,24
2024-03-23 06:00:00,144,1.0,0.0,5.323056006788819,24
2024-03-26 11:00:00,243,1.0,0.0,1.9354527134794506,24
2024-03-28 00:00:00,13,5.0,1.0,3.885845792413781,24
2024-03-30 22:00:00,47,0.0,0.0,0.3061327655273316,24
2024-03-21 03:00:00,161,10.0,9.0,7.262787224018524,24
2024-03-23 15:00:00,190,1.0,0.0,0.18059641068434354,24
2024-03-24 01:00:00,102,0.0,0.0,0.06539648767935859,24
2024-03-30 22:00:00,219,5.0,1.0,0.6424989017867434,24
2024-03-31 13:00:00,101,0.0,0.0,0.09915237777576116,24
2024-03-31 02:00:00,225,1.0,0.0,0.3841921736839871,24
2024-03-30 23:00:00,25,5.0,11.0,10.5569510309762,24
2024-03-28 05:00:00,157,0.0,0.0,0.637798206744796,24
2024-03-28 16:00:00,68,209.0,185.0,197.58095292768567,24
2024-03-19 18:00:00,193,4.0,7.0,5.505237729933462,24
2024-03-23 05:00:00,217,0.0,3.0,0.11784658285339522,24
2024-03-20 12:00:00,259,0.0,0.0,0.36260576754283347,24
2024-03-31 09:00:00,68,64.0,61.0,72.62548127378427,24
2024-03-30 14:00:00,213,0.0,0.0,0.9642527727540217,24
2024-03-25 09:00:00,186,236.0,249.0,182.26533262415154,24
2024-03-24 06:00:00,188,0.0,3.0,1.1403431421891004,24
2024-03-18 13:00:00,146,2.0,6.0,3.6778180037223347,24
2024-03-21 05:00:00,184,0.0,0.0,0.010923913886732596,24
2024-03-28 03:00:00,258,0.0,0.0,0.06511910855793708,24
2024-03-26 16:00:00,184,0.0,0.0,0.035283390983680406,24
2024-03-30 23:00:00,121,0.0,0.0,0.18381879372873658,24
2024-03-20 16:00:00,167,0.0,1.0,0.5324503904572168,24
2024-03-22 14:00:00,243,2.0,2.0,2.176800410992892,24
2024-03-21 02:00:00,44,0.0,0.0,0.003861745557798014,24
2024-03-19 01:00:00,16,0.0,0.0,0.029681451857083877,24
2024-03-29 13:00:00,58,0.0,0.0,0.015866593930014692,24
2024-03-31 07:00:00,196,0.0,1.0,0.563671665948885,24
2024-03-21 17:00:00,118,0.0,0.0,0.008583959550832,24
2024-03-24 08:00:00,8,0.0,0.0,0.018386842139640976,24
2024-03-30 17:00:00,145,3.0,11.0,7.325080954171443,24
2024-03-18 23:00:00,175,0.0,0.0,0.10601491958567039,24
2024-03-28 16:00:00,93,3.0,1.0,0.9084542714461024,24
2024-03-28 07:00:00,11,0.0,0.0,0.2983889182971048,24
2024-03-20 12:00:00,90,79.0,76.0,89.17647417076576,24
2024-03-20 22:00:00,68,219.0,188.0,206.4297275744334,24
2024-03-31 11:00:00,126,0.0,1.0,0.4835726520960747,24
2024-03-19 06:00:00,36,0.0,0.0,0.4519741567189776,24
2024-03-30 20:00:00,75,58.0,46.0,45.43798743646908,24
2024-03-23 08:00:00,167,0.0,3.0,0.6816690420741779,24
2024-03-30 18:00:00,170,156.0,185.0,294.9493742341112,24
2024-03-28 14:00:00,220,1.0,0.0,0.30942147926311275,24
2024-03-28 23:00:00,153,0.0,0.0,0.08450556397535017,24
2024-03-27 06:00:00,84,0.0,0.0,0.0036123277687969595,24
2024-03-28 15:00:00,240,0.0,0.0,0.06555427870779963,24
2024-03-26 15:00:00,30,0.0,0.0,0.006747399270976557,24
2024-03-20 15:00:00,205,1.0,1.0,0.8009030751965894,24
2024-03-31 15:00:00,96,0.0,0.0,0.01702126026511897,24
2024-03-26 23:00:00,180,0.0,0.0,0.11952920518483298,24
2024-03-20 13:00:00,255,1.0,0.0,1.0956321703059715,24
2024-03-28 18:00:00,108,0.0,0.0,0.1498947167968601,24
2024-03-21 04:00:00,223,0.0,0.0,0.452544784519598,24
2024-03-31 04:00:00,93,0.0,0.0,0.5301486790952061,24
2024-03-29 22:00:00,111,0.0,0.0,0.008244137010591868,24
2024-03-31 14:00:00,87,34.0,27.0,28.94239424381271,24
2024-03-27 16:00:00,102,0.0,0.0,0.2500958801764718,24
2024-03-26 07:00:00,94,1.0,1.0,0.3418772377416875,24
2024-03-30 01:00:00,243,0.0,0.0,1.008862863606649,24
2024-03-21 14:00:00,68,171.0,208.0,171.78122927510893,24
2024-03-22 00:00:00,36,0.0,1.0,0.5161815240636127,24
2024-03-20 00:00:00,133,0.0,0.0,0.10144535643972805,24
2024-03-23 04:00:00,153,0.0,0.0,0.07602068822388063,24
2024-03-23 22:00:00,18,1.0,0.0,0.1710291692733581,24
2024-03-22 10:00:00,155,1.0,0.0,0.844498772963719,24
2024-03-31 18:00:00,44,0.0,0.0,0.0037158421406396705,24
2024-03-26 07:00:00,66,1.0,0.0,1.6440205817639184,24
2024-03-23 03:00:00,162,10.0,13.0,12.76452604240876,24
2024-03-26 08:00:00,78,3.0,1.0,0.949066863954377,24
2024-03-18 03:00:00,115,0.0,0.0,0.006354261593459832,24
2024-03-29 09:00:00,193,8.0,2.0,4.580053868031358,24
2024-03-23 18:00:00,130,0.0,0.0,1.5524818969643852,24
2024-03-25 03:00:00,230,15.0,29.0,19.231225844230252,24
2024-03-23 09:00:00,190,0.0,0.0,0.12585701435304497,24
2024-03-21 23:00:00,9,0.0,0.0,0.07354630199614516,24
2024-03-29 14:00:00,209,18.0,9.0,11.83328670929436,24
2024-03-19 22:00:00,152,2.0,2.0,3.0193935445811166,24
2024-03-29 00:00:00,214,0.0,0.0,0.013056110735042531,24
2024-03-30 20:00:00,113,165.0,95.0,121.57033127287895,24
2024-03-20 20:00:00,60,0.0,1.0,0.0767635017881675,24
2024-03-30 01:00:00,4,98.0,107.0,68.87209558224849,24
2024-03-27 22:00:00,45,12.0,11.0,15.264957128466715,24
2024-03-20 05:00:00,195,0.0,1.0,0.38460117265830984,24
2024-03-23 18:00:00,80,8.0,3.0,0.874615256798182,24
2024-03-20 10:00:00,153,0.0,0.0,0.13073825836569844,24
2024-03-25 00:00:00,98,0.0,0.0,0.06534931879926942,24
2024-03-29 19:00:00,18,0.0,1.0,0.23895190431160637,24
2024-03-26 00:00:00,82,1.0,0.0,0.6108455626726155,24
2024-03-24 22:00:00,167,0.0,0.0,0.1891639457987062,24
2024-03-31 13:00:00,37,3.0,1.0,1.573916377613465,24
2024-03-20 16:00:00,65,6.0,7.0,5.2473775603475685,24
2024-03-19 02:00:00,246,8.0,2.0,6.778791042619543,24
2024-03-25 02:00:00,257,0.0,0.0,0.041213661179537085,24
2024-03-20 02:00:00,64,0.0,0.0,0.03161735051308177,24
2024-03-27 06:00:00,140,33.0,41.0,43.384296739346546,24
2024-03-29 22:00:00,143,56.0,27.0,56.563126235031724,24
2024-03-30 01:00:00,14,0.0,0.0,0.4666245654724253,24
2024-03-22 17:00:00,10,2.0,2.0,3.953887781476128,24
2024-03-29 04:00:00,155,0.0,0.0,0.2491130599821501,24
2024-03-23 04:00:00,14,1.0,1.0,0.6387240671940599,24
2024-03-30 23:00:00,40,0.0,1.0,1.66979258288491,24
2024-03-24 03:00:00,235,0.0,0.0,0.20383491919737665,24
2024-03-25 19:00:00,88,20.0,11.0,18.458724301248832,24
2024-03-23 06:00:00,70,2.0,2.0,0.5843949609552868,24
2024-03-20 07:00:00,24,16.0,22.0,20.58535772539224,24
2024-03-19 11:00:00,152,6.0,4.0,2.8997286825289086,24
2024-03-27 10:00:00,112,1.0,0.0,1.1742314541511911,24
2024-03-29 20:00:00,17,0.0,0.0,1.1152785081919598,24
2024-03-25 08:00:00,94,0.0,0.0,0.3010686129415799,24
2024-03-21 01:00:00,135,0.0,0.0,0.04250507063171727,24
2024-03-21 14:00:00,22,1.0,0.0,0.36120022662492374,24
2024-03-26 13:00:00,235,0.0,0.0,0.6889636826956579,24
2024-03-22 15:00:00,178,0.0,0.0,0.10209855419611427,24
2024-03-24 13:00:00,193,4.0,2.0,3.0118304447657906,24
2024-03-24 04:00:00,126,0.0,0.0,0.14799184286452274,24
2024-03-24 19:00:00,9,0.0,0.0,0.06784235098881931,24
2024-03-23 11:00:00,90,107.0,74.0,98.1118937888531,24
2024-03-25 15:00:00,181,3.0,0.0,2.9276577421674617,24
2024-03-30 01:00:00,40,0.0,0.0,0.501858065258081,24
2024-03-24 01:00:00,160,0.0,3.0,0.11969322802356118,24
2024-03-29 00:00:00,97,4.0,2.0,5.277056704773712,24
2024-03-19 03:00:00,111,0.0,0.0,0.004590995897270741,24
2024-03-22 00:00:00,149,0.0,0.0,0.056867639931266305,24
2024-03-25 18:00:00,48,122.0,127.0,129.89934659794346,24
2024-03-24 09:00:00,89,2.0,0.0,2.086459796147314,24
2024-03-30 18:00:00,91,1.0,0.0,0.8018445493059801,24
2024-03-28 06:00:00,66,0.0,1.0,0.716662005770497,24
2024-03-28 11:00:00,232,3.0,5.0,5.826134378907643,24
2024-03-18 05:00:00,219,1.0,3.0,0.41544359992391267,24
2024-03-21 23:00:00,61,0.0,0.0,1.3602246557885915,24
2024-03-20 23:00:00,44,0.0,0.0,0.004005328293138481,24
2024-03-22 15:00:00,192,0.0,1.0,0.18837619324902477,24
2024-03-19 21:00:00,4,13.0,8.0,5.344087479826504,24
2024-03-18 05:00:00,109,0.0,0.0,0.003541772093112376,24
2024-03-27 23:00:00,113,97.0,66.0,71.6059820473139,24
2024-03-23 18:00:00,61,2.0,3.0,3.463873749822609,24
2024-03-19 17:00:00,51,1.0,1.0,0.41170811951277253,24
2024-03-24 09:00:00,183,0.0,0.0,0.16646583915670418,24
2024-03-18 07:00:00,41,15.0,16.0,19.76723711693571,24
2024-03-24 10:00:00,240,0.0,0.0,0.05101872583753534,24
2024-03-28 10:00:00,30,0.0,0.0,0.006997299366583034,24
2024-03-29 11:00:00,191,0.0,4.0,1.0020560903719782,24
2024-03-26 13:00:00,41,18.0,15.0,14.098601619174913,24
2024-03-18 10:00:00,40,0.0,0.0,1.0449410008271016,24
2024-03-28 04:00:00,202,0.0,0.0,0.2855173648231298,24
2024-03-23 15:00:00,43,230.0,68.0,202.81368485234137,24
2024-03-28 08:00:00,239,246.0,236.0,228.4520502723299,24
2024-03-24 14:00:00,177,2.0,0.0,1.3816836975625344,24
2024-03-18 19:00:00,52,0.0,0.0,1.093840488436549,24
2024-03-26 06:00:00,208,1.0,1.0,0.50339673089436,24
2024-03-27 00:00:00,80,0.0,2.0,1.010188920450909,24
2024-03-23 05:00:00,168,0.0,0.0,0.9988868873842742,24
2024-03-22 06:00:00,118,0.0,0.0,0.00757788370333052,24
2024-03-19 22:00:00,124,0.0,0.0,0.15642962543889993,24
2024-03-30 19:00:00,241,0.0,1.0,0.25322766371003513,24
2024-03-26 18:00:00,73,0.0,0.0,0.056239920878779395,24
2024-03-31 10:00:00,198,1.0,2.0,0.6987702025992958,24
2024-03-24 03:00:00,27,0.0,0.0,0.007933870768286872,24
2024-03-25 04:00:00,71,1.0,1.0,0.43240977176416784,24
2024-03-31 19:00:00,174,0.0,0.0,0.17955718744152038,24
2024-03-19 16:00:00,54,1.0,0.0,0.15049817414366998,24
2024-03-28 02:00:00,42,1.0,1.0,0.5807290463223562,24
2024-03-30 03:00:00,218,0.0,0.0,0.1403194665224046,24
2024-03-27 03:00:00,132,28.0,16.0,56.893235093865655,24
2024-03-22 00:00:00,138,80.0,91.0,95.22098919297488,24
2024-03-22 14:00:00,106,1.0,1.0,0.5066896789628718,24
2024-03-28 12:00:00,78,1.0,0.0,0.9404718198410517,24
2024-03-27 07:00:00,163,63.0,63.0,69.51863163365033,24
2024-03-25 23:00:00,166,3.0,3.0,9.27483695694881,24
2024-03-19 21:00:00,109,0.0,0.0,0.0036717281340795114,24
2024-03-20 12:00:00,249,79.0,61.0,72.73296258960688,24
2024-03-29 18:00:00,236,362.0,351.0,399.01077086686485,24
2024-03-31 19:00:00,36,1.0,3.0,0.662231106939555,24
2024-03-27 22:00:00,77,0.0,0.0,0.11142851881460449,24
2024-03-18 01:00:00,99,0.0,0.0,0.0035215889248939353,24
2024-03-31 16:00:00,222,0.0,0.0,0.7076062495892353,24
2024-03-27 13:00:00,112,1.0,2.0,1.215261933897048,24
2024-03-19 06:00:00,213,6.0,2.0,1.719649028519017,24
2024-03-25 09:00:00,6,0.0,0.0,0.12513767600874662,24
2024-03-22 22:00:00,181,14.0,2.0,3.824981533688245,24
2024-03-20 13:00:00,50,33.0,38.0,35.123587339690175,24
2024-03-24 13:00:00,118,0.0,0.0,0.008079061922420869,24
2024-03-19 16:00:00,173,0.0,0.0,0.1437292403322334,24
2024-03-21 20:00:00,21,0.0,0.0,0.0874136862628462,24
2024-03-25 21:00:00,55,0.0,0.0,0.14919290208229105,24
2024-03-25 10:00:00,234,94.0,107.0,80.74355392425242,24
2024-03-30 00:00:00,135,0.0,0.0,0.07378750703454177,24
2024-03-20 06:00:00,28,2.0,1.0,1.3462924662721858,24
2024-03-31 14:00:00,56,0.0,2.0,0.5063443628132345,24
2024-03-30 01:00:00,167,0.0,0.0,0.1353555577973848,24
2024-03-25 10:00:00,149,0.0,0.0,0.3394166257405639,24
2024-03-22 12:00:00,63,0.0,0.0,0.6680696396782897,24
2024-03-30 16:00:00,32,0.0,0.0,0.21684906727163117,24
2024-03-22 17:00:00,246,159.0,212.0,153.38580961190866,24
2024-03-31 17:00:00,185,0.0,0.0,0.17241019544961556,24
2024-03-27 14:00:00,84,0.0,0.0,0.003757985155450189,24
2024-03-29 16:00:00,174,0.0,0.0,0.34066786068616367,24
2024-03-27 05:00:00,119,1.0,0.0,0.3496829071346463,24
2024-03-18 13:00:00,97,2.0,7.0,2.7440098865279983,24
2024-03-26 04:00:00,23,0.0,0.0,0.008842173080130192,24
2024-03-19 16:00:00,174,0.0,1.0,0.39045896870925156,24
2024-03-26 03:00:00,213,0.0,0.0,0.10361493285247599,24
2024-03-23 22:00:00,66,4.0,6.0,3.8394841042787746,24
2024-03-29 07:00:00,208,0.0,2.0,0.5566764732786773,24
2024-03-30 06:00:00,27,0.0,0.0,0.009269910775781246,24
2024-03-28 00:00:00,125,8.0,7.0,13.588859387914892,24
2024-03-25 05:00:00,111,0.0,0.0,0.006653804436483237,24
2024-03-22 17:00:00,196,1.0,1.0,0.49811134346170166,24
2024-03-31 20:00:00,82,4.0,6.0,1.1065553965710133,24
2024-03-24 01:00:00,170,62.0,96.0,73.41797687427918,24
2024-03-23 20:00:00,243,4.0,3.0,1.934908386808202,24
2024-03-26 12:00:00,212,0.0,0.0,0.5530761382446353,24
2024-03-29 06:00:00,218,0.0,2.0,2.795114637529661,24
2024-03-23 23:00:00,250,0.0,1.0,0.19613044541780986,24
2024-03-22 13:00:00,262,87.0,119.0,91.34925171729984,24
2024-03-31 17:00:00,85,1.0,0.0,0.5185275923236871,24
2024-03-18 08:00:00,21,2.0,1.0,0.3520981402823806,24
2024-03-25 10:00:00,200,0.0,0.0,0.27012359215606935,24
2024-03-20 19:00:00,174,0.0,0.0,0.1519199888574786,24
2024-03-23 14:00:00,71,1.0,0.0,0.8910676810210062,24
2024-03-30 17:00:00,84,0.0,0.0,0.003790463669404784,24
2024-03-19 19:00:00,83,1.0,0.0,0.20280994577267808,24
2024-03-20 23:00:00,131,0.0,0.0,0.12444596729446307,24
2024-03-21 11:00:00,145,7.0,18.0,10.004869574809328,24
2024-03-28 20:00:00,250,0.0,0.0,0.12974580063231808,24
2024-03-26 15:00:00,224,6.0,0.0,7.640964695253726,24
2024-03-23 10:00:00,69,0.0,0.0,1.108637883204197,24
2024-03-21 01:00:00,137,13.0,13.0,15.595606215166606,24
2024-03-30 01:00:00,235,0.0,2.0,0.18912264897666245,24
2024-03-25 08:00:00,2,0.0,0.0,0.009674520157837586,24
2024-03-31 04:00:00,2,0.0,0.0,0.004053775653477181,24
2024-03-19 22:00:00,242,0.0,0.0,0.11946717187584564,24
2024-03-28 17:00:00,60,1.0,0.0,0.2401214872644344,24
2024-03-21 15:00:00,171,0.0,0.0,0.1726806393834882,24
2024-03-27 12:00:00,17,2.0,1.0,1.6093426046298576,24
2024-03-27 22:00:00,237,152.0,192.0,237.86819313951196,24
2024-03-20 14:00:00,44,0.0,0.0,0.0039437580175777235,24
2024-03-22 07:00:00,98,0.0,0.0,0.23312530669120496,24
2024-03-28 09:00:00,185,0.0,0.0,0.46181096268253957,24
2024-03-31 02:00:00,257,0.0,0.0,0.06420412625108987,24
2024-03-27 19:00:00,173,0.0,0.0,0.09595926123812977,24
2024-03-22 13:00:00,73,0.0,0.0,0.11162150174684306,24
2024-03-30 11:00:00,202,1.0,1.0,0.36191743660210113,24
2024-03-21 16:00:00,19,1.0,1.0,0.23747007775978057,24
2024-03-24 04:00:00,257,0.0,0.0,0.14126781123516208,24
2024-03-19 03:00:00,114,1.0,2.0,2.424699795842909,24
2024-03-23 13:00:00,89,2.0,1.0,2.0548363153424543,24
2024-03-24 00:00:00,224,25.0,23.0,13.537228524976804,24
2024-03-23 19:00:00,242,1.0,0.0,0.20254104576371976,24
2024-03-20 13:00:00,210,0.0,0.0,0.6866756994550755,24
2024-03-20 17:00:00,55,1.0,0.0,0.7525097630965155,24
2024-03-31 02:00:00,239,12.0,10.0,19.793810457061824,24
2024-03-25 12:00:00,176,0.0,0.0,0.0037545004100353442,24
2024-03-28 13:00:00,169,1.0,0.0,0.6862121296529761,24
2024-03-27 06:00:00,134,1.0,1.0,0.7331317737187987,24
2024-03-21 19:00:00,228,1.0,2.0,0.4558730732910409,24
2024-03-31 17:00:00,178,0.0,0.0,0.07640411705194948,24
2024-03-26 18:00:00,109,0.0,0.0,0.0037229228965578076,24
2024-03-31 03:00:00,221,0.0,0.0,0.005926128199521889,24
2024-03-27 14:00:00,144,54.0,47.0,69.30178782280923,24
2024-03-30 11:00:00,101,0.0,0.0,0.08724694858740459,24
2024-03-21 13:00:00,85,1.0,0.0,0.9581579294063153,24
2024-03-26 18:00:00,149,0.0,0.0,0.1236310307874743,24
2024-03-24 17:00:00,84,0.0,0.0,0.0037266527432362087,24
2024-03-22 22:00:00,237,213.0,253.0,356.3146901377168,24
2024-03-21 08:00:00,43,70.0,90.0,79.70120085985164,24
2024-03-19 10:00:00,147,0.0,1.0,0.3988937117431957,24
2024-03-26 07:00:00,47,1.0,1.0,0.8103389701253365,24
2024-03-28 12:00:00,229,147.0,135.0,129.63265522034897,24
2024-03-20 12:00:00,30,0.0,0.0,0.08629621180010881,24
2024-03-27 23:00:00,262,15.0,14.0,10.339552521154404,24
2024-03-23 15:00:00,29,0.0,0.0,0.41257008911154125,24
2024-03-21 18:00:00,50,34.0,63.0,46.029559623457004,24
2024-03-22 18:00:00,44,0.0,0.0,0.004001625186163018,24
2024-03-19 23:00:00,86,0.0,0.0,0.2136204338362946,24
2024-03-24 10:00:00,80,5.0,3.0,0.9674865711275856,24
2024-03-28 14:00:00,60,1.0,0.0,0.4457356783908205,24
2024-03-26 11:00:00,51,1.0,2.0,0.7571467089219523,24
2024-03-20 23:00:00,256,0.0,3.0,3.1551813243854596,24
2024-03-31 18:00:00,39,3.0,2.0,1.1614587077831264,24
2024-03-23 05:00:00,203,0.0,1.0,0.3026063061342386,24
2024-03-20 18:00:00,163,343.0,349.0,305.54238070359565,24
2024-03-18 09:00:00,66,2.0,2.0,1.4465957975636188,24
2024-03-20 00:00:00,123,0.0,0.0,0.17701914461287893,24
2024-03-30 15:00:00,123,2.0,1.0,0.28992914883373894,24
2024-03-28 05:00:00,152,0.0,3.0,0.6055915260199223,24
2024-03-19 22:00:00,165,0.0,0.0,0.1537419762800359,24
2024-03-28 14:00:00,239,294.0,195.0,215.00396158546755,24
2024-03-25 02:00:00,166,1.0,0.0,1.626917611197126,24
2024-03-31 05:00:00,115,0.0,0.0,0.004998350421081899,24
2024-03-29 12:00:00,246,119.0,85.0,94.40147107865945,24
2024-03-29 14:00:00,254,2.0,1.0,0.8858602710690441,24
2024-03-24 23:00:00,138,289.0,279.0,162.88728664744983,24
2024-03-27 00:00:00,85,0.0,0.0,0.10610607084557547,24
2024-03-31 17:00:00,72,0.0,0.0,0.6932372005487395,24
2024-03-18 18:00:00,187,0.0,0.0,0.009454899238866703,24
2024-03-21 15:00:00,3,1.0,1.0,0.31710947515755356,24
2024-03-21 07:00:00,27,0.0,0.0,0.010956078711622913,24
2024-03-23 16:00:00,229,90.0,124.0,127.02782906937155,24
2024-03-25 11:00:00,161,247.0,247.0,258.1597164951262,24
2024-03-26 10:00:00,114,31.0,38.0,21.945703444368817,24
2024-03-22 18:00:00,168,3.0,5.0,2.664669017928556,24
2024-03-30 15:00:00,253,0.0,0.0,0.02389270969019781,24
2024-03-23 13:00:00,166,38.0,43.0,37.63858786855537,24
2024-03-30 08:00:00,263,42.0,39.0,67.09899158944185,24
2024-03-23 08:00:00,105,0.0,0.0,0.003334585662190267,24
2024-03-23 04:00:00,155,0.0,0.0,0.19969272472308375,24
2024-03-18 15:00:00,140,187.0,214.0,152.74335297094336,24
2024-03-26 12:00:00,213,2.0,0.0,1.0945040562577177,24
2024-03-18 14:00:00,33,3.0,3.0,3.7426644395195106,24
2024-03-26 09:00:00,46,0.0,0.0,0.02606127248130217,24
2024-03-24 16:00:00,119,0.0,0.0,0.5084039975811251,24
2024-03-26 23:00:00,28,0.0,0.0,0.6245972283857156,24
2024-03-27 11:00:00,188,4.0,0.0,1.7313054124936473,24
2024-03-30 15:00:00,28,0.0,1.0,0.8738374230804078,24
2024-03-26 21:00:00,114,172.0,153.0,140.81490561704902,24
2024-03-23 21:00:00,74,15.0,18.0,16.851921289447112,24
2024-03-21 22:00:00,46,0.0,0.0,0.028351228809469456,24
2024-03-31 05:00:00,36,5.0,5.0,0.9775145794708939,24
2024-03-18 01:00:00,122,0.0,0.0,0.03240513792193937,24
2024-03-30 08:00:00,113,21.0,27.0,21.96855220959069,24
2024-03-26 08:00:00,76,6.0,7.0,4.785622128639224,24
2024-03-21 20:00:00,161,650.0,547.0,562.078037648088,24
2024-03-22 14:00:00,156,0.0,0.0,0.0038423723181362337,24
2024-03-28 21:00:00,151,50.0,19.0,32.472076373489536,24
2024-03-27 21:00:00,223,0.0,2.0,1.609168518143927,24
2024-03-29 01:00:00,20,0.0,0.0,0.06503649883161548,24
2024-03-31 22:00:00,196,0.0,0.0,0.26857223626076415,24
2024-03-30 12:00:00,131,0.0,0.0,0.3409123246122014,24
2024-03-28 20:00:00,161,370.0,650.0,562.078037648088,24
2024-03-20 06:00:00,27,0.0,0.0,0.010506019687174808,24
2024-03-25 19:00:00,81,0.0,0.0,0.12289830067377316,24
2024-03-26 23:00:00,91,0.0,0.0,0.42681107826920595,24
2024-03-22 05:00:00,107,23.0,19.0,17.30252951863036,24
2024-03-31 13:00:00,127,0.0,0.0,0.9981198000454028,24
2024-03-25 19:00:00,244,2.0,2.0,8.125624620924752,24
2024-03-31 01:00:00,34,0.0,0.0,0.03787026110123211,24
2024-03-28 20:00:00,214,0.0,0.0,0.012321265574761016,24
2024-03-30 09:00:00,71,0.0,0.0,1.4212475306922248,24
2024-03-24 22:00:00,207,0.0,0.0,0.07906415709878788,24
2024-03-24 08:00:00,218,3.0,1.0,1.4712981302371655,24
2024-03-28 16:00:00,95,1.0,0.0,1.4662948010118897,24
2024-03-25 19:00:00,249,86.0,99.0,107.46006661014553,24
2024-03-27 00:00:00,49,0.0,1.0,0.6381121403137864,24
2024-03-23 05:00:00,25,0.0,2.0,0.6317485493555405,24
2024-03-19 16:00:00,122,0.0,0.0,0.13719272134137275,24
2024-03-22 06:00:00,23,0.0,0.0,0.0100839389273438,24
2024-03-28 22:00:00,115,0.0,0.0,0.005770882939102306,24
2024-03-27 10:00:00,90,79.0,70.0,91.79931148671128,24
2024-03-22 22:00:00,56,0.0,0.0,0.2814336950316865,24
2024-03-30 16:00:00,35,0.0,2.0,1.0112845150133543,24
2024-03-24 19:00:00,256,30.0,6.0,3.942678198348064,24
2024-03-30 13:00:00,63,0.0,0.0,0.44044119977223917,24
2024-03-21 15:00:00,65,8.0,7.0,4.100014221525511,24
2024-03-24 15:00:00,105,0.0,0.0,0.003713516505377066,24
2024-03-31 03:00:00,133,1.0,1.0,0.18371457906109168,24
2024-03-18 17:00:00,114,40.0,45.0,57.20197608802173,24
2024-03-29 12:00:00,240,0.0,0.0,0.09510614105460476,24
2024-03-19 17:00:00,23,0.0,0.0,0.01001824778009688,24
2024-03-30 23:00:00,261,21.0,21.0,34.38641719119293,24
2024-03-29 13:00:00,199,0.0,0.0,0.004421132185795565,24
2024-03-27 13:00:00,93,0.0,1.0,0.7673741104116918,24
2024-03-19 17:00:00,167,0.0,0.0,0.39442591432721064,24
2024-03-20 13:00:00,234,145.0,185.0,176.32439641343944,24
2024-03-19 11:00:00,127,2.0,1.0,0.7854524520024133,24
2024-03-27 07:00:00,146,3.0,3.0,3.140996908708941,24
2024-03-24 23:00:00,80,4.0,0.0,4.643725801577197,24
2024-03-19 08:00:00,226,6.0,7.0,8.37566478002676,24
2024-03-24 01:00:00,259,0.0,0.0,0.041396063620075016,24
2024-03-25 21:00:00,164,158.0,132.0,109.09754529630199,24
2024-03-19 00:00:00,51,0.0,0.0,0.18867811533670523,24
2024-03-30 06:00:00,124,0.0,0.0,0.15369585525358256,24
2024-03-27 13:00:00,10,3.0,4.0,2.5611976599169313,24
2024-03-24 09:00:00,23,0.0,0.0,0.012961661436069074,24
2024-03-23 01:00:00,64,0.0,0.0,0.046708783047659304,24
2024-03-30 15:00:00,217,0.0,1.0,0.3538993691836112,24
2024-03-31 12:00:00,228,0.0,1.0,0.6437518526335607,24
2024-03-31 21:00:00,64,0.0,0.0,0.051897654182543225,24
2024-03-24 12:00:00,161,202.0,238.0,212.86152882090738,24
2024-03-31 00:00:00,129,1.0,2.0,1.692290474508588,24
2024-03-25 17:00:00,171,1.0,0.0,0.14046380692510954,24
2024-03-29 10:00:00,169,2.0,0.0,0.654321013336832,24
2024-03-24 02:00:00,172,0.0,0.0,0.006957323186010973,24
2024-03-31 22:00:00,167,0.0,0.0,0.2248661113147207,24
2024-03-27 06:00:00,20,0.0,0.0,0.45255753113771174,24
2024-03-19 00:00:00,75,6.0,8.0,6.205884250659845,24
2024-03-21 14:00:00,38,0.0,0.0,0.26752252918590425,24
2024-03-30 03:00:00,71,0.0,0.0,0.35842995196530103,24
2024-03-19 07:00:00,184,0.0,0.0,0.014453366942771821,24
2024-03-30 22:00:00,253,0.0,0.0,0.015770651110973945,24
2024-03-20 00:00:00,22,0.0,0.0,0.06673923165035206,24
2024-03-29 23:00:00,224,21.0,14.0,14.728011961304484,24
2024-03-25 05:00:00,77,0.0,0.0,0.3499648435137268,24
2024-03-21 19:00:00,185,0.0,0.0,0.11347538578871284,24
2024-03-27 07:00:00,199,0.0,0.0,0.00430637695841088,24
2024-03-31 08:00:00,141,52.0,58.0,49.014227569672315,24
2024-03-20 16:00:00,40,0.0,0.0,1.3509272743024359,24
2024-03-18 07:00:00,18,1.0,0.0,0.7516946125893732,24
2024-03-31 20:00:00,150,0.0,0.0,0.07701682941000347,24
2024-03-19 21:00:00,246,154.0,143.0,117.4630407536718,24
2024-03-24 12:00:00,175,0.0,0.0,0.15003581841612118,24
2024-03-29 23:00:00,76,1.0,0.0,1.172213103132133,24
2024-03-28 04:00:00,74,2.0,3.0,3.1882644571972496,24
2024-03-21 08:00:00,57,0.0,0.0,0.015897527941436784,24
2024-03-27 01:00:00,226,2.0,0.0,1.1586751098550037,24
2024-03-31 08:00:00,72,2.0,4.0,1.5108496562463247,24
2024-03-21 11:00:00,37,2.0,2.0,1.0871493271080495,24
2024-03-24 01:00:00,77,0.0,0.0,0.06031959132141761,24
2024-03-25 00:00:00,64,0.0,0.0,0.05707908622249335,24
2024-03-23 14:00:00,79,189.0,126.0,139.44846813940643,24
2024-03-26 14:00:00,91,2.0,0.0,0.7679810248832983,24
2024-03-19 13:00:00,42,8.0,8.0,10.615364870715478,24
2024-03-21 05:00:00,84,0.0,0.0,0.0037048683932143964,24
2024-03-26 10:00:00,218,0.0,0.0,0.9428172200355509,24
2024-03-25 11:00:00,107,80.0,88.0,89.06736263547128,24
2024-03-24 02:00:00,47,0.0,0.0,0.0832534252867702,24
2024-03-21 01:00:00,96,0.0,0.0,0.022432304646486993,24
2024-03-27 18:00:00,194,1.0,0.0,0.2134741103049843,24
2024-03-30 07:00:00,156,0.0,0.0,0.0032174069376236423,24
2024-03-30 09:00:00,262,88.0,96.0,87.71433151476172,24
2024-03-28 16:00:00,61,4.0,3.0,2.1981350424391066,24
2024-03-25 09:00:00,255,0.0,0.0,0.855605156950946,24
2024-03-30 11:00:00,52,0.0,1.0,1.1807282863878594,24
2024-03-18 06:00:00,9,0.0,0.0,0.11359881770571761,24
2024-03-19 09:00:00,9,0.0,0.0,0.11817452325653838,24
2024-03-28 22:00:00,96,0.0,0.0,0.014982819780633797,24
2024-03-26 17:00:00,4,5.0,3.0,3.7892556849126553,24
2024-03-29 09:00:00,130,1.0,0.0,1.7650506608907524,24
2024-03-21 21:00:00,167,0.0,0.0,0.11874327171330314,24
2024-03-25 17:00:00,99,0.0,0.0,0.003795521534492063,24
2024-03-29 02:00:00,50,21.0,3.0,5.433870835992139,24
2024-03-25 12:00:00,178,0.0,0.0,0.14770654630127644,24
2024-03-26 14:00:00,105,0.0,0.0,0.0036352526208966274,24
2024-03-20 11:00:00,190,0.0,0.0,0.15257009282016606,24
2024-03-20 02:00:00,191,1.0,0.0,0.0863082138181414,24
2024-03-22 10:00:00,89,1.0,2.0,3.0669168290941657,24
2024-03-30 01:00:00,69,0.0,0.0,0.12246149410691372,24
2024-03-19 18:00:00,75,33.0,52.0,58.90264676315127,24
2024-03-28 05:00:00,83,1.0,0.0,0.2822781617398254,24
2024-03-27 02:00:00,85,0.0,0.0,0.04687561936720638,24
2024-03-31 08:00:00,131,0.0,2.0,0.4254301190081183,24
2024-03-26 03:00:00,194,0.0,0.0,0.04867945712241604,24
2024-03-18 03:00:00,132,21.0,58.0,47.88665337252601,24
2024-03-20 22:00:00,197,0.0,1.0,0.6837245404127537,24
2024-03-31 17:00:00,193,0.0,2.0,2.2164491290450306,24
2024-03-24 10:00:00,201,1.0,0.0,0.17233452998386353,24
2024-03-20 15:00:00,138,252.0,327.0,272.4176407161774,24
2024-03-21 03:00:00,256,0.0,1.0,0.3594029343501011,24
2024-03-30 06:00:00,102,1.0,0.0,0.22668349698221826,24
2024-03-18 07:00:00,180,2.0,1.0,0.2900662703573513,24
2024-03-25 17:00:00,232,3.0,2.0,7.4148738890098125,24
2024-03-21 06:00:00,192,0.0,0.0,0.13147514178539943,24
2024-03-28 17:00:00,231,150.0,150.0,142.62050531066367,24
2024-03-27 12:00:00,94,0.0,0.0,0.3269654147759086,24
2024-03-18 15:00:00,234,152.0,143.0,141.8855228344155,24
2024-03-29 10:00:00,245,0.0,0.0,0.008374585994920036,24
2024-03-28 18:00:00,137,122.0,99.0,111.36390895781615,24
2024-03-21 11:00:00,138,225.0,286.0,247.34711906917343,24
2024-03-29 11:00:00,130,2.0,4.0,1.5113685997298127,24
2024-03-18 10:00:00,131,0.0,1.0,0.4852175820991647,24
2024-03-28 21:00:00,212,0.0,0.0,0.13142065593431831,24
2024-03-26 12:00:00,21,0.0,1.0,0.3036581144575608,24
2024-03-27 11:00:00,204,0.0,0.0,0.003700016762428881,24
2024-03-25 08:00:00,65,6.0,4.0,3.2083561549270367,24
2024-03-27 03:00:00,109,0.0,0.0,0.003610799156771279,24
2024-03-18 14:00:00,4,5.0,0.0,7.543711154060421,24
2024-03-29 07:00:00,212,0.0,0.0,1.1258832773468181,24
2024-03-30 17:00:00,100,80.0,106.0,116.91207587577266,24
2024-03-26 12:00:00,101,0.0,0.0,0.09755999405626377,24
2024-03-22 21:00:00,170,180.0,207.0,189.18175005400826,24
2024-03-27 06:00:00,185,2.0,0.0,0.4829513382453481,24
2024-03-30 19:00:00,150,2.0,0.0,0.0888459738396009,24
2024-03-28 03:00:00,262,0.0,0.0,1.5288324544104541,24
2024-03-20 08:00:00,22,0.0,0.0,0.7562284973985574,24
2024-03-18 19:00:00,182,0.0,0.0,0.412050297284517,24
2024-03-28 10:00:00,164,113.0,105.0,122.2331069237558,24
2024-03-30 22:00:00,187,0.0,0.0,0.008602466729171074,24
2024-03-31 18:00:00,15,0.0,0.0,0.07415590121354668,24
2024-03-27 06:00:00,127,1.0,0.0,0.6671214596693521,24
2024-03-24 14:00:00,99,0.0,0.0,0.003769290873846743,24
2024-03-26 07:00:00,124,0.0,2.0,0.37715033350799504,24
2024-03-18 17:00:00,198,0.0,0.0,0.37586138558839155,24
2024-03-27 18:00:00,229,180.0,162.0,166.00466565117435,24
2024-03-31 22:00:00,242,1.0,1.0,0.1134286269328071,24
2024-03-22 05:00:00,265,1.0,1.0,1.6964937603178611,24
2024-03-21 07:00:00,74,27.0,27.0,25.11244658339699,24
2024-03-23 20:00:00,238,145.0,117.0,99.4646087410724,24
2024-03-25 06:00:00,49,1.0,0.0,0.9543383100815566,24
2024-03-31 06:00:00,47,1.0,1.0,0.6286470037775052,24
2024-03-20 21:00:00,251,0.0,0.0,0.00626787271183517,24
2024-03-20 09:00:00,87,21.0,21.0,27.016027658775542,24
2024-03-24 22:00:00,151,17.0,10.0,22.26749059133441,24
2024-03-29 23:00:00,207,0.0,0.0,0.10788675489551677,24
2024-03-27 03:00:00,35,0.0,0.0,0.11309685851520718,24
2024-03-26 04:00:00,64,0.0,0.0,0.0441647954579207,24
2024-03-26 23:00:00,115,0.0,0.0,0.005665691406857551,24
2024-03-24 04:00:00,139,0.0,0.0,0.15188577300569653,24
2024-03-19 09:00:00,166,26.0,21.0,27.36389126908349,24
2024-03-22 07:00:00,35,5.0,2.0,3.949817693105484,24
2024-03-21 10:00:00,132,122.0,104.0,136.73963025744473,24
2024-03-25 08:00:00,5,0.0,0.0,0.0036813972068647544,24
2024-03-24 14:00:00,77,1.0,1.0,0.3760769815506375,24
2024-03-29 23:00:00,195,1.0,0.0,0.6017814035657456,24
2024-03-19 00:00:00,245,0.0,0.0,0.0071941862332893635,24
2024-03-28 07:00:00,178,0.0,0.0,0.19023798390529162,24
2024-03-31 17:00:00,173,0.0,0.0,0.16780586735451566,24
2024-03-31 22:00:00,101,0.0,0.0,0.07279339050379437,24
2024-03-24 08:00:00,109,0.0,0.0,0.0036094087436542126,24
2024-03-23 07:00:00,46,0.0,0.0,0.028175178907567662,24
2024-03-24 03:00:00,29,0.0,0.0,0.05968540306414319,24
2024-03-21 03:00:00,130,0.0,0.0,0.9008992295055517,24
2024-03-31 23:00:00,123,0.0,0.0,0.12835556977964777,24
2024-03-23 11:00:00,146,4.0,7.0,3.5501978794917943,24
2024-03-28 16:00:00,201,0.0,0.0,0.17583537385015235,24
2024-03-19 03:00:00,146,1.0,0.0,0.4479847404958744,24
2024-03-27 22:00:00,217,0.0,0.0,0.2475727137937352,24
2024-03-31 01:00:00,1,0.0,0.0,0.0864818424366839,24
2024-03-23 22:00:00,68,143.0,243.0,188.38550271414832,24
2024-03-28 00:00:00,102,0.0,0.0,0.08696654593824663,24
2024-03-21 19:00:00,118,0.0,0.0,0.008555225610318209,24
2024-03-22 03:00:00,219,0.0,0.0,0.14793428114992085,24
2024-03-19 10:00:00,13,22.0,38.0,29.05927101112074,24
2024-03-27 00:00:00,106,1.0,0.0,0.38052105396795244,24
2024-03-24 12:00:00,117,0.0,2.0,0.441449996396448,24
2024-03-22 12:00:00,12,3.0,1.0,4.08974062755116,24
2024-03-30 18:00:00,16,0.0,0.0,0.12921236089626315,24
2024-03-30 03:00:00,75,5.0,2.0,3.696971542582886,24
2024-03-31 09:00:00,159,3.0,2.0,1.0380810642307756,24
2024-03-21 11:00:00,220,2.0,0.0,0.41027171661060485,24
2024-03-31 00:00:00,148,318.0,370.0,312.2808032506046,24
2024-03-27 16:00:00,165,0.0,0.0,0.9269224313404508,24
2024-03-22 12:00:00,193,8.0,9.0,5.650162475747045,24
2024-03-27 21:00:00,115,0.0,0.0,0.0055306655096278075,24
2024-03-31 13:00:00,221,1.0,0.0,0.007942427197136835,24
2024-03-24 16:00:00,197,0.0,0.0,1.4731358994331756,24
2024-03-26 07:00:00,3,0.0,0.0,0.40687254701485,24
2024-03-30 02:00:00,189,0.0,0.0,0.3025383951550043,24
2024-03-25 11:00:00,97,4.0,2.0,2.190778726698052,24
2024-03-23 15:00:00,90,171.0,126.0,124.26467761205951,24
2024-03-25 13:00:00,121,0.0,2.0,0.6557929364094546,24
2024-03-18 09:00:00,222,1.0,2.0,0.987637764400492,24
2024-03-23 13:00:00,177,4.0,1.0,0.9954753888487071,24
2024-03-19 04:00:00,39,1.0,0.0,0.4456659077050771,24
2024-03-23 10:00:00,12,1.0,0.0,0.4636381680323593,24
2024-03-27 22:00:00,231,122.0,112.0,117.49166097494918,24
2024-03-21 04:00:00,264,2.0,3.0,3.3168736919529085,24
2024-03-30 22:00:00,202,0.0,1.0,0.231125526539362,24
2024-03-23 08:00:00,68,45.0,60.0,43.70913230649671,24
2024-03-21 19:00:00,27,0.0,0.0,0.011533973240359206,24
2024-03-30 16:00:00,228,0.0,1.0,0.5671305422266906,24
2024-03-20 16:00:00,179,0.0,0.0,1.5863943569655259,24
2024-03-28 09:00:00,70,34.0,30.0,33.14711396766747,24
2024-03-31 12:00:00,212,0.0,2.0,0.5027529917545874,24
2024-03-29 01:00:00,191,0.0,0.0,0.11897474637500569,24
2024-03-18 22:00:00,212,0.0,0.0,0.11354621334819037,24
2024-03-30 08:00:00,224,4.0,8.0,7.420782252784415,24
2024-03-20 21:00:00,228,0.0,0.0,0.2360683567921443,24
2024-03-21 14:00:00,27,0.0,0.0,0.009794066316916908,24
2024-03-24 01:00:00,94,0.0,0.0,0.04233977733955475,24
2024-03-18 15:00:00,48,101.0,99.0,115.36346609277109,24
2024-03-24 17:00:00,11,0.0,0.0,0.10356608799651663,24
2024-03-23 20:00:00,109,0.0,0.0,0.0036446937900155556,24
2024-03-28 03:00:00,27,0.0,0.0,0.007635722706524468,24
2024-03-20 14:00:00,5,0.0,0.0,0.003757985155450189,24
2024-03-24 22:00:00,125,22.0,16.0,19.047641728619876,24
2024-03-26 07:00:00,251,0.0,0.0,0.006292576677931721,24
2024-03-20 07:00:00,139,0.0,2.0,0.9689653180054817,24
2024-03-19 05:00:00,241,0.0,1.0,0.30279392508486486,24
2024-03-19 20:00:00,227,0.0,0.0,0.07810295852597568,24
2024-03-31 21:00:00,84,0.0,0.0,0.0040811019176611495,24
2024-03-28 09:00:00,115,0.0,0.0,0.0055922127130815695,24
2024-03-25 02:00:00,217,0.0,0.0,0.16166869584806365,24
2024-03-25 21:00:00,200,0.0,1.0,0.06425970487390657,24
2024-03-29 04:00:00,84,0.0,0.0,0.0038061462534334125,24
2024-03-31 15:00:00,49,0.0,0.0,1.3408390338366685,24
2024-03-21 20:00:00,210,1.0,0.0,0.11545509481215514,24
2024-03-30 21:00:00,180,0.0,0.0,0.06277123912460587,24
2024-03-29 15:00:00,51,1.0,1.0,0.538503449085088,24
2024-03-25 04:00:00,181,0.0,1.0,0.6295813927746085,24
2024-03-24 18:00:00,193,1.0,0.0,2.357600175687649,24
2024-03-24 03:00:00,177,1.0,0.0,0.49046544100238704,24
2024-03-27 16:00:00,250,0.0,0.0,0.39066763223593975,24
2024-03-19 20:00:00,237,325.0,338.0,308.04247989286836,24
2024-03-18 02:00:00,206,0.0,0.0,0.004009901370453442,24
2024-03-18 07:00:00,16,0.0,0.0,0.13013026320591303,24
2024-03-29 21:00:00,6,0.0,0.0,0.06589740725453319,24
2024-03-25 06:00:00,38,2.0,2.0,0.39637203917971314,24
2024-03-18 04:00:00,113,4.0,3.0,9.064311475722816,24
2024-03-29 11:00:00,163,130.0,194.0,169.8121304522732,24
2024-03-23 13:00:00,33,8.0,5.0,4.272367460532204,24
2024-03-31 13:00:00,116,11.0,5.0,10.819050932190022,24
2024-03-27 01:00:00,82,0.0,0.0,0.41428925106843023,24
2024-03-18 19:00:00,197,1.0,1.0,1.1372271020910436,24
2024-03-25 02:00:00,16,0.0,0.0,0.027360919712274504,24
2024-03-26 15:00:00,157,0.0,0.0,0.4585130126859293,24
2024-03-26 23:00:00,138,210.0,210.0,186.67477007565742,24
2024-03-29 01:00:00,84,0.0,0.0,0.003790872181924647,24
2024-03-26 09:00:00,199,0.0,0.0,0.004233815124488242,24
2024-03-31 15:00:00,230,179.0,180.0,173.73925870582977,24
2024-03-21 17:00:00,112,0.0,1.0,1.0972799275144483,24
2024-03-31 13:00:00,119,0.0,2.0,0.7000348777639631,24
2024-03-27 02:00:00,19,0.0,0.0,0.05126196291719714,24
2024-03-21 12:00:00,21,1.0,0.0,0.4631863287193667,24
2024-03-26 11:00:00,178,0.0,0.0,0.1204380933109875,24
2024-03-20 16:00:00,158,59.0,45.0,46.29957031220187,24
2024-03-23 07:00:00,41,5.0,9.0,10.363901840520679,24
2024-03-22 06:00:00,229,26.0,21.0,33.17514438971583,24
2024-03-18 23:00:00,187,0.0,0.0,0.009275715816123726,24
2024-03-27 08:00:00,130,2.0,0.0,2.3817942170109743,24
2024-03-29 14:00:00,36,0.0,0.0,0.4021400456511731,24
2024-03-24 16:00:00,185,0.0,0.0,0.183756890348154,24
2024-03-26 07:00:00,97,0.0,1.0,2.5396473797638883,24
2024-03-19 17:00:00,87,46.0,42.0,37.69471081926901,24
2024-03-18 07:00:00,88,2.0,4.0,1.437879572244052,24
2024-03-19 03:00:00,256,0.0,0.0,0.2487880318755017,24
2024-03-26 12:00:00,165,1.0,2.0,1.0868997515186938,24
2024-03-26 04:00:00,155,0.0,0.0,0.16126149557196193,24
2024-03-28 20:00:00,157,0.0,0.0,0.39276561426539636,24
2024-03-30 04:00:00,19,0.0,0.0,0.09473050355014778,24
2024-03-19 17:00:00,256,2.0,0.0,1.993062208739327,24
2024-03-23 17:00:00,195,3.0,4.0,0.8002294881128178,24
2024-03-28 20:00:00,163,267.0,326.0,306.439593152917,24
2024-03-27 09:00:00,160,0.0,0.0,0.5047856708934543,24
2024-03-29 21:00:00,137,83.0,75.0,95.1798908998954,24
2024-03-30 09:00:00,63,0.0,1.0,0.3712049246564105,24
2024-03-28 00:00:00,174,0.0,0.0,0.07945552945079215,24
2024-03-20 07:00:00,13,34.0,22.0,31.239475860411105,24
2024-03-25 23:00:00,14,0.0,0.0,0.3629258827860222,24
2024-03-29 06:00:00,219,2.0,1.0,0.816799638074726,24
2024-03-29 07:00:00,265,1.0,1.0,2.888742895852321,24
2024-03-20 16:00:00,83,1.0,0.0,0.34723180852043817,24
2024-03-23 01:00:00,41,2.0,1.0,5.717475679025668,24
2024-03-21 07:00:00,229,104.0,107.0,101.28843266471549,24
2024-03-25 19:00:00,34,0.0,1.0,0.14728537821173854,24
2024-03-25 06:00:00,201,1.0,1.0,0.2517156317621373,24
2024-03-30 21:00:00,214,0.0,0.0,0.012672113833306225,24
2024-03-29 15:00:00,69,2.0,1.0,0.6629251628707535,24
2024-03-23 05:00:00,126,1.0,0.0,0.15771041286358475,24
2024-03-25 12:00:00,30,0.0,0.0,0.007451076562652689,24
2024-03-22 08:00:00,137,59.0,55.0,61.27248016682604,24
2024-03-26 00:00:00,150,0.0,0.0,0.05286534594948448,24
2024-03-29 04:00:00,169,0.0,0.0,0.17501242252978477,24
2024-03-24 13:00:00,212,1.0,1.0,0.38880188388003706,24
2024-03-18 05:00:00,217,0.0,1.0,0.21104206144495902,24
2024-03-19 23:00:00,82,2.0,1.0,0.7827063224505857,24
2024-03-26 02:00:00,42,1.0,0.0,0.4103702994608965,24
2024-03-21 15:00:00,135,0.0,0.0,0.25633760744792844,24
2024-03-20 23:00:00,205,0.0,0.0,0.2075250885426719,24
2024-03-18 16:00:00,128,0.0,0.0,0.08005399946037323,24
2024-03-25 15:00:00,202,0.0,1.0,0.41059387652870977,24
2024-03-31 15:00:00,93,0.0,2.0,1.2928734890762574,24
2024-03-26 04:00:00,231,1.0,3.0,2.786168443506961,24
2024-03-27 16:00:00,247,1.0,2.0,1.1997833578548893,24
2024-03-19 10:00:00,187,0.0,0.0,0.009721307021858439,24
2024-03-26 23:00:00,219,0.0,0.0,0.5840621976440118,24
2024-03-26 11:00:00,9,0.0,0.0,0.1551349719074717,24
2024-03-28 13:00:00,1,2.0,1.0,0.6309338797339713,24
2024-03-29 10:00:00,114,25.0,20.0,28.968108559349567,24
2024-03-20 02:00:00,205,0.0,0.0,0.11028061490668382,24
2024-03-22 15:00:00,169,1.0,0.0,0.663246277449625,24
2024-03-26 00:00:00,123,0.0,0.0,0.09310063923488698,24
2024-03-20 19:00:00,169,0.0,1.0,0.2653440305039235,24
2024-03-21 09:00:00,114,29.0,24.0,37.74964103568379,24
2024-03-30 16:00:00,176,0.0,0.0,0.0037674396421805176,24
2024-03-24 07:00:00,247,6.0,1.0,1.3052131697660176,24
2024-03-25 02:00:00,93,1.0,0.0,0.2633406116548864,24
2024-03-23 17:00:00,253,0.0,0.0,0.055287773100315594,24
2024-03-30 16:00:00,253,0.0,0.0,0.024606470179084412,24
2024-03-19 15:00:00,23,0.0,0.0,0.010231825565585948,24
2024-03-23 04:00:00,41,1.0,1.0,3.3504032277947484,24
2024-03-19 08:00:00,178,0.0,0.0,0.18513090650757205,24
2024-03-30 18:00:00,231,97.0,77.0,117.20590123277698,24
2024-03-29 13:00:00,254,1.0,2.0,1.3302141877088582,24
2024-03-21 19:00:00,184,0.0,0.0,0.014700970212488713,24
2024-03-25 11:00:00,226,6.0,3.0,4.498338644746327,24
2024-03-28 13:00:00,155,1.0,1.0,0.8774272905356596,24
2024-03-27 16:00:00,69,0.0,1.0,0.9127851782757856,24
2024-03-28 20:00:00,261,56.0,55.0,48.895279233850026,24
2024-03-28 21:00:00,174,0.0,0.0,0.0771197613537258,24
2024-03-22 23:00:00,25,13.0,4.0,4.0728295018271155,24
2024-03-18 04:00:00,21,0.0,0.0,0.07072588375667309,24
2024-03-22 12:00:00,141,132.0,194.0,167.23736581573127,24
2024-03-30 02:00:00,59,0.0,0.0,0.005888804826007702,24
2024-03-27 16:00:00,169,0.0,1.0,0.5200912888400107,24
2024-03-27 00:00:00,13,5.0,4.0,3.404277453682884,24
2024-03-18 08:00:00,55,1.0,0.0,1.3396547780462178,24
2024-03-31 14:00:00,46,0.0,0.0,0.0231795836312413,24
2024-03-19 14:00:00,190,0.0,0.0,0.15953913324953778,24
2024-03-18 21:00:00,151,20.0,9.0,23.068487873023944,24
2024-03-22 14:00:00,84,0.0,0.0,0.0037713537452579386,24
2024-03-31 14:00:00,250,0.0,1.0,0.3211900449582076,24
2024-03-19 21:00:00,237,418.0,409.0,361.3733802899236,24
2024-03-18 04:00:00,78,0.0,0.0,0.19452670593690358,24
2024-03-25 20:00:00,257,0.0,1.0,0.08762496242044818,24
2024-03-23 10:00:00,105,0.0,0.0,0.003736038853664446,24
2024-03-24 00:00:00,22,0.0,0.0,0.08759631337187124,24
2024-03-20 09:00:00,225,2.0,0.0,2.549705330263275,24
2024-03-30 19:00:00,71,2.0,2.0,0.7043712139391564,24
2024-03-27 23:00:00,124,3.0,0.0,0.21185857649914686,24
2024-03-28 06:00:00,202,0.0,0.0,0.5721005017711911,24
2024-03-29 15:00:00,249,96.0,85.0,98.20998932439272,24
2024-03-19 20:00:00,88,32.0,28.0,21.296302282326252,24
2024-03-31 22:00:00,23,0.0,0.0,0.010202177215655146,24
2024-03-25 00:00:00,151,2.0,3.0,7.322495750564456,24
2024-03-25 23:00:00,259,0.0,0.0,0.10313386398047929,24
2024-03-29 05:00:00,218,2.0,1.0,1.6837542791264588,24
2024-03-21 06:00:00,259,1.0,1.0,0.8258960721094522,24
2024-03-28 21:00:00,147,0.0,0.0,0.08334542646236118,24
2024-03-31 15:00:00,254,1.0,1.0,0.651606461633666,24
2024-03-30 09:00:00,170,100.0,103.0,86.03314732122588,24
2024-03-21 09:00:00,206,0.0,0.0,0.005358759245082651,24
2024-03-25 00:00:00,86,1.0,0.0,0.07170099646864324,24
2024-03-22 22:00:00,2,0.0,0.0,0.006758503232171792,24
2024-03-20 14:00:00,16,0.0,1.0,0.15096530196941801,24
2024-03-25 18:00:00,207,0.0,0.0,0.18249161128020994,24
2024-03-18 05:00:00,49,2.0,0.0,0.4135642924136667,24
2024-03-31 12:00:00,219,1.0,2.0,0.6842283987802046,24
2024-03-25 00:00:00,45,3.0,0.0,4.111721702098929,24
2024-03-23 00:00:00,45,30.0,15.0,22.268661541384574,24
2024-03-23 04:00:00,221,0.0,0.0,0.006914545727847437,24
2024-03-26 21:00:00,89,0.0,0.0,0.4367965796927577,24
2024-03-23 14:00:00,216,0.0,5.0,2.332471160032268,24
2024-03-29 17:00:00,231,110.0,118.0,111.99207415882724,24
2024-03-26 12:00:00,81,1.0,0.0,0.35828754235999705,24
2024-03-29 08:00:00,37,2.0,0.0,1.617921445291603,24
2024-03-29 09:00:00,19,0.0,2.0,0.3074066740091678,24
2024-03-21 11:00:00,72,0.0,2.0,1.9427424234605741,24
2024-03-21 00:00:00,230,107.0,89.0,122.95353509186934,24
2024-03-26 09:00:00,105,0.0,0.0,0.003665799626292455,24
2024-03-18 05:00:00,236,26.0,24.0,11.566092496233457,24
2024-03-25 18:00:00,237,271.0,304.0,365.041263389855,24
2024-03-19 11:00:00,238,128.0,136.0,142.44839874964484,24
2024-03-24 19:00:00,171,0.0,1.0,0.08472693705663019,24
2024-03-21 10:00:00,202,0.0,2.0,0.5726242810811281,24
2024-03-23 05:00:00,259,0.0,0.0,0.16589037632431444,24
2024-03-26 06:00:00,144,5.0,3.0,8.307552284422043,24
2024-03-21 12:00:00,90,113.0,95.0,96.24332829685297,24
2024-03-22 23:00:00,263,103.0,85.0,104.3159095981221,24
2024-03-23 22:00:00,114,254.0,237.0,237.34305670649883,24
2024-03-25 09:00:00,128,0.0,0.0,0.08583944253713646,24
2024-03-24 02:00:00,114,381.0,304.0,353.43962853342595,24
2024-03-26 00:00:00,85,0.0,0.0,0.12669326416638882,24
2024-03-26 20:00:00,163,306.0,359.0,232.32187680345731,24
2024-03-25 19:00:00,215,0.0,0.0,1.2185057615450026,24
2024-03-23 13:00:00,84,0.0,0.0,0.0038308298528703993,24
2024-03-19 15:00:00,60,0.0,0.0,0.21406088470751095,24
2024-03-22 20:00:00,72,0.0,1.0,0.32240018603898385,24
2024-03-31 21:00:00,89,1.0,0.0,0.45010796283751286,24
2024-03-22 16:00:00,36,0.0,0.0,0.4639647704977481,24
2024-03-28 21:00:00,184,0.0,0.0,0.029468213444030597,24
2024-03-25 06:00:00,152,5.0,4.0,4.146373928181648,24
2024-03-31 12:00:00,5,0.0,0.0,0.0038186840422150393,24
2024-03-18 05:00:00,147,0.0,0.0,0.21817976332369715,24
2024-03-31 12:00:00,105,0.0,0.0,0.0038186840422150393,24
2024-03-30 09:00:00,37,1.0,5.0,1.6162365411202901,24
2024-03-30 16:00:00,216,4.0,2.0,1.910166989792304,24
2024-03-29 22:00:00,257,0.0,0.0,0.16358866892290003,24
2024-03-30 06:00:00,89,0.0,1.0,1.144163634778272,24
2024-03-26 22:00:00,143,45.0,50.0,36.36717589379057,24
2024-03-28 21:00:00,209,23.0,29.0,25.914826352875025,24
2024-03-29 10:00:00,189,2.0,1.0,0.879777302289952,24
2024-03-23 21:00:00,237,266.0,254.0,217.03365557120696,24
2024-03-24 03:00:00,37,1.0,6.0,4.529549652980031,24
2024-03-29 11:00:00,129,4.0,1.0,2.098303898509654,24
2024-03-31 23:00:00,132,398.0,655.0,249.82916840268615,24
2024-03-24 19:00:00,53,1.0,1.0,0.08445715848754848,24
2024-03-30 04:00:00,215,1.0,1.0,0.7413058673827925,24
2024-03-18 20:00:00,5,0.0,0.0,0.0036177611194375303,24
2024-03-20 04:00:00,56,0.0,0.0,0.20429128799597557,24
2024-03-20 09:00:00,99,0.0,0.0,0.0037335975354535035,24
2024-03-19 04:00:00,93,0.0,0.0,0.3702057560172129,24
2024-03-29 19:00:00,4,14.0,28.0,14.033400358893745,24
2024-03-28 02:00:00,143,0.0,4.0,0.7698923544701158,24
2024-03-28 05:00:00,74,7.0,6.0,7.935706234802663,24
2024-03-20 00:00:00,24,1.0,2.0,1.4935893542205096,24
2024-03-27 06:00:00,136,0.0,0.0,0.3095927347274049,24
2024-03-20 06:00:00,9,0.0,0.0,0.1258979566681294,24
2024-03-25 00:00:00,229,16.0,11.0,34.714628170916704,24
2024-03-23 00:00:00,221,0.0,0.0,0.0074506024386791665,24
2024-03-23 17:00:00,211,58.0,96.0,88.75541270060783,24
2024-03-29 10:00:00,162,163.0,202.0,181.4474682932144,24
2024-03-27 13:00:00,37,0.0,2.0,1.194345082890717,24
2024-03-23 15:00:00,206,0.0,0.0,0.00538066411278022,24
2024-03-28 17:00:00,147,0.0,0.0,0.23679220613462781,24
2024-03-22 12:00:00,70,53.0,40.0,36.43035567443083,24
2024-03-18 03:00:00,43,0.0,0.0,1.4239209610002315,24
2024-03-19 14:00:00,85,1.0,0.0,0.6173498611138779,24
2024-03-26 10:00:00,17,0.0,0.0,1.8030278579828625,24
2024-03-31 09:00:00,158,10.0,8.0,13.051304548738326,24
2024-03-24 10:00:00,239,187.0,151.0,153.15145740195678,24
2024-03-26 09:00:00,28,1.0,0.0,1.1499807640085322,24
2024-03-31 04:00:00,225,2.0,0.0,0.9212515437541351,24
2024-03-27 22:00:00,169,0.0,0.0,0.1408988105101626,24
2024-03-28 23:00:00,101,0.0,0.0,0.08984034540907403,24
2024-03-25 19:00:00,27,0.0,0.0,0.0112991083042282,24
2024-03-28 16:00:00,168,3.0,1.0,2.2501641256965756,24
2024-03-26 23:00:00,146,3.0,2.0,1.377849435879311,24
2024-03-31 13:00:00,198,0.0,4.0,0.8042067907029954,24
2024-03-28 05:00:00,176,0.0,0.0,0.0037048683932143964,24
2024-03-29 15:00:00,184,0.0,0.0,0.012916663145694068,24
2024-03-18 18:00:00,56,1.0,0.0,0.36268297783837944,24
2024-03-28 09:00:00,152,9.0,3.0,5.35657474621804,24
2024-03-30 09:00:00,224,7.0,21.0,10.54468867949678,24
2024-03-24 09:00:00,230,151.0,82.0,123.96545271566028,24
2024-03-26 19:00:00,172,0.0,0.0,0.00834002297982479,24
2024-03-18 21:00:00,237,293.0,364.0,245.68935673071104,24
2024-03-18 10:00:00,89,6.0,7.0,1.994484153478783,24
2024-03-19 13:00:00,84,0.0,0.0,0.003676000391219457,24
2024-03-23 12:00:00,99,0.0,0.0,0.003929259067857976,24
2024-03-26 02:00:00,169,0.0,0.0,0.04342126297354228,24
2024-03-30 09:00:00,180,0.0,0.0,0.13773923802892502,24
2024-03-26 13:00:00,113,79.0,63.0,72.28348999082971,24
2024-03-30 06:00:00,146,1.0,1.0,1.650569236140041,24
2024-03-25 13:00:00,123,2.0,4.0,0.38279934139640925,24
2024-03-26 00:00:00,143,5.0,3.0,4.541435648799313,24
2024-03-20 00:00:00,101,0.0,0.0,0.06734745585580802,24
2024-03-23 15:00:00,117,2.0,1.0,0.36435815604463656,24
2024-03-20 11:00:00,244,8.0,8.0,6.119175181517259,24
2024-03-20 11:00:00,109,0.0,0.0,0.003700016762428881,24
2024-03-22 03:00:00,9,0.0,0.0,0.03186580674757615,24
2024-03-24 21:00:00,137,45.0,39.0,37.96226762908493,24
2024-03-22 03:00:00,88,1.0,0.0,0.8744168483060919,24
2024-03-21 09:00:00,185,0.0,0.0,0.34182977423911115,24
2024-03-28 00:00:00,142,35.0,31.0,59.721888823399304,24
2024-03-25 02:00:00,131,0.0,0.0,0.058504716976241794,24
2024-03-19 15:00:00,22,0.0,0.0,0.25619963144791774,24
2024-03-30 19:00:00,114,116.0,120.0,201.13514959931214,24
2024-03-19 18:00:00,91,0.0,1.0,0.6415566798847865,24
2024-03-29 05:00:00,261,2.0,1.0,2.193041993720488,24
2024-03-28 17:00:00,63,0.0,0.0,0.27973987646603815,24
2024-03-26 23:00:00,54,0.0,0.0,0.12507751365958467,24
2024-03-20 10:00:00,35,3.0,0.0,2.3961453196010263,24
2024-03-29 14:00:00,106,0.0,1.0,0.6946980425762141,24
2024-03-29 02:00:00,117,0.0,0.0,0.05139718565022169,24
2024-03-26 11:00:00,264,15.0,17.0,16.110327729795408,24
2024-03-22 14:00:00,102,1.0,0.0,0.27573927696471123,24
2024-03-21 13:00:00,122,0.0,0.0,0.20869674467142912,24
2024-03-22 08:00:00,258,2.0,2.0,0.6838625112130061,24
2024-03-18 02:00:00,82,1.0,1.0,0.44884339156962133,24
2024-03-26 02:00:00,92,0.0,0.0,0.0780722474251855,24
2024-03-23 06:00:00,182,1.0,0.0,0.8335591209215293,24
2024-03-26 17:00:00,188,1.0,2.0,2.16498125033315,24
2024-03-30 15:00:00,236,249.0,339.0,366.25894118363044,24
2024-03-25 10:00:00,6,0.0,0.0,0.13465247295771546,24
2024-03-25 00:00:00,162,19.0,16.0,38.53334791916514,24
2024-03-30 19:00:00,17,4.0,4.0,2.2092571291154415,24
2024-03-20 04:00:00,22,1.0,0.0,0.10788084009781526,24
2024-03-27 18:00:00,163,395.0,343.0,343.96367427524757,24
2024-03-25 10:00:00,196,0.0,2.0,0.6208588290023378,24
2024-03-20 10:00:00,58,0.0,0.0,0.018211302402736267,24
2024-03-24 11:00:00,70,10.0,12.0,16.579900468403455,24
2024-03-31 17:00:00,77,1.0,0.0,0.2918071700113032,24
2024-03-20 19:00:00,264,20.0,31.0,22.040500482941166,24
2024-03-20 17:00:00,99,0.0,0.0,0.0038502442505815504,24
2024-03-25 04:00:00,252,0.0,0.0,0.08382731208677194,24
2024-03-26 19:00:00,114,73.0,80.0,82.650136338089,24
2024-03-19 12:00:00,141,150.0,152.0,152.43984535606856,24
2024-03-26 23:00:00,238,14.0,19.0,15.717029572133885,24
2024-03-27 07:00:00,170,102.0,114.0,108.16535692340997,24
2024-03-21 19:00:00,56,0.0,0.0,0.24128679624470667,24
2024-03-22 21:00:00,130,0.0,0.0,1.1862596592427568,24
2024-03-27 09:00:00,94,0.0,0.0,0.3879592922750578,24
2024-03-21 22:00:00,36,1.0,0.0,0.2938639940678453,24
2024-03-30 13:00:00,223,2.0,0.0,1.6171309211347458,24
2024-03-23 09:00:00,128,0.0,0.0,0.04320058277830013,24
2024-03-24 20:00:00,187,0.0,0.0,0.008532784822045603,24
2024-03-24 01:00:00,20,0.0,0.0,0.061733140915009824,24
2024-03-19 23:00:00,236,34.0,54.0,35.93175052077585,24
2024-03-30 10:00:00,236,186.0,189.0,211.22861203109002,24
2024-03-21 14:00:00,241,1.0,0.0,0.4503983850311282,24
2024-03-23 05:00:00,117,0.0,0.0,0.26084313688456423,24
2024-03-30 07:00:00,3,0.0,1.0,0.18659658468391496,24
2024-03-20 12:00:00,127,0.0,1.0,1.187920200265449,24
2024-03-26 05:00:00,4,3.0,0.0,1.2444138132754679,24
2024-03-28 02:00:00,242,0.0,0.0,0.03703235278510211,24
2024-03-30 02:00:00,169,1.0,0.0,0.055010444081051595,24
2024-03-25 02:00:00,20,0.0,0.0,0.03878902886490346,24
2024-03-24 13:00:00,247,1.0,2.0,1.3914862498179479,24
2024-03-23 13:00:00,214,0.0,0.0,0.015618322593421701,24
2024-03-25 02:00:00,37,0.0,0.0,0.7464729335268067,24
2024-03-28 15:00:00,40,0.0,0.0,0.8763571080676824,24
2024-03-23 23:00:00,239,150.0,212.0,141.098814496814,24
2024-03-18 04:00:00,193,0.0,0.0,0.3668752256321556,24
2024-03-29 23:00:00,215,0.0,3.0,1.1612451641762844,24
2024-03-24 04:00:00,189,0.0,3.0,0.7571071737134352,24
2024-03-30 23:00:00,60,0.0,0.0,0.1414654561932096,24
2024-03-29 02:00:00,9,0.0,0.0,0.03260223854282541,24
2024-03-27 00:00:00,54,0.0,0.0,0.08667910775792485,24
2024-03-23 06:00:00,35,0.0,0.0,1.2092048752923448,24
2024-03-28 10:00:00,123,0.0,2.0,0.5449363230450307,24
2024-03-19 03:00:00,45,0.0,0.0,0.4190802657496407,24
2024-03-27 23:00:00,94,0.0,0.0,0.08849641565082404,24
2024-03-29 06:00:00,259,0.0,0.0,0.7470516110930381,24
2024-03-25 21:00:00,123,0.0,0.0,0.09980381224593853,24
2024-03-21 16:00:00,100,108.0,109.0,101.37168851734626,24
2024-03-18 13:00:00,124,0.0,0.0,0.31621251596918204,24
2024-03-26 09:00:00,124,0.0,1.0,0.3403748670987873,24
2024-03-22 11:00:00,241,0.0,0.0,0.5807906878997829,24
2024-03-24 16:00:00,69,0.0,0.0,0.47432473200647673,24
2024-03-26 00:00:00,95,0.0,0.0,0.46213017866355516,24
2024-03-18 17:00:00,247,2.0,0.0,0.9948220468803819,24
2024-03-21 02:00:00,111,0.0,0.0,0.0048723077413868245,24
2024-03-19 00:00:00,4,3.0,2.0,1.53503056490989,24
2024-03-25 09:00:00,169,2.0,1.0,0.7541772459776137,24
2024-03-25 23:00:00,18,0.0,0.0,0.1860695582574381,24
2024-03-20 11:00:00,171,0.0,0.0,0.22865221338483943,24
2024-03-23 05:00:00,49,0.0,0.0,0.32256503523393926,24
2024-03-24 13:00:00,128,0.0,0.0,0.05955056464572343,24
2024-03-22 05:00:00,109,0.0,0.0,0.0036602048971608897,24
2024-03-31 02:00:00,113,84.0,83.0,113.26034742390222,24
2024-03-18 21:00:00,82,1.0,0.0,1.2515232670860335,24
2024-03-25 14:00:00,259,0.0,0.0,0.27560359983174976,24
2024-03-21 23:00:00,156,0.0,0.0,0.003930817405330507,24
2024-03-22 07:00:00,223,2.0,0.0,1.2967180051115028,24
2024-03-27 16:00:00,86,1.0,0.0,0.33975269241950806,24
2024-03-27 20:00:00,41,19.0,11.0,17.636009347337424,24
2024-03-29 12:00:00,159,2.0,1.0,0.9433968501507929,24
2024-03-28 15:00:00,45,14.0,17.0,10.26385051587665,24
2024-03-27 14:00:00,3,0.0,0.0,0.32780749774537055,24
2024-03-27 21:00:00,5,0.0,0.0,0.0036767125080897282,24
2024-03-27 16:00:00,196,0.0,1.0,0.5974424628162331,24
2024-03-30 16:00:00,170,123.0,186.0,197.67408349619905,24
2024-03-18 14:00:00,201,1.0,0.0,0.16101296813511928,24
2024-03-30 04:00:00,62,0.0,0.0,0.40589891017692936,24
2024-03-18 19:00:00,246,81.0,90.0,102.57824021595428,24
2024-03-23 09:00:00,232,7.0,4.0,6.949344333860049,24
2024-03-23 14:00:00,261,49.0,58.0,56.29625920062338,24
2024-03-29 05:00:00,112,0.0,1.0,0.9245328416483597,24
2024-03-23 04:00:00,199,0.0,0.0,0.004147964619707158,24
2024-03-27 22:00:00,137,49.0,62.0,73.78128912461355,24
2024-03-28 12:00:00,83,0.0,0.0,0.38113633133063846,24
2024-03-29 16:00:00,117,0.0,0.0,0.2766081091151101,24
2024-03-29 03:00:00,180,0.0,0.0,0.08378140701395953,24
2024-03-25 09:00:00,129,0.0,1.0,1.637844621959693,24
2024-03-24 03:00:00,204,0.0,0.0,0.0038831481448818525,24
2024-03-29 21:00:00,39,1.0,0.0,0.5878012818842303,24
2024-03-24 08:00:00,265,1.0,1.0,2.2414485273609817,24
2024-03-18 18:00:00,210,0.0,0.0,0.3084762126482426,24
2024-03-25 12:00:00,23,0.0,0.0,0.012200150487742083,24
2024-03-21 23:00:00,153,0.0,0.0,0.08450556397535017,24
2024-03-23 03:00:00,91,0.0,0.0,0.09919373588228099,24
2024-03-19 22:00:00,218,0.0,0.0,0.20706929049048167,24
2024-03-25 15:00:00,177,1.0,1.0,0.9102618901356102,24
2024-03-29 22:00:00,146,0.0,2.0,1.5523590787515666,24
2024-03-19 21:00:00,127,0.0,0.0,0.4531638136786652,24
2024-03-22 15:00:00,35,1.0,1.0,1.875457359813521,24
2024-03-19 23:00:00,45,5.0,3.0,3.4166034107124683,24
2024-03-23 22:00:00,93,4.0,1.0,1.3983763013771902,24
2024-03-26 10:00:00,27,0.0,0.0,0.010903215473782245,24
2024-03-24 07:00:00,260,2.0,2.0,1.4395198364125354,24
2024-03-30 21:00:00,93,2.0,2.0,1.2511447968269156,24
2024-03-21 12:00:00,12,7.0,9.0,2.7803731295929315,24
2024-03-31 20:00:00,225,4.0,0.0,1.3954870749704065,24
2024-03-18 10:00:00,56,0.0,1.0,0.7814350855429745,24
2024-03-22 22:00:00,16,0.0,0.0,0.08620456492793621,24
2024-03-31 23:00:00,57,0.0,0.0,0.05055096387684336,24
2024-03-20 18:00:00,136,0.0,0.0,0.15926311825044173,24
2024-03-30 07:00:00,166,3.0,8.0,11.829027754745182,24
2024-03-23 12:00:00,263,154.0,173.0,174.9422736392094,24
2024-03-24 18:00:00,229,93.0,106.0,110.50360425247645,24
2024-03-18 12:00:00,10,0.0,2.0,2.8513302023240508,24
2024-03-18 13:00:00,100,77.0,79.0,68.60063408290051,24
2024-03-22 15:00:00,120,0.0,0.0,0.025147992220161945,24
2024-03-31 08:00:00,96,0.0,0.0,0.01648416713845517,24
2024-03-29 19:00:00,237,291.0,308.0,338.27139401195376,24
2024-03-18 07:00:00,143,64.0,64.0,66.64890328296345,24
2024-03-27 08:00:00,144,16.0,14.0,18.159932832191966,24
2024-03-18 04:00:00,99,0.0,0.0,0.0033496675044849206,24
2024-03-30 20:00:00,245,0.0,0.0,0.007769035063356947,24
2024-03-29 15:00:00,116,5.0,4.0,7.0117167423299325,24
2024-03-29 21:00:00,203,0.0,0.0,0.07893167203418508,24
2024-03-18 02:00:00,242,0.0,0.0,0.03502449803617954,24
2024-03-27 14:00:00,72,1.0,1.0,1.620273541534479,24
2024-03-22 15:00:00,85,0.0,1.0,0.6452638447650096,24
2024-03-26 19:00:00,14,2.0,1.0,0.46459914725143925,24
2024-03-28 10:00:00,171,0.0,0.0,0.39279931809355,24
2024-03-24 21:00:00,128,0.0,0.0,0.0519075130264669,24
2024-03-20 11:00:00,39,3.0,2.0,2.8024531207702497,24
2024-03-22 00:00:00,222,0.0,0.0,0.09184378332869562,24
